{
"type": "FeatureCollection",
"name": "tracks",
"features": [
{ "type": "Feature", "properties": { "name": "Corona volviendo por Lusarreta", "type": "e_bike_fitness" }, "geometry": { "type": "LineString", "coordinates": [ [ -1.334233, 42.9903702 ], [ -1.3341929, 42.9903313 ], [ -1.3341528, 42.9902918 ], [ -1.3339551, 42.990177 ], [ -1.3338848, 42.9901301 ], [ -1.3335999, 42.989963 ], [ -1.3335822, 42.9899226 ], [ -1.333599, 42.9898805 ], [ -1.3336363, 42.9898538 ], [ -1.3338233, 42.9896989 ], [ -1.3339483, 42.9896095 ], [ -1.3340254, 42.9895489 ], [ -1.3342897, 42.9893722 ], [ -1.3344169, 42.9892795 ], [ -1.3345877, 42.9891574 ], [ -1.3346277, 42.9891221 ], [ -1.334656, 42.9890818 ], [ -1.3346616, 42.9889931 ], [ -1.3345715, 42.9889333 ], [ -1.3345045, 42.9889155 ], [ -1.3342508, 42.988826 ], [ -1.334068, 42.9887513 ], [ -1.3336633, 42.9885857 ], [ -1.333608, 42.9885641 ], [ -1.3334406, 42.988495 ], [ -1.3332978, 42.988416 ], [ -1.3332875, 42.9883768 ], [ -1.3332844, 42.9883366 ], [ -1.3333359, 42.9882329 ], [ -1.3334979, 42.9879635 ], [ -1.3336858, 42.9876009 ], [ -1.3337098, 42.9875552 ], [ -1.3338365, 42.9873235 ], [ -1.3340336, 42.9870556 ], [ -1.3343211, 42.9867649 ], [ -1.334451, 42.9866409 ], [ -1.3347642, 42.9863474 ], [ -1.3351742, 42.9859713 ], [ -1.3352212, 42.9859287 ], [ -1.3352703, 42.9858883 ], [ -1.3355497, 42.985641 ], [ -1.3356812, 42.9855102 ], [ -1.3359838, 42.9851264 ], [ -1.3360531, 42.9850263 ], [ -1.3362207, 42.9847242 ], [ -1.3363687, 42.9842975 ], [ -1.3364405, 42.9840855 ], [ -1.3364759, 42.9839788 ], [ -1.336547, 42.9837711 ], [ -1.3367269, 42.9832409 ], [ -1.336874, 42.9827604 ], [ -1.336982, 42.9824551 ], [ -1.337012, 42.9823556 ], [ -1.3370273, 42.9823076 ], [ -1.3371859, 42.9818145 ], [ -1.3372212, 42.9817051 ], [ -1.3372784, 42.9815322 ], [ -1.3373209, 42.9814123 ], [ -1.337346, 42.9813519 ], [ -1.337529, 42.9809761 ], [ -1.3375606, 42.9809138 ], [ -1.3377992, 42.9804417 ], [ -1.338017, 42.979979 ], [ -1.338068, 42.9798654 ], [ -1.3381128, 42.9797541 ], [ -1.3382135, 42.9794338 ], [ -1.3384042, 42.9790298 ], [ -1.3386059, 42.9786636 ], [ -1.3386644, 42.9785581 ], [ -1.3388767, 42.9781978 ], [ -1.3389433, 42.9781008 ], [ -1.3391518, 42.9778037 ], [ -1.3391858, 42.9777526 ], [ -1.3392897, 42.9775381 ], [ -1.3393949, 42.9773208 ], [ -1.3394957, 42.9770969 ], [ -1.3396118, 42.9768242 ], [ -1.3397269, 42.9765553 ], [ -1.3398352, 42.9761854 ], [ -1.3398845, 42.9756996 ], [ -1.3398857, 42.9751988 ], [ -1.3399293, 42.9748095 ], [ -1.3399408, 42.9747428 ], [ -1.3399873, 42.9746159 ], [ -1.3400382, 42.9745658 ], [ -1.3401063, 42.9745292 ], [ -1.3402639, 42.9744898 ], [ -1.3405163, 42.9744887 ], [ -1.3406842, 42.9744921 ], [ -1.3409392, 42.9744926 ], [ -1.3410699, 42.9744495 ], [ -1.3412352, 42.9742878 ], [ -1.3415644, 42.9738707 ], [ -1.3417383, 42.9736332 ], [ -1.3417349, 42.9736067 ], [ -1.3416896, 42.9735503 ], [ -1.3416484, 42.9735146 ], [ -1.3415413, 42.9734579 ], [ -1.3414894, 42.9734307 ], [ -1.341438, 42.9734013 ], [ -1.3411934, 42.9732469 ], [ -1.3411628, 42.973208 ], [ -1.3411447, 42.9731659 ], [ -1.3410903, 42.9729806 ], [ -1.3409199, 42.9724021 ], [ -1.3408369, 42.972112 ], [ -1.3407779, 42.97192 ], [ -1.340721, 42.9717759 ], [ -1.3406055, 42.9715405 ], [ -1.3403309, 42.9711805 ], [ -1.3398804, 42.9707044 ], [ -1.3395813, 42.9704257 ], [ -1.3395351, 42.970385 ], [ -1.3391948, 42.9700668 ], [ -1.3388075, 42.969659 ], [ -1.3386087, 42.9694126 ], [ -1.3384675, 42.9692668 ], [ -1.3381942, 42.9689919 ], [ -1.3379765, 42.9688023 ], [ -1.3379001, 42.9687427 ], [ -1.3377773, 42.9686588 ], [ -1.3375657, 42.9685182 ], [ -1.3371664, 42.9682435 ], [ -1.3371264, 42.9682173 ], [ -1.3368105, 42.9680061 ], [ -1.3367746, 42.9679765 ], [ -1.3365112, 42.967733 ], [ -1.3363698, 42.9676161 ], [ -1.3361873, 42.9674765 ], [ -1.3358864, 42.9672518 ], [ -1.3355456, 42.9669711 ], [ -1.3354707, 42.9669095 ], [ -1.3352503, 42.966729 ], [ -1.3349057, 42.9664138 ], [ -1.3348726, 42.9663819 ], [ -1.3345904, 42.9660924 ], [ -1.3342798, 42.9657771 ], [ -1.3340724, 42.9655572 ], [ -1.334041, 42.9655295 ], [ -1.3338825, 42.9653864 ], [ -1.3337258, 42.9652348 ], [ -1.333696, 42.9652052 ], [ -1.3334157, 42.9649369 ], [ -1.3331264, 42.9646649 ], [ -1.3328733, 42.9644817 ], [ -1.3327719, 42.9644757 ], [ -1.3326726, 42.9644987 ], [ -1.3325814, 42.9645416 ], [ -1.332453, 42.9646286 ], [ -1.3321239, 42.9648948 ], [ -1.3319971, 42.964997 ], [ -1.3318074, 42.9651302 ], [ -1.3317508, 42.9651545 ], [ -1.3313704, 42.9652994 ], [ -1.331204, 42.9654415 ], [ -1.331139, 42.9654953 ], [ -1.3310799, 42.9655433 ], [ -1.3309849, 42.9656124 ], [ -1.3308802, 42.9656595 ], [ -1.3306896, 42.965717 ], [ -1.3306178, 42.9657061 ], [ -1.3305869, 42.965692 ], [ -1.3304961, 42.9656041 ], [ -1.3304206, 42.965497 ], [ -1.3303404, 42.965385 ], [ -1.3303232, 42.9653565 ], [ -1.3303049, 42.9653271 ], [ -1.3301379, 42.9651037 ], [ -1.3300614, 42.9650273 ], [ -1.3299158, 42.9648661 ], [ -1.3296931, 42.9646597 ], [ -1.3295819, 42.964523 ], [ -1.329599, 42.9642812 ], [ -1.3295976, 42.9642353 ], [ -1.329568, 42.9640905 ], [ -1.3295458, 42.9640416 ], [ -1.3295117, 42.9639982 ], [ -1.3293708, 42.9638737 ], [ -1.3292768, 42.9637833 ], [ -1.3292508, 42.9637361 ], [ -1.3292386, 42.9636888 ], [ -1.3292284, 42.9636443 ], [ -1.329175, 42.9635095 ], [ -1.329119, 42.9634308 ], [ -1.3290445, 42.9633637 ], [ -1.3289151, 42.9632555 ], [ -1.3287809, 42.9631306 ], [ -1.3287603, 42.9631024 ], [ -1.3287443, 42.9630701 ], [ -1.3287355, 42.9630399 ], [ -1.3287052, 42.9629545 ], [ -1.3286894, 42.9628725 ], [ -1.328684, 42.9628437 ], [ -1.3286705, 42.9627501 ], [ -1.3286579, 42.9626629 ], [ -1.3286539, 42.9626324 ], [ -1.328639, 42.9625702 ], [ -1.3286238, 42.9624846 ], [ -1.3285804, 42.9623924 ], [ -1.3285154, 42.9622464 ], [ -1.3284619, 42.9621043 ], [ -1.3284542, 42.9620771 ], [ -1.3284365, 42.9618936 ], [ -1.32847, 42.9617758 ], [ -1.3285024, 42.9616664 ], [ -1.3285048, 42.9616042 ], [ -1.3284664, 42.9615119 ], [ -1.3283175, 42.9613238 ], [ -1.3282258, 42.9612347 ], [ -1.3280618, 42.9611068 ], [ -1.3279105, 42.961034 ], [ -1.3279117, 42.9610264 ], [ -1.3279101, 42.9610264 ], [ -1.327882, 42.9610204 ], [ -1.3278789, 42.9610211 ], [ -1.3278167, 42.9610028 ], [ -1.3278167, 42.9610028 ], [ -1.3277863, 42.9609959 ], [ -1.32768, 42.9609656 ], [ -1.3275592, 42.9609295 ], [ -1.3274335, 42.9608822 ], [ -1.3272844, 42.9608003 ], [ -1.3271852, 42.9607301 ], [ -1.3270153, 42.9606172 ], [ -1.3269487, 42.960571 ], [ -1.3266741, 42.9603838 ], [ -1.3266061, 42.9603346 ], [ -1.326481, 42.960245 ], [ -1.3264505, 42.960223 ], [ -1.32629, 42.9601106 ], [ -1.3262575, 42.9600888 ], [ -1.326199, 42.9600473 ], [ -1.3260447, 42.9599172 ], [ -1.3259275, 42.9598157 ], [ -1.3258291, 42.9597472 ], [ -1.3256111, 42.9596133 ], [ -1.3255347, 42.9595746 ], [ -1.3252666, 42.9594346 ], [ -1.3251048, 42.9593581 ], [ -1.3248691, 42.95924 ], [ -1.3246042, 42.9591081 ], [ -1.3245653, 42.959092 ], [ -1.3243083, 42.9589599 ], [ -1.324272, 42.9589403 ], [ -1.323987, 42.9587855 ], [ -1.323918, 42.9587455 ], [ -1.3238904, 42.9587218 ], [ -1.3237756, 42.9586273 ], [ -1.3236487, 42.9585004 ], [ -1.3235597, 42.9584332 ], [ -1.3235313, 42.9584079 ], [ -1.323349, 42.9582625 ], [ -1.3231375, 42.9580749 ], [ -1.3229321, 42.9579205 ], [ -1.3227419, 42.9577628 ], [ -1.3227172, 42.9577402 ], [ -1.3226359, 42.9576717 ], [ -1.3225597, 42.9575991 ], [ -1.3224001, 42.9574118 ], [ -1.3223834, 42.9573818 ], [ -1.3221784, 42.9570097 ], [ -1.3220395, 42.9567064 ], [ -1.3219607, 42.9565234 ], [ -1.3219344, 42.9564871 ], [ -1.3218595, 42.9564286 ], [ -1.321762, 42.9563804 ], [ -1.3215141, 42.9562859 ], [ -1.3214656, 42.9562666 ], [ -1.3211401, 42.9561411 ], [ -1.3209183, 42.9560437 ], [ -1.3207946, 42.9559975 ], [ -1.3207553, 42.9559815 ], [ -1.3206718, 42.9559505 ], [ -1.3205559, 42.9559017 ], [ -1.3205191, 42.9558859 ], [ -1.3202626, 42.9557847 ], [ -1.3199865, 42.9556576 ], [ -1.319951, 42.9556374 ], [ -1.3198229, 42.9555559 ], [ -1.3197281, 42.9554936 ], [ -1.3196285, 42.9554293 ], [ -1.3195002, 42.9553454 ], [ -1.3192453, 42.9552031 ], [ -1.3192101, 42.9551865 ], [ -1.3189805, 42.9550862 ], [ -1.3187213, 42.95496 ], [ -1.3186806, 42.9549434 ], [ -1.3184146, 42.9548407 ], [ -1.3182981, 42.9548139 ], [ -1.3181774, 42.9548078 ], [ -1.318134, 42.9548075 ], [ -1.3178743, 42.9548071 ], [ -1.3177895, 42.954806 ], [ -1.3176668, 42.9548025 ], [ -1.3174643, 42.9548015 ], [ -1.3172598, 42.9547987 ], [ -1.3171394, 42.9547974 ], [ -1.3168271, 42.9547969 ], [ -1.316737, 42.9547945 ], [ -1.3164538, 42.9547892 ], [ -1.3163609, 42.9547827 ], [ -1.3160438, 42.9547183 ], [ -1.3158258, 42.954666 ], [ -1.3156904, 42.9546482 ], [ -1.3154033, 42.95465 ], [ -1.3151455, 42.9546511 ], [ -1.3150886, 42.9546393 ], [ -1.3149168, 42.9546069 ], [ -1.3148585, 42.95459 ], [ -1.3147985, 42.9545734 ], [ -1.3147309, 42.9545518 ], [ -1.3145904, 42.9545034 ], [ -1.3145137, 42.95448 ], [ -1.3144331, 42.9544599 ], [ -1.3143478, 42.9544405 ], [ -1.3142627, 42.9544206 ], [ -1.314173, 42.9544027 ], [ -1.3140794, 42.9543862 ], [ -1.3138733, 42.9543604 ], [ -1.3137673, 42.9543484 ], [ -1.3136636, 42.9543329 ], [ -1.3135612, 42.9543136 ], [ -1.3134493, 42.9542911 ], [ -1.3133345, 42.9542591 ], [ -1.3132177, 42.9542275 ], [ -1.3130846, 42.9542065 ], [ -1.3129382, 42.9542002 ], [ -1.3127868, 42.9542004 ], [ -1.3126325, 42.9541993 ], [ -1.3124609, 42.9542024 ], [ -1.3123027, 42.9542027 ], [ -1.3119947, 42.954196 ], [ -1.3116913, 42.9541968 ], [ -1.3114017, 42.9542046 ], [ -1.3112596, 42.9541991 ], [ -1.3111239, 42.954182 ], [ -1.3104284, 42.9540785 ], [ -1.3101396, 42.9540447 ], [ -1.3098562, 42.9540043 ], [ -1.3095792, 42.9539613 ], [ -1.3093086, 42.953908 ], [ -1.3090493, 42.9538559 ], [ -1.3083252, 42.9537257 ], [ -1.3082213, 42.9537228 ], [ -1.3080342, 42.9537812 ], [ -1.3078387, 42.953865 ], [ -1.3077097, 42.9538883 ], [ -1.3075699, 42.9538945 ], [ -1.3074275, 42.9538863 ], [ -1.307283, 42.9538753 ], [ -1.3071437, 42.9538664 ], [ -1.3069975, 42.9538534 ], [ -1.3067015, 42.9538281 ], [ -1.3064064, 42.9538035 ], [ -1.3061097, 42.9537758 ], [ -1.3052414, 42.9536975 ], [ -1.3049646, 42.9536805 ], [ -1.304832, 42.9536693 ], [ -1.3043205, 42.9536254 ], [ -1.3041862, 42.953613 ], [ -1.3039054, 42.9535905 ], [ -1.3036211, 42.9535727 ], [ -1.3033458, 42.9535461 ], [ -1.3025808, 42.9534796 ], [ -1.3020682, 42.9534224 ], [ -1.3018071, 42.953406 ], [ -1.3016801, 42.9534 ], [ -1.3015491, 42.953391 ], [ -1.3012912, 42.9533669 ], [ -1.3011636, 42.9533551 ], [ -1.3007891, 42.9533212 ], [ -1.3003469, 42.9532349 ], [ -1.300248, 42.9531974 ], [ -1.2997458, 42.9530308 ], [ -1.2995548, 42.9529711 ], [ -1.299283, 42.9528802 ], [ -1.2991922, 42.9528484 ], [ -1.2989109, 42.9527585 ], [ -1.2988217, 42.9527274 ], [ -1.29865, 42.9526656 ], [ -1.2980644, 42.9524674 ], [ -1.2978193, 42.9523894 ], [ -1.2975744, 42.9523038 ], [ -1.2972301, 42.9521934 ], [ -1.2970548, 42.9521378 ], [ -1.2968812, 42.952078 ], [ -1.2963746, 42.9519048 ], [ -1.2960374, 42.9517949 ], [ -1.2955279, 42.9516278 ], [ -1.2948108, 42.9513785 ], [ -1.294731, 42.9513531 ], [ -1.2942631, 42.951192 ], [ -1.2939333, 42.9510823 ], [ -1.2933635, 42.9508875 ], [ -1.2931289, 42.95081 ], [ -1.2926123, 42.9506391 ], [ -1.2925371, 42.9506165 ], [ -1.2918647, 42.9503846 ], [ -1.2912406, 42.950173 ], [ -1.2909766, 42.9500777 ], [ -1.2906158, 42.9499509 ], [ -1.2903896, 42.9498794 ], [ -1.290239, 42.9498292 ], [ -1.2900114, 42.9497499 ], [ -1.2898605, 42.9496987 ], [ -1.2897126, 42.9496437 ], [ -1.289252, 42.9494885 ], [ -1.2891759, 42.9494614 ], [ -1.2889548, 42.9493888 ], [ -1.288732, 42.9493172 ], [ -1.2885123, 42.9492495 ], [ -1.2884374, 42.9492276 ], [ -1.287971, 42.9490194 ], [ -1.2875529, 42.9488064 ], [ -1.2874483, 42.9487457 ], [ -1.2871888, 42.9486369 ], [ -1.2870482, 42.9485851 ], [ -1.2869225, 42.9485611 ], [ -1.2868843, 42.9485616 ], [ -1.286763, 42.9485702 ], [ -1.2866807, 42.9485763 ], [ -1.2866439, 42.9485817 ], [ -1.2865368, 42.9486061 ], [ -1.2864624, 42.9486065 ], [ -1.2864145, 42.948574 ], [ -1.2864174, 42.9485469 ], [ -1.2864094, 42.9484479 ], [ -1.2864134, 42.9484071 ], [ -1.2864274, 42.9483632 ], [ -1.2864487, 42.9483185 ], [ -1.2865382, 42.9482625 ], [ -1.2865931, 42.9482357 ], [ -1.2869924, 42.9480265 ], [ -1.2871183, 42.9479593 ], [ -1.2874084, 42.9478022 ], [ -1.2874912, 42.9477557 ], [ -1.287664, 42.9476595 ], [ -1.2878989, 42.9475164 ], [ -1.2881502, 42.9473708 ], [ -1.2881984, 42.9473411 ], [ -1.2882431, 42.9473108 ], [ -1.2883587, 42.9472435 ], [ -1.2883961, 42.9472285 ], [ -1.2885019, 42.9471894 ], [ -1.2885667, 42.9471634 ], [ -1.2886366, 42.9471588 ], [ -1.2887888, 42.9471334 ], [ -1.2888542, 42.947116 ], [ -1.2889553, 42.9470904 ], [ -1.2890872, 42.9470526 ], [ -1.2891222, 42.9470446 ], [ -1.2892903, 42.9470007 ], [ -1.2893547, 42.9469874 ], [ -1.2894815, 42.9469588 ], [ -1.2896063, 42.9469314 ], [ -1.2897445, 42.9469008 ], [ -1.2898748, 42.9468708 ], [ -1.290005, 42.9468413 ], [ -1.2900528, 42.9468303 ], [ -1.2901254, 42.9468122 ], [ -1.2902253, 42.9467931 ], [ -1.2902499, 42.9467871 ], [ -1.290369, 42.9467424 ], [ -1.290493, 42.9467127 ], [ -1.2906184, 42.9466882 ], [ -1.2906655, 42.9466775 ], [ -1.2908205, 42.9466644 ], [ -1.2909464, 42.9466577 ], [ -1.2909995, 42.9466559 ], [ -1.2910681, 42.9466513 ], [ -1.2911886, 42.9466553 ], [ -1.2912137, 42.9466552 ], [ -1.2913253, 42.9466605 ], [ -1.2914219, 42.946659 ], [ -1.2914909, 42.9466576 ], [ -1.2915841, 42.9466516 ], [ -1.291652, 42.9466538 ], [ -1.2917694, 42.9466533 ], [ -1.2917948, 42.9466532 ], [ -1.291915, 42.9466519 ], [ -1.2919882, 42.9466526 ], [ -1.2920881, 42.9466548 ], [ -1.2921917, 42.9466616 ], [ -1.2923714, 42.9466815 ], [ -1.292417, 42.9466918 ], [ -1.2925692, 42.9467105 ], [ -1.2926407, 42.9467087 ], [ -1.2927607, 42.9466926 ], [ -1.2928267, 42.9466833 ], [ -1.292893, 42.9466671 ], [ -1.2930071, 42.9466338 ], [ -1.2930341, 42.9466277 ], [ -1.2931287, 42.9465985 ], [ -1.2932125, 42.9465834 ], [ -1.2932842, 42.9465554 ], [ -1.2933312, 42.9465343 ], [ -1.2933523, 42.946527 ], [ -1.2934143, 42.9464893 ], [ -1.2934448, 42.9464753 ], [ -1.2934927, 42.9464584 ], [ -1.2935832, 42.9464211 ], [ -1.2936529, 42.9463963 ], [ -1.2937265, 42.9463683 ], [ -1.293747, 42.9463648 ], [ -1.2938473, 42.9463501 ], [ -1.2938653, 42.9463476 ], [ -1.2939271, 42.9463404 ], [ -1.2940096, 42.9463351 ], [ -1.2940306, 42.9463338 ], [ -1.294112, 42.9463463 ], [ -1.2941508, 42.9463536 ], [ -1.2942073, 42.9463646 ], [ -1.2942972, 42.9463844 ], [ -1.2943182, 42.9463838 ], [ -1.2944145, 42.9464014 ], [ -1.2944789, 42.9464119 ], [ -1.2945699, 42.946434 ], [ -1.2946398, 42.9464505 ], [ -1.2946912, 42.9464642 ], [ -1.2947364, 42.9464745 ], [ -1.2948373, 42.9465146 ], [ -1.2948774, 42.9465329 ], [ -1.2950056, 42.9465714 ], [ -1.2950715, 42.9465848 ], [ -1.2951549, 42.9466053 ], [ -1.2952271, 42.9466205 ], [ -1.2952947, 42.9466278 ], [ -1.2954571, 42.9466302 ], [ -1.2954795, 42.9466251 ], [ -1.2956712, 42.9465996 ], [ -1.2957219, 42.9465978 ], [ -1.2958475, 42.9465907 ], [ -1.2959489, 42.9465911 ], [ -1.2959958, 42.9465918 ], [ -1.2961421, 42.9466046 ], [ -1.2961618, 42.9466046 ], [ -1.2962944, 42.9466218 ], [ -1.2963477, 42.9466301 ], [ -1.296487, 42.946661 ], [ -1.2965736, 42.9466942 ], [ -1.2966286, 42.9467299 ], [ -1.2967347, 42.946825 ], [ -1.2967494, 42.9468365 ], [ -1.2968349, 42.9468694 ], [ -1.2968723, 42.9468789 ], [ -1.29699, 42.9468939 ], [ -1.297036, 42.9469036 ], [ -1.2971501, 42.9469215 ], [ -1.2972195, 42.9469293 ], [ -1.2973355, 42.9469454 ], [ -1.2973791, 42.9469506 ], [ -1.2974827, 42.9469645 ], [ -1.2975153, 42.9469603 ], [ -1.2975711, 42.9469722 ], [ -1.2976605, 42.9469806 ], [ -1.2977318, 42.9469872 ], [ -1.2978069, 42.9469969 ], [ -1.2978794, 42.9470017 ], [ -1.2980262, 42.94701 ], [ -1.2980514, 42.9470114 ], [ -1.2980982, 42.9470158 ], [ -1.2982012, 42.9470415 ], [ -1.2984716, 42.947118 ], [ -1.2986461, 42.9471064 ], [ -1.2986916, 42.9470927 ], [ -1.2988128, 42.9470737 ], [ -1.298835, 42.9470656 ], [ -1.298944, 42.9470402 ], [ -1.298968, 42.9470349 ], [ -1.2990895, 42.947007 ], [ -1.2991118, 42.9470022 ], [ -1.2993002, 42.9469524 ], [ -1.2994374, 42.9469191 ], [ -1.2994767, 42.9469101 ], [ -1.2995225, 42.9468991 ], [ -1.2995659, 42.9468885 ], [ -1.2996516, 42.9468625 ], [ -1.2996941, 42.9468501 ], [ -1.2997747, 42.9468296 ], [ -1.2998546, 42.9468101 ], [ -1.299896, 42.9467991 ], [ -1.2999834, 42.9467836 ], [ -1.3000278, 42.9467701 ], [ -1.3001581, 42.9467403 ], [ -1.3001805, 42.9467334 ], [ -1.3003132, 42.9466926 ], [ -1.3003581, 42.946684 ], [ -1.3005047, 42.9466601 ], [ -1.3006125, 42.9466574 ], [ -1.3006845, 42.9466584 ], [ -1.3008192, 42.9466553 ], [ -1.3008427, 42.9466532 ], [ -1.3008658, 42.9466511 ], [ -1.3010186, 42.9466076 ], [ -1.3010357, 42.9465987 ], [ -1.3011113, 42.9465586 ], [ -1.3011827, 42.946523 ], [ -1.3011991, 42.9465106 ], [ -1.301277, 42.9464538 ], [ -1.3013082, 42.9464274 ], [ -1.3013941, 42.9463544 ], [ -1.3015058, 42.9462659 ], [ -1.3016133, 42.9461934 ], [ -1.3016741, 42.9461657 ], [ -1.3017619, 42.9461419 ], [ -1.3018491, 42.9461234 ], [ -1.3019264, 42.9461134 ], [ -1.3020168, 42.9461028 ], [ -1.3021288, 42.9460809 ], [ -1.3021505, 42.9460759 ], [ -1.3022432, 42.9460518 ], [ -1.3022611, 42.9460446 ], [ -1.3023672, 42.946008 ], [ -1.3023986, 42.9459552 ], [ -1.3023981, 42.9459408 ], [ -1.3023802, 42.9458917 ], [ -1.302352, 42.945868 ], [ -1.3023188, 42.9458337 ], [ -1.302268, 42.9457971 ], [ -1.3022559, 42.9457861 ], [ -1.302189, 42.9457351 ], [ -1.3021385, 42.9457081 ], [ -1.3020793, 42.9456863 ], [ -1.3019869, 42.9456887 ], [ -1.3019257, 42.9456871 ], [ -1.3018847, 42.9456893 ], [ -1.3017827, 42.945681 ], [ -1.3017392, 42.9456761 ], [ -1.301658, 42.9456507 ], [ -1.3016209, 42.9456372 ], [ -1.3015273, 42.9456036 ], [ -1.3014861, 42.9455907 ], [ -1.3014129, 42.9455524 ], [ -1.3013593, 42.9455256 ], [ -1.3013082, 42.9455038 ], [ -1.3012807, 42.9454825 ], [ -1.301231, 42.9454488 ], [ -1.3011124, 42.9453996 ], [ -1.301091, 42.9453958 ], [ -1.3009662, 42.9453752 ], [ -1.3009461, 42.9453748 ], [ -1.3008052, 42.9453481 ], [ -1.3007076, 42.9453209 ], [ -1.3006686, 42.9453055 ], [ -1.3006293, 42.9452914 ], [ -1.3005575, 42.9452413 ], [ -1.3005324, 42.945218 ], [ -1.3004916, 42.9451778 ], [ -1.3003991, 42.9450867 ], [ -1.3003668, 42.9450633 ], [ -1.3002806, 42.9449902 ], [ -1.300266, 42.9449794 ], [ -1.3001821, 42.9449374 ], [ -1.3001419, 42.944923 ], [ -1.3000263, 42.9448755 ], [ -1.3000071, 42.9448707 ], [ -1.2998655, 42.9448189 ], [ -1.2998308, 42.9448041 ], [ -1.2997096, 42.9447589 ], [ -1.2996703, 42.9447408 ], [ -1.2995835, 42.9447045 ], [ -1.2995448, 42.9446837 ], [ -1.2994523, 42.9446436 ], [ -1.2994285, 42.9446335 ], [ -1.2993142, 42.9445841 ], [ -1.2992962, 42.9445781 ], [ -1.2992113, 42.9445299 ], [ -1.2991951, 42.9445199 ], [ -1.2991149, 42.9444703 ], [ -1.2991031, 42.9444583 ], [ -1.2990232, 42.9443895 ], [ -1.2990108, 42.9443755 ], [ -1.2989374, 42.9443057 ], [ -1.2989238, 42.9442949 ], [ -1.2988635, 42.9442285 ], [ -1.2988547, 42.9442202 ], [ -1.2987948, 42.9441588 ], [ -1.2987804, 42.9441486 ], [ -1.2987673, 42.9441378 ], [ -1.2987428, 42.9441166 ], [ -1.2986995, 42.944072 ], [ -1.298673, 42.9440473 ], [ -1.2986217, 42.9439913 ], [ -1.2985669, 42.9439449 ], [ -1.2984953, 42.9438886 ], [ -1.2984211, 42.9438331 ], [ -1.2983984, 42.9438126 ], [ -1.298337, 42.9437617 ], [ -1.298245, 42.9436838 ], [ -1.2982305, 42.9436758 ], [ -1.2981558, 42.9436126 ], [ -1.2981434, 42.9436016 ], [ -1.2980811, 42.9435596 ], [ -1.2979931, 42.9434963 ], [ -1.2979255, 42.9434272 ], [ -1.2979156, 42.9434171 ], [ -1.2978583, 42.9433941 ], [ -1.2978479, 42.9433881 ], [ -1.2977776, 42.9433497 ], [ -1.297768, 42.9433438 ], [ -1.2977146, 42.9433169 ], [ -1.2976671, 42.9433068 ], [ -1.2976387, 42.9432955 ], [ -1.2976251, 42.9432947 ], [ -1.2975707, 42.943267 ], [ -1.297555, 42.9432603 ], [ -1.2974643, 42.9432312 ], [ -1.2974487, 42.9432238 ], [ -1.2973747, 42.9431941 ], [ -1.2973575, 42.9431892 ], [ -1.2972816, 42.9431528 ], [ -1.2972666, 42.9431498 ], [ -1.297254, 42.9431389 ], [ -1.2971998, 42.9431081 ], [ -1.2971579, 42.9430841 ], [ -1.2971163, 42.9430591 ], [ -1.2970517, 42.9430268 ], [ -1.2969835, 42.9429979 ], [ -1.2969434, 42.9429797 ], [ -1.2969009, 42.942954 ], [ -1.2968247, 42.9429111 ], [ -1.2967716, 42.9428873 ], [ -1.2967209, 42.9428625 ], [ -1.2966846, 42.9428507 ], [ -1.296583, 42.9428075 ], [ -1.2965606, 42.9427992 ], [ -1.2964975, 42.9427698 ], [ -1.2963818, 42.9427132 ], [ -1.2963596, 42.942709 ], [ -1.2962726, 42.9426718 ], [ -1.2962249, 42.9426474 ], [ -1.2961476, 42.9426262 ], [ -1.2960246, 42.9425757 ], [ -1.2960071, 42.9425671 ], [ -1.2959004, 42.9425238 ], [ -1.2957979, 42.9424975 ], [ -1.2957419, 42.9424827 ], [ -1.2957225, 42.9424799 ], [ -1.2956126, 42.9424482 ], [ -1.2954817, 42.9424386 ], [ -1.2954455, 42.9424371 ], [ -1.2953903, 42.9424359 ], [ -1.2953345, 42.9424428 ], [ -1.2952615, 42.9424455 ], [ -1.2951614, 42.9424485 ], [ -1.2951001, 42.9424566 ], [ -1.2950252, 42.9424607 ], [ -1.2950074, 42.9424626 ], [ -1.2948881, 42.9424583 ], [ -1.2948718, 42.9424567 ], [ -1.2947948, 42.9424415 ], [ -1.294777, 42.942432 ], [ -1.2947195, 42.9423886 ], [ -1.2947079, 42.9423629 ], [ -1.2946997, 42.9423248 ], [ -1.2947055, 42.9422784 ], [ -1.294719, 42.9422246 ], [ -1.2947256, 42.9421977 ], [ -1.2947284, 42.9421553 ], [ -1.2947481, 42.942104 ], [ -1.2947567, 42.9420636 ], [ -1.2947666, 42.9420284 ], [ -1.2947818, 42.9419599 ], [ -1.2947828, 42.941929 ], [ -1.2947989, 42.9418458 ], [ -1.2948037, 42.9418311 ], [ -1.2948211, 42.9417414 ], [ -1.2948217, 42.9417297 ], [ -1.2948377, 42.9416511 ], [ -1.2948501, 42.9416028 ], [ -1.2948548, 42.9415645 ], [ -1.2948574, 42.9415524 ], [ -1.2948572, 42.9414907 ], [ -1.2948457, 42.9414579 ], [ -1.2948204, 42.9414179 ], [ -1.2947893, 42.9413902 ], [ -1.2947329, 42.9413573 ], [ -1.2946797, 42.9413283 ], [ -1.2946485, 42.9413115 ], [ -1.2945739, 42.9412763 ], [ -1.2945532, 42.9412724 ], [ -1.2944855, 42.9412513 ], [ -1.2944186, 42.9412244 ], [ -1.2943081, 42.9411697 ], [ -1.2942935, 42.9411632 ], [ -1.2942096, 42.9411324 ], [ -1.2941951, 42.941128 ], [ -1.294086, 42.941084 ], [ -1.2940699, 42.9410772 ], [ -1.293986, 42.9410385 ], [ -1.2939676, 42.9410351 ], [ -1.2938833, 42.9410136 ], [ -1.2938661, 42.9410089 ], [ -1.293768, 42.940979 ], [ -1.2937494, 42.9409773 ], [ -1.2936569, 42.9409657 ], [ -1.2935992, 42.9409556 ], [ -1.293532, 42.9409309 ], [ -1.2934778, 42.9409116 ], [ -1.2934054, 42.9408693 ], [ -1.2933728, 42.9408516 ], [ -1.2933259, 42.9407973 ], [ -1.2933025, 42.9407527 ], [ -1.2932809, 42.9406909 ], [ -1.29327, 42.940635 ], [ -1.293278, 42.9405404 ], [ -1.2933047, 42.9404738 ], [ -1.2933184, 42.9404402 ], [ -1.2933355, 42.9403966 ], [ -1.2933716, 42.9403134 ], [ -1.2934089, 42.9402314 ], [ -1.2934199, 42.940204 ], [ -1.2934663, 42.9401293 ], [ -1.2934788, 42.9401032 ], [ -1.293516, 42.9400494 ], [ -1.2935452, 42.9399828 ], [ -1.2935585, 42.9399571 ], [ -1.2935862, 42.9399003 ], [ -1.2935959, 42.9398895 ], [ -1.2936317, 42.9398274 ], [ -1.293634, 42.939815 ], [ -1.2936717, 42.9397301 ], [ -1.2936748, 42.9397205 ], [ -1.2937167, 42.9396431 ], [ -1.2937234, 42.9396282 ], [ -1.2937719, 42.939567 ], [ -1.2937789, 42.9395572 ], [ -1.2938317, 42.9394843 ], [ -1.2938486, 42.9394564 ], [ -1.2939075, 42.939369 ], [ -1.2939224, 42.9393432 ], [ -1.2939768, 42.9392638 ], [ -1.2940381, 42.9391574 ], [ -1.2940452, 42.9391436 ], [ -1.2940796, 42.9390593 ], [ -1.2941052, 42.9389599 ], [ -1.294109, 42.9389474 ], [ -1.2941275, 42.9388185 ], [ -1.2941457, 42.9386993 ], [ -1.2941589, 42.938677 ], [ -1.2942311, 42.9386197 ], [ -1.2942525, 42.9386123 ], [ -1.294361, 42.9385888 ], [ -1.2944632, 42.9385902 ], [ -1.2945275, 42.9385951 ], [ -1.2946207, 42.9386106 ], [ -1.2946633, 42.9386133 ], [ -1.2947238, 42.9386273 ], [ -1.2947828, 42.938635 ], [ -1.2948273, 42.9386418 ], [ -1.2948812, 42.9386478 ], [ -1.2949152, 42.9386551 ], [ -1.2949869, 42.938678 ], [ -1.295006, 42.938681 ], [ -1.2950989, 42.9386965 ], [ -1.2951176, 42.9386995 ], [ -1.2952127, 42.9387163 ], [ -1.2952594, 42.9387263 ], [ -1.2954008, 42.9387479 ], [ -1.2955877, 42.9387866 ], [ -1.2957958, 42.9388317 ], [ -1.2958963, 42.9388505 ], [ -1.295989, 42.9388682 ], [ -1.2961325, 42.9388929 ], [ -1.2962237, 42.9389047 ], [ -1.2963097, 42.9389188 ], [ -1.296384, 42.938926 ], [ -1.2964586, 42.9389337 ], [ -1.2965922, 42.9389486 ], [ -1.2967371, 42.9389569 ], [ -1.2968075, 42.938956 ], [ -1.296947, 42.9389534 ], [ -1.2971392, 42.9389426 ], [ -1.2972866, 42.9389478 ], [ -1.297341, 42.9389474 ], [ -1.2975555, 42.9389748 ], [ -1.2977697, 42.9390105 ], [ -1.2978634, 42.93904 ], [ -1.298011, 42.9390996 ], [ -1.2982297, 42.939184 ], [ -1.2983791, 42.9392156 ], [ -1.2984399, 42.9392246 ], [ -1.2986248, 42.9392524 ], [ -1.2986569, 42.9392586 ], [ -1.2988711, 42.939313 ], [ -1.2990499, 42.9393311 ], [ -1.2990841, 42.939334 ], [ -1.2993263, 42.9393775 ], [ -1.2994787, 42.9394097 ], [ -1.2995594, 42.9394239 ], [ -1.2996128, 42.9394291 ], [ -1.2996857, 42.9394369 ], [ -1.2997113, 42.9394404 ], [ -1.2997995, 42.9394508 ], [ -1.2998635, 42.9394527 ], [ -1.2999316, 42.9394548 ], [ -1.3000504, 42.9394701 ], [ -1.3001052, 42.9394752 ], [ -1.3002721, 42.9394974 ], [ -1.3004533, 42.9395297 ], [ -1.300484, 42.9395358 ], [ -1.3007325, 42.9395975 ], [ -1.3009943, 42.9396559 ], [ -1.3012226, 42.939702 ], [ -1.3013181, 42.9397264 ], [ -1.301476, 42.9397699 ], [ -1.3015995, 42.9398031 ], [ -1.301718, 42.9398246 ], [ -1.3019871, 42.9398365 ], [ -1.3022608, 42.9398507 ], [ -1.3024048, 42.939851 ], [ -1.3025593, 42.9398542 ], [ -1.3028751, 42.9398606 ], [ -1.3030176, 42.9398618 ], [ -1.3030774, 42.9398651 ], [ -1.303284, 42.9398883 ], [ -1.303479, 42.9398998 ], [ -1.3035016, 42.9398993 ], [ -1.3037112, 42.9398816 ], [ -1.3038485, 42.9398528 ], [ -1.3039236, 42.9398378 ], [ -1.3039789, 42.939825 ], [ -1.3041559, 42.9397985 ], [ -1.3042937, 42.9397886 ], [ -1.3043764, 42.9397869 ], [ -1.3044828, 42.9397796 ], [ -1.3045571, 42.9397804 ], [ -1.3045799, 42.9397781 ], [ -1.3046869, 42.9397759 ], [ -1.3047094, 42.9397751 ], [ -1.3048116, 42.9397757 ], [ -1.3048339, 42.9397762 ], [ -1.3049223, 42.9397801 ], [ -1.3050095, 42.9397781 ], [ -1.3051013, 42.9397818 ], [ -1.3051851, 42.9397927 ], [ -1.3052085, 42.9397943 ], [ -1.3053603, 42.939821 ], [ -1.305382, 42.9398251 ], [ -1.305525, 42.9398591 ], [ -1.3055446, 42.9398641 ], [ -1.3056474, 42.9398919 ], [ -1.3056692, 42.9398966 ], [ -1.3057136, 42.9399061 ], [ -1.3057723, 42.9399231 ], [ -1.3058659, 42.93994 ], [ -1.3058851, 42.9399422 ], [ -1.3059666, 42.9399471 ], [ -1.3059874, 42.9399465 ], [ -1.3060552, 42.9399363 ], [ -1.3061026, 42.9399353 ], [ -1.3061261, 42.9399352 ], [ -1.3061736, 42.9399394 ], [ -1.3062677, 42.9399341 ], [ -1.3063859, 42.9399411 ], [ -1.3064661, 42.9399494 ], [ -1.3065755, 42.9399634 ], [ -1.306656, 42.9399743 ], [ -1.3066803, 42.9399793 ], [ -1.3068027, 42.9399949 ], [ -1.3068983, 42.9400083 ], [ -1.3069934, 42.9400161 ], [ -1.3070709, 42.9400206 ], [ -1.3071495, 42.9400283 ], [ -1.3072603, 42.940031 ], [ -1.3073549, 42.9400347 ], [ -1.307668, 42.9400638 ], [ -1.3079531, 42.9401299 ], [ -1.3079844, 42.9401369 ], [ -1.3081653, 42.9401747 ], [ -1.3083492, 42.9401884 ], [ -1.3084371, 42.9401856 ], [ -1.3086324, 42.940193 ], [ -1.3088237, 42.9401855 ], [ -1.308879, 42.9401853 ], [ -1.3089841, 42.9401781 ], [ -1.3090636, 42.9401748 ], [ -1.3092715, 42.9401644 ], [ -1.3093688, 42.9401556 ], [ -1.3094831, 42.9401446 ], [ -1.3095376, 42.9401338 ], [ -1.3096357, 42.9401278 ], [ -1.3096918, 42.940122 ], [ -1.3097585, 42.9401155 ], [ -1.3097967, 42.9401131 ], [ -1.3098185, 42.9401126 ], [ -1.3098777, 42.9401108 ], [ -1.3099159, 42.9401167 ], [ -1.3099557, 42.940118 ], [ -1.3100493, 42.9401171 ], [ -1.3100653, 42.9401189 ], [ -1.3101464, 42.9401214 ], [ -1.310161, 42.9401202 ], [ -1.3102262, 42.9401087 ], [ -1.3102493, 42.9401079 ], [ -1.3103304, 42.940089 ], [ -1.3103486, 42.9400822 ], [ -1.3103982, 42.9400363 ], [ -1.3104042, 42.9400237 ], [ -1.3104376, 42.9399508 ], [ -1.3104611, 42.9398786 ], [ -1.3105189, 42.9397772 ], [ -1.3105556, 42.939734 ], [ -1.310617, 42.9396957 ], [ -1.3106546, 42.9396839 ], [ -1.3107211, 42.939672 ], [ -1.3107434, 42.9396689 ], [ -1.3107631, 42.9396646 ], [ -1.3108927, 42.9396529 ], [ -1.3109142, 42.939652 ], [ -1.3110687, 42.9396453 ], [ -1.311218, 42.9396513 ], [ -1.3112406, 42.9396542 ], [ -1.3113524, 42.9396615 ], [ -1.3114415, 42.9396659 ], [ -1.3115329, 42.939677 ], [ -1.3116441, 42.9396951 ], [ -1.3117309, 42.9397122 ], [ -1.3118051, 42.9397221 ], [ -1.3118544, 42.939729 ], [ -1.3120017, 42.9397404 ], [ -1.3120517, 42.9397455 ], [ -1.3121703, 42.9397546 ], [ -1.3122407, 42.9397597 ], [ -1.3123279, 42.9397554 ], [ -1.3123481, 42.9397534 ], [ -1.3124553, 42.9397438 ], [ -1.3125226, 42.9397349 ], [ -1.3125659, 42.9397333 ], [ -1.312701, 42.9397368 ], [ -1.3128095, 42.9397511 ], [ -1.3128484, 42.9397645 ], [ -1.3128811, 42.9397738 ], [ -1.3129812, 42.9398011 ], [ -1.3130981, 42.9398312 ], [ -1.3131568, 42.939843 ], [ -1.3131943, 42.9398527 ], [ -1.3132856, 42.9398704 ], [ -1.3133376, 42.9398782 ], [ -1.3134141, 42.9398884 ], [ -1.3134748, 42.9399011 ], [ -1.3135425, 42.9399111 ], [ -1.3135777, 42.9399174 ], [ -1.3136756, 42.9399291 ], [ -1.3136918, 42.9399316 ], [ -1.3137674, 42.9399344 ], [ -1.3138358, 42.939944 ], [ -1.3138513, 42.9399494 ], [ -1.3139196, 42.9399537 ], [ -1.3139352, 42.9399555 ], [ -1.3140498, 42.9399646 ], [ -1.3141616, 42.9399699 ], [ -1.3141961, 42.9399763 ], [ -1.3143319, 42.9399818 ], [ -1.3144811, 42.9399873 ], [ -1.3144989, 42.9399863 ], [ -1.3145956, 42.9399804 ], [ -1.3146322, 42.9399742 ], [ -1.3147069, 42.939958 ], [ -1.3147616, 42.9399433 ], [ -1.3148606, 42.9399065 ], [ -1.3149274, 42.9398623 ], [ -1.3149423, 42.9398459 ], [ -1.3150541, 42.9397873 ], [ -1.3152359, 42.9397138 ], [ -1.3153971, 42.9396627 ], [ -1.3154247, 42.9396544 ], [ -1.3155677, 42.9395962 ], [ -1.3156224, 42.9395682 ], [ -1.3158271, 42.9394902 ], [ -1.3160286, 42.9394663 ], [ -1.3160601, 42.9394661 ], [ -1.3161803, 42.9394713 ], [ -1.316204, 42.9394736 ], [ -1.3163715, 42.9394631 ], [ -1.3163996, 42.939462 ], [ -1.3164273, 42.9394588 ], [ -1.3165774, 42.939427 ], [ -1.3166898, 42.9393836 ], [ -1.3167461, 42.9393676 ], [ -1.3167957, 42.9393539 ], [ -1.316879, 42.9393082 ], [ -1.3169258, 42.9392894 ], [ -1.3170261, 42.9392401 ], [ -1.3170768, 42.9392177 ], [ -1.3172221, 42.9391509 ], [ -1.3172457, 42.9391412 ], [ -1.3173772, 42.9391039 ], [ -1.3174485, 42.9390835 ], [ -1.3175499, 42.9390542 ], [ -1.3175903, 42.9390377 ], [ -1.3176633, 42.9390244 ], [ -1.317686, 42.9390148 ], [ -1.3177083, 42.9390098 ], [ -1.3178078, 42.9389727 ], [ -1.3179093, 42.9389377 ], [ -1.3179304, 42.9389336 ], [ -1.3179513, 42.9389261 ], [ -1.3180493, 42.9388996 ], [ -1.3180681, 42.9388956 ], [ -1.3182142, 42.9388639 ], [ -1.3182501, 42.9388488 ], [ -1.3183176, 42.9388257 ], [ -1.3184481, 42.9387994 ], [ -1.3184951, 42.9387905 ], [ -1.3185703, 42.9387826 ], [ -1.3186398, 42.9387701 ], [ -1.3186855, 42.9387686 ], [ -1.3188119, 42.9387567 ], [ -1.3189376, 42.9387627 ], [ -1.3189538, 42.9387622 ], [ -1.3189724, 42.9387549 ], [ -1.3190378, 42.9387608 ], [ -1.3190611, 42.9387644 ], [ -1.3192039, 42.9387669 ], [ -1.319242, 42.9387654 ], [ -1.3193886, 42.9387764 ], [ -1.3195471, 42.9388693 ], [ -1.3196159, 42.9389489 ], [ -1.3196411, 42.9389848 ], [ -1.3196942, 42.9390376 ], [ -1.3197478, 42.939092 ], [ -1.3198462, 42.9392171 ], [ -1.320016, 42.9394215 ], [ -1.3200927, 42.9395257 ], [ -1.320143, 42.9396034 ], [ -1.3201678, 42.9396445 ], [ -1.3202427, 42.9397575 ], [ -1.3203516, 42.9398539 ], [ -1.3203921, 42.9398804 ], [ -1.3205978, 42.9400188 ], [ -1.3207286, 42.9400825 ], [ -1.3207546, 42.9401004 ], [ -1.3208439, 42.9401729 ], [ -1.3208763, 42.9402149 ], [ -1.3209057, 42.9402535 ], [ -1.3209962, 42.9403489 ], [ -1.3210451, 42.9404139 ], [ -1.3211157, 42.9404975 ], [ -1.3211936, 42.9405933 ], [ -1.3212234, 42.9406243 ], [ -1.3212618, 42.9406671 ], [ -1.3212936, 42.9406845 ], [ -1.3213326, 42.9407008 ], [ -1.3214113, 42.9407353 ], [ -1.3214728, 42.9407583 ], [ -1.3215147, 42.9407753 ], [ -1.3215632, 42.9407888 ], [ -1.3215883, 42.9407921 ], [ -1.3217775, 42.9407976 ], [ -1.3219913, 42.9407593 ], [ -1.3220583, 42.9407425 ], [ -1.3221284, 42.9407036 ], [ -1.3222155, 42.9406745 ], [ -1.3222644, 42.9406724 ], [ -1.322339, 42.9406629 ], [ -1.3223893, 42.9406711 ], [ -1.3224753, 42.940684 ], [ -1.3225046, 42.9406888 ], [ -1.3225365, 42.9406985 ], [ -1.3227585, 42.9407886 ], [ -1.3229315, 42.9408237 ], [ -1.3229822, 42.9408259 ], [ -1.3230852, 42.9408215 ], [ -1.3233027, 42.9408316 ], [ -1.3234909, 42.940854 ], [ -1.3235446, 42.9408568 ], [ -1.3236631, 42.9408585 ], [ -1.3236811, 42.9408575 ], [ -1.3237468, 42.9408457 ], [ -1.3237647, 42.9408366 ], [ -1.3238123, 42.9408215 ], [ -1.3238561, 42.9408173 ], [ -1.3238702, 42.9408168 ], [ -1.3239304, 42.9408101 ], [ -1.3239702, 42.9408179 ], [ -1.3240046, 42.9408133 ], [ -1.3240878, 42.9408186 ], [ -1.3241269, 42.9408246 ], [ -1.3241728, 42.9408261 ], [ -1.3241884, 42.9408318 ], [ -1.3242032, 42.9408331 ], [ -1.3243124, 42.9408325 ], [ -1.3243314, 42.940831 ], [ -1.3244213, 42.9408272 ], [ -1.3244596, 42.9408285 ], [ -1.3245593, 42.9408377 ], [ -1.3246305, 42.9408418 ], [ -1.3247094, 42.9408524 ], [ -1.3247704, 42.9408551 ], [ -1.3248155, 42.9408598 ], [ -1.3249294, 42.9408667 ], [ -1.3249711, 42.9408712 ], [ -1.3250589, 42.9408746 ], [ -1.3251237, 42.9408749 ], [ -1.3252643, 42.9408633 ], [ -1.325304, 42.9408541 ], [ -1.3253989, 42.9408354 ], [ -1.3254702, 42.9408067 ], [ -1.3254852, 42.9407992 ], [ -1.3255539, 42.9407738 ], [ -1.3255928, 42.9407588 ], [ -1.3256272, 42.9407426 ], [ -1.325698, 42.9407194 ], [ -1.3257788, 42.9406996 ], [ -1.3258165, 42.9406974 ], [ -1.3258872, 42.9406813 ], [ -1.3259391, 42.9406754 ], [ -1.3260126, 42.9406643 ], [ -1.3260781, 42.9406505 ], [ -1.3261172, 42.9406372 ], [ -1.3261731, 42.9406169 ], [ -1.3262195, 42.9406018 ], [ -1.3262317, 42.9405975 ], [ -1.3263206, 42.9405528 ], [ -1.3264141, 42.9405073 ], [ -1.3264513, 42.9404884 ], [ -1.3265231, 42.9404446 ], [ -1.3265615, 42.9404228 ], [ -1.3265861, 42.9404122 ], [ -1.3266435, 42.9403849 ], [ -1.3267088, 42.9403622 ], [ -1.3267255, 42.9403557 ], [ -1.326795, 42.9403385 ], [ -1.3268406, 42.9403248 ], [ -1.3268544, 42.9403195 ], [ -1.3269345, 42.9402985 ], [ -1.3269758, 42.9402881 ], [ -1.3270262, 42.9402703 ], [ -1.3270907, 42.9402496 ], [ -1.3271757, 42.9402134 ], [ -1.3272243, 42.9401851 ], [ -1.3273367, 42.9401421 ], [ -1.3273553, 42.9401375 ], [ -1.3274934, 42.9400746 ], [ -1.3275703, 42.9400183 ], [ -1.3276036, 42.9399978 ], [ -1.3276645, 42.9399468 ], [ -1.327673, 42.9399364 ], [ -1.3276961, 42.9399217 ], [ -1.3278109, 42.939863 ], [ -1.3278349, 42.9398536 ], [ -1.3279075, 42.9398233 ], [ -1.3279499, 42.9398058 ], [ -1.3280138, 42.9397763 ], [ -1.3281193, 42.939727 ], [ -1.328182, 42.9396967 ], [ -1.3283681, 42.9396074 ], [ -1.328527, 42.9395384 ], [ -1.328557, 42.9395299 ], [ -1.3287841, 42.9394536 ], [ -1.3289264, 42.9393466 ], [ -1.3290324, 42.9392936 ], [ -1.3291105, 42.939261 ], [ -1.3292372, 42.939195 ], [ -1.3292579, 42.939185 ], [ -1.3293227, 42.9391528 ], [ -1.3294368, 42.9391011 ], [ -1.3295534, 42.9390549 ], [ -1.3296995, 42.9390018 ], [ -1.3297811, 42.9389809 ], [ -1.3299137, 42.9389566 ], [ -1.3299519, 42.9389498 ], [ -1.3300796, 42.938938 ], [ -1.3301758, 42.9389044 ], [ -1.330238, 42.938869 ], [ -1.3304581, 42.938759 ], [ -1.3305543, 42.9386962 ], [ -1.3305819, 42.9386796 ], [ -1.3306672, 42.9386101 ], [ -1.3307943, 42.9385856 ], [ -1.3308933, 42.9385607 ], [ -1.3308933, 42.9385605 ], [ -1.3308933, 42.9385605 ], [ -1.3309181, 42.9385383 ], [ -1.3309544, 42.9384993 ], [ -1.3309544, 42.9384993 ], [ -1.3309544, 42.9384993 ], [ -1.3309544, 42.9384993 ], [ -1.3309544, 42.9384993 ], [ -1.3309544, 42.9384993 ], [ -1.3309544, 42.9384993 ], [ -1.3309544, 42.9384993 ], [ -1.3309544, 42.9384993 ], [ -1.3309544, 42.9384993 ], [ -1.3309544, 42.9384993 ], [ -1.3309544, 42.9384993 ], [ -1.3309544, 42.9384993 ], [ -1.3309544, 42.9384993 ], [ -1.3309544, 42.9384993 ], [ -1.3309604, 42.9385008 ], [ -1.3309544, 42.9384993 ], [ -1.3309544, 42.9384993 ], [ -1.3309995, 42.9385075 ], [ -1.3310156, 42.9384971 ], [ -1.3311147, 42.938451 ], [ -1.3312758, 42.9384112 ], [ -1.3313798, 42.9384024 ], [ -1.3314993, 42.9384007 ], [ -1.3316739, 42.9383974 ], [ -1.3317152, 42.9383859 ], [ -1.3318086, 42.9382928 ], [ -1.3318431, 42.9382069 ], [ -1.331877, 42.9381667 ], [ -1.3319156, 42.9381283 ], [ -1.3319525, 42.9380948 ], [ -1.3320262, 42.9380161 ], [ -1.3320576, 42.9379812 ], [ -1.3320722, 42.9379459 ], [ -1.3320775, 42.9379036 ], [ -1.3320784, 42.9378597 ], [ -1.3320733, 42.9378185 ], [ -1.3320977, 42.9377788 ], [ -1.3321499, 42.9377029 ], [ -1.3321912, 42.9376608 ], [ -1.3322375, 42.937631 ], [ -1.3322815, 42.9376094 ], [ -1.3323695, 42.9375727 ], [ -1.332441, 42.9375208 ], [ -1.3324677, 42.9374937 ], [ -1.3325358, 42.9374278 ], [ -1.3325619, 42.9373813 ], [ -1.3325882, 42.9373411 ], [ -1.3326084, 42.9372942 ], [ -1.332675, 42.9372265 ], [ -1.3327093, 42.9372179 ], [ -1.3328654, 42.9371746 ], [ -1.3330659, 42.9371452 ], [ -1.3331095, 42.9371425 ], [ -1.3333051, 42.9371285 ], [ -1.3333591, 42.9371223 ], [ -1.3334745, 42.9371048 ], [ -1.3335937, 42.937085 ], [ -1.333707, 42.9370737 ], [ -1.3338416, 42.9370538 ], [ -1.3339255, 42.9370288 ], [ -1.3340081, 42.937005 ], [ -1.3341809, 42.9369863 ], [ -1.3344359, 42.9369472 ], [ -1.334688, 42.9369526 ], [ -1.3349158, 42.936973 ], [ -1.3351353, 42.9369555 ], [ -1.3354183, 42.9369052 ], [ -1.3355124, 42.9368974 ], [ -1.3356199, 42.9368937 ], [ -1.3358469, 42.9368935 ], [ -1.3360369, 42.9369032 ], [ -1.3361977, 42.9369077 ], [ -1.3362532, 42.9369157 ], [ -1.3363708, 42.9369359 ], [ -1.3364999, 42.9369572 ], [ -1.3365662, 42.9369615 ], [ -1.3366293, 42.9369623 ], [ -1.3366915, 42.9369569 ], [ -1.3368374, 42.9369415 ], [ -1.3370116, 42.9369296 ], [ -1.3371089, 42.9369249 ], [ -1.3372109, 42.9369216 ], [ -1.3373197, 42.9369141 ], [ -1.3374294, 42.9369085 ], [ -1.3375472, 42.936908 ], [ -1.3376628, 42.9368939 ], [ -1.3379003, 42.9368738 ], [ -1.3380221, 42.9368711 ], [ -1.33826, 42.9368498 ], [ -1.3383496, 42.9368435 ], [ -1.3384425, 42.9368457 ], [ -1.3384678, 42.9368526 ], [ -1.3384775, 42.9368644 ], [ -1.3384774, 42.9368644 ], [ -1.33848, 42.9368599 ], [ -1.3385017, 42.9368357 ], [ -1.3385181, 42.9368238 ], [ -1.3385172, 42.9368235 ], [ -1.3385181, 42.9368238 ], [ -1.3385535, 42.9368084 ], [ -1.3386132, 42.9368013 ], [ -1.3387566, 42.9367768 ], [ -1.3388844, 42.9367597 ], [ -1.3390035, 42.9367338 ], [ -1.339149, 42.9367017 ], [ -1.3393326, 42.936669 ], [ -1.3394434, 42.936653 ], [ -1.3395586, 42.9366395 ], [ -1.3396799, 42.9366301 ], [ -1.3398006, 42.9366176 ], [ -1.3400402, 42.9365864 ], [ -1.3402605, 42.9365554 ], [ -1.3405505, 42.9365194 ], [ -1.340717, 42.9365111 ], [ -1.3408738, 42.9365002 ], [ -1.3409582, 42.9364949 ], [ -1.3410489, 42.9364824 ], [ -1.341143, 42.9364623 ], [ -1.3412987, 42.9364298 ], [ -1.3414963, 42.936394 ], [ -1.3416308, 42.9363839 ], [ -1.341694, 42.9363821 ], [ -1.3417555, 42.9363794 ], [ -1.3418795, 42.9363778 ], [ -1.342012, 42.9363697 ], [ -1.3421465, 42.9363522 ], [ -1.3422798, 42.9363324 ], [ -1.3423615, 42.9363246 ], [ -1.3424466, 42.9363185 ], [ -1.3425248, 42.9363133 ], [ -1.3425957, 42.9363143 ], [ -1.3426693, 42.9363182 ], [ -1.3427385, 42.9363126 ], [ -1.342794, 42.9363003 ], [ -1.3428401, 42.9362858 ], [ -1.3429057, 42.9362405 ], [ -1.342936, 42.9362162 ], [ -1.3429732, 42.9361994 ], [ -1.3430654, 42.936183 ], [ -1.3431107, 42.9361762 ], [ -1.3431914, 42.9361467 ], [ -1.3432736, 42.9361021 ], [ -1.3433405, 42.9360255 ], [ -1.3433649, 42.9359673 ], [ -1.343356, 42.9359463 ], [ -1.3433283, 42.9359097 ], [ -1.3433101, 42.9358961 ], [ -1.3432905, 42.93588 ], [ -1.343244, 42.9357973 ], [ -1.3432217, 42.9356877 ], [ -1.3432224, 42.9356665 ], [ -1.3432892, 42.9355471 ], [ -1.3434241, 42.9353974 ], [ -1.3435165, 42.9353365 ], [ -1.3436048, 42.9352847 ], [ -1.3437527, 42.935175 ], [ -1.3438198, 42.9351022 ], [ -1.3438847, 42.9350553 ], [ -1.3440336, 42.934937 ], [ -1.3442106, 42.934805 ], [ -1.3443541, 42.9346641 ], [ -1.3443935, 42.9346142 ], [ -1.3443882, 42.9345623 ], [ -1.3444532, 42.9344363 ], [ -1.3444916, 42.9344028 ], [ -1.3446321, 42.9342801 ], [ -1.3446933, 42.9342356 ], [ -1.3450916, 42.9340197 ], [ -1.3453545, 42.9338864 ], [ -1.3454529, 42.9338521 ], [ -1.3455593, 42.9338203 ], [ -1.3456673, 42.9337853 ], [ -1.3457809, 42.9337536 ], [ -1.3460057, 42.9336979 ], [ -1.3462389, 42.9336591 ], [ -1.3464672, 42.9336512 ], [ -1.3466642, 42.9336868 ], [ -1.3467539, 42.9337057 ], [ -1.3469444, 42.9337441 ], [ -1.3471891, 42.9337922 ], [ -1.3473247, 42.9338135 ], [ -1.3474634, 42.9338377 ], [ -1.3475967, 42.9338644 ], [ -1.3477307, 42.9338957 ], [ -1.3478624, 42.9339226 ], [ -1.3479961, 42.933949 ], [ -1.3482539, 42.9339964 ], [ -1.3483673, 42.9340216 ], [ -1.3484859, 42.9340482 ], [ -1.348718, 42.9341086 ], [ -1.3489565, 42.9341678 ], [ -1.349071, 42.9342072 ], [ -1.3491728, 42.9342569 ], [ -1.3492531, 42.9343096 ], [ -1.3493689, 42.9344008 ], [ -1.3494448, 42.9344377 ], [ -1.3495395, 42.9344631 ], [ -1.3496529, 42.9344856 ], [ -1.3497752, 42.9345106 ], [ -1.3500231, 42.9345712 ], [ -1.3501391, 42.9345991 ], [ -1.3502535, 42.9346275 ], [ -1.3503642, 42.9346572 ], [ -1.350568, 42.9347288 ], [ -1.3507682, 42.9347857 ], [ -1.3508755, 42.9348103 ], [ -1.3509796, 42.9348442 ], [ -1.3510758, 42.9348833 ], [ -1.3511749, 42.9349245 ], [ -1.3512712, 42.9349681 ], [ -1.3513689, 42.9350119 ], [ -1.3514593, 42.9350563 ], [ -1.3515541, 42.9350911 ], [ -1.3517693, 42.9351584 ], [ -1.3518784, 42.9351995 ], [ -1.351986, 42.9352384 ], [ -1.3520919, 42.935274 ], [ -1.3522918, 42.9353516 ], [ -1.352387, 42.9353948 ], [ -1.3524728, 42.9354378 ], [ -1.3525497, 42.9354909 ], [ -1.3526138, 42.9355418 ], [ -1.3527175, 42.935616 ], [ -1.3527669, 42.9356245 ], [ -1.3528326, 42.9355788 ], [ -1.3528514, 42.935542 ], [ -1.3528617, 42.9355004 ], [ -1.3528612, 42.9354597 ], [ -1.3528491, 42.9354136 ], [ -1.3528258, 42.935359 ], [ -1.3528054, 42.9352983 ], [ -1.3527818, 42.935243 ], [ -1.3527653, 42.9351808 ], [ -1.3527642, 42.9351153 ], [ -1.3527496, 42.9350454 ], [ -1.3526941, 42.9348943 ], [ -1.3526574, 42.9348154 ], [ -1.3526165, 42.9347293 ], [ -1.3525704, 42.9346436 ], [ -1.3525284, 42.9345618 ], [ -1.3524386, 42.9344174 ], [ -1.3524119, 42.9343443 ], [ -1.352407, 42.9342059 ], [ -1.3524011, 42.934132 ], [ -1.3523908, 42.9340585 ], [ -1.3523789, 42.9339858 ], [ -1.3523513, 42.93392 ], [ -1.3523068, 42.9338678 ], [ -1.3522473, 42.9338221 ], [ -1.3520309, 42.9336827 ], [ -1.3519635, 42.9336256 ], [ -1.3519023, 42.9335704 ], [ -1.3518454, 42.9335112 ], [ -1.3517828, 42.9334447 ], [ -1.3517176, 42.933375 ], [ -1.3516505, 42.9333072 ], [ -1.3515869, 42.9332368 ], [ -1.3515339, 42.9331572 ], [ -1.3514914, 42.9330756 ], [ -1.3514412, 42.9329072 ], [ -1.3514235, 42.9327468 ], [ -1.3514127, 42.9326766 ], [ -1.3513969, 42.9326157 ], [ -1.3513547, 42.9325301 ], [ -1.3513298, 42.9324825 ], [ -1.3512836, 42.9323548 ], [ -1.3512536, 42.9322889 ], [ -1.3512271, 42.9322301 ], [ -1.3511822, 42.9321369 ], [ -1.3511578, 42.9320977 ], [ -1.35113, 42.9320593 ], [ -1.3510938, 42.9320289 ], [ -1.3510532, 42.9319987 ], [ -1.3509408, 42.931934 ], [ -1.3508623, 42.931904 ], [ -1.3507762, 42.9318768 ], [ -1.3506017, 42.9318239 ], [ -1.3504602, 42.9317554 ], [ -1.3504051, 42.9316964 ], [ -1.3503645, 42.9316273 ], [ -1.3503217, 42.9315578 ], [ -1.3502425, 42.9314162 ], [ -1.350215, 42.9313534 ], [ -1.3502117, 42.9312901 ], [ -1.3502301, 42.9312222 ], [ -1.3502674, 42.9311512 ], [ -1.3503145, 42.9310799 ], [ -1.3503733, 42.9310157 ], [ -1.3504351, 42.9309626 ], [ -1.3504864, 42.930913 ], [ -1.3505159, 42.9308633 ], [ -1.3505298, 42.9308204 ], [ -1.3505326, 42.93076 ], [ -1.3505083, 42.9307345 ], [ -1.3504759, 42.9306978 ], [ -1.3504665, 42.9306541 ], [ -1.3504818, 42.9306076 ], [ -1.3505185, 42.9305714 ], [ -1.3505676, 42.9305438 ], [ -1.3506256, 42.9305255 ], [ -1.3506828, 42.9305176 ], [ -1.3507564, 42.930511 ], [ -1.3508315, 42.9305057 ], [ -1.3509019, 42.9304968 ], [ -1.3509677, 42.930492 ], [ -1.3510226, 42.9304887 ], [ -1.3511277, 42.9304892 ], [ -1.3512184, 42.9304949 ], [ -1.3513153, 42.930506 ], [ -1.3513759, 42.9305129 ], [ -1.3514533, 42.9305198 ], [ -1.3516494, 42.9305467 ], [ -1.3517651, 42.9305682 ], [ -1.3518712, 42.9305939 ], [ -1.3519653, 42.9306311 ], [ -1.3520423, 42.9306825 ], [ -1.352111, 42.9307425 ], [ -1.3521668, 42.9308019 ], [ -1.3522088, 42.9308574 ], [ -1.3522653, 42.930958 ], [ -1.3522991, 42.9310019 ], [ -1.3523483, 42.9310298 ], [ -1.3524106, 42.9310394 ], [ -1.3524768, 42.93103 ], [ -1.3525342, 42.9310001 ], [ -1.3525957, 42.9308943 ], [ -1.3526416, 42.9308388 ], [ -1.3526896, 42.9307927 ], [ -1.3527788, 42.9307069 ], [ -1.3528171, 42.9306757 ], [ -1.3528518, 42.9306502 ], [ -1.3529211, 42.9306122 ], [ -1.3529243, 42.9306101 ], [ -1.3529245, 42.9306101 ], [ -1.3529535, 42.9305976 ], [ -1.3530131, 42.9305782 ], [ -1.3530159, 42.9305751 ], [ -1.3530159, 42.9305751 ], [ -1.3530159, 42.9305751 ], [ -1.3530159, 42.9305751 ], [ -1.3530607, 42.9305638 ], [ -1.353103, 42.9305365 ], [ -1.353191, 42.9304644 ], [ -1.3532263, 42.9304286 ], [ -1.3532495, 42.9303866 ], [ -1.3532751, 42.9303198 ], [ -1.3532765, 42.9302846 ], [ -1.3532883, 42.9302083 ], [ -1.3532949, 42.9301335 ], [ -1.3533016, 42.9300928 ], [ -1.3533168, 42.9300524 ], [ -1.3533801, 42.9299573 ], [ -1.3534179, 42.9299168 ], [ -1.3534889, 42.929841 ], [ -1.353558, 42.9297861 ], [ -1.3535657, 42.9297728 ], [ -1.3535711, 42.9297698 ], [ -1.3535711, 42.9297698 ], [ -1.3535711, 42.9297698 ], [ -1.3535711, 42.9297698 ], [ -1.3535711, 42.9297698 ], [ -1.3535711, 42.9297698 ], [ -1.3535711, 42.9297698 ], [ -1.3535711, 42.9297698 ], [ -1.3535711, 42.9297698 ], [ -1.3535711, 42.9297698 ], [ -1.3535711, 42.9297698 ], [ -1.3535711, 42.9297698 ], [ -1.3535711, 42.9297698 ], [ -1.3535711, 42.9297698 ], [ -1.3535711, 42.9297698 ], [ -1.3535711, 42.9297698 ], [ -1.3535711, 42.9297698 ], [ -1.3535711, 42.9297698 ], [ -1.3535711, 42.9297698 ], [ -1.3535711, 42.9297698 ], [ -1.3535711, 42.9297698 ], [ -1.3535711, 42.9297698 ], [ -1.3535711, 42.9297698 ], [ -1.3535711, 42.9297698 ], [ -1.3535711, 42.9297698 ], [ -1.3535711, 42.9297698 ], [ -1.3535711, 42.9297698 ], [ -1.3535711, 42.9297698 ], [ -1.3535711, 42.9297698 ], [ -1.3535711, 42.9297698 ], [ -1.3535581, 42.9297573 ], [ -1.3535581, 42.9297573 ], [ -1.3535581, 42.9297573 ], [ -1.3535581, 42.9297573 ], [ -1.3535581, 42.9297573 ], [ -1.3535614, 42.9297575 ], [ -1.3535959, 42.9297047 ], [ -1.3536328, 42.929591 ], [ -1.3536671, 42.9294879 ], [ -1.3536746, 42.9294364 ], [ -1.3536702, 42.9293876 ], [ -1.3536256, 42.9292814 ], [ -1.3536022, 42.929216 ], [ -1.3535852, 42.9291502 ], [ -1.3535709, 42.9290129 ], [ -1.3535772, 42.9289401 ], [ -1.353579, 42.9288659 ], [ -1.3535703, 42.9287161 ], [ -1.3535617, 42.9286399 ], [ -1.3535464, 42.9285652 ], [ -1.3535164, 42.9284924 ], [ -1.3534328, 42.9283554 ], [ -1.3533991, 42.9282867 ], [ -1.3533727, 42.9282146 ], [ -1.3533522, 42.9281424 ], [ -1.3533474, 42.9280695 ], [ -1.3533486, 42.92791 ], [ -1.3533417, 42.9278305 ], [ -1.3533305, 42.9277545 ], [ -1.3533077, 42.9276873 ], [ -1.3532804, 42.9276188 ], [ -1.3532711, 42.9275481 ], [ -1.3532586, 42.9274731 ], [ -1.3532356, 42.9273898 ], [ -1.3532013, 42.9273007 ], [ -1.3531234, 42.9271277 ], [ -1.353082, 42.9270513 ], [ -1.3530376, 42.9269849 ], [ -1.3529902, 42.9269149 ], [ -1.3529426, 42.9268474 ], [ -1.3528766, 42.9267831 ], [ -1.3528073, 42.9267103 ], [ -1.3527435, 42.9266259 ], [ -1.3526935, 42.9265383 ], [ -1.3526577, 42.9264547 ], [ -1.3526465, 42.9263748 ], [ -1.3526735, 42.9262983 ], [ -1.3527844, 42.9261707 ], [ -1.3529081, 42.9260411 ], [ -1.3529602, 42.9259716 ], [ -1.3530047, 42.925896 ], [ -1.3530483, 42.9258202 ], [ -1.3530802, 42.9257475 ], [ -1.3531034, 42.9256693 ], [ -1.3531173, 42.9255842 ], [ -1.3531301, 42.9254906 ], [ -1.3531543, 42.9253978 ], [ -1.3531737, 42.9253121 ], [ -1.3531962, 42.9252361 ], [ -1.3532209, 42.925168 ], [ -1.3532573, 42.9251093 ], [ -1.3533171, 42.9250685 ], [ -1.3533956, 42.9250485 ], [ -1.3535738, 42.9250468 ], [ -1.3538643, 42.9250518 ], [ -1.3540632, 42.9250493 ], [ -1.3542576, 42.9250516 ], [ -1.354716, 42.9250778 ], [ -1.3547924, 42.925099 ], [ -1.3548586, 42.9251268 ], [ -1.3549211, 42.9251569 ], [ -1.3550237, 42.9252173 ], [ -1.3550663, 42.9252428 ], [ -1.3551943, 42.9253077 ], [ -1.3552948, 42.9253532 ], [ -1.3553998, 42.9253883 ], [ -1.3556636, 42.9254473 ], [ -1.3557747, 42.9254569 ], [ -1.3558955, 42.9254612 ], [ -1.3560199, 42.9254784 ], [ -1.3560789, 42.9254926 ], [ -1.3564647, 42.9256246 ], [ -1.3567899, 42.9257587 ], [ -1.3568476, 42.9257671 ], [ -1.3570057, 42.9257456 ], [ -1.3570592, 42.9257349 ], [ -1.3571787, 42.9257179 ], [ -1.3573035, 42.9257379 ], [ -1.35736, 42.925763 ], [ -1.3574059, 42.9257919 ], [ -1.357595, 42.9258852 ], [ -1.3577036, 42.9259142 ], [ -1.3578412, 42.9259087 ], [ -1.3579173, 42.9259004 ], [ -1.3580733, 42.9258806 ], [ -1.3582231, 42.9258707 ], [ -1.3582941, 42.9258766 ], [ -1.3584242, 42.9258965 ], [ -1.3584949, 42.9259 ], [ -1.3585651, 42.925904 ], [ -1.3586398, 42.9259063 ], [ -1.3587161, 42.9259113 ], [ -1.3588678, 42.9259223 ], [ -1.3590293, 42.9259337 ], [ -1.3591142, 42.9259401 ], [ -1.3591993, 42.925946 ], [ -1.3594451, 42.9259817 ], [ -1.3595975, 42.926013 ], [ -1.3596729, 42.9260188 ], [ -1.3597467, 42.9260193 ], [ -1.3598798, 42.9260009 ], [ -1.359943, 42.9259873 ], [ -1.3600006, 42.925967 ], [ -1.3601498, 42.9259181 ], [ -1.360275, 42.9258841 ], [ -1.3604352, 42.9258669 ], [ -1.3606791, 42.9258543 ], [ -1.3608218, 42.9258326 ], [ -1.3609881, 42.9257963 ], [ -1.361154, 42.925718 ], [ -1.3613243, 42.9256308 ], [ -1.3615096, 42.9256035 ], [ -1.3620224, 42.925591 ], [ -1.3620975, 42.9255846 ], [ -1.3624519, 42.9255489 ], [ -1.3625704, 42.9255241 ], [ -1.362695, 42.9254639 ], [ -1.3627768, 42.925433 ], [ -1.362871, 42.925416 ], [ -1.3629721, 42.925416 ], [ -1.3630726, 42.9254321 ], [ -1.3631715, 42.925457 ], [ -1.3632614, 42.925491 ], [ -1.3634407, 42.9255506 ], [ -1.3637191, 42.9255957 ], [ -1.3639889, 42.9256138 ], [ -1.3640675, 42.9256066 ], [ -1.3641472, 42.9255905 ], [ -1.3642297, 42.9255697 ], [ -1.3643953, 42.9255316 ], [ -1.3645529, 42.9254879 ], [ -1.3646358, 42.9254657 ], [ -1.3647217, 42.9254401 ], [ -1.3648811, 42.9253863 ], [ -1.3649628, 42.9253503 ], [ -1.3650374, 42.9253121 ], [ -1.3651939, 42.9252394 ], [ -1.3652741, 42.925216 ], [ -1.365356, 42.9252043 ], [ -1.3654431, 42.9252005 ], [ -1.3655268, 42.9252016 ], [ -1.3656059, 42.9251897 ], [ -1.3656878, 42.9251771 ], [ -1.3657641, 42.9251582 ], [ -1.3658415, 42.9251399 ], [ -1.366017, 42.9250977 ], [ -1.3661896, 42.9250601 ], [ -1.366265, 42.9250497 ], [ -1.3664046, 42.9250403 ], [ -1.3664725, 42.9250364 ], [ -1.3665383, 42.9250397 ], [ -1.3666004, 42.9250489 ], [ -1.3666539, 42.9250623 ], [ -1.3667609, 42.9250901 ], [ -1.3668592, 42.9250999 ], [ -1.3669039, 42.9250993 ], [ -1.3669904, 42.9250812 ], [ -1.3670451, 42.9250786 ], [ -1.3670636, 42.9250779 ], [ -1.3670706, 42.925078 ], [ -1.3670793, 42.9250784 ], [ -1.3671281, 42.9250752 ], [ -1.3670845, 42.9250868 ], [ -1.3670844, 42.9250868 ], [ -1.3671182, 42.9250801 ], [ -1.3671336, 42.9250758 ], [ -1.3671336, 42.9250758 ], [ -1.3671338, 42.9250758 ], [ -1.3671581, 42.9250734 ], [ -1.3671919, 42.9250705 ], [ -1.3672286, 42.9250556 ], [ -1.3672762, 42.9250434 ], [ -1.3673331, 42.925031 ], [ -1.3674929, 42.9249988 ], [ -1.3675954, 42.9249746 ], [ -1.3677071, 42.9249381 ], [ -1.3678204, 42.9249026 ], [ -1.367936, 42.9248673 ], [ -1.3680474, 42.9248365 ], [ -1.368151, 42.9248098 ], [ -1.3682458, 42.9247766 ], [ -1.3683525, 42.9246548 ], [ -1.3684284, 42.9245357 ], [ -1.3685029, 42.9245178 ], [ -1.368578, 42.9245345 ], [ -1.3686541, 42.9245638 ], [ -1.3687419, 42.9245741 ], [ -1.3688259, 42.924555 ], [ -1.3689002, 42.9245151 ], [ -1.3689831, 42.9244671 ], [ -1.3690755, 42.9244229 ], [ -1.3691587, 42.9243794 ], [ -1.3693076, 42.9242769 ], [ -1.3693721, 42.924227 ], [ -1.3694446, 42.9241913 ], [ -1.3695704, 42.9241454 ], [ -1.3696237, 42.9241209 ], [ -1.3696749, 42.9241035 ], [ -1.3697715, 42.9240727 ], [ -1.3698223, 42.9240638 ], [ -1.3698815, 42.9240576 ], [ -1.3699905, 42.9240624 ], [ -1.370038, 42.9240719 ], [ -1.370089, 42.9240835 ], [ -1.3702013, 42.9241142 ], [ -1.3703164, 42.9241601 ], [ -1.3703792, 42.9241876 ], [ -1.3704427, 42.9242148 ], [ -1.370602, 42.9242967 ], [ -1.3706446, 42.9243312 ], [ -1.3706806, 42.9243689 ], [ -1.3707894, 42.9244735 ], [ -1.3708923, 42.9245117 ], [ -1.3709994, 42.9245195 ], [ -1.3711179, 42.9245067 ], [ -1.3712446, 42.9245 ], [ -1.3715783, 42.9244937 ], [ -1.3716534, 42.9244947 ], [ -1.3718126, 42.9244948 ], [ -1.3719028, 42.9244878 ], [ -1.3719768, 42.92446 ], [ -1.3720287, 42.9244138 ], [ -1.3720501, 42.9243541 ], [ -1.3720635, 42.9242834 ], [ -1.3720775, 42.9242109 ], [ -1.3721102, 42.9240524 ], [ -1.3721279, 42.9239662 ], [ -1.3721598, 42.9238816 ], [ -1.3722137, 42.9237993 ], [ -1.3722843, 42.9237246 ], [ -1.3723805, 42.9236615 ], [ -1.3724896, 42.9236102 ], [ -1.372605, 42.9235642 ], [ -1.3727241, 42.9235166 ], [ -1.3728448, 42.9234646 ], [ -1.3729657, 42.9234134 ], [ -1.373088, 42.9233609 ], [ -1.3732066, 42.9233055 ], [ -1.3734383, 42.9231941 ], [ -1.3735342, 42.9231319 ], [ -1.3736621, 42.9229952 ], [ -1.37369, 42.9229232 ], [ -1.37377, 42.9227898 ], [ -1.3738543, 42.9227543 ], [ -1.3739463, 42.9227561 ], [ -1.374029, 42.922799 ], [ -1.3740677, 42.9228647 ], [ -1.3740715, 42.922939 ], [ -1.3740289, 42.92309 ], [ -1.3739751, 42.9232506 ], [ -1.3739631, 42.9234241 ], [ -1.3740554, 42.9235803 ], [ -1.3741055, 42.9236529 ], [ -1.3742638, 42.9238996 ], [ -1.3743127, 42.9239488 ], [ -1.37438, 42.923985 ], [ -1.3744622, 42.9240013 ], [ -1.3745535, 42.9239947 ], [ -1.3746431, 42.923973 ], [ -1.3747389, 42.9239468 ], [ -1.3748408, 42.9239389 ], [ -1.3749301, 42.9239618 ], [ -1.3749896, 42.9240155 ], [ -1.3749914, 42.9240867 ], [ -1.3749433, 42.9241515 ], [ -1.3748598, 42.9241999 ], [ -1.3746504, 42.9242809 ], [ -1.374548, 42.9243322 ], [ -1.3744568, 42.9244005 ], [ -1.3743823, 42.9244849 ], [ -1.3743144, 42.9245746 ], [ -1.374174, 42.924754 ], [ -1.3741088, 42.9248401 ], [ -1.3740673, 42.9249204 ], [ -1.3741055, 42.9250598 ], [ -1.3742847, 42.925105 ], [ -1.3743869, 42.9250744 ], [ -1.3744675, 42.9250175 ], [ -1.374631, 42.924892 ], [ -1.3748316, 42.9247695 ], [ -1.3749467, 42.9247256 ], [ -1.3751914, 42.9246554 ], [ -1.3754611, 42.9246049 ], [ -1.3755946, 42.92459 ], [ -1.3757201, 42.9245626 ], [ -1.3759434, 42.9244486 ], [ -1.3760388, 42.9243801 ], [ -1.3762319, 42.9242437 ], [ -1.3763193, 42.924163 ], [ -1.3763918, 42.924074 ], [ -1.3764478, 42.9239782 ], [ -1.3764993, 42.9238788 ], [ -1.3765793, 42.9236758 ], [ -1.3765595, 42.923496 ], [ -1.3765522, 42.9234127 ], [ -1.3765837, 42.923339 ], [ -1.3766547, 42.9232934 ], [ -1.3767568, 42.9232858 ], [ -1.3768558, 42.9233173 ], [ -1.3769153, 42.9233829 ], [ -1.3769192, 42.9234634 ], [ -1.3768804, 42.9235358 ], [ -1.3768303, 42.9236018 ], [ -1.3767385, 42.9237433 ], [ -1.3767154, 42.923894 ], [ -1.3767402, 42.9242138 ], [ -1.3767723, 42.9242786 ], [ -1.3768325, 42.9243332 ], [ -1.3769236, 42.9243566 ], [ -1.3770267, 42.9243571 ], [ -1.3771349, 42.924346 ], [ -1.3772531, 42.9243326 ], [ -1.37737, 42.9243192 ], [ -1.3774909, 42.9243085 ], [ -1.3776162, 42.9242966 ], [ -1.3779467, 42.9242622 ], [ -1.3780885, 42.9242558 ], [ -1.378128, 42.9242569 ], [ -1.3781841, 42.924239 ], [ -1.3781974, 42.9241883 ], [ -1.3781947, 42.9241242 ], [ -1.3781732, 42.9239944 ], [ -1.3781752, 42.9238179 ], [ -1.378189, 42.9237986 ], [ -1.378226, 42.9237955 ], [ -1.3782597, 42.9238629 ], [ -1.3782618, 42.9238862 ], [ -1.378264, 42.9240362 ], [ -1.378271, 42.9240683 ], [ -1.3782832, 42.9241514 ], [ -1.3782886, 42.9242034 ], [ -1.3782842, 42.9242581 ], [ -1.378291, 42.9243742 ], [ -1.3782911, 42.9244802 ], [ -1.3782969, 42.9245329 ], [ -1.3783016, 42.9245831 ], [ -1.3783188, 42.9247208 ], [ -1.378336, 42.9248233 ], [ -1.3783693, 42.924922 ], [ -1.3784016, 42.9250011 ], [ -1.3784476, 42.9250784 ], [ -1.3785078, 42.9251661 ], [ -1.3785469, 42.9252088 ], [ -1.378589, 42.9252489 ], [ -1.3786708, 42.9253366 ], [ -1.3787129, 42.9253787 ], [ -1.3788346, 42.9255075 ], [ -1.3788527, 42.9255285 ], [ -1.3789792, 42.925678 ], [ -1.3790232, 42.9257468 ], [ -1.3790788, 42.9258378 ], [ -1.3790986, 42.9258604 ], [ -1.3791779, 42.9259714 ], [ -1.3791936, 42.9259934 ], [ -1.3792119, 42.9260148 ], [ -1.3793152, 42.9261761 ], [ -1.3793414, 42.9262236 ], [ -1.3794469, 42.9263849 ], [ -1.3794902, 42.9264549 ], [ -1.3795966, 42.9265648 ], [ -1.3796197, 42.9265867 ], [ -1.3797626, 42.9267012 ], [ -1.3798842, 42.926798 ], [ -1.3800233, 42.9268943 ], [ -1.3800746, 42.9269336 ], [ -1.3801911, 42.9270328 ], [ -1.3802379, 42.9270666 ], [ -1.3803807, 42.9271782 ], [ -1.3804037, 42.9271973 ], [ -1.3805887, 42.9273401 ], [ -1.3806657, 42.9273926 ], [ -1.3807636, 42.9274653 ], [ -1.3808614, 42.9275288 ], [ -1.3809674, 42.9275883 ], [ -1.3811154, 42.9276511 ], [ -1.3812081, 42.9276816 ], [ -1.3813589, 42.9277236 ], [ -1.3814575, 42.9277496 ], [ -1.3816847, 42.9278076 ], [ -1.3817173, 42.927816 ], [ -1.3819057, 42.9278588 ], [ -1.3819649, 42.9278776 ], [ -1.3821241, 42.9279175 ], [ -1.3821568, 42.9279246 ], [ -1.3823508, 42.927979 ], [ -1.3824448, 42.9280107 ], [ -1.3825325, 42.9280478 ], [ -1.3826415, 42.9280987 ], [ -1.3826926, 42.9281292 ], [ -1.3828729, 42.9282451 ], [ -1.3828977, 42.9282615 ], [ -1.3830615, 42.9283928 ], [ -1.3831249, 42.9284443 ], [ -1.3831898, 42.9284965 ], [ -1.3833506, 42.928584 ], [ -1.3833831, 42.9285969 ], [ -1.383578, 42.9286482 ], [ -1.3836448, 42.9286601 ], [ -1.3838174, 42.9286947 ], [ -1.38395, 42.9287296 ], [ -1.3840771, 42.9287788 ], [ -1.3841582, 42.9288511 ], [ -1.3841608, 42.9288982 ], [ -1.3841385, 42.9289476 ], [ -1.3840151, 42.929025 ], [ -1.3839499, 42.929044 ], [ -1.3838567, 42.9290482 ], [ -1.383823, 42.9290463 ], [ -1.383759, 42.9290446 ], [ -1.3835303, 42.9290257 ], [ -1.3832791, 42.9289777 ], [ -1.3830717, 42.9289093 ], [ -1.3830179, 42.9288861 ], [ -1.3827698, 42.9287986 ], [ -1.3827394, 42.928791 ], [ -1.3825315, 42.9287397 ], [ -1.3825025, 42.9287327 ], [ -1.3824728, 42.9287275 ], [ -1.3823016, 42.9287122 ], [ -1.3822697, 42.9287128 ], [ -1.3821182, 42.9287455 ], [ -1.3820356, 42.9287775 ], [ -1.3819556, 42.928817 ], [ -1.3818648, 42.9288787 ], [ -1.3818173, 42.9289109 ], [ -1.3816625, 42.929027 ], [ -1.3816404, 42.9290435 ], [ -1.3815498, 42.9290945 ], [ -1.3814811, 42.9291375 ], [ -1.3813917, 42.9291906 ], [ -1.3813108, 42.9292471 ], [ -1.3812544, 42.929294 ], [ -1.3811999, 42.9293686 ], [ -1.3811786, 42.929409 ], [ -1.3811133, 42.9295817 ], [ -1.3811063, 42.9296012 ], [ -1.3810885, 42.9297508 ], [ -1.3810904, 42.9297727 ], [ -1.3811029, 42.9298742 ], [ -1.3811311, 42.9299618 ], [ -1.3811422, 42.9300053 ], [ -1.3811914, 42.9301548 ], [ -1.3812283, 42.9303224 ], [ -1.381233, 42.9303431 ], [ -1.381255, 42.9304798 ], [ -1.3812596, 42.9305247 ], [ -1.3812563, 42.930658 ], [ -1.3812485, 42.9307236 ], [ -1.3812293, 42.930837 ], [ -1.3812105, 42.9309012 ], [ -1.3811943, 42.9309845 ], [ -1.3811949, 42.9310948 ], [ -1.3812056, 42.9311409 ], [ -1.3812584, 42.9312971 ], [ -1.3812688, 42.9313178 ], [ -1.3813293, 42.9314631 ], [ -1.3813316, 42.9314811 ], [ -1.3813716, 42.9315728 ], [ -1.3813811, 42.9315927 ], [ -1.381397, 42.9316335 ], [ -1.3814454, 42.9317564 ], [ -1.3814549, 42.9317761 ], [ -1.3815134, 42.9319261 ], [ -1.3815826, 42.9320932 ], [ -1.381588, 42.9321143 ], [ -1.3816432, 42.9322357 ], [ -1.381655, 42.9322562 ], [ -1.3817268, 42.932383 ], [ -1.3817386, 42.9324048 ], [ -1.3818414, 42.9325496 ], [ -1.3818557, 42.9325676 ], [ -1.3819431, 42.9326644 ], [ -1.3819915, 42.9327199 ], [ -1.3820594, 42.9327961 ], [ -1.3821496, 42.9328902 ], [ -1.382168, 42.9329083 ], [ -1.3822622, 42.9330171 ], [ -1.3822964, 42.9330549 ], [ -1.3824494, 42.9332196 ], [ -1.3825786, 42.9333455 ], [ -1.382593, 42.9333641 ], [ -1.3826268, 42.9333999 ], [ -1.3827155, 42.9334885 ], [ -1.3827381, 42.9335045 ], [ -1.3829188, 42.9336305 ], [ -1.3829446, 42.9336433 ], [ -1.3831302, 42.9337284 ], [ -1.3831861, 42.9337522 ], [ -1.3833803, 42.9338149 ], [ -1.3834062, 42.9338258 ], [ -1.3836017, 42.9338897 ], [ -1.3836334, 42.9338944 ], [ -1.3836487, 42.933905 ], [ -1.3837224, 42.9339254 ], [ -1.3837493, 42.9339333 ], [ -1.3838184, 42.9339563 ], [ -1.3838398, 42.9339462 ], [ -1.3838273, 42.9339314 ], [ -1.3838048, 42.933929 ], [ -1.3837041, 42.9339019 ], [ -1.3836747, 42.9338941 ], [ -1.3836747, 42.9338941 ], [ -1.3836747, 42.9338941 ], [ -1.3836747, 42.9338941 ], [ -1.3836747, 42.9338941 ], [ -1.3836747, 42.9338941 ], [ -1.3836733, 42.9338952 ], [ -1.3836542, 42.9339014 ], [ -1.3836423, 42.9339138 ], [ -1.3836487, 42.933924 ], [ -1.3837069, 42.9339292 ], [ -1.3837798, 42.9339423 ], [ -1.3839219, 42.933983 ], [ -1.3839483, 42.9339894 ], [ -1.3839732, 42.9339951 ], [ -1.3839981, 42.9340003 ], [ -1.3840231, 42.9340067 ], [ -1.3840443, 42.9340139 ], [ -1.3841393, 42.9340431 ], [ -1.3842459, 42.9340684 ], [ -1.3843256, 42.9340898 ], [ -1.3844756, 42.9341343 ], [ -1.3845254, 42.9341475 ], [ -1.384667, 42.9341836 ], [ -1.3847241, 42.9341982 ], [ -1.3848027, 42.9342189 ], [ -1.384871, 42.9342239 ], [ -1.3849073, 42.9342284 ], [ -1.3849252, 42.9342397 ], [ -1.3849286, 42.9342445 ], [ -1.3849493, 42.9342479 ], [ -1.3849689, 42.9342512 ], [ -1.3849852, 42.9342514 ], [ -1.3850308, 42.9342552 ], [ -1.3850611, 42.9342626 ], [ -1.3850989, 42.9342687 ], [ -1.3851242, 42.9342765 ], [ -1.3851664, 42.9342834 ], [ -1.3852509, 42.9342883 ], [ -1.3853399, 42.9342908 ], [ -1.3853957, 42.9343071 ], [ -1.3854998, 42.9343204 ], [ -1.3855863, 42.9343232 ], [ -1.3856586, 42.9343303 ], [ -1.3858562, 42.934347 ], [ -1.385914, 42.9343473 ], [ -1.3860762, 42.9343323 ], [ -1.3861548, 42.9343207 ], [ -1.3862525, 42.9343079 ], [ -1.3864229, 42.9342662 ], [ -1.3864745, 42.9342499 ], [ -1.386627, 42.9341899 ], [ -1.3868031, 42.9341281 ], [ -1.3868264, 42.9341194 ], [ -1.3870301, 42.9340478 ], [ -1.3870527, 42.9340401 ], [ -1.3872176, 42.9339923 ], [ -1.3872985, 42.9339778 ], [ -1.3873832, 42.9339775 ], [ -1.387519, 42.9340019 ], [ -1.387575, 42.9340122 ], [ -1.3876058, 42.9340153 ], [ -1.3878061, 42.9340263 ], [ -1.3879385, 42.9340201 ], [ -1.387988, 42.9340156 ], [ -1.3880577, 42.9340176 ], [ -1.3881833, 42.9340232 ], [ -1.3882041, 42.9340232 ], [ -1.3882912, 42.9340293 ], [ -1.3883487, 42.9340409 ], [ -1.3883686, 42.9340408 ], [ -1.3884691, 42.9340752 ], [ -1.388491, 42.9340898 ], [ -1.3885747, 42.9341345 ], [ -1.3885867, 42.9341508 ], [ -1.3886141, 42.9342003 ], [ -1.3886356, 42.9342562 ], [ -1.388727, 42.9343529 ], [ -1.3889223, 42.9344332 ], [ -1.3891451, 42.9344975 ], [ -1.3892625, 42.934538 ], [ -1.3893946, 42.9345942 ], [ -1.3895123, 42.9346864 ], [ -1.3895833, 42.9347263 ], [ -1.389669, 42.934755 ], [ -1.3897625, 42.9347661 ], [ -1.3899412, 42.9347499 ], [ -1.390098, 42.9347001 ], [ -1.390223, 42.9346172 ], [ -1.3903361, 42.9345205 ], [ -1.3904637, 42.9344176 ], [ -1.3905587, 42.934381 ], [ -1.390672, 42.9343661 ], [ -1.3907985, 42.9343681 ], [ -1.3909327, 42.9343733 ], [ -1.3912016, 42.9343776 ], [ -1.3913316, 42.9343688 ], [ -1.3914574, 42.9343523 ], [ -1.391573, 42.9343218 ], [ -1.3916795, 42.9342823 ], [ -1.3918911, 42.9342339 ], [ -1.3919941, 42.9342195 ], [ -1.3925065, 42.9341096 ], [ -1.3925971, 42.9340688 ], [ -1.3927841, 42.933992 ], [ -1.3928837, 42.9339645 ], [ -1.3930922, 42.9339325 ], [ -1.3932965, 42.9338987 ], [ -1.3933608, 42.9338508 ], [ -1.3933969, 42.9337925 ], [ -1.3933967, 42.9337304 ], [ -1.3933786, 42.9336747 ], [ -1.3933007, 42.9335714 ], [ -1.3931104, 42.9334196 ], [ -1.3930713, 42.9333867 ], [ -1.3930366, 42.9333584 ], [ -1.3929841, 42.9333051 ], [ -1.3929481, 42.9332573 ], [ -1.3929286, 42.9332346 ], [ -1.392893, 42.9331927 ], [ -1.3928733, 42.9331698 ], [ -1.3928283, 42.9331057 ], [ -1.3927856, 42.9330449 ], [ -1.3927608, 42.933 ], [ -1.3927375, 42.9329537 ], [ -1.3926654, 42.9328276 ], [ -1.3926495, 42.9327509 ], [ -1.3926581, 42.9327032 ], [ -1.3927472, 42.9326198 ], [ -1.3927747, 42.932613 ], [ -1.3928557, 42.9326063 ], [ -1.3928815, 42.9326067 ], [ -1.3929053, 42.9326063 ], [ -1.3929306, 42.9326078 ], [ -1.3929565, 42.9326119 ], [ -1.393, 42.9326195 ], [ -1.3930744, 42.9326295 ], [ -1.3930977, 42.9326326 ], [ -1.393194, 42.9326527 ], [ -1.3932745, 42.9326866 ], [ -1.3933169, 42.9327052 ], [ -1.3933347, 42.9327158 ], [ -1.3934662, 42.9327701 ], [ -1.3935397, 42.9328245 ], [ -1.3936106, 42.9328861 ], [ -1.3937604, 42.9329627 ], [ -1.3938305, 42.9329702 ], [ -1.3939378, 42.9329788 ], [ -1.3940672, 42.9329719 ], [ -1.3941984, 42.9329624 ], [ -1.3942906, 42.9329539 ], [ -1.394379, 42.9329414 ], [ -1.3945367, 42.9329123 ], [ -1.394561, 42.9329083 ], [ -1.3946332, 42.9328966 ], [ -1.394745, 42.9328655 ], [ -1.3947907, 42.9328503 ], [ -1.3949211, 42.9328022 ], [ -1.3949424, 42.9327885 ], [ -1.3950074, 42.9327528 ], [ -1.3951084, 42.9326913 ], [ -1.3952005, 42.9326262 ], [ -1.395219, 42.9326167 ], [ -1.3952784, 42.9325774 ], [ -1.3953863, 42.932518 ], [ -1.3954917, 42.9324634 ], [ -1.3955402, 42.9324501 ], [ -1.3956886, 42.9324274 ], [ -1.3957377, 42.9324281 ], [ -1.3958227, 42.9324316 ], [ -1.3958914, 42.9324554 ], [ -1.3959673, 42.9324803 ], [ -1.3960316, 42.9325143 ], [ -1.3961053, 42.9325637 ], [ -1.3961717, 42.932606 ], [ -1.3961887, 42.9326151 ], [ -1.3962419, 42.9326551 ], [ -1.3962566, 42.932665 ], [ -1.3963207, 42.9327031 ], [ -1.3963717, 42.9327292 ], [ -1.3963848, 42.9327393 ], [ -1.3964492, 42.9327766 ], [ -1.3964664, 42.9327863 ], [ -1.396551, 42.9328309 ], [ -1.3965887, 42.9328415 ], [ -1.3966894, 42.9328904 ], [ -1.396722, 42.9329057 ], [ -1.396777, 42.9329311 ], [ -1.3968732, 42.932988 ], [ -1.3969779, 42.9330335 ], [ -1.3970062, 42.9330492 ], [ -1.3971169, 42.9331133 ], [ -1.3971412, 42.9331354 ], [ -1.3971865, 42.9331646 ], [ -1.3972734, 42.9332061 ], [ -1.3973083, 42.9332243 ], [ -1.3973767, 42.9332558 ], [ -1.3974188, 42.9332685 ], [ -1.3974964, 42.9333045 ], [ -1.3975441, 42.9333192 ], [ -1.3976554, 42.9333469 ], [ -1.3977408, 42.933352 ], [ -1.3977845, 42.9333558 ], [ -1.397872, 42.9333682 ], [ -1.3979155, 42.9333681 ], [ -1.3980065, 42.9333761 ], [ -1.3981424, 42.9333934 ], [ -1.3981636, 42.9333937 ], [ -1.3982693, 42.9334071 ], [ -1.3982916, 42.9334103 ], [ -1.3983336, 42.9334116 ], [ -1.3983989, 42.9334143 ], [ -1.3985031, 42.9334281 ], [ -1.3985616, 42.9334358 ], [ -1.3986683, 42.9334522 ], [ -1.3987114, 42.933459 ], [ -1.3988573, 42.9334753 ], [ -1.3990011, 42.933504 ], [ -1.3991271, 42.9335325 ], [ -1.3991701, 42.9335393 ], [ -1.3992589, 42.9335576 ], [ -1.3993446, 42.9335714 ], [ -1.3994069, 42.9335825 ], [ -1.399519, 42.9335813 ], [ -1.3995889, 42.9335813 ], [ -1.3997254, 42.933588 ], [ -1.3998225, 42.9336217 ], [ -1.3998771, 42.9336648 ], [ -1.3999177, 42.9337151 ], [ -1.3999243, 42.9337688 ], [ -1.3999212, 42.9337884 ], [ -1.3999145, 42.9338475 ], [ -1.3998793, 42.9339298 ], [ -1.399861, 42.9339674 ], [ -1.3998073, 42.934107 ], [ -1.3997955, 42.9341464 ], [ -1.3997749, 42.9342791 ], [ -1.3997675, 42.93448 ], [ -1.3998135, 42.9346109 ], [ -1.3999031, 42.9346876 ], [ -1.3999449, 42.9347164 ], [ -1.4000804, 42.9348003 ], [ -1.4001011, 42.9348153 ], [ -1.4001701, 42.9348746 ], [ -1.4002051, 42.9349256 ], [ -1.4002293, 42.9349736 ], [ -1.4002526, 42.9350156 ], [ -1.4002612, 42.9350289 ], [ -1.4003155, 42.9350963 ], [ -1.4003572, 42.9351282 ], [ -1.4004021, 42.9351644 ], [ -1.4004677, 42.9352044 ], [ -1.4005258, 42.9352283 ], [ -1.4006406, 42.9352698 ], [ -1.4007052, 42.9352845 ], [ -1.4008266, 42.9353035 ], [ -1.4008766, 42.9353061 ], [ -1.4009939, 42.9353207 ], [ -1.4012097, 42.9353537 ], [ -1.4013227, 42.9353834 ], [ -1.4013722, 42.9353969 ], [ -1.4014233, 42.9354087 ], [ -1.4014874, 42.9354312 ], [ -1.4015744, 42.9354624 ], [ -1.4016752, 42.9354911 ], [ -1.4017166, 42.9355002 ], [ -1.4017378, 42.9355044 ], [ -1.4018406, 42.9355392 ], [ -1.4018828, 42.935555 ], [ -1.4019288, 42.9355677 ], [ -1.4019483, 42.935589 ], [ -1.4019506, 42.9356049 ], [ -1.4019464, 42.9356211 ], [ -1.4019286, 42.9356372 ], [ -1.4019083, 42.9356446 ], [ -1.4018446, 42.9356509 ], [ -1.4017204, 42.9356516 ], [ -1.4016664, 42.9356522 ], [ -1.4014234, 42.9356764 ], [ -1.4013608, 42.9356841 ], [ -1.4012256, 42.9356894 ], [ -1.4010866, 42.9356966 ], [ -1.4010199, 42.9357057 ], [ -1.4008241, 42.9357321 ], [ -1.4007657, 42.9357491 ], [ -1.4006594, 42.9357823 ], [ -1.4004453, 42.9358647 ], [ -1.4004141, 42.9358793 ], [ -1.4003186, 42.9359449 ], [ -1.4002837, 42.9359952 ], [ -1.4003006, 42.9361335 ], [ -1.40038, 42.9362842 ], [ -1.4004039, 42.9364236 ], [ -1.4003115, 42.936528 ], [ -1.4002887, 42.9365416 ], [ -1.4001823, 42.9365716 ], [ -1.4001289, 42.9365861 ], [ -1.4000479, 42.9366116 ], [ -1.4000192, 42.9366181 ], [ -1.3999575, 42.9366392 ], [ -1.3999028, 42.9366593 ], [ -1.3998736, 42.9366722 ], [ -1.3998197, 42.9366998 ], [ -1.3997972, 42.9367153 ], [ -1.3997288, 42.9367738 ], [ -1.3996938, 42.9368457 ], [ -1.3996944, 42.9368861 ], [ -1.3997285, 42.9369491 ], [ -1.3997358, 42.9369628 ], [ -1.3997465, 42.9369766 ], [ -1.3997688, 42.9370006 ], [ -1.3997854, 42.9370279 ], [ -1.3998207, 42.9370946 ], [ -1.3998731, 42.937169 ], [ -1.3998896, 42.9371972 ], [ -1.3999362, 42.9372716 ], [ -1.3999536, 42.9372974 ], [ -1.3999925, 42.9373691 ], [ -1.4000089, 42.9374174 ], [ -1.399992, 42.9375535 ], [ -1.3999401, 42.9376683 ], [ -1.3999094, 42.937717 ], [ -1.3998818, 42.9377438 ], [ -1.3998527, 42.9377696 ], [ -1.3998, 42.9378005 ], [ -1.3997683, 42.9378239 ], [ -1.3996834, 42.9378559 ], [ -1.3996625, 42.9378639 ], [ -1.399598, 42.9378849 ], [ -1.3995356, 42.9379002 ], [ -1.3994957, 42.9379149 ], [ -1.399394, 42.9379465 ], [ -1.399296, 42.9379785 ], [ -1.3992537, 42.9379914 ], [ -1.3991348, 42.9380245 ], [ -1.3990522, 42.9380444 ], [ -1.3990111, 42.9380532 ], [ -1.3989046, 42.9380773 ], [ -1.3988477, 42.9380944 ], [ -1.3987623, 42.9381383 ], [ -1.3987444, 42.9381475 ], [ -1.3987164, 42.9381728 ], [ -1.3986681, 42.9382268 ], [ -1.3986386, 42.9382719 ], [ -1.3986148, 42.9383697 ], [ -1.3986094, 42.9384048 ], [ -1.3985927, 42.9384878 ], [ -1.3985851, 42.9385366 ], [ -1.3985789, 42.9386163 ], [ -1.3985764, 42.9386366 ], [ -1.3985626, 42.9386967 ], [ -1.3985343, 42.938811 ], [ -1.3984373, 42.9389933 ], [ -1.3983338, 42.9390657 ], [ -1.3982433, 42.9391121 ], [ -1.3982144, 42.9391276 ], [ -1.3980994, 42.9391895 ], [ -1.3979752, 42.9392426 ], [ -1.3979369, 42.9392534 ], [ -1.39778, 42.9392861 ], [ -1.3976286, 42.9392823 ], [ -1.3975536, 42.9392699 ], [ -1.3974845, 42.9392609 ], [ -1.3971742, 42.9392126 ], [ -1.3970856, 42.9392021 ], [ -1.3970792, 42.9392023 ], [ -1.3970885, 42.9391954 ], [ -1.397099, 42.9391904 ], [ -1.397098, 42.9392001 ], [ -1.3970841, 42.9392068 ], [ -1.3970792, 42.9392023 ], [ -1.3970749, 42.939205 ], [ -1.397052, 42.9391951 ], [ -1.3970412, 42.9391949 ], [ -1.3970412, 42.9391949 ], [ -1.3970412, 42.9391949 ], [ -1.3970412, 42.9391949 ], [ -1.3969723, 42.9391648 ], [ -1.39679, 42.9391283 ], [ -1.396763, 42.9391287 ], [ -1.396676, 42.9391416 ], [ -1.3965968, 42.9391839 ], [ -1.3964582, 42.93932 ], [ -1.3964394, 42.9393398 ], [ -1.3963547, 42.9393861 ], [ -1.3962807, 42.9394228 ], [ -1.3962393, 42.9394532 ], [ -1.3961745, 42.9395677 ], [ -1.3961377, 42.9396594 ], [ -1.3961188, 42.9396929 ], [ -1.3961108, 42.9397066 ], [ -1.3960822, 42.9397708 ], [ -1.3960734, 42.9398114 ], [ -1.3960429, 42.9398652 ], [ -1.3959745, 42.9399155 ], [ -1.3959546, 42.9399248 ], [ -1.3958841, 42.9399534 ], [ -1.3957792, 42.939973 ], [ -1.3955487, 42.9400384 ], [ -1.3954356, 42.9401338 ], [ -1.3954186, 42.9401478 ], [ -1.395343, 42.9402018 ], [ -1.3952578, 42.9402406 ], [ -1.3951391, 42.9402948 ], [ -1.3950436, 42.9403371 ], [ -1.3949309, 42.9403676 ], [ -1.3948063, 42.9403633 ], [ -1.3947436, 42.9403592 ], [ -1.3944235, 42.9403458 ], [ -1.3942989, 42.9403439 ], [ -1.3942384, 42.9403454 ], [ -1.3941197, 42.9403551 ], [ -1.3939956, 42.940381 ], [ -1.3939395, 42.940403 ], [ -1.3938908, 42.9404294 ], [ -1.3936419, 42.9405348 ], [ -1.3935847, 42.9405518 ], [ -1.3934586, 42.9405821 ], [ -1.3933197, 42.9406235 ], [ -1.3932558, 42.9406578 ], [ -1.3931313, 42.9407258 ], [ -1.3930648, 42.9407514 ], [ -1.3928813, 42.9408177 ], [ -1.3927278, 42.9408451 ], [ -1.3926087, 42.9408646 ], [ -1.3924601, 42.9408754 ], [ -1.3923663, 42.9409008 ], [ -1.3922492, 42.9409271 ], [ -1.3920957, 42.9409267 ], [ -1.3920343, 42.9409175 ], [ -1.3919708, 42.9409189 ], [ -1.3919126, 42.9409352 ], [ -1.3918574, 42.9409628 ], [ -1.3917527, 42.9410323 ], [ -1.3916884, 42.9410604 ], [ -1.3916219, 42.9410963 ], [ -1.3915583, 42.941138 ], [ -1.3913979, 42.9412269 ], [ -1.3913481, 42.9412561 ], [ -1.3910173, 42.9414364 ], [ -1.3909783, 42.9414503 ], [ -1.3909051, 42.9414791 ], [ -1.39087, 42.9414913 ], [ -1.3907623, 42.9415244 ], [ -1.390696, 42.9415419 ], [ -1.3905815, 42.9415724 ], [ -1.3905291, 42.9415885 ], [ -1.3904242, 42.9416234 ], [ -1.390351, 42.9416454 ], [ -1.3903266, 42.9416539 ], [ -1.3902397, 42.9416872 ], [ -1.3902173, 42.9416975 ], [ -1.3901371, 42.9417362 ], [ -1.39008, 42.9417668 ], [ -1.3899969, 42.9418114 ], [ -1.3899303, 42.9418336 ], [ -1.3898796, 42.941843 ], [ -1.3897464, 42.9418652 ], [ -1.3896735, 42.9418786 ], [ -1.3896281, 42.9418886 ], [ -1.389489, 42.941912 ], [ -1.3894617, 42.9419131 ], [ -1.3892722, 42.9419295 ], [ -1.3889544, 42.9419444 ], [ -1.3887073, 42.9419308 ], [ -1.3885881, 42.9419222 ], [ -1.3884122, 42.9419332 ], [ -1.388291, 42.9419541 ], [ -1.3881539, 42.9419973 ], [ -1.3880475, 42.9420224 ], [ -1.3879828, 42.9420386 ], [ -1.3879505, 42.942047 ], [ -1.387918, 42.9420571 ], [ -1.3877017, 42.9421256 ], [ -1.3875581, 42.9421666 ], [ -1.3874477, 42.9422038 ], [ -1.3874305, 42.9422328 ], [ -1.3874347, 42.9422483 ], [ -1.3874627, 42.9423076 ], [ -1.3875232, 42.9423588 ], [ -1.3875289, 42.9423719 ], [ -1.3875405, 42.9423932 ], [ -1.3875382, 42.9424468 ], [ -1.3874843, 42.9424648 ], [ -1.3874696, 42.9424537 ], [ -1.3873797, 42.9423558 ], [ -1.387326, 42.9423099 ], [ -1.3872529, 42.9422698 ], [ -1.3871702, 42.942232 ], [ -1.3871621, 42.9422282 ], [ -1.3870907, 42.9422113 ], [ -1.3870718, 42.9422084 ], [ -1.3870342, 42.9422021 ], [ -1.3869642, 42.9422045 ], [ -1.3868711, 42.9422265 ], [ -1.3868116, 42.9422295 ], [ -1.3867935, 42.9422279 ], [ -1.3867604, 42.9422193 ], [ -1.3867114, 42.9421979 ], [ -1.3866871, 42.9421792 ], [ -1.3866105, 42.9421414 ], [ -1.386595, 42.9421373 ], [ -1.3865339, 42.9421261 ], [ -1.3865044, 42.9421122 ], [ -1.3864647, 42.9420988 ], [ -1.3864268, 42.942087 ], [ -1.3863544, 42.9420787 ], [ -1.3863198, 42.942077 ], [ -1.3862406, 42.9420643 ], [ -1.3861968, 42.9420544 ], [ -1.3861216, 42.9420286 ], [ -1.3860382, 42.942008 ], [ -1.3859479, 42.9419876 ], [ -1.3858701, 42.9419557 ], [ -1.3858389, 42.941941 ], [ -1.3857262, 42.9418774 ], [ -1.3856737, 42.9418704 ], [ -1.3856625, 42.9418658 ], [ -1.3856382, 42.9418518 ], [ -1.3855385, 42.9417782 ], [ -1.385468, 42.9417629 ], [ -1.3854455, 42.9417461 ], [ -1.3853837, 42.9417133 ], [ -1.3853702, 42.941706 ], [ -1.3852745, 42.9416781 ], [ -1.3851853, 42.9416594 ], [ -1.3851567, 42.941658 ], [ -1.3850593, 42.9416503 ], [ -1.3850427, 42.9416451 ], [ -1.3849584, 42.9416104 ], [ -1.3849393, 42.9416026 ], [ -1.3848179, 42.9415667 ], [ -1.3847832, 42.9415646 ], [ -1.3847064, 42.9415649 ], [ -1.3845661, 42.9415363 ], [ -1.3845456, 42.9415316 ], [ -1.3844113, 42.9415104 ], [ -1.3842687, 42.9415 ], [ -1.3841747, 42.9415053 ], [ -1.3841544, 42.9415069 ], [ -1.3841132, 42.941508 ], [ -1.3840235, 42.9415321 ], [ -1.3839488, 42.9415515 ], [ -1.3839201, 42.9415664 ], [ -1.3838675, 42.9415886 ], [ -1.3838525, 42.9415971 ], [ -1.3837371, 42.941647 ], [ -1.3837188, 42.9416521 ], [ -1.3835371, 42.9417026 ], [ -1.3835208, 42.9417161 ], [ -1.3834832, 42.9417868 ], [ -1.3834253, 42.9419147 ], [ -1.3833951, 42.9419698 ], [ -1.3833456, 42.9420802 ], [ -1.3832371, 42.9422811 ], [ -1.3832268, 42.9423018 ], [ -1.3831537, 42.9424423 ], [ -1.3831453, 42.942468 ], [ -1.3831103, 42.9425428 ], [ -1.3830461, 42.9426873 ], [ -1.3829482, 42.9428837 ], [ -1.3828481, 42.9430723 ], [ -1.3827598, 42.9432082 ], [ -1.3826773, 42.9433135 ], [ -1.3824746, 42.9435263 ], [ -1.3823484, 42.943714 ], [ -1.3823296, 42.9437461 ], [ -1.3821335, 42.9440498 ], [ -1.3818961, 42.9443972 ], [ -1.3818127, 42.9444987 ], [ -1.3817182, 42.9446889 ], [ -1.3816501, 42.9448745 ], [ -1.3815731, 42.9450237 ], [ -1.3814417, 42.9452279 ], [ -1.3813574, 42.9453188 ], [ -1.3810926, 42.9455767 ], [ -1.3810582, 42.9456224 ], [ -1.3808797, 42.9457977 ], [ -1.3807872, 42.9458807 ], [ -1.3805725, 42.9460746 ], [ -1.3805022, 42.9461344 ], [ -1.3804308, 42.9461792 ], [ -1.3803568, 42.9462646 ], [ -1.3803576, 42.9463044 ], [ -1.3803665, 42.9464167 ], [ -1.3803467, 42.9464983 ], [ -1.380356, 42.9465283 ], [ -1.3803468, 42.9465569 ], [ -1.3803638, 42.9466022 ], [ -1.3803919, 42.9466502 ], [ -1.3803745, 42.9467032 ], [ -1.3803914, 42.9467605 ], [ -1.3804259, 42.9468181 ], [ -1.3804804, 42.9469337 ], [ -1.3805197, 42.9470117 ], [ -1.3805445, 42.9470375 ], [ -1.3805887, 42.9470646 ], [ -1.3806358, 42.9470907 ], [ -1.3807533, 42.9471364 ], [ -1.3808143, 42.9471629 ], [ -1.3808688, 42.9471922 ], [ -1.3809763, 42.9472385 ], [ -1.3811263, 42.9472986 ], [ -1.3811801, 42.9473214 ], [ -1.3812432, 42.9473402 ], [ -1.3814171, 42.9473925 ], [ -1.3815234, 42.9474206 ], [ -1.3816919, 42.9474927 ], [ -1.381758, 42.9475167 ], [ -1.3818777, 42.9475571 ], [ -1.381937, 42.9475702 ], [ -1.382003, 42.9475882 ], [ -1.382156, 42.9476419 ], [ -1.3822213, 42.9476516 ], [ -1.3824088, 42.947701 ], [ -1.382473, 42.9477109 ], [ -1.3827279, 42.9477728 ], [ -1.3827647, 42.9478065 ], [ -1.3828226, 42.9478342 ], [ -1.38289, 42.9478591 ], [ -1.3830151, 42.9478876 ], [ -1.3831468, 42.9479213 ], [ -1.3832879, 42.9479488 ], [ -1.3833265, 42.9479599 ], [ -1.3833878, 42.947981 ], [ -1.3834736, 42.9480064 ], [ -1.383501, 42.9480155 ], [ -1.3835704, 42.9480234 ], [ -1.3836569, 42.9480418 ], [ -1.3837799, 42.948093 ], [ -1.383871, 42.9481409 ], [ -1.3839867, 42.9482525 ], [ -1.3840183, 42.9482973 ], [ -1.3840748, 42.9483255 ], [ -1.3842081, 42.9483731 ], [ -1.3842675, 42.9484011 ], [ -1.3844182, 42.9485005 ], [ -1.3844615, 42.9485431 ], [ -1.3844857, 42.9485887 ], [ -1.3844586, 42.9486578 ], [ -1.384411, 42.9486791 ], [ -1.3844009, 42.9486828 ], [ -1.384402, 42.9486821 ], [ -1.384412, 42.9486843 ], [ -1.384402, 42.9486821 ], [ -1.3844164, 42.9486838 ], [ -1.384402, 42.9486821 ], [ -1.384402, 42.9486821 ], [ -1.384402, 42.9486821 ], [ -1.384402, 42.9486821 ], [ -1.384402, 42.9486821 ], [ -1.384402, 42.9486821 ], [ -1.384402, 42.9486821 ], [ -1.384402, 42.9486821 ], [ -1.384402, 42.9486821 ], [ -1.384402, 42.9486821 ], [ -1.384402, 42.9486821 ], [ -1.384402, 42.9486821 ], [ -1.384402, 42.9486821 ], [ -1.384402, 42.9486821 ], [ -1.3844116, 42.9486697 ], [ -1.384402, 42.9486821 ], [ -1.3844061, 42.9486707 ], [ -1.3843588, 42.9487154 ], [ -1.3843123, 42.9488286 ], [ -1.3842829, 42.9489599 ], [ -1.3842283, 42.9490706 ], [ -1.3842071, 42.9492133 ], [ -1.3841838, 42.9493208 ], [ -1.3841306, 42.9494657 ], [ -1.384123, 42.9494888 ], [ -1.3840797, 42.9495856 ], [ -1.3840743, 42.9496058 ], [ -1.3840701, 42.9496268 ], [ -1.3840737, 42.9496906 ], [ -1.3840561, 42.9497207 ], [ -1.384013, 42.9498125 ], [ -1.3840087, 42.9498286 ], [ -1.3839976, 42.9498448 ], [ -1.3839753, 42.9498752 ], [ -1.3839478, 42.9499033 ], [ -1.3839187, 42.9499293 ], [ -1.3838844, 42.9499727 ], [ -1.3838226, 42.9500285 ], [ -1.3838076, 42.9500374 ], [ -1.3837898, 42.9500475 ], [ -1.3837114, 42.9500766 ], [ -1.3836822, 42.9500954 ], [ -1.3836479, 42.9501087 ], [ -1.3835838, 42.9501554 ], [ -1.3834971, 42.9501954 ], [ -1.3834822, 42.9502094 ], [ -1.3834309, 42.9502558 ], [ -1.3833866, 42.9502878 ], [ -1.3833345, 42.9503316 ], [ -1.3832845, 42.9503582 ], [ -1.3832501, 42.9503932 ], [ -1.3831974, 42.9504383 ], [ -1.3831807, 42.95046 ], [ -1.3831195, 42.9505138 ], [ -1.3830766, 42.9505466 ], [ -1.38302, 42.9506075 ], [ -1.3829599, 42.9506709 ], [ -1.3829521, 42.9506827 ], [ -1.3828802, 42.950765 ], [ -1.3828803, 42.9507648 ], [ -1.3828791, 42.9507637 ], [ -1.3828802, 42.950765 ], [ -1.3828802, 42.950765 ], [ -1.3828786, 42.9507624 ], [ -1.3828429, 42.9507884 ], [ -1.3827902, 42.9508446 ], [ -1.3827455, 42.9508825 ], [ -1.3826438, 42.950977 ], [ -1.382527, 42.9510599 ], [ -1.3823756, 42.951112 ], [ -1.382269, 42.9511354 ], [ -1.382117, 42.95117 ], [ -1.3820555, 42.9511867 ], [ -1.3820081, 42.9512073 ], [ -1.3819622, 42.9512309 ], [ -1.3819364, 42.9512416 ], [ -1.3818896, 42.9512552 ], [ -1.3818291, 42.951278 ], [ -1.381775, 42.9512953 ], [ -1.3816793, 42.9513263 ], [ -1.3816583, 42.9513346 ], [ -1.3816112, 42.9513484 ], [ -1.3815405, 42.9513813 ], [ -1.3814661, 42.9514116 ], [ -1.3814412, 42.9514207 ], [ -1.3814181, 42.9514288 ], [ -1.3812568, 42.9514781 ], [ -1.3811738, 42.9515346 ], [ -1.3811562, 42.9515474 ], [ -1.3810609, 42.9516106 ], [ -1.3810309, 42.9516311 ], [ -1.38094, 42.9516815 ], [ -1.3809213, 42.9516892 ], [ -1.380787, 42.9517339 ], [ -1.3806771, 42.9517655 ], [ -1.3806616, 42.9517667 ], [ -1.3805929, 42.951779 ], [ -1.3805322, 42.9517839 ], [ -1.3805138, 42.9517871 ], [ -1.3804166, 42.9518105 ], [ -1.3803989, 42.9518174 ], [ -1.3803056, 42.9518589 ], [ -1.380285, 42.9518642 ], [ -1.3801686, 42.9518831 ], [ -1.3801229, 42.9518899 ], [ -1.379968, 42.9519009 ], [ -1.3797395, 42.9519139 ], [ -1.3795579, 42.951854 ], [ -1.3794993, 42.9518225 ], [ -1.3793946, 42.951768 ], [ -1.3793764, 42.9517489 ], [ -1.3793505, 42.9517156 ], [ -1.3792895, 42.9516258 ], [ -1.3791609, 42.9515277 ], [ -1.3790666, 42.9514591 ], [ -1.3790426, 42.9514478 ], [ -1.3789438, 42.9514261 ], [ -1.3788851, 42.951405 ], [ -1.3787411, 42.9513877 ], [ -1.3786991, 42.9513837 ], [ -1.378616, 42.9514022 ], [ -1.3785958, 42.9514078 ], [ -1.3784765, 42.9514728 ], [ -1.3783507, 42.9515897 ], [ -1.3783315, 42.9516101 ], [ -1.3783058, 42.9516582 ], [ -1.3782221, 42.951737 ], [ -1.3781126, 42.9518297 ], [ -1.3780855, 42.9518677 ], [ -1.378066, 42.9519109 ], [ -1.3780488, 42.9519538 ], [ -1.3779981, 42.9520634 ], [ -1.377944, 42.952256 ], [ -1.3779575, 42.9523344 ], [ -1.3779775, 42.9523679 ], [ -1.3779804, 42.952386 ], [ -1.3779648, 42.9524449 ], [ -1.3779579, 42.9524619 ], [ -1.3779244, 42.9525401 ], [ -1.3779167, 42.952595 ], [ -1.3779095, 42.9526172 ], [ -1.3779142, 42.9526417 ], [ -1.3779237, 42.9526616 ], [ -1.3779385, 42.9527038 ], [ -1.3779198, 42.952805 ], [ -1.3779143, 42.9528345 ], [ -1.3778987, 42.952892 ], [ -1.3778757, 42.9529654 ], [ -1.3778774, 42.9529987 ], [ -1.3778665, 42.9530487 ], [ -1.3778604, 42.9531002 ], [ -1.3778561, 42.9531816 ], [ -1.3778524, 42.9531987 ], [ -1.3778379, 42.9532506 ], [ -1.3778308, 42.9533014 ], [ -1.377822, 42.95333 ], [ -1.3778031, 42.9533743 ], [ -1.3778005, 42.9533883 ], [ -1.377779, 42.9534676 ], [ -1.3777795, 42.9534779 ], [ -1.3777688, 42.95351 ], [ -1.3777517, 42.9535385 ], [ -1.377737, 42.9535918 ], [ -1.377737, 42.9535918 ], [ -1.377737, 42.9535918 ], [ -1.377737, 42.9535918 ], [ -1.377737, 42.9535918 ], [ -1.377737, 42.9535918 ], [ -1.377737, 42.9535918 ], [ -1.377737, 42.9535918 ], [ -1.377737, 42.9535918 ], [ -1.377737, 42.9535918 ], [ -1.3777403, 42.9535969 ], [ -1.377737, 42.9535918 ], [ -1.377737, 42.9535918 ], [ -1.3777468, 42.953595 ], [ -1.3777568, 42.9535967 ], [ -1.3777568, 42.9535967 ], [ -1.3777568, 42.9535967 ], [ -1.3777568, 42.9535967 ], [ -1.3777568, 42.9535967 ], [ -1.3777675, 42.9535994 ], [ -1.3777945, 42.9536102 ], [ -1.377794, 42.9536098 ], [ -1.377794, 42.9536098 ], [ -1.377794, 42.9536098 ], [ -1.377794, 42.9536098 ], [ -1.377794, 42.9536098 ], [ -1.377794, 42.9536098 ], [ -1.377794, 42.9536098 ], [ -1.3777509, 42.9536065 ], [ -1.3777511, 42.9536059 ], [ -1.3777431, 42.953594 ], [ -1.3777431, 42.953594 ], [ -1.3777431, 42.953594 ], [ -1.3777431, 42.953594 ], [ -1.3777431, 42.953594 ], [ -1.3777431, 42.953594 ], [ -1.3777431, 42.953594 ], [ -1.3777431, 42.953594 ], [ -1.3777431, 42.953594 ], [ -1.3777431, 42.953594 ], [ -1.3777431, 42.953594 ], [ -1.3777431, 42.953594 ], [ -1.3777431, 42.953594 ], [ -1.3777431, 42.953594 ], [ -1.3776929, 42.9536572 ], [ -1.3776211, 42.9537582 ], [ -1.377588, 42.9537866 ], [ -1.3774995, 42.9539327 ], [ -1.377446, 42.9540079 ], [ -1.3774071, 42.9540643 ], [ -1.3773893, 42.9540905 ], [ -1.3773544, 42.9541405 ], [ -1.3772999, 42.9542501 ], [ -1.37727, 42.9542834 ], [ -1.3772313, 42.9543143 ], [ -1.377193, 42.9543304 ], [ -1.3771565, 42.9543629 ], [ -1.3770884, 42.9543807 ], [ -1.3770659, 42.9543912 ], [ -1.3769635, 42.954495 ], [ -1.3769625, 42.9545092 ], [ -1.3769625, 42.9545093 ], [ -1.3769413, 42.9545208 ], [ -1.3769377, 42.9545406 ], [ -1.376955, 42.9545696 ], [ -1.3769632, 42.9545899 ], [ -1.3769592, 42.9546055 ], [ -1.3769501, 42.9546209 ], [ -1.3769381, 42.9546293 ], [ -1.3769237, 42.9546344 ], [ -1.3768667, 42.9546467 ], [ -1.376846, 42.9546538 ], [ -1.3767835, 42.9546659 ], [ -1.3766869, 42.9546843 ], [ -1.3765632, 42.9547311 ], [ -1.3764201, 42.9547582 ], [ -1.3763027, 42.9548035 ], [ -1.3762638, 42.9548114 ], [ -1.376228, 42.9548225 ], [ -1.3762207, 42.9548312 ], [ -1.3761474, 42.9548696 ], [ -1.3761337, 42.9548783 ], [ -1.3760658, 42.9548998 ], [ -1.3760378, 42.9549191 ], [ -1.3759736, 42.9549523 ], [ -1.375941, 42.9549693 ], [ -1.375907, 42.9549817 ], [ -1.3758265, 42.9550025 ], [ -1.3757582, 42.9550669 ], [ -1.3755939, 42.9551476 ], [ -1.3755086, 42.9551767 ], [ -1.3755084, 42.9551771 ], [ -1.3755086, 42.9551767 ], [ -1.3754996, 42.9551863 ], [ -1.3754918, 42.9551915 ], [ -1.3754859, 42.9552195 ], [ -1.375466, 42.9552289 ], [ -1.3754514, 42.9552333 ], [ -1.3754607, 42.9552243 ], [ -1.3754887, 42.9551945 ], [ -1.3754769, 42.9551885 ], [ -1.3754771, 42.9551885 ], [ -1.3754679, 42.9551939 ], [ -1.3754599, 42.9552018 ], [ -1.3754582, 42.9552082 ], [ -1.3754566, 42.9552263 ], [ -1.3754614, 42.9552307 ], [ -1.3754614, 42.9552307 ], [ -1.3754614, 42.9552307 ], [ -1.3754601, 42.9552331 ], [ -1.3754552, 42.9552435 ], [ -1.3754552, 42.9552435 ], [ -1.3754552, 42.9552435 ], [ -1.3754552, 42.9552435 ], [ -1.3754552, 42.9552435 ], [ -1.3754552, 42.9552435 ], [ -1.3754552, 42.9552435 ], [ -1.3754552, 42.9552435 ], [ -1.3754552, 42.9552435 ], [ -1.3754552, 42.9552435 ], [ -1.3754552, 42.9552435 ], [ -1.3754552, 42.9552435 ], [ -1.3754552, 42.9552435 ], [ -1.3754552, 42.9552435 ], [ -1.3754552, 42.9552435 ], [ -1.3754552, 42.9552435 ], [ -1.3754519, 42.9552388 ], [ -1.3754265, 42.9552598 ], [ -1.3753657, 42.9552894 ], [ -1.3752597, 42.9553463 ], [ -1.3752204, 42.9553657 ], [ -1.3751591, 42.9554006 ], [ -1.3751118, 42.9554247 ], [ -1.3750628, 42.9554553 ], [ -1.3749148, 42.9555401 ], [ -1.374774, 42.9556377 ], [ -1.3747274, 42.9557032 ], [ -1.3746921, 42.9557378 ], [ -1.374647, 42.9558195 ], [ -1.3746296, 42.9559063 ], [ -1.3746045, 42.9559912 ], [ -1.3745744, 42.9560255 ], [ -1.3745423, 42.9561074 ], [ -1.3745361, 42.9561852 ], [ -1.3745278, 42.9563417 ], [ -1.3745299, 42.9563814 ], [ -1.3745434, 42.9565374 ], [ -1.3745493, 42.9565805 ], [ -1.3745542, 42.956623 ], [ -1.37449, 42.9567116 ], [ -1.3744786, 42.9567236 ], [ -1.3744784, 42.9567238 ], [ -1.3744677, 42.9567338 ], [ -1.3744657, 42.9567509 ], [ -1.3744608, 42.9567684 ], [ -1.3744504, 42.9567835 ], [ -1.3744438, 42.9567963 ], [ -1.374407, 42.9568847 ], [ -1.3743559, 42.957025 ], [ -1.374363, 42.9570417 ], [ -1.3743557, 42.9571084 ], [ -1.3743431, 42.9571712 ], [ -1.3743503, 42.9571893 ], [ -1.3743501, 42.9572646 ], [ -1.3743647, 42.9573211 ], [ -1.3743666, 42.957346 ], [ -1.3743849, 42.9574198 ], [ -1.3743704, 42.9574372 ], [ -1.3744022, 42.9575188 ], [ -1.3744163, 42.957543 ], [ -1.3744391, 42.9576547 ], [ -1.3744838, 42.9577267 ], [ -1.3744838, 42.9577516 ], [ -1.3745024, 42.957853 ], [ -1.3745082, 42.9578775 ], [ -1.3745277, 42.9579049 ], [ -1.3745702, 42.957948 ], [ -1.3746706, 42.9580677 ], [ -1.3747442, 42.9581773 ], [ -1.3748153, 42.9582725 ], [ -1.3748527, 42.9583164 ], [ -1.3749065, 42.9583945 ], [ -1.3749685, 42.9584757 ], [ -1.3749816, 42.9585252 ], [ -1.3750021, 42.958562 ], [ -1.3750331, 42.9586016 ], [ -1.3750637, 42.9586358 ], [ -1.3751285, 42.9586877 ], [ -1.375246, 42.9587906 ], [ -1.375274, 42.958856 ], [ -1.3752689, 42.9588861 ], [ -1.37528, 42.9589198 ], [ -1.3752959, 42.9589788 ], [ -1.3753085, 42.9590954 ], [ -1.3752941, 42.9591139 ], [ -1.3752684, 42.9591855 ], [ -1.3752665, 42.959208 ], [ -1.3752666, 42.9592078 ], [ -1.3752633, 42.9592272 ], [ -1.3752637, 42.9592274 ], [ -1.3752658, 42.9592337 ], [ -1.3752634, 42.9592272 ], [ -1.3752634, 42.9592272 ], [ -1.3752624, 42.9592422 ], [ -1.3752624, 42.9592422 ], [ -1.3752504, 42.9592526 ], [ -1.3752504, 42.9592527 ], [ -1.3752512, 42.9592876 ], [ -1.3752456, 42.9593469 ], [ -1.3752396, 42.9593804 ], [ -1.3752385, 42.9595397 ], [ -1.3752338, 42.9596519 ], [ -1.3752575, 42.9597191 ], [ -1.37525, 42.9598716 ], [ -1.3752111, 42.9599352 ], [ -1.3751687, 42.9599645 ], [ -1.3751216, 42.9600038 ], [ -1.3750373, 42.960079 ], [ -1.374999, 42.9601109 ], [ -1.3748229, 42.9601704 ], [ -1.3747833, 42.960168 ], [ -1.3747195, 42.9601412 ], [ -1.3746553, 42.9601052 ], [ -1.374591, 42.9600746 ], [ -1.3744938, 42.9600302 ], [ -1.3742755, 42.9599225 ], [ -1.3742443, 42.9598976 ], [ -1.3742154, 42.9598686 ], [ -1.37419, 42.9598424 ], [ -1.3740756, 42.9597722 ], [ -1.3739632, 42.9597151 ], [ -1.3738622, 42.9596593 ], [ -1.3738302, 42.9596428 ], [ -1.3737338, 42.9595884 ], [ -1.3736449, 42.9595317 ], [ -1.3735281, 42.9594872 ], [ -1.3735183, 42.9594787 ], [ -1.3735126, 42.959476 ], [ -1.3735246, 42.9594799 ], [ -1.3735131, 42.9594787 ], [ -1.3734927, 42.9594558 ], [ -1.3734942, 42.9594558 ], [ -1.3734942, 42.9594559 ], [ -1.3734942, 42.9594559 ], [ -1.3734942, 42.9594559 ], [ -1.3734942, 42.9594559 ], [ -1.3734942, 42.9594559 ], [ -1.3734942, 42.9594559 ], [ -1.3734942, 42.9594559 ], [ -1.3734942, 42.9594559 ], [ -1.3734939, 42.9594522 ], [ -1.3734156, 42.9594241 ], [ -1.3733058, 42.9594239 ], [ -1.3732211, 42.9594182 ], [ -1.3730192, 42.959401 ], [ -1.3728659, 42.959418 ], [ -1.372826, 42.9594239 ], [ -1.3727531, 42.9594169 ], [ -1.3727026, 42.9593939 ], [ -1.3726761, 42.9593847 ], [ -1.3725705, 42.9593639 ], [ -1.3725354, 42.9593693 ], [ -1.3724716, 42.9593641 ], [ -1.3724067, 42.9593655 ], [ -1.3722925, 42.9593398 ], [ -1.3722496, 42.9593399 ], [ -1.3721721, 42.9593309 ], [ -1.3720622, 42.9593306 ], [ -1.3719994, 42.9593051 ], [ -1.3719637, 42.9592913 ], [ -1.3719295, 42.9592828 ], [ -1.3717731, 42.9592116 ], [ -1.3717178, 42.9591998 ], [ -1.3715561, 42.959172 ], [ -1.3713854, 42.9591339 ], [ -1.3713612, 42.9591252 ], [ -1.3712504, 42.9590904 ], [ -1.3712162, 42.9590744 ], [ -1.3711699, 42.9590697 ], [ -1.3710251, 42.9590718 ], [ -1.3709753, 42.9590658 ], [ -1.3707894, 42.9590173 ], [ -1.3705779, 42.958989 ], [ -1.3705262, 42.9589816 ], [ -1.3702338, 42.958944 ], [ -1.3699575, 42.9589265 ], [ -1.3697197, 42.9588954 ], [ -1.3694606, 42.9588762 ], [ -1.3694154, 42.9588881 ], [ -1.3691858, 42.9589509 ], [ -1.3691794, 42.9589481 ], [ -1.3691828, 42.9589456 ], [ -1.3691828, 42.9589456 ], [ -1.3691817, 42.958941 ], [ -1.3691852, 42.958942 ], [ -1.3691828, 42.9589456 ], [ -1.3691828, 42.9589456 ], [ -1.3691828, 42.9589456 ], [ -1.3691828, 42.9589456 ], [ -1.3691828, 42.9589456 ], [ -1.3691828, 42.9589456 ], [ -1.3691828, 42.9589456 ], [ -1.3691857, 42.9589457 ], [ -1.3691828, 42.9589456 ], [ -1.3691828, 42.9589456 ], [ -1.3691828, 42.9589456 ], [ -1.3691828, 42.9589456 ], [ -1.3691828, 42.9589456 ], [ -1.3691828, 42.9589456 ], [ -1.3691203, 42.9589406 ], [ -1.3689779, 42.9589504 ], [ -1.3689573, 42.9589695 ], [ -1.3689128, 42.9589942 ], [ -1.3688778, 42.9589959 ], [ -1.368799, 42.9590301 ], [ -1.3687071, 42.9590922 ], [ -1.3686669, 42.9591251 ], [ -1.3685479, 42.9592417 ], [ -1.3684474, 42.9593713 ], [ -1.3683666, 42.9594997 ], [ -1.3682925, 42.9596741 ], [ -1.3681947, 42.9598667 ], [ -1.3681805, 42.9598971 ], [ -1.3680981, 42.9600485 ], [ -1.3680228, 42.960177 ], [ -1.368003, 42.9602406 ], [ -1.367917, 42.9604318 ], [ -1.3678796, 42.9605007 ], [ -1.3678423, 42.9606431 ], [ -1.3678019, 42.9607472 ], [ -1.367791, 42.9607898 ], [ -1.3677869, 42.9608612 ], [ -1.3677896, 42.960888 ], [ -1.3677834, 42.9610197 ], [ -1.3677647, 42.9611329 ], [ -1.3677588, 42.9612404 ], [ -1.367752, 42.9612896 ], [ -1.3676836, 42.9614631 ], [ -1.3675816, 42.9616455 ], [ -1.3675623, 42.9616698 ], [ -1.3675409, 42.9616952 ], [ -1.3675075, 42.9617457 ], [ -1.367449, 42.9617858 ], [ -1.367241, 42.9618955 ], [ -1.3671841, 42.9619231 ], [ -1.3671267, 42.9619507 ], [ -1.3670062, 42.9620101 ], [ -1.366956, 42.9620542 ], [ -1.3669166, 42.9621057 ], [ -1.3668821, 42.9621606 ], [ -1.3668098, 42.9622437 ], [ -1.3667672, 42.9622838 ], [ -1.3666354, 42.9624193 ], [ -1.3665971, 42.962486 ], [ -1.3665717, 42.962553 ], [ -1.3665623, 42.9626758 ], [ -1.366572, 42.9627683 ], [ -1.3666074, 42.9628426 ], [ -1.3666163, 42.9628777 ], [ -1.366623, 42.9629838 ], [ -1.3666229, 42.9630147 ], [ -1.366708, 42.9631654 ], [ -1.3668112, 42.9632961 ], [ -1.3668526, 42.9633483 ], [ -1.366947, 42.9635507 ], [ -1.366865, 42.963669 ], [ -1.3667092, 42.9637851 ], [ -1.3664738, 42.9639311 ], [ -1.3663448, 42.9640024 ], [ -1.3662407, 42.9640309 ], [ -1.3661018, 42.9640097 ], [ -1.3659587, 42.9639471 ], [ -1.3659061, 42.9639032 ], [ -1.3657947, 42.9637624 ], [ -1.3657472, 42.9636864 ], [ -1.3656792, 42.9636298 ], [ -1.3656497, 42.963611 ], [ -1.3656223, 42.9635956 ], [ -1.3655654, 42.9635623 ], [ -1.3655057, 42.9635345 ], [ -1.3654572, 42.9635088 ], [ -1.3654332, 42.9635002 ], [ -1.3652943, 42.9634334 ], [ -1.3651829, 42.9634069 ], [ -1.365125, 42.9633912 ], [ -1.3649938, 42.9633741 ], [ -1.36497, 42.9633725 ], [ -1.3649123, 42.9633672 ], [ -1.3648687, 42.9633506 ], [ -1.3648291, 42.963349 ], [ -1.364699, 42.9633518 ], [ -1.364454, 42.9633589 ], [ -1.3642901, 42.963424 ], [ -1.3642208, 42.9635409 ], [ -1.3641632, 42.9636269 ], [ -1.3641526, 42.9636581 ], [ -1.3641479, 42.9637142 ], [ -1.3641777, 42.963798 ], [ -1.3642697, 42.9638641 ], [ -1.3643175, 42.9639143 ], [ -1.3643544, 42.9639334 ], [ -1.3644201, 42.9639965 ], [ -1.364509, 42.9640506 ], [ -1.3645633, 42.9641193 ], [ -1.3646069, 42.9641489 ], [ -1.3646651, 42.964206 ], [ -1.3646912, 42.9642446 ], [ -1.3647038, 42.964289 ], [ -1.3647142, 42.9643427 ], [ -1.3647235, 42.9644277 ], [ -1.3646774, 42.9644918 ], [ -1.3646358, 42.9645098 ], [ -1.3645857, 42.9645202 ], [ -1.3645231, 42.9645335 ], [ -1.3644162, 42.9645563 ], [ -1.3642983, 42.9645948 ], [ -1.3642641, 42.964589 ], [ -1.3641942, 42.9646074 ], [ -1.3641526, 42.9646401 ], [ -1.3640169, 42.9647393 ], [ -1.3639678, 42.9647768 ], [ -1.363948, 42.9647847 ], [ -1.3639242, 42.9647913 ], [ -1.3638434, 42.9647987 ], [ -1.3637678, 42.9647968 ], [ -1.3635961, 42.9647909 ], [ -1.3635434, 42.9648008 ], [ -1.3635115, 42.9647979 ], [ -1.3634323, 42.9647701 ], [ -1.3632944, 42.9647768 ], [ -1.363213, 42.9647867 ], [ -1.3631223, 42.9647841 ], [ -1.3629643, 42.9647659 ], [ -1.3629064, 42.9647621 ], [ -1.362827, 42.9647704 ], [ -1.362751, 42.9647901 ], [ -1.36268, 42.9647949 ], [ -1.3626389, 42.9647954 ], [ -1.3625442, 42.9647968 ], [ -1.3624325, 42.9648052 ], [ -1.3623809, 42.9647991 ], [ -1.362329, 42.9647929 ], [ -1.3622685, 42.9647851 ], [ -1.3622469, 42.9647831 ], [ -1.3622044, 42.9647757 ], [ -1.3621078, 42.9647588 ], [ -1.3620635, 42.9647458 ], [ -1.3619998, 42.9647223 ], [ -1.3619544, 42.9647066 ], [ -1.3618366, 42.9646683 ], [ -1.3617752, 42.9646396 ], [ -1.36176, 42.964626 ], [ -1.3616732, 42.9645923 ], [ -1.3616355, 42.9645695 ], [ -1.3615527, 42.9645318 ], [ -1.3614944, 42.9645107 ], [ -1.3614944, 42.9645107 ], [ -1.3614944, 42.9645107 ], [ -1.3614944, 42.9645107 ], [ -1.3614944, 42.9645107 ], [ -1.3614944, 42.9645107 ], [ -1.3614944, 42.9645107 ], [ -1.3614944, 42.9645107 ], [ -1.3614944, 42.9645107 ], [ -1.3614944, 42.9645107 ], [ -1.3614944, 42.9645107 ], [ -1.3614944, 42.9645107 ], [ -1.3614944, 42.9645107 ], [ -1.3614944, 42.9645107 ], [ -1.3614944, 42.9645107 ], [ -1.3614944, 42.9645107 ], [ -1.3614944, 42.9645107 ], [ -1.3614944, 42.9645107 ], [ -1.3614944, 42.9645107 ], [ -1.3614944, 42.9645107 ], [ -1.3614944, 42.9645107 ], [ -1.3614944, 42.9645107 ], [ -1.3614944, 42.9645107 ], [ -1.3614944, 42.9645107 ], [ -1.3614944, 42.9645107 ], [ -1.3614944, 42.9645107 ], [ -1.3614944, 42.9645107 ], [ -1.3614944, 42.9645107 ], [ -1.3614944, 42.9645107 ], [ -1.3614944, 42.9645107 ], [ -1.3614944, 42.9645107 ], [ -1.3614944, 42.9645107 ], [ -1.3614944, 42.9645107 ], [ -1.3614944, 42.9645107 ], [ -1.3614944, 42.9645107 ], [ -1.3614944, 42.9645107 ], [ -1.3614899, 42.9645106 ], [ -1.3614678, 42.9645104 ], [ -1.3613926, 42.964508 ], [ -1.361357, 42.9645051 ], [ -1.3613249, 42.9644991 ], [ -1.3612305, 42.9644919 ], [ -1.3611437, 42.9645013 ], [ -1.3610283, 42.9645398 ], [ -1.3609715, 42.9645764 ], [ -1.3608569, 42.9646287 ], [ -1.3608249, 42.9646484 ], [ -1.3606604, 42.9647128 ], [ -1.3605717, 42.9647528 ], [ -1.3605038, 42.9648025 ], [ -1.3604482, 42.9648606 ], [ -1.3603463, 42.9649758 ], [ -1.3603241, 42.9650154 ], [ -1.3602604, 42.9651033 ], [ -1.360095, 42.9652464 ], [ -1.360057, 42.9652728 ], [ -1.3599552, 42.9653706 ], [ -1.3599137, 42.9653997 ], [ -1.3597868, 42.9655191 ], [ -1.3597269, 42.9655559 ], [ -1.3596616, 42.965587 ], [ -1.3595659, 42.9656659 ], [ -1.359518, 42.9657516 ], [ -1.359481, 42.9657878 ], [ -1.3594347, 42.9658789 ], [ -1.3593228, 42.9660057 ], [ -1.3592735, 42.9660915 ], [ -1.3592485, 42.9661615 ], [ -1.3592196, 42.966192 ], [ -1.359213, 42.9662402 ], [ -1.3591534, 42.9663575 ], [ -1.3591357, 42.9664273 ], [ -1.3590571, 42.9665728 ], [ -1.3590101, 42.9666292 ], [ -1.3589466, 42.9666857 ], [ -1.3588812, 42.9667656 ], [ -1.3588044, 42.9668578 ], [ -1.3587283, 42.9669519 ], [ -1.3586751, 42.9671206 ], [ -1.3585904, 42.9672751 ], [ -1.3585209, 42.9674171 ], [ -1.3584157, 42.967568 ], [ -1.3583265, 42.967699 ], [ -1.3582163, 42.9677688 ], [ -1.3580087, 42.9678868 ], [ -1.3579318, 42.9679491 ], [ -1.3578853, 42.9679956 ], [ -1.3577947, 42.9680781 ], [ -1.3576008, 42.968216 ], [ -1.3575516, 42.9683056 ], [ -1.3574802, 42.9684096 ], [ -1.357393, 42.9685158 ], [ -1.3573372, 42.9686032 ], [ -1.3573233, 42.9686267 ], [ -1.357295, 42.9686543 ], [ -1.357315, 42.9686419 ], [ -1.3572981, 42.9686455 ], [ -1.3572892, 42.968643 ], [ -1.357289, 42.9686586 ], [ -1.3572801, 42.9686681 ], [ -1.3572803, 42.9686759 ], [ -1.3572715, 42.9687101 ], [ -1.3572569, 42.968728 ], [ -1.3571892, 42.9688 ], [ -1.3571688, 42.9688408 ], [ -1.3570637, 42.9689681 ], [ -1.3569938, 42.9690879 ], [ -1.357007, 42.9691253 ], [ -1.3569834, 42.9691918 ], [ -1.3569725, 42.9692723 ], [ -1.3569256, 42.9694347 ], [ -1.356919, 42.9694695 ], [ -1.3569162, 42.9695403 ], [ -1.3569099, 42.9695925 ], [ -1.3568853, 42.9697013 ], [ -1.3568756, 42.9697533 ], [ -1.356863, 42.9698063 ], [ -1.3568156, 42.9699124 ], [ -1.3567587, 42.9700002 ], [ -1.3567178, 42.9700447 ], [ -1.3566196, 42.9701205 ], [ -1.3565694, 42.9701686 ], [ -1.3564812, 42.9702764 ], [ -1.3564253, 42.9703761 ], [ -1.3563586, 42.9705119 ], [ -1.3562929, 42.970596 ], [ -1.3562507, 42.9706392 ], [ -1.3562032, 42.9706732 ], [ -1.3561733, 42.9707068 ], [ -1.3561525, 42.9707452 ], [ -1.3561262, 42.9707724 ], [ -1.3560786, 42.9708441 ], [ -1.3560579, 42.9709105 ], [ -1.3560535, 42.9709495 ], [ -1.3560468, 42.9710264 ], [ -1.3560483, 42.9711354 ], [ -1.3560479, 42.9711549 ], [ -1.3560846, 42.9712523 ], [ -1.3560961, 42.9712828 ], [ -1.3561225, 42.9713435 ], [ -1.3561618, 42.9713903 ], [ -1.3561599, 42.9714407 ], [ -1.3561568, 42.971497 ], [ -1.356152, 42.9715864 ], [ -1.3561323, 42.9716508 ], [ -1.3561186, 42.9716801 ], [ -1.3561052, 42.9717131 ], [ -1.3561055, 42.9717427 ], [ -1.3561215, 42.9717835 ], [ -1.3561224, 42.9717818 ], [ -1.3561221, 42.9717816 ], [ -1.3561286, 42.9717828 ], [ -1.3561177, 42.9717918 ], [ -1.3561425, 42.9718206 ], [ -1.3562271, 42.9718958 ], [ -1.356261, 42.9719323 ], [ -1.3563229, 42.9719978 ], [ -1.3564141, 42.972058 ], [ -1.3564656, 42.972101 ], [ -1.3565358, 42.9721948 ], [ -1.3565327, 42.9722481 ], [ -1.356521, 42.9723002 ], [ -1.3564867, 42.9723465 ], [ -1.3564281, 42.9723828 ], [ -1.3563516, 42.9724154 ], [ -1.3562712, 42.9724418 ], [ -1.3560967, 42.9724853 ], [ -1.3559237, 42.9725198 ], [ -1.3558349, 42.9725301 ], [ -1.3557444, 42.9725283 ], [ -1.3556503, 42.9725283 ], [ -1.3555604, 42.9725174 ], [ -1.3553895, 42.9724856 ], [ -1.3552951, 42.9724569 ], [ -1.3551508, 42.9723686 ], [ -1.3550828, 42.972325 ], [ -1.3550043, 42.9722947 ], [ -1.3549207, 42.9722715 ], [ -1.354845, 42.9722607 ], [ -1.3547147, 42.9722903 ], [ -1.3546435, 42.9723017 ], [ -1.3545776, 42.9723356 ], [ -1.3545119, 42.9723786 ], [ -1.3544478, 42.9724312 ], [ -1.3543921, 42.9724827 ], [ -1.3542906, 42.9725112 ], [ -1.354173, 42.9724704 ], [ -1.354119, 42.9724605 ], [ -1.3540632, 42.9724442 ], [ -1.3538986, 42.9724123 ], [ -1.3538121, 42.9724073 ], [ -1.3537674, 42.9724164 ], [ -1.3537676, 42.9724152 ], [ -1.3537616, 42.9724161 ], [ -1.3537642, 42.9724175 ], [ -1.3537676, 42.9724152 ], [ -1.3537676, 42.9724152 ], [ -1.3537676, 42.9724152 ], [ -1.3537676, 42.9724152 ], [ -1.3537418, 42.9724375 ], [ -1.3536235, 42.9724893 ], [ -1.3535784, 42.9724959 ], [ -1.3534876, 42.9725105 ], [ -1.3534466, 42.9725273 ], [ -1.3534037, 42.9725424 ], [ -1.3532843, 42.9725906 ], [ -1.3532348, 42.9726124 ], [ -1.3530739, 42.9726619 ], [ -1.3529362, 42.972687 ], [ -1.3528508, 42.9727252 ], [ -1.3528082, 42.9727456 ], [ -1.3527682, 42.9727713 ], [ -1.3525341, 42.9729438 ], [ -1.3524941, 42.972966 ], [ -1.3524508, 42.9729849 ], [ -1.3523091, 42.9730364 ], [ -1.3521788, 42.973067 ], [ -1.3520388, 42.9730771 ], [ -1.3519821, 42.9730857 ], [ -1.3519301, 42.973093 ], [ -1.3518861, 42.9731065 ], [ -1.3518067, 42.9731419 ], [ -1.3517271, 42.9731755 ], [ -1.3515523, 42.9732842 ], [ -1.3514359, 42.9733408 ], [ -1.3513699, 42.9733942 ], [ -1.3512894, 42.9734759 ], [ -1.3512186, 42.9735273 ], [ -1.3510656, 42.9736321 ], [ -1.351033, 42.9736444 ], [ -1.3508529, 42.9737269 ], [ -1.3508133, 42.9737417 ], [ -1.3507429, 42.9737738 ], [ -1.3504957, 42.9738684 ], [ -1.3503556, 42.9739259 ], [ -1.3501324, 42.974023 ], [ -1.3497841, 42.9741375 ], [ -1.349594, 42.9741229 ], [ -1.3493789, 42.9740547 ], [ -1.3493712, 42.9740101 ], [ -1.3493821, 42.9739614 ], [ -1.3494067, 42.973866 ], [ -1.3494221, 42.9738247 ], [ -1.3495424, 42.9735279 ], [ -1.3496086, 42.9732259 ], [ -1.3496101, 42.9731906 ], [ -1.3495541, 42.9730725 ], [ -1.3494077, 42.9729987 ], [ -1.3493717, 42.9729842 ], [ -1.3492696, 42.9729451 ], [ -1.3490842, 42.9728952 ], [ -1.348963, 42.97287 ], [ -1.3488149, 42.9728402 ], [ -1.3487442, 42.9728236 ], [ -1.348709, 42.972817 ], [ -1.3485624, 42.972787 ], [ -1.3484512, 42.9727671 ], [ -1.3481964, 42.9727199 ], [ -1.3481174, 42.9727076 ], [ -1.3479881, 42.9726865 ], [ -1.3477833, 42.9726351 ], [ -1.3477059, 42.9726147 ], [ -1.3474569, 42.9725605 ], [ -1.347414, 42.9725514 ], [ -1.3471784, 42.9724831 ], [ -1.3469995, 42.9724424 ], [ -1.3466953, 42.9724325 ], [ -1.3465309, 42.9724529 ], [ -1.3462926, 42.9724758 ], [ -1.3462119, 42.9724851 ], [ -1.3461685, 42.9724852 ], [ -1.3460831, 42.9724829 ], [ -1.345775, 42.9724337 ], [ -1.3457022, 42.9724145 ], [ -1.3454691, 42.9723107 ], [ -1.3453623, 42.9722538 ], [ -1.3453033, 42.9722226 ], [ -1.3451664, 42.9721542 ], [ -1.3450191, 42.9720765 ], [ -1.3448812, 42.9719998 ], [ -1.3446197, 42.9718478 ], [ -1.344394, 42.9717387 ], [ -1.3442172, 42.9716801 ], [ -1.3437641, 42.9715807 ], [ -1.3436774, 42.971584 ], [ -1.3435907, 42.971599 ], [ -1.3434328, 42.9716498 ], [ -1.3433592, 42.9716814 ], [ -1.3432887, 42.9717177 ], [ -1.343171, 42.9718034 ], [ -1.3431232, 42.9718501 ], [ -1.3430848, 42.9719026 ], [ -1.3430354, 42.9720089 ], [ -1.3430203, 42.9720611 ], [ -1.3430094, 42.9721145 ], [ -1.3429924, 42.9722154 ], [ -1.3429841, 42.9722643 ], [ -1.3429638, 42.9723093 ], [ -1.3429254, 42.9723458 ], [ -1.3428758, 42.9723675 ], [ -1.3427755, 42.9723919 ], [ -1.3426386, 42.972501 ], [ -1.3425798, 42.9725659 ], [ -1.3424171, 42.9726599 ], [ -1.3421607, 42.9728438 ], [ -1.3419869, 42.973037 ], [ -1.3419631, 42.9730693 ], [ -1.341941, 42.9731028 ], [ -1.3418849, 42.9732883 ], [ -1.3418674, 42.973504 ], [ -1.3418602, 42.9735338 ], [ -1.341839, 42.9735783 ], [ -1.3417927, 42.9736109 ], [ -1.341651, 42.9737314 ], [ -1.3414748, 42.973951 ], [ -1.3412716, 42.9742256 ], [ -1.3410437, 42.9744452 ], [ -1.3409948, 42.9744665 ], [ -1.340937, 42.9744822 ], [ -1.3407971, 42.9744829 ], [ -1.340729, 42.9744806 ], [ -1.3403439, 42.9744672 ], [ -1.3402806, 42.9744658 ], [ -1.3402221, 42.9744698 ], [ -1.340111, 42.974499 ], [ -1.3400596, 42.9745227 ], [ -1.3400165, 42.9745514 ], [ -1.3399379, 42.9746571 ], [ -1.3399032, 42.9748396 ], [ -1.3398962, 42.9748733 ], [ -1.3398784, 42.9750159 ], [ -1.3398603, 42.9751508 ], [ -1.3398577, 42.9751855 ], [ -1.3398566, 42.9753765 ], [ -1.3398594, 42.9754165 ], [ -1.3398655, 42.9756163 ], [ -1.339863, 42.9756573 ], [ -1.3398344, 42.9760625 ], [ -1.3397609, 42.9763886 ], [ -1.3396132, 42.9767738 ], [ -1.3394555, 42.9771215 ], [ -1.3393334, 42.9773851 ], [ -1.3393201, 42.9774316 ], [ -1.3393015, 42.9774746 ], [ -1.3392422, 42.977603 ], [ -1.3391551, 42.9777667 ], [ -1.3389711, 42.978033 ], [ -1.3389152, 42.9781053 ], [ -1.3387801, 42.9782948 ], [ -1.3387342, 42.9783792 ], [ -1.3385319, 42.9787474 ], [ -1.3383271, 42.9791158 ], [ -1.3382288, 42.9793345 ], [ -1.338188, 42.9794295 ], [ -1.3380693, 42.9797913 ], [ -1.33784, 42.9802995 ], [ -1.3376194, 42.980739 ], [ -1.337596, 42.9807883 ], [ -1.3374065, 42.9811492 ], [ -1.3373885, 42.9811902 ], [ -1.3373073, 42.9813808 ], [ -1.3372591, 42.9815001 ], [ -1.3372168, 42.9816191 ], [ -1.3371534, 42.9818127 ], [ -1.3371283, 42.9818892 ], [ -1.3370439, 42.9821562 ], [ -1.3370318, 42.9821976 ], [ -1.3368965, 42.9826114 ], [ -1.3367702, 42.9830198 ], [ -1.3366102, 42.9834975 ], [ -1.3364396, 42.9840139 ], [ -1.3362949, 42.9844564 ], [ -1.3361159, 42.9849072 ], [ -1.3358057, 42.9853377 ], [ -1.335471, 42.9856754 ], [ -1.3352933, 42.9858347 ], [ -1.3351166, 42.9859831 ], [ -1.3349494, 42.9861345 ], [ -1.3347352, 42.9863229 ], [ -1.3345352, 42.986514 ], [ -1.3343453, 42.9867017 ], [ -1.3343072, 42.9867366 ], [ -1.333978, 42.9870717 ], [ -1.3337426, 42.9874084 ], [ -1.3336066, 42.9876756 ], [ -1.3335607, 42.9877631 ], [ -1.3335169, 42.9878491 ], [ -1.3333094, 42.9882007 ], [ -1.3332854, 42.988237 ], [ -1.3332534, 42.9883781 ], [ -1.3332746, 42.9884128 ], [ -1.3333962, 42.9884907 ], [ -1.3334473, 42.9885105 ], [ -1.3334973, 42.9885283 ], [ -1.3338281, 42.9886566 ], [ -1.3338729, 42.9886776 ], [ -1.3339663, 42.9887156 ], [ -1.3342609, 42.9888383 ], [ -1.3346272, 42.988964 ], [ -1.3349626, 42.9890534 ], [ -1.3350079, 42.9890747 ], [ -1.3351639, 42.989149 ], [ -1.3352187, 42.989171 ], [ -1.3353166, 42.9892108 ], [ -1.3354373, 42.9892589 ] ] } }
]
}
