{"type":"FeatureCollection", "features":[
{"type":"Feature","geometry":{"type":"MultiLineString","coordinates":[[[-1.3339687418192625,42.989045809954405,889.2000122070312],[-1.3339687418192625,42.98904589377344,889.2000122070312],[-1.3339687418192625,42.98904589377344,889.2000122070312],[-1.3339654728770256,42.989044804126024,889.2000122070312],[-1.3339442666620016,42.989037092775106,889.4000244140625],[-1.3339155167341232,42.98903281800449,889.4000244140625],[-1.333881402388215,42.989031644538045,889.2000122070312],[-1.333841336891055,42.98903223127127,888.7999877929688],[-1.3337985053658485,42.98903181217611,888.5999755859375],[-1.3337570987641811,42.98902946524322,888.5999755859375],[-1.333722649142146,42.9890270344913,888.4000244140625],[-1.333676129579544,42.98902661539614,888.2000122070312],[-1.3336268439888954,42.98902711831033,888.2000122070312],[-1.333600776270032,42.989033572375774,888.2000122070312],[-1.3335873652249575,42.98904212191701,888.2000122070312],[-1.3335840962827206,42.98904706723988,888.2000122070312],[-1.33358309045434,42.98904941417277,888.4000244140625],[-1.3335817493498325,42.98905050382018,888.4000244140625],[-1.3335818331688643,42.98905083909631,888.2000122070312],[-1.33358309045434,42.98904983326793,888.2000122070312],[-1.3335824199020863,42.98905142582953,888.2000122070312],[-1.3335790671408176,42.98905528150499,888.2000122070312],[-1.3335699308663607,42.989063914865255,888],[-1.3335621356964111,42.98906550742686,888],[-1.333553334698081,42.989072632044554,888],[-1.3335363194346428,42.989078080281615,888],[-1.3335191365331411,42.9890925809741,887.7999877929688],[-1.3335061445832253,42.989110769703984,887.7999877929688],[-1.3334894645959139,42.989139687269926,887.7999877929688],[-1.3334773946553469,42.98916575498879,888],[-1.3334624748677015,42.98919215798378,888],[-1.3334424421191216,42.98921789042652,888],[-1.3334242533892393,42.98923993483186,888.2000122070312],[-1.3334012869745493,42.98926793038845,888.2000122070312],[-1.3333779852837324,42.98930254764855,888.2000122070312],[-1.3333556056022644,42.9893325548619,888.2000122070312],[-1.333340099081397,42.98935795202851,888.5999755859375],[-1.333318306133151,42.9893861990422,888.7999877929688],[-1.3332936633378267,42.98942291177809,888.7999877929688],[-1.333276815712452,42.989456271752715,889],[-1.3332572858780622,42.989488961175084,889],[-1.3332380075007677,42.98952181823552,889],[-1.3332162145525217,42.98955568112433,889.2000122070312],[-1.3331952597945929,42.98958887346089,889.4000244140625],[-1.3331798370927572,42.98961343243718,889.5999755859375],[-1.3331613130867481,42.98964469693601,889.5999755859375],[-1.3331411127001047,42.989680068567395,889.7999877929688],[-1.3331280369311571,42.98970806412399,889.7999877929688],[-1.333111273124814,42.989742178469896,889.7999877929688],[-1.3330942578613758,42.989776795729995,889.7999877929688],[-1.3330760691314936,42.989817364141345,889.7999877929688],[-1.3330630771815777,42.98984494060278,889.7999877929688],[-1.3330502528697252,42.989879390224814,889.7999877929688],[-1.3330391887575388,42.98991501331329,890],[-1.3330347463488579,42.98995139077306,890.2000122070312],[-1.3330366741865873,42.989987349137664,890.2000122070312],[-1.3330512586981058,42.990019954741,890.4000244140625],[-1.3330717105418444,42.99005004577339,890.7999877929688],[-1.3330993708223104,42.990085082128644,890.7999877929688],[-1.3331167213618755,42.990108048543334,890.7999877929688],[-1.3331297971308231,42.99013780429959,890.7999877929688],[-1.333126276731491,42.99016705714166,890.7999877929688],[-1.3331008795648813,42.9901978187263,891],[-1.3330681063234806,42.99022019840777,891],[-1.333028795197606,42.99024207517505,891],[-1.3330004643648863,42.99026143737137,891.2000122070312],[-1.3329639192670584,42.990285996347666,891.2000122070312],[-1.332920417189598,42.99031415954232,891.2000122070312],[-1.3328920863568783,42.99033218063414,891.2000122070312],[-1.332856798544526,42.99035791307688,891.4000244140625],[-1.3328174874186516,42.9903862439096,891.5999755859375],[-1.332790246233344,42.99040778540075,891.5999755859375],[-1.33274313993752,42.99044047482312,891.5999755859375],[-1.332714557647705,42.99046126194298,891.5999755859375],[-1.3326760847121477,42.99048565328121,891.7999877929688],[-1.3326397072523832,42.99051155336201,892],[-1.332604754716158,42.99053938128054,892],[-1.3325687125325203,42.99056628718972,892],[-1.3325309939682484,42.990591851994395,892.2000122070312],[-1.3324940297752619,42.99061959609389,892.2000122070312],[-1.3324542995542288,42.99064742401242,892.4000244140625],[-1.3324149884283543,42.99067550338805,892.5999755859375],[-1.3323768507689238,42.99070316366851,892.5999755859375],[-1.3323406409472227,42.99072596244514,892.5999755859375],[-1.3323162496089935,42.99074063077569,893],[-1.332307867705822,42.9907451570034,893.2000122070312],[-1.3323069456964731,42.990745324641466,893.2000122070312],[-1.3323071133345366,42.990745324641466,893.2000122070312],[-1.3323072809726,42.9907454084605,893.2000122070312],[-1.3323073647916317,42.990745240822434,893],[-1.3323073647916317,42.99074507318437,893],[-1.3323072809726,42.99074498936534,892.7999877929688],[-1.3323073647916317,42.9907451570034,892.7999877929688],[-1.3323076162487268,42.990745240822434,892.7999877929688],[-1.3323077000677586,42.9907454084605,892.5999755859375],[-1.3323077000677586,42.99074557609856,892.5999755859375],[-1.3323077000677586,42.990745743736625,892.4000244140625],[-1.3323076162487268,42.990745743736625,892.4000244140625],[-1.3323076162487268,42.990745743736625,892.2000122070312],[-1.3323076162487268,42.990745743736625,892.2000122070312],[-1.3323076162487268,42.990745743736625,892.2000122070312],[-1.3323076162487268,42.990745743736625,892.2000122070312],[-1.3323076162487268,42.990745743736625,892.2000122070312],[-1.3323076162487268,42.990745743736625,892.2000122070312],[-1.3323076162487268,42.990745743736625,892.2000122070312],[-1.3323076162487268,42.990745743736625,892.2000122070312],[-1.3323076162487268,42.99074565991759,892.2000122070312],[-1.3323076162487268,42.99074565991759,892],[-1.3323076162487268,42.99074557609856,892],[-1.3323076162487268,42.99074557609856,892],[-1.3323076162487268,42.99074557609856,892],[-1.3323076162487268,42.99074557609856,892],[-1.3323076162487268,42.99074557609856,892],[-1.3323076162487268,42.99074557609856,892],[-1.3323076162487268,42.99074557609856,891.7999877929688],[-1.3323076162487268,42.99074549227953,891.7999877929688],[-1.3323076162487268,42.99074549227953,891.7999877929688],[-1.3323076162487268,42.99074549227953,891.7999877929688],[-1.3323076162487268,42.9907454084605,891.7999877929688],[-1.3323076162487268,42.9907454084605,891.7999877929688],[-1.3323076162487268,42.99074549227953,891.7999877929688],[-1.3323076162487268,42.99074549227953,891.7999877929688],[-1.3323077000677586,42.99074549227953,891.7999877929688],[-1.3323077000677586,42.99074549227953,891.7999877929688],[-1.3323077000677586,42.99074549227953,891.7999877929688],[-1.3323077000677586,42.99074549227953,891.7999877929688],[-1.3323077000677586,42.99074549227953,891.7999877929688],[-1.3323077000677586,42.99074549227953,891.7999877929688],[-1.3323077838867903,42.9907454084605,891.5999755859375],[-1.3323079515248537,42.9907454084605,891.5999755859375],[-1.3323081191629171,42.9907454084605,891.5999755859375],[-1.3323082868009806,42.9907454084605,891.5999755859375],[-1.3323083706200123,42.9907454084605,891.4000244140625],[-1.3323088735342026,42.990745324641466,891.4000244140625],[-1.3323097117245197,42.990745324641466,891.4000244140625],[-1.3323101308196783,42.990745324641466,891.4000244140625],[-1.3323108851909637,42.990745240822434,891.4000244140625],[-1.332312310114503,42.990745240822434,891.4000244140625],[-1.3323135673999786,42.99074507318437,891.4000244140625],[-1.332314908504486,42.99074498936534,891.4000244140625],[-1.3323174230754375,42.99074465408921,891.4000244140625],[-1.3323195185512304,42.99074440263212,891.4000244140625],[-1.3323207758367062,42.99074389971793,891.2000122070312],[-1.3323223683983088,42.990742893889546,891.2000122070312],[-1.3323239609599113,42.99074155278504,891.2000122070312],[-1.3323254697024822,42.99074029549956,891.2000122070312],[-1.332326978445053,42.99073903821409,891.2000122070312],[-1.3323280680924654,42.99073803238571,891.2000122070312],[-1.3323283195495605,42.990737445652485,891.2000122070312],[-1.3323289062827826,42.990736523643136,891],[-1.3323294091969728,42.99073576927185,891],[-1.3323295768350363,42.990735517814755,891],[-1.332329660654068,42.99073535017669,891],[-1.33233024738729,42.99073476344347,891],[-1.3323309179395437,42.990734092891216,891],[-1.3323316723108292,42.99073333851993,891],[-1.3323324266821146,42.99073266796768,890.7999877929688],[-1.3323330972343683,42.99073191359639,890.7999877929688],[-1.3323338516056538,42.99073099158704,890.7999877929688],[-1.3323346059769392,42.99072998575866,890.7999877929688],[-1.3323351927101612,42.990729147568345,890.7999877929688],[-1.332335527986288,42.990728225558996,890.7999877929688],[-1.33233611471951,42.99072747118771,890.7999877929688],[-1.3323368690907955,42.99072654917836,890.7999877929688],[-1.3323375396430492,42.99072554334998,890.7999877929688],[-1.3323379587382078,42.99072403460741,890.5999755859375],[-1.332338210195303,42.99072193913162,890.5999755859375],[-1.3323382940143347,42.99072068184614,890.5999755859375],[-1.3323382940143347,42.99072017893195,890.5999755859375],[-1.3323383778333664,42.99072001129389,890.5999755859375],[-1.332338461652398,42.990719927474856,890.5999755859375],[-1.3323386292904615,42.990719927474856,890.5999755859375],[-1.3323387131094933,42.990719843655825,890.5999755859375],[-1.3323388807475567,42.990719843655825,890.5999755859375],[-1.3323390483856201,42.99071975983679,890.5999755859375],[-1.3323391322046518,42.99071975983679,890.5999755859375],[-1.3323391322046518,42.99071975983679,890.5999755859375],[-1.3323392998427153,42.99071975983679,890.5999755859375],[-1.3323377911001444,42.99072043038905,890.5999755859375],[-1.3323306664824486,42.990725291892886,890.5999755859375],[-1.3323224522173405,42.99073182977736,890.4000244140625],[-1.3323107175529003,42.99074222333729,890.4000244140625],[-1.3322941213846207,42.990752616897225,890.4000244140625],[-1.3322766032069921,42.990764351561666,890.5999755859375],[-1.3322559837251902,42.990780947729945,890.5999755859375],[-1.3322293292731047,42.9907988011837,890.5999755859375],[-1.3322002440690994,42.9908143915236,890.5999755859375],[-1.3321702368557453,42.990834172815084,890.7999877929688],[-1.3321394752711058,42.99085688777268,890.7999877929688],[-1.3321067858487368,42.9908833745867,891],[-1.3320699892938137,42.99090969376266,891.2000122070312],[-1.332030761986971,42.990937856957316,891.4000244140625],[-1.3319901935756207,42.990967109799385,891.4000244140625],[-1.3319474458694458,42.990996865555644,891.4000244140625],[-1.3319075480103493,42.991028716787696,891.4000244140625],[-1.3318653032183647,42.99106207676232,891.5999755859375],[-1.3318212144076824,42.99109292216599,891.5999755859375],[-1.3317763712257147,42.99112435430288,891.7999877929688],[-1.331730941310525,42.99115645699203,891.7999877929688],[-1.3316881097853184,42.99118772149086,891.7999877929688],[-1.3316488824784756,42.99122208729386,892],[-1.3316064700484276,42.9912581294775,892.2000122070312],[-1.3315627165138721,42.99129425548017,892.2000122070312],[-1.3315203879028559,42.99132828600705,892.2000122070312],[-1.3314757961779833,42.99135971814394,892.4000244140625],[-1.3314301148056984,42.99139156937599,892.4000244140625],[-1.3313846848905087,42.99142518080771,892.4000244140625],[-1.33134126663208,42.9914584569633,892.4000244140625],[-1.3312893826514482,42.99149860627949,892.5999755859375],[-1.3312465511262417,42.991533391177654,892.5999755859375],[-1.3312103413045406,42.99155945889652,892.5999755859375],[-1.3311608042567968,42.99159952439368,892.7999877929688],[-1.3311287015676498,42.99162743613124,893],[-1.331089222803712,42.991658449172974,893],[-1.3310506660491228,42.99169306643307,893.2000122070312],[-1.3310111034661531,42.99172877334058,893.2000122070312],[-1.3309714570641518,42.99176431261003,893.4000244140625],[-1.3309325650334358,42.9917988460511,893.4000244140625],[-1.3308967743068933,42.991832960397005,893.4000244140625],[-1.3308568764477968,42.9918728582561,893.4000244140625],[-1.3308228459209204,42.991908146068454,893.5999755859375],[-1.3307961076498032,42.99193672835827,893.5999755859375],[-1.330752270296216,42.99197972752154,893.5999755859375],[-1.3307126238942146,42.99201250076294,893.5999755859375],[-1.3306705467402935,42.992044016718864,893.5999755859375],[-1.3306237757205963,42.99206924624741,893.7999877929688],[-1.3305840454995632,42.99208391457796,893.7999877929688],[-1.3305221032351255,42.99210227094591,894.2000122070312],[-1.3304665312170982,42.99211526289582,894.2000122070312],[-1.3304081093519926,42.99212389625609,894.5999755859375],[-1.3303480949252844,42.99213160760701,894.5999755859375],[-1.330288415774703,42.9921355471015,894.7999877929688],[-1.3302415609359741,42.99214049242437,894.7999877929688],[-1.3301830552518368,42.992147197946906,895],[-1.3301216159015894,42.992157842963934,895],[-1.3300606794655323,42.99217024818063,895.2000122070312],[-1.330001838505268,42.99218592233956,895.2000122070312],[-1.32994769141078,42.99219908192754,895.2000122070312],[-1.3298942986875772,42.992215091362596,895.5999755859375],[-1.329839900135994,42.99222959205508,895.5999755859375],[-1.3297834899276495,42.99224509857595,895.7999877929688],[-1.3297150935977697,42.99226571805775,895.7999877929688],[-1.3296695798635483,42.99227988347411,895.7999877929688],[-1.3296127505600452,42.992298156023026,895.7999877929688],[-1.3295434322208166,42.99232288263738,896],[-1.3294972479343414,42.99234048463404,896],[-1.3294311985373497,42.99236814491451,896],[-1.3293750397861004,42.99239220097661,896],[-1.3293320406228304,42.9924133233726,896],[-1.3292640633881092,42.99244341440499,896],[-1.3292192202061415,42.992464788258076,895.7999877929688],[-1.3291618879884481,42.99249026924372,895.7999877929688],[-1.3291057292371988,42.9925169236958,895.5999755859375],[-1.329037081450224,42.99254911020398,895.2000122070312],[-1.3289818447083235,42.99257836304605,895],[-1.3289376720786095,42.992601078003645,895],[-1.3288793340325356,42.992627900093794,895],[-1.3288189005106688,42.99265421926975,894.7999877929688],[-1.3287573773413897,42.992674922570586,894.7999877929688],[-1.3286947645246983,42.992695374414325,894.5999755859375],[-1.328618573024869,42.99272052012384,894.5999755859375],[-1.3285668566823006,42.99273476935923,894.5999755859375],[-1.328505165874958,42.99275463446975,894.7999877929688],[-1.3284406252205372,42.99276980571449,894.5999755859375],[-1.3283636793494225,42.99278640188277,894.5999755859375],[-1.3282970432192087,42.99279646016657,894.7999877929688],[-1.3282435666769743,42.99280174076557,894.7999877929688],[-1.3281739130616188,42.992802914232016,894.5999755859375],[-1.3281012419611216,42.992796543985605,894.5999755859375],[-1.328030163422227,42.99278103746474,894.4000244140625],[-1.3279566541314125,42.99274994060397,894.2000122070312],[-1.327911475673318,42.992722280323505,894.2000122070312],[-1.3278500363230705,42.992677269503474,894.2000122070312],[-1.3278170116245747,42.992643574252725,894],[-1.32777183316648,42.992591774091125,894],[-1.3277427479624748,42.992556067183614,894],[-1.3277108129113913,42.99250803887844,893.7999877929688],[-1.3276829849928617,42.99245816655457,893.7999877929688],[-1.3276594318449497,42.99240619875491,893.7999877929688],[-1.327639315277338,42.9923546500504,893.7999877929688],[-1.3276229705661535,42.9923031013459,893.7999877929688],[-1.327606625854969,42.99225188791752,893.7999877929688],[-1.3275922928005457,42.992199417203665,893.5999755859375],[-1.3275753613561392,42.992147700861096,893.4000244140625],[-1.327554825693369,42.99208483658731,893.4000244140625],[-1.3275381457060575,42.992032868787646,893.4000244140625],[-1.327521800994873,42.9919801466167,893.2000122070312],[-1.327506797388196,42.99193731509149,893.2000122070312],[-1.3274876028299332,42.99188442528248,893.2000122070312],[-1.3274671509861946,42.991833966225386,893.2000122070312],[-1.3274432625621557,42.9917848482728,893.2000122070312],[-1.3274145126342773,42.9917364846915,893.2000122070312],[-1.3273702561855316,42.99168602563441,893.4000244140625],[-1.3273170311003923,42.99165492877364,893.4000244140625],[-1.3272550888359547,42.99163330346346,893.2000122070312],[-1.3271964993327856,42.991619473323226,893.2000122070312],[-1.3271234929561615,42.9916035477072,893.2000122070312],[-1.3270540907979012,42.99160027876496,893.2000122070312],[-1.32698611356318,42.99160346388817,893.2000122070312],[-1.3269022107124329,42.99161000177264,893.2000122070312],[-1.3268471416085958,42.991615952923894,893.2000122070312],[-1.326776146888733,42.991625340655446,893.2000122070312],[-1.3267056550830603,42.991638416424394,893],[-1.3266351632773876,42.99165291711688,893.2000122070312],[-1.3265659287571907,42.99166917800903,893],[-1.3264946825802326,42.99168518744409,893],[-1.3264244422316551,42.991700526326895,893],[-1.3263544533401728,42.991717206314206,892.7999877929688],[-1.326286057010293,42.99173539504409,892.7999877929688],[-1.3262184988707304,42.99175266176462,892.7999877929688],[-1.3261484261602163,42.99176934175193,892.5999755859375],[-1.3260760065168142,42.99178417772055,892.2000122070312],[-1.3260041736066341,42.991797840222716,892],[-1.325932340696454,42.99181426875293,892],[-1.3258588314056396,42.99183086492121,892],[-1.3257858250290155,42.9918472096324,891.7999877929688],[-1.32571323774755,42.991863805800676,891.5999755859375],[-1.3256397284567356,42.99188149161637,891.5999755859375],[-1.325566302984953,42.991898003965616,891.5999755859375],[-1.325492961332202,42.99191183410585,891.5999755859375],[-1.3254235591739416,42.991927759721875,891.5999755859375],[-1.325342170894146,42.99194854684174,891.7999877929688],[-1.325282407924533,42.99196036532521,892],[-1.325210826471448,42.991978051140904,892.2000122070312],[-1.325143100693822,42.991994144394994,892.2000122070312],[-1.325062969699502,42.99201677553356,892.4000244140625],[-1.3249988481402397,42.99203990958631,892.4000244140625],[-1.3249360676854849,42.99206756986678,892.4000244140625],[-1.3248778972774744,42.99210034310818,892.4000244140625],[-1.3248243369162083,42.99213772639632,892.4000244140625],[-1.324777314439416,42.99218013882637,892.4000244140625],[-1.3247375842183828,42.9922254011035,892.4000244140625],[-1.3247012067586184,42.9922700766474,892.4000244140625],[-1.324675977230072,42.992305951192975,892.5999755859375],[-1.324649155139923,42.99235104583204,892.7999877929688],[-1.324620321393013,42.99240686930716,893],[-1.3245955109596252,42.99245280213654,893.4000244140625],[-1.3245659228414297,42.992497477680445,893.7999877929688],[-1.324538178741932,42.992531675845385,894],[-1.324499286711216,42.99257098697126,894.2000122070312],[-1.3244548626244068,42.99260778352618,894.2000122070312],[-1.3244026433676481,42.99263997003436,894.2000122070312],[-1.3243480771780014,42.99266494810581,894.2000122070312],[-1.3242890685796738,42.99268431030214,894.2000122070312],[-1.3242260366678238,42.9927019122988,894.2000122070312],[-1.324163507670164,42.99271951429546,894.2000122070312],[-1.32409343495965,42.992745246738195,894.4000244140625],[-1.3240449037402868,42.99276343546808,894.5999755859375],[-1.3239843025803566,42.99278598278761,894.5999755859375],[-1.32392437197268,42.99281062558293,894.7999877929688],[-1.3238641060888767,42.992835687473416,894.7999877929688],[-1.323803924024105,42.99286083318293,895.2000122070312],[-1.323744747787714,42.992885392159224,895.4000244140625],[-1.3236859068274498,42.99290902912617,895.5999755859375],[-1.3236271496862173,42.99293249845505,895.7999877929688],[-1.3235687278211117,42.992955883964896,895.7999877929688],[-1.3234995771199465,42.99298555590212,895.7999877929688],[-1.3234421610832214,42.99301045015454,896],[-1.3233855832368135,42.99303442239761,896],[-1.3233282510191202,42.99305906519294,896],[-1.323271505534649,42.99308521673083,896.2000122070312],[-1.3232189510017633,42.993115559220314,896.2000122070312],[-1.3231704197824001,42.99314824864268,896.2000122070312],[-1.323134796693921,42.99317540600896,896.5999755859375],[-1.3230936415493488,42.993208933621645,896.7999877929688],[-1.3230510614812374,42.993254447355866,897],[-1.3230191264301538,42.99329325556755,897.2000122070312],[-1.3229894544929266,42.993331141769886,897.4000244140625],[-1.3229629676789045,42.99336911179125,897.7999877929688],[-1.3229403365403414,42.99340917728841,898],[-1.3229161128401756,42.99344706349075,898.4000244140625],[-1.322895074263215,42.99347598105669,898.5999755859375],[-1.3228685036301613,42.99351001158357,898.7999877929688],[-1.3228395860642195,42.993539264425635,899.2000122070312],[-1.3228071480989456,42.99356591887772,899.4000244140625],[-1.3227667473256588,42.993593076244,900],[-1.3227281905710697,42.993612103164196,900.2000122070312],[-1.3226853590458632,42.99362828023732,900.5999755859375],[-1.322641521692276,42.993639428168535,901],[-1.32260556332767,42.99364370293915,901.2000122070312],[-1.32255082949996,42.99364604987204,901.4000244140625],[-1.3225064892321825,42.99364211037755,901.7999877929688],[-1.322471033781767,42.99363682977855,902],[-1.322428034618497,42.99362660385668,902.5999755859375],[-1.3223883882164955,42.993614031001925,902.7999877929688],[-1.3223489932715893,42.993601374328136,903],[-1.3223024737089872,42.993583772331476,903.4000244140625],[-1.3222628273069859,42.993566170334816,903.5999755859375],[-1.3222220074385405,42.993549574166536,903.7999877929688],[-1.3221904914826155,42.99353591166437,904],[-1.3221483305096626,42.9935204051435,904.4000244140625],[-1.3221017271280289,42.99350054003298,904.5999755859375],[-1.322062248364091,42.99348327331245,904.7999877929688],[-1.3220185786485672,42.993467850610614,905],[-1.3219853024929762,42.99345687031746,905.2000122070312],[-1.3219428062438965,42.99344186671078,905.4000244140625],[-1.3218900840729475,42.99342275597155,905.4000244140625],[-1.321846665814519,42.993405405431986,905.7999877929688],[-1.321802493184805,42.993381433188915,906],[-1.321768295019865,42.99336567521095,906],[-1.321718506515026,42.9933409485966,906.2000122070312],[-1.3216789439320564,42.99331949092448,906.4000244140625],[-1.3216397166252136,42.99329778179526,906.4000244140625],[-1.3216003216803074,42.99327129498124,906.5999755859375],[-1.3215604238212109,42.99324489198625,906.5999755859375],[-1.321528572589159,42.99322385340929,906.5999755859375],[-1.3214927818626165,42.9931958578527,906.5999755859375],[-1.321457913145423,42.99317113123834,906.7999877929688],[-1.3214220385998487,42.99314472824335,906.7999877929688],[-1.3213832303881645,42.99311698414385,906.7999877929688],[-1.3213428296148777,42.993087731301785,906.7999877929688],[-1.32130385376513,42.993059484288096,906.7999877929688],[-1.3212564960122108,42.99302855506539,906.7999877929688],[-1.321210227906704,42.993006594479084,906.7999877929688],[-1.3211575895547867,42.99298773519695,906.5999755859375],[-1.321101514622569,42.992972983047366,906.5999755859375],[-1.321043847128749,42.992962170392275,906.5999755859375],[-1.3209865987300873,42.99295605160296,906.4000244140625],[-1.3209412526339293,42.99295303411782,906.4000244140625],[-1.3208717666566372,42.992949010804296,906.4000244140625],[-1.3208161108195782,42.99294842407107,906.4000244140625],[-1.3207700103521347,42.992945071309805,906.4000244140625],[-1.3207134325057268,42.992939203977585,906.4000244140625],[-1.3206564355641603,42.9929331690073,906.4000244140625],[-1.3205995224416256,42.99292713403702,906.4000244140625],[-1.3205410167574883,42.992923613637686,906.4000244140625],[-1.3204814214259386,42.992914812639356,906.4000244140625],[-1.3204223290085793,42.99290827475488,906.4000244140625],[-1.3203621469438076,42.99290291033685,906.4000244140625],[-1.320302803069353,42.99289830029011,906.4000244140625],[-1.3202435430139303,42.992893271148205,906.4000244140625],[-1.3201837800443172,42.99288782291114,906.4000244140625],[-1.3201248552650213,42.992880530655384,906.4000244140625],[-1.3200660143047571,42.99287592060864,906.4000244140625],[-1.3200086820870638,42.992872316390276,906.5999755859375],[-1.3199531100690365,42.99286670051515,906.7999877929688],[-1.3198982924222946,42.992862006649375,907],[-1.3198449835181236,42.992856642231345,907.2000122070312],[-1.3197914231568575,42.992852283641696,907.4000244140625],[-1.3197306543588638,42.99284499138594,907.4000244140625],[-1.3196801114827394,42.99283887259662,907.7999877929688],[-1.3195826299488544,42.9928279761225,908.2000122070312],[-1.3195826299488544,42.9928279761225,908.2000122070312],[-1.3195478450506926,42.992823952808976,908.4000244140625],[-1.3194959610700607,42.99281816929579,908.5999755859375],[-1.319460840895772,42.99281355924904,909],[-1.3194169197231531,42.992806266993284,909.2000122070312],[-1.3193740043789148,42.99280123785138,909.7999877929688],[-1.3193326815962791,42.99279738217592,910],[-1.31928825750947,42.992793610319495,910.4000244140625],[-1.3192471861839294,42.99278900027275,910.5999755859375],[-1.3192021753638983,42.9927777685225,911],[-1.319172838702798,42.99277131445706,911.2000122070312],[-1.3191336952149868,42.99276754260063,911.4000244140625],[-1.3190951384603977,42.99276418983936,912],[-1.3190560787916183,42.992761842906475,912.2000122070312],[-1.31901609711349,42.99275882542133,912.4000244140625],[-1.318973433226347,42.99275589175522,912.7999877929688],[-1.318933367729187,42.992752119898796,912.7999877929688],[-1.3188941404223442,42.992750024423,913],[-1.3188540749251842,42.99274725839496,913.4000244140625],[-1.3188139256089926,42.99274306744337,913.5999755859375],[-1.3187731057405472,42.99273854121566,913.7999877929688],[-1.318733375519514,42.99273560754955,914.2000122070312],[-1.3186951540410519,42.99273342825472,914.2000122070312],[-1.3186564296483994,42.99273074604571,914.5999755859375],[-1.3186166156083345,42.99272848293185,914.7999877929688],[-1.3185756281018257,42.992725716903806,915],[-1.3185265101492405,42.99272152595222,915.2000122070312],[-1.318486277014017,42.992719346657395,915.4000244140625],[-1.3184469658881426,42.99271699972451,915.5999755859375],[-1.318407403305173,42.99271465279162,916],[-1.3183750491589308,42.992712976410985,916.2000122070312],[-1.3183349836617708,42.99271113239229,916.4000244140625],[-1.318295169621706,42.99271029420197,916.4000244140625],[-1.3182531762868166,42.99270769581199,916.5999755859375],[-1.3182111829519272,42.99270501360297,916.5999755859375],[-1.3181690219789743,42.992700235918164,917],[-1.3181275315582752,42.992697386071086,917.2000122070312],[-1.3180861249566078,42.99269470386207,917.4000244140625],[-1.3180434610694647,42.99269168637693,917.5999755859375],[-1.317998031154275,42.992686070501804,917.5999755859375],[-1.3179519306868315,42.992685148492455,917.7999877929688],[-1.3178973644971848,42.99268380738795,918],[-1.3178617414087057,42.992684645578265,918],[-1.317815976217389,42.99268866889179,918],[-1.3177717197686434,42.99269462004304,918.2000122070312],[-1.3177266251295805,42.992703253403306,918.2000122070312],[-1.317680524662137,42.992714401334524,918.2000122070312],[-1.3176358491182327,42.992727141827345,918.2000122070312],[-1.3175931014120579,42.99274239689112,918.4000244140625],[-1.3175521977245808,42.99275622703135,918.4000244140625],[-1.3175071030855179,42.99277148209512,918.5999755859375],[-1.3174642715603113,42.99278615042567,918.5999755859375],[-1.3174196798354387,42.992799896746874,918.5999755859375],[-1.3173737470060587,42.99281381070614,918.7999877929688],[-1.3173273112624884,42.992825880646706,918.7999877929688],[-1.3172727450728416,42.99283744767308,919],[-1.3172263093292713,42.99284616485238,919],[-1.3171792030334473,42.9928554687649,919.2000122070312],[-1.3171408139169216,42.99286141991615,919.2000122070312],[-1.3170923665165901,42.992866951972246,919.4000244140625],[-1.3170421589165926,42.99287307076156,919.4000244140625],[-1.3169894367456436,42.99287902191281,919.4000244140625],[-1.316926321014762,42.9928882420063,919.4000244140625],[-1.3168816454708576,42.99289595335722,919.4000244140625],[-1.3168275821954012,42.992904502898455,919.5999755859375],[-1.3167747762054205,42.992912884801626,919.5999755859375],[-1.3167083077132702,42.992922607809305,919.5999755859375],[-1.3166521489620209,42.992930905893445,919.5999755859375],[-1.3165986724197865,42.99293903633952,919.5999755859375],[-1.3165418431162834,42.992948507890105,919.5999755859375],[-1.3164838403463364,42.99295789562166,919.5999755859375],[-1.316437991335988,42.99296502023935,919.4000244140625],[-1.3163802400231361,42.99297424033284,919.4000244140625],[-1.316321063786745,42.99298480153084,919.4000244140625],[-1.3162497337907553,42.99300064332783,919.4000244140625],[-1.31620354950428,42.99301288090646,919.2000122070312],[-1.3161362428218126,42.99303215928376,919.2000122070312],[-1.3160918187350035,42.99304850399494,919.2000122070312],[-1.3160401862114668,42.993070632219315,919.2000122070312],[-1.3159893080592155,42.99309141933918,919.2000122070312],[-1.3159380946308374,42.993110781535506,919.4000244140625],[-1.31587665528059,42.99313601106405,919.4000244140625],[-1.315826280042529,42.99315788783133,919.4000244140625],[-1.315777748823166,42.99318018369377,919.4000244140625],[-1.3157294690608978,42.99320415593684,919.4000244140625],[-1.3156821113079786,42.993226032704115,919.4000244140625],[-1.3156330771744251,42.99324966967106,919.5999755859375],[-1.3155832048505545,42.99327313899994,919.5999755859375],[-1.31553266197443,42.99329652450979,919.5999755859375],[-1.3154833763837814,42.993320412933826,919.5999755859375],[-1.3154346775263548,42.993341786786914,919.7999877929688],[-1.3153859786689281,42.99335821531713,920],[-1.3153367768973112,42.99338017590344,920],[-1.3152884133160114,42.993404818698764,920],[-1.3152420613914728,42.993431221693754,920],[-1.3151928596198559,42.99345578067005,920],[-1.3151463400572538,42.99348193220794,920],[-1.315099485218525,42.99350967630744,920],[-1.3150554802268744,42.99353993497789,920],[-1.315013151615858,42.99357086420059,920],[-1.3149724155664444,42.993602296337485,920],[-1.3149320147931576,42.993633057922125,920],[-1.3148920331150293,42.99366499297321,920],[-1.314852638170123,42.99369650892913,920],[-1.3148144166916609,42.993730790913105,920],[-1.314775189384818,42.99376574344933,920],[-1.3147351238876581,42.99379960633814,920],[-1.3146938849240541,42.99383313395083,920],[-1.3146501313894987,42.99386867322028,919.7999877929688],[-1.3146072998642921,42.99390245229006,919.7999877929688],[-1.314565222710371,42.99393539316952,919.7999877929688],[-1.31452314555645,42.993965819478035,919.5999755859375],[-1.3144783023744822,42.993997586891055,919.5999755859375],[-1.31442884914577,42.99403069540858,919.4000244140625],[-1.3143773842602968,42.99406229518354,919],[-1.314320806413889,42.99409054219723,918.7999877929688],[-1.3142578583210707,42.99411501735449,918.7999877929688],[-1.3141923118382692,42.994137397035956,918.7999877929688],[-1.314125843346119,42.99415550194681,918.2000122070312],[-1.314055435359478,42.994170002639294,918],[-1.3139851111918688,42.99418492242694,918],[-1.3139157090336084,42.99419950693846,918],[-1.313848989084363,42.99421333707869,918],[-1.3137834426015615,42.994226245209575,918.2000122070312],[-1.3137198239564896,42.99423831515014,918.2000122070312],[-1.3136567082256079,42.99424896016717,918.2000122070312],[-1.3135982025414705,42.994259521365166,918.4000244140625],[-1.3135402835905552,42.99427041783929,919],[-1.313484376296401,42.994280979037285,919.2000122070312],[-1.313431654125452,42.994290702044964,919.7999877929688],[-1.3133820332586765,42.99430319108069,920.2000122070312],[-1.3133420515805483,42.99431157298386,920.4000244140625],[-1.313292682170868,42.994322469457984,920.7999877929688],[-1.3132433127611876,42.99433336593211,921],[-1.3131917640566826,42.99434283748269,921.2000122070312],[-1.3131387066096067,42.99435163848102,921.2000122070312],[-1.3130880799144506,42.99436194822192,921.5999755859375],[-1.3130389619618654,42.99437217414379,921.7999877929688],[-1.3129903469234705,42.99438240006566,921.7999877929688],[-1.312939552590251,42.99439514055848,922],[-1.3128780294209719,42.99440746195614,922.2000122070312],[-1.312837041914463,42.994416849687696,922.4000244140625],[-1.3127864990383387,42.99443017691374,922.4000244140625],[-1.3127282448112965,42.994446605443954,922.4000244140625],[-1.3126789592206478,42.99446160905063,922.4000244140625],[-1.3126287516206503,42.99447803758085,922.5999755859375],[-1.3125813100486994,42.994494047015905,922.4000244140625],[-1.3125420827418566,42.99450905062258,922.4000244140625],[-1.312491875141859,42.99452765844762,922.4000244140625],[-1.3124401587992907,42.994550205767155,922.4000244140625],[-1.3123860117048025,42.99457484856248,922],[-1.312329014763236,42.99459982663393,921.2000122070312],[-1.312266569584608,42.994626397266984,920.7999877929688],[-1.3121871091425419,42.994658751413226,919.7999877929688],[-1.3121333811432123,42.99468155018985,919],[-1.3120664935559034,42.994711473584175,918.5999755859375],[-1.3119996897876263,42.994741229340434,918.4000244140625],[-1.311935568228364,42.9947688896209,918.2000122070312],[-1.3118735421448946,42.99479445442557,918.2000122070312],[-1.311813024803996,42.994821947067976,918.2000122070312],[-1.3117535971105099,42.994848266243935,918.2000122070312],[-1.311694923788309,42.994872238487005,918.2000122070312],[-1.311637256294489,42.99489738419652,918.2000122070312],[-1.3115810137242079,42.99492412246764,918.4000244140625],[-1.311530051752925,42.99495077691972,918.4000244140625],[-1.3114844541996717,42.99497751519084,918.4000244140625],[-1.3114488311111927,42.99500584602356,918.4000244140625],[-1.311414884403348,42.99503752961755,918.4000244140625],[-1.3113831169903278,42.99507340416312,918.4000244140625],[-1.3113543670624495,42.99511288292706,917.7999877929688],[-1.3113303110003471,42.99515680409968,917.5999755859375],[-1.3113089371472597,42.99521195702255,916.7999877929688],[-1.3113037403672934,42.99525101669133,916.2000122070312],[-1.3112999685108662,42.99529988318682,916.2000122070312],[-1.3112981244921684,42.99535704776645,915.7999877929688],[-1.3113019801676273,42.99539007246494,915.5999755859375],[-1.3113043271005154,42.9954269528389,915.5999755859375],[-1.3113033212721348,42.995464503765106,915.5999755859375],[-1.3112966995686293,42.9954924993217,915.5999755859375],[-1.3112893234938383,42.9955115262419,915.7999877929688],[-1.3112781755626202,42.99553457647562,915.7999877929688],[-1.311269123107195,42.99554974772036,915.7999877929688],[-1.311260238289833,42.99555888399482,915.7999877929688],[-1.311244647949934,42.995569529011846,915.7999877929688],[-1.3112283870577812,42.99558084458113,915.5999755859375],[-1.3112060073763132,42.995596434921026,915.5999755859375],[-1.3111850526183844,42.99560850486159,915.5999755859375],[-1.3111656066030264,42.99561797641218,915.5999755859375],[-1.31113744340837,42.99562996253371,915.5999755859375],[-1.3111070170998573,42.995638931170106,915.5999755859375],[-1.3110780995339155,42.99564890563488,915.5999755859375],[-1.3110430631786585,42.99566516652703,915.7999877929688],[-1.31100844591856,42.99568586982787,915.7999877929688],[-1.310979276895523,42.995712608098984,915.7999877929688],[-1.310947174206376,42.995739094913006,915.7999877929688],[-1.310914484784007,42.995765497907996,915.7999877929688],[-1.3108812924474478,42.99578628502786,915.7999877929688],[-1.310855308547616,42.99580967053771,916.2000122070312],[-1.3108310010284185,42.99583456479013,916.4000244140625],[-1.310809962451458,42.995862727984786,916.4000244140625],[-1.3107926957309246,42.995893489569426,916.4000244140625],[-1.3107782788574696,42.99592643044889,916.5999755859375],[-1.3107647839933634,42.995957024395466,916.5999755859375],[-1.310749612748623,42.99598543904722,916.5999755859375],[-1.310731591656804,42.996015110984445,916.7999877929688],[-1.3107193540781736,42.99604386091232,916.7999877929688],[-1.3107082061469555,42.99607244320214,917],[-1.3106950465589762,42.996096750721335,917],[-1.3106775283813477,42.99612055532634,917.2000122070312],[-1.3106580823659897,42.996144108474255,917.4000244140625],[-1.3106364570558071,42.996166655793786,917.7999877929688],[-1.310610305517912,42.99618978984654,917.7999877929688],[-1.3105826452374458,42.99621024169028,918],[-1.3105579186230898,42.99622834660113,918],[-1.3105314318090677,42.9962436016649,918.5999755859375],[-1.3105108123272657,42.996260868385434,918.5999755859375],[-1.3104863371700048,42.996282828971744,918.7999877929688],[-1.3104684837162495,42.99630235880613,919.2000122070312],[-1.3104534801095724,42.99632113426924,919.4000244140625],[-1.3104446791112423,42.99633990973234,919.5999755859375],[-1.3104420807212591,42.99636002629995,919.5999755859375],[-1.3104339502751827,42.99638148397207,919.5999755859375],[-1.3104254845529795,42.99640922807157,919.7999877929688],[-1.3104092236608267,42.996435798704624,919.7999877929688],[-1.3103989139199257,42.996458848938346,920],[-1.3103888556361198,42.99647368490696,920],[-1.3103763666003942,42.99649262800813,920],[-1.3103629555553198,42.996511152014136,920],[-1.3103456050157547,42.996529676020145,920.2000122070312],[-1.3103233091533184,42.99654803238809,920.4000244140625],[-1.3103000074625015,42.99656404182315,920.5999755859375],[-1.310272179543972,42.996580973267555,920.5999755859375],[-1.3102470338344574,42.996601006016135,920.5999755859375],[-1.3102183677256107,42.99661575816572,920.7999877929688],[-1.3101892825216055,42.996632689610124,920.7999877929688],[-1.310156425461173,42.99666336737573,921],[-1.310128765180707,42.99668381921947,921],[-1.3101049605756998,42.99669547006488,921.2000122070312],[-1.3100829161703587,42.99670301377773,921.4000244140625],[-1.310065146535635,42.99671273678541,921.5999755859375],[-1.3100444432348013,42.996728578582406,922],[-1.3100011087954044,42.99675456248224,922],[-1.3099631387740374,42.99676478840411,922.2000122070312],[-1.3099336344748735,42.99678163602948,922.4000244140625],[-1.309909326955676,42.99679823219776,922.5999755859375],[-1.309885773807764,42.99681776203215,922.7999877929688],[-1.3098669983446598,42.99683829769492,922.7999877929688],[-1.3098515756428242,42.996860006824136,923],[-1.3098353147506714,42.99688163213432,923.2000122070312],[-1.3098105043172836,42.99691298045218,923.4000244140625],[-1.3097686786204576,42.99694558605552,923.5999755859375],[-1.309732049703598,42.99695706926286,923.5999755859375],[-1.3097062334418297,42.99696234986186,924],[-1.3096875417977571,42.99698741175234,924.2000122070312],[-1.3096748851239681,42.99699847586453,924.2000122070312],[-1.3096478953957558,42.99699747003615,924.4000244140625],[-1.3096332270652056,42.9970171675086,924.5999755859375],[-1.3096116855740547,42.997040804475546,924.7999877929688],[-1.3095835223793983,42.99705128185451,925],[-1.3095573708415031,42.99706360325217,925.2000122070312],[-1.309528285637498,42.99707701429725,925.2000122070312],[-1.3095036428421736,42.99709335900843,925.4000244140625],[-1.3094780780375004,42.99711280502379,926],[-1.3094635773450136,42.9971310775727,926.4000244140625],[-1.3094583805650473,42.99713811837137,926.7999877929688],[-1.3094603084027767,42.99714515917003,927],[-1.3094619009643793,42.99716125242412,927.2000122070312],[-1.3094670977443457,42.99718271009624,927.4000244140625],[-1.3094684388488531,42.997205425053835,927.5999755859375],[-1.3094539381563663,42.997228894382715,927.5999755859375],[-1.3094340730458498,42.99724590964615,927.7999877929688],[-1.3094143755733967,42.99725546501577,927.7999877929688],[-1.3093949295580387,42.9972729831934,927.7999877929688],[-1.3093767408281565,42.997291926294565,928],[-1.3093572948127985,42.99731162376702,928.4000244140625],[-1.3093388546258211,42.99733727239072,928.5999755859375],[-1.3093192409723997,42.997354455292225,928.7999877929688],[-1.3092915806919336,42.99736535176635,929],[-1.309260819107294,42.99737775698304,929.5999755859375],[-1.3092512637376785,42.997390162199736,930],[-1.309229303151369,42.99741731956601,930.4000244140625],[-1.3092214241623878,42.997439950704575,931],[-1.3092111982405186,42.997467275708914,931.2000122070312],[-1.3092048279941082,42.997492672875524,931.4000244140625],[-1.3092003017663956,42.9975179862231,932],[-1.3091941829770803,42.997535252943635,932.2000122070312],[-1.309183118864894,42.99755360931158,932.5999755859375],[-1.309168953448534,42.99756953492761,932.5999755859375],[-1.3091569673269987,42.99759132787585,932.7999877929688],[-1.3091644272208214,42.99760733731091,933.2000122070312],[-1.309177502989769,42.99762728624046,933.4000244140625],[-1.309173982590437,42.99765972420573,933.5999755859375],[-1.309173395857215,42.99767472781241,934],[-1.309172222390771,42.99769333563745,934.2000122070312],[-1.309168953448534,42.997714038938284,934.4000244140625],[-1.3091634213924408,42.997736083343625,934.7999877929688],[-1.3091543689370155,42.99775871448219,935],[-1.3091370183974504,42.99777790904045,935.2000122070312],[-1.3091216795146465,42.99779894761741,935.4000244140625],[-1.3091028202325106,42.99781613051891,935.5999755859375],[-1.3090839609503746,42.997833313420415,935.7999877929688],[-1.30906468257308,42.997841108590364,936.4000244140625],[-1.3090443145483732,42.99785108305514,936.4000244140625],[-1.3090238627046347,42.997864075005054,936.5999755859375],[-1.3090065121650696,42.9978840239346,937],[-1.3089780136942863,42.99789894372225,937.2000122070312],[-1.3089522812515497,42.99790942110121,937.4000244140625],[-1.308933924883604,42.99791956320405,937.7999877929688],[-1.3089172448962927,42.99792794510722,938],[-1.3088917639106512,42.997941859066486,938.4000244140625],[-1.308870054781437,42.99795392900705,938.5999755859375],[-1.308856476098299,42.99796893261373,938.7999877929688],[-1.3088418077677488,42.99797815270722,939],[-1.3088287319988012,42.997988713905215,939.4000244140625],[-1.3087998144328594,42.99800899811089,939.5999755859375],[-1.308724544942379,42.99804663285613,939.5999755859375],[-1.308724544942379,42.99804663285613,940],[-1.308699231594801,42.998060043901205,940.2000122070312],[-1.308689173310995,42.99806607887149,940.5999755859375],[-1.308668302372098,42.99807261675596,940.7999877929688],[-1.3086213637143373,42.99809801392257,941],[-1.3086213637143373,42.99809801392257,941.2000122070312],[-1.3086019176989794,42.99811318516731,941.4000244140625],[-1.3085704017430544,42.99814612604678,941.5999755859375],[-1.308563444763422,42.998151993379,941.7999877929688],[-1.308563444763422,42.998151993379,942.2000122070312],[-1.3085557334125042,42.99816867336631,942.4000244140625],[-1.3085562363266945,42.99818971194327,942.5999755859375],[-1.308524888008833,42.99822977744043,942.7999877929688],[-1.3085076212882996,42.998261796310544,943.2000122070312],[-1.3084915280342102,42.998278979212046,943.4000244140625],[-1.308467136695981,42.998287780210376,943.4000244140625],[-1.3084396440535784,42.99829423427582,943.5999755859375],[-1.3084074575453997,42.99830068834126,943.7999877929688],[-1.3083797134459019,42.998309740796685,944.2000122070312],[-1.3083497900515795,42.9983142670244,944.4000244140625],[-1.3083221297711134,42.9983227327466,944.5999755859375],[-1.3083040248602629,42.99832943826914,945],[-1.308278040960431,42.99833941273391,945.4000244140625],[-1.308252727612853,42.998348884284496,945.5999755859375],[-1.3082293421030045,42.998355505988,945.7999877929688],[-1.3082114048302174,42.99836405552924,945.7999877929688],[-1.3081928808242083,42.99837537109852,946],[-1.3081736024469137,42.99838962033391,946],[-1.3081554975360632,42.99840093590319,946.2000122070312],[-1.3081341236829758,42.99841308966279,946.4000244140625],[-1.3081079721450806,42.99843354150653,946.5999755859375],[-1.308084586635232,42.9984524846077,946.7999877929688],[-1.3080605305731297,42.99846958369017,946.7999877929688],[-1.3080418389290571,42.998477881774306,946.7999877929688],[-1.3080177828669548,42.99848827533424,947],[-1.3079915475100279,42.9984953161329,947.2000122070312],[-1.3079655636101961,42.99850210547447,947.4000244140625],[-1.307941423729062,42.99850596114993,947.4000244140625],[-1.3079224806278944,42.9985109064728,947.5999755859375],[-1.307899933308363,42.9985196236521,947.5999755859375],[-1.3078777212649584,42.99852901138365,947.7999877929688],[-1.3078332133591175,42.998538902029395,948],[-1.3078332133591175,42.998538902029395,948.2000122070312],[-1.3078099954873323,42.99854116514325,948.2000122070312],[-1.307756770402193,42.998554995283484,948.4000244140625],[-1.307756770402193,42.998554995283484,948.7999877929688],[-1.3077257573604584,42.99855658784509,948.7999877929688],[-1.3076720293611288,42.99856547266245,949],[-1.307650487869978,42.998566227033734,949.2000122070312],[-1.3076231628656387,42.99856597557664,949.2000122070312],[-1.3076231628656387,42.99856597557664,949.4000244140625],[-1.3075931556522846,42.998572681099176,949.5999755859375],[-1.3075671717524529,42.99858106300235,949.5999755859375],[-1.3075405173003674,42.998588774353266,949.7999877929688],[-1.3074851967394352,42.99859497696161,949.7999877929688],[-1.3074851967394352,42.99859497696161,950],[-1.30746197886765,42.99860025756061,950],[-1.307441694661975,42.998612243682146,950.4000244140625],[-1.3073920737951994,42.99861685372889,950.4000244140625],[-1.3073638267815113,42.998621463775635,950.5999755859375],[-1.3073638267815113,42.998621463775635,950.7999877929688],[-1.3072982802987099,42.99866454675794,950.7999877929688],[-1.3072982802987099,42.99866454675794,951],[-1.307267937809229,42.99866924062371,951.2000122070312],[-1.307239606976509,42.99865675158799,951.4000244140625],[-1.3072200771421194,42.9986525606364,951.4000244140625],[-1.3072128687053919,42.9986544046551,951.5999755859375],[-1.3072046544402838,42.9986628703773,951.7999877929688],[-1.307172467932105,42.998664714396,952],[-1.3071505073457956,42.99867167137563,952.2000122070312],[-1.3071340788155794,42.998682064935565,952.4000244140625],[-1.3071108609437943,42.998687010258436,952.5999755859375],[-1.3070780877023935,42.99869505688548,952.7999877929688],[-1.3070522714406252,42.998705031350255,952.7999877929688],[-1.3070453144609928,42.998718693852425,953],[-1.3070239406079054,42.99872472882271,953.2000122070312],[-1.3069992139935493,42.998730931431055,953.4000244140625],[-1.3069583103060722,42.99874627031386,953.5999755859375],[-1.3069332484155893,42.998752472922206,953.7999877929688],[-1.3069332484155893,42.998752472922206,953.7999877929688],[-1.3069098629057407,42.998760771006346,954],[-1.3068878185003996,42.998769572004676,954.2000122070312],[-1.306846747174859,42.99878449179232,954.4000244140625],[-1.306846747174859,42.99878449179232,954.7999877929688],[-1.3068089447915554,42.99880745820701,954.7999877929688],[-1.3068089447915554,42.99880745820701,955],[-1.3067713100463152,42.998825227841735,955],[-1.3067713100463152,42.998825227841735,955],[-1.3067475892603397,42.99884056672454,955],[-1.306720683351159,42.99885783344507,955.2000122070312],[-1.3066680449992418,42.99887476488948,955.4000244140625],[-1.3066680449992418,42.99887476488948,955.4000244140625],[-1.3066255487501621,42.99889010377228,955.7999877929688],[-1.3066255487501621,42.99889010377228,955.7999877929688],[-1.3066019117832184,42.998897060751915,956],[-1.3065791968256235,42.99890301190317,956],[-1.3065526261925697,42.99891483038664,956.2000122070312],[-1.3065356947481632,42.998923379927874,956.2000122070312],[-1.306517506018281,42.99893167801201,956.2000122070312],[-1.3064970541745424,42.99894223921001,956.4000244140625],[-1.3064769376069307,42.99895212985575,956.4000244140625],[-1.3064626883715391,42.99895774573088,956.5999755859375],[-1.3064438290894032,42.99896461889148,956.7999877929688],[-1.3064149115234613,42.99897165969014,956.7999877929688],[-1.3063903525471687,42.99898322671652,957],[-1.306369984522462,42.99899647012353,957],[-1.3063429947942495,42.99901130609214,957],[-1.306316927075386,42.9990257229656,957],[-1.306287758052349,42.99903159029782,957.2000122070312],[-1.3062604330480099,42.99903720617294,957.2000122070312],[-1.3062337785959244,42.99904491752386,957.4000244140625],[-1.3061715848743916,42.999051958322525,957.5999755859375],[-1.3061382248997688,42.99905271269381,957.7999877929688],[-1.3061382248997688,42.99905271269381,958.2000122070312],[-1.3061094749718904,42.99905187450349,958.7999877929688],[-1.3060884363949299,42.999052377417684,959.4000244140625],[-1.3060531485825777,42.99905497580767,959.5999755859375],[-1.3060298468917608,42.99905547872186,959.5999755859375],[-1.3060054555535316,42.99905673600733,960],[-1.305986512452364,42.99906260333955,960.2000122070312],[-1.3059650547802448,42.99907425418496,960.4000244140625],[-1.3059474527835846,42.99908481538296,960.4000244140625],[-1.3059265818446875,42.99909856170416,960.5999755859375],[-1.3059076387435198,42.99910970963538,960.5999755859375],[-1.305889030918479,42.99912203103304,960.5999755859375],[-1.3058670703321695,42.999139968305826,960.5999755859375],[-1.3058438524603844,42.99915446899831,960.5999755859375],[-1.3058188743889332,42.9991689696908,960.5999755859375],[-1.30579624325037,42.99917693249881,960.7999877929688],[-1.3057723548263311,42.99918405711651,960.7999877929688],[-1.3057416770607233,42.99919570796192,961],[-1.3057018630206585,42.99920643679798,961],[-1.3056762982159853,42.99921507015824,961.2000122070312],[-1.3056486379355192,42.999220099300146,961.5999755859375],[-1.3056486379355192,42.999220099300146,961.5999755859375],[-1.3055923115462065,42.99922663718462,962],[-1.3055638130754232,42.999227307736874,962.2000122070312],[-1.3055307045578957,42.99922621808946,962.5999755859375],[-1.3055023737251759,42.99922462552786,963],[-1.3054794911295176,42.99922177568078,963.5999755859375],[-1.3054794911295176,42.99922177568078,963.7999877929688],[-1.3054530881345272,42.99922160804272,964.4000244140625],[-1.3054043054580688,42.99922378733754,964.5999755859375],[-1.3053865358233452,42.99922973848879,964.5999755859375],[-1.3053651619702578,42.99923921003938,964.5999755859375],[-1.305341525003314,42.99924775958061,965],[-1.3053207378834486,42.99925899133086,965.4000244140625],[-1.3053004536777735,42.99927005544305,965.5999755859375],[-1.3052759785205126,42.999278185889125,965.7999877929688],[-1.3052513357251883,42.99928665161133,966.2000122070312],[-1.305224597454071,42.99929763190448,966.2000122070312],[-1.305200457572937,42.99930484034121,966.4000244140625],[-1.305200457572937,42.99930484034121,966.5999755859375],[-1.3051493279635906,42.999317748472095,966.5999755859375],[-1.305120075121522,42.99931179732084,967],[-1.305120075121522,42.99931179732084,967.2000122070312],[-1.305076740682125,42.99929645843804,967.4000244140625],[-1.3050480745732784,42.999299140647054,967.4000244140625],[-1.3050480745732784,42.999299140647054,967.5999755859375],[-1.3050199951976538,42.999297212809324,967.7999877929688],[-1.3049997948110104,42.999299643561244,968],[-1.3049799297004938,42.99930425360799,968.4000244140625],[-1.3049587234854698,42.99930643290281,968.5999755859375],[-1.3049350026994944,42.99931297078729,968.7999877929688],[-1.3049084320664406,42.999318754300475,968.7999877929688],[-1.3048880640417337,42.9993209335953,969],[-1.3048643432557583,42.999325124546885,969.2000122070312],[-1.3048422150313854,42.99932763911784,969.2000122070312],[-1.3048201706260443,42.999330908060074,969.4000244140625],[-1.3047951087355614,42.99933853559196,969.4000244140625],[-1.3047679513692856,42.999345660209656,969.4000244140625],[-1.304742805659771,42.99934725277126,969.5999755859375],[-1.3047168217599392,42.99935110844672,969.7999877929688],[-1.304693939164281,42.99935672432184,970],[-1.30466946400702,42.999359741806984,970.2000122070312],[-1.3046508561819792,42.99936460331082,970.4000244140625],[-1.304634427651763,42.999370973557234,970.5999755859375],[-1.3046157360076904,42.99937566742301,971],[-1.3046007324010134,42.999382708221674,971],[-1.3045857287943363,42.999386731535196,971.4000244140625],[-1.3045700546354055,42.999397460371256,971.5999755859375],[-1.3045502733439207,42.99940349534154,972],[-1.3045267201960087,42.999406177550554,972],[-1.3044876605272293,42.99941481091082,972.2000122070312],[-1.3044876605272293,42.99941481091082,972.4000244140625],[-1.3044361118227243,42.99942059442401,972.5999755859375],[-1.3044125586748123,42.999419840052724,972.7999877929688],[-1.3043907657265663,42.99941782839596,973],[-1.3043674640357494,42.999415481463075,973.2000122070312],[-1.3043465930968523,42.999413972720504,973.5999755859375],[-1.3043265603482723,42.99941623583436,973.7999877929688],[-1.3043265603482723,42.99941623583436,974.2000122070312],[-1.3043068628758192,42.99941539764404,974.4000244140625],[-1.3042652886360884,42.99942059442401,974.7999877929688],[-1.3042652886360884,42.99942059442401,975],[-1.3042408134788275,42.999427216127515,975.4000244140625],[-1.3042158354073763,42.99943174235523,975.5999755859375],[-1.3041878398507833,42.99943635240197,975.7999877929688],[-1.304163197055459,42.99943492747843,976.2000122070312],[-1.304132267832756,42.99943232908845,976.4000244140625],[-1.3041075412184,42.999435514211655,976.7999877929688],[-1.3040868379175663,42.99943819642067,977.2000122070312],[-1.3040632847696543,42.99944314174354,977.5999755859375],[-1.3040361274033785,42.999445740133524,977.7999877929688],[-1.3040114846080542,42.99945035018027,977.7999877929688],[-1.3039787951856852,42.99945923499763,978.2000122070312],[-1.303957337513566,42.999459989368916,978.7999877929688],[-1.303939651697874,42.999458564445376,979],[-1.3039181102067232,42.99946317449212,979.2000122070312],[-1.303887264803052,42.999475076794624,979.4000244140625],[-1.3038638792932034,42.99947398714721,979.7999877929688],[-1.3038385659456253,42.99948060885072,980],[-1.3038233947008848,42.99948303960264,980.2000122070312],[-1.3037985004484653,42.99948890693486,980.4000244140625],[-1.3037863466888666,42.999492678791285,980.5999755859375],[-1.3037415035068989,42.99950131215155,980.5999755859375],[-1.3037415035068989,42.99950131215155,980.7999877929688],[-1.3037097360938787,42.99951489083469,981],[-1.303689619526267,42.999518662691116,981.2000122070312],[-1.303671095520258,42.999517153948545,981.4000244140625],[-1.3036487996578217,42.99951824359596,981.5999755859375],[-1.3036259170621634,42.99952561967075,982],[-1.303601861000061,42.99953257665038,982.2000122070312],[-1.3035589456558228,42.99953836016357,982.4000244140625],[-1.3035589456558228,42.99953836016357,982.5999755859375],[-1.3035148568451405,42.99954389221966,982.7999877929688],[-1.3035148568451405,42.99954389221966,983.2000122070312],[-1.3034925609827042,42.99954732879996,983.4000244140625],[-1.3034723605960608,42.99955302849412,983.4000244140625],[-1.3034511543810368,42.999560572206974,983.5999755859375],[-1.3034259248524904,42.999563505873084,983.7999877929688],[-1.3034014496952295,42.999564092606306,984],[-1.3033781480044127,42.99956317059696,984.2000122070312],[-1.30335358902812,42.999561075121164,984.4000244140625],[-1.3033286109566689,42.99955788999796,984.7999877929688],[-1.303304135799408,42.999554704874754,985],[-1.303282342851162,42.99955051392317,985.4000244140625],[-1.3032595440745354,42.99955353140831,985.5999755859375],[-1.303234901279211,42.99955193884671,985.7999877929688],[-1.3032098393887281,42.999552274122834,986],[-1.303183939307928,42.99955193884671,986.2000122070312],[-1.3031577877700329,42.99955302849412,986.4000244140625],[-1.3031336478888988,42.9995558783412,986.5999755859375],[-1.3031098432838917,42.99955990165472,987],[-1.3030877150595188,42.99956283532083,987.2000122070312],[-1.303063491359353,42.999560572206974,987.4000244140625],[-1.3030359987169504,42.999563505873084,987.4000244140625],[-1.3030130323022604,42.99956099130213,987.7999877929688],[-1.3029883056879044,42.99955998547375,987.7999877929688],[-1.3029676862061024,42.99956375733018,988],[-1.3029458094388247,42.99956610426307,988.2000122070312],[-1.3029240164905787,42.99956761300564,988.4000244140625],[-1.3028993736952543,42.999571384862065,988.5999755859375],[-1.3028690312057734,42.99957222305238,988.5999755859375],[-1.3028370961546898,42.99957364797592,988.7999877929688],[-1.30281463265419,42.999569876119494,989],[-1.302791079506278,42.99956912174821,989.2000122070312],[-1.3027677778154612,42.999569876119494,989.5999755859375],[-1.3027092721313238,42.999566942453384,989.5999755859375],[-1.3027092721313238,42.999566942453384,990],[-1.3026825338602066,42.99955495633185,990],[-1.3026238605380058,42.99953458830714,990.2000122070312],[-1.3026238605380058,42.99953458830714,990.4000244140625],[-1.302590249106288,42.99952955916524,990.7999877929688],[-1.3025601580739021,42.99953039735556,991],[-1.3025325816124678,42.99953056499362,991.2000122070312],[-1.3024977967143059,42.99953190609813,991.4000244140625],[-1.302478015422821,42.99953735433519,991.5999755859375],[-1.302435602992773,42.9995384439826,991.7999877929688],[-1.302394364029169,42.999541042372584,992],[-1.3023566454648972,42.99954514950514,992],[-1.302330745384097,42.99954288639128,992.2000122070312],[-1.3022737484425306,42.999534755945206,992.2000122070312],[-1.3022737484425306,42.999534755945206,992.4000244140625],[-1.302248015999794,42.99953266046941,992.4000244140625],[-1.3022122252732515,42.99952846951783,992.4000244140625],[-1.302151121199131,42.99951916560531,992.5999755859375],[-1.302151121199131,42.99951916560531,992.7999877929688],[-1.3021165877580643,42.99951304681599,992.7999877929688],[-1.3020835630595684,42.99951036460698,992.7999877929688],[-1.3020578306168318,42.99950768239796,993],[-1.302033942192793,42.999511202797294,993.2000122070312],[-1.3019928708672523,42.99951304681599,993.4000244140625],[-1.301953224465251,42.99949578009546,993.5999755859375],[-1.301953224465251,42.99949578009546,993.7999877929688],[-1.3019027654081583,42.99948739819229,994],[-1.3019027654081583,42.99948739819229,994.4000244140625],[-1.301861945539713,42.99947650171816,994.7999877929688],[-1.301861945539713,42.99947650171816,994.7999877929688],[-1.3018302619457245,42.99947029910982,995.2000122070312],[-1.301802434027195,42.999460492283106,995.2000122070312],[-1.3017698284238577,42.99946476705372,995.4000244140625],[-1.3017471972852945,42.9994625877589,995.4000244140625],[-1.301719956099987,42.999455127865076,995.4000244140625],[-1.301693469285965,42.99944641068578,995.7999877929688],[-1.30166782066226,42.99944247119129,995.7999877929688],[-1.3016435131430626,42.999438028782606,996],[-1.3016191218048334,42.999435514211655,996.2000122070312],[-1.3015945628285408,42.99943375401199,996.2000122070312],[-1.301568914204836,42.99942830577493,996.4000244140625],[-1.3015442714095116,42.99942151643336,996.5999755859375],[-1.301520885899663,42.99941439181566,996.5999755859375],[-1.3014972489327192,42.999407351017,996.7999877929688],[-1.3014527410268784,42.99939217977226,996.7999877929688],[-1.3014527410268784,42.99939217977226,997],[-1.3014311157166958,42.99938455224037,997.2000122070312],[-1.3014024496078491,42.99938430078328,997.4000244140625],[-1.3013806566596031,42.99938396550715,997.5999755859375],[-1.3013598695397377,42.99938337877393,997.5999755859375],[-1.3013331312686205,42.999383294954896,997.7999877929688],[-1.301307650282979,42.99938446842134,997.7999877929688],[-1.301279403269291,42.9993846360594,998],[-1.3012512400746346,42.99938287585974,998],[-1.301218131557107,42.99937767907977,998.2000122070312],[-1.301175719127059,42.99937181174755,998.2000122070312],[-1.301145376637578,42.999374913051724,998.4000244140625],[-1.3011052273213863,42.99937130883336,998.4000244140625],[-1.3010739628225565,42.999363681301475,998.5999755859375],[-1.3010409381240606,42.99935856834054,998.7999877929688],[-1.3010183069854975,42.99935672432184,998.7999877929688],[-1.3009932450950146,42.99935462884605,999],[-1.3009724579751492,42.99935169517994,999.2000122070312],[-1.3009460549801588,42.99935018643737,999.4000244140625],[-1.3009243458509445,42.99934549257159,999.4000244140625],[-1.3008975237607956,42.9993418045342,999.5999755859375],[-1.3008704502135515,42.99933610484004,999.7999877929688],[-1.3008438795804977,42.99933459609747,1000],[-1.300821416079998,42.99933065660298,1000],[-1.3007992040365934,42.999320179224014,1000.2000122070312],[-1.3007732201367617,42.999316239729524,1000.4000244140625],[-1.3007473200559616,42.999316826462746,1000.5999755859375],[-1.300718067213893,42.99931665882468,1000.7999877929688],[-1.300694514065981,42.99931322224438,1001],[-1.3006680272519588,42.999309031292796,1001.2000122070312],[-1.3006401993334293,42.99930643290281,1001.4000244140625],[-1.3005818612873554,42.99930525943637,1001.5999755859375],[-1.3005818612873554,42.99930525943637,1001.7999877929688],[-1.3005524408072233,42.99930123612285,1002.2000122070312],[-1.3005230203270912,42.99929469823837,1002.2000122070312],[-1.3004946894943714,42.999286064878106,1002.5999755859375],[-1.3004607427865267,42.99928346648812,1003],[-1.3004327472299337,42.99928346648812,1003],[-1.3004039973020554,42.99928673543036,1003.2000122070312],[-1.3003733195364475,42.999286483973265,1003.5999755859375],[-1.3003447372466326,42.99927734769881,1003.5999755859375],[-1.300314562395215,42.99927298910916,1003.7999877929688],[-1.3002769276499748,42.999266535043716,1004],[-1.3002159912139177,42.99927558749914,1004.2000122070312],[-1.3002159912139177,42.99927558749914,1004.2000122070312],[-1.300185900181532,42.999280616641045,1004.5999755859375],[-1.3001183420419693,42.999302074313164,1004.7999877929688],[-1.3001183420419693,42.999302074313164,1004.7999877929688],[-1.300047179684043,42.99930869601667,1005],[-1.300047179684043,42.99930869601667,1005.4000244140625],[-1.3000025041401386,42.999309534206986,1005.5999755859375],[-1.2999721616506577,42.999310959130526,1005.7999877929688],[-1.2999365385621786,42.999306935817,1006],[-1.2999160028994083,42.99931028857827,1006],[-1.2998520489782095,42.999283550307155,1006.2000122070312],[-1.2998520489782095,42.999283550307155,1006.5999755859375],[-1.2997630331665277,42.99927164800465,1006.7999877929688],[-1.2997630331665277,42.99927164800465,1007],[-1.2997316848486662,42.99927466548979,1007.2000122070312],[-1.2997054494917393,42.99928807653487,1007.4000244140625],[-1.299687847495079,42.99929511733353,1007.7999877929688],[-1.2996698264032602,42.9992915969342,1008],[-1.299645183607936,42.99928958527744,1008.2000122070312],[-1.2996052857488394,42.99929277040064,1008.4000244140625],[-1.2995571736246347,42.99928908236325,1008.5999755859375],[-1.299529680982232,42.999288914725184,1008.7999877929688],[-1.2994970753788948,42.99928874708712,1009],[-1.2994970753788948,42.99928874708712,1009.2000122070312],[-1.2994636315852404,42.99929075874388,1009.5999755859375],[-1.2994369771331549,42.99929444678128,1009.7999877929688],[-1.299379812553525,42.99929637461901,1010],[-1.2993548344820738,42.999298218637705,1010],[-1.2993275932967663,42.99930291250348,1010.2000122070312],[-1.2993275932967663,42.99930291250348,1010.4000244140625],[-1.2992730271071196,42.99931054003537,1010.5999755859375],[-1.2992730271071196,42.99931054003537,1010.7999877929688],[-1.2992447800934315,42.9993156529963,1011.2000122070312],[-1.2991944048553705,42.99933266825974,1011.2000122070312],[-1.2991944048553705,42.99933266825974,1011.4000244140625],[-1.2991544231772423,42.99932747147977,1011.4000244140625],[-1.2991425208747387,42.9993278067559,1011.5999755859375],[-1.2991310376673937,42.99932973459363,1011.7999877929688],[-1.2991239968687296,42.99933157861233,1011.7999877929688],[-1.2991202250123024,42.99933258444071,1011.7999877929688],[-1.2991202250123024,42.99933258444071,1011.7999877929688],[-1.2991202250123024,42.99933258444071,1011.7999877929688],[-1.2991089094430208,42.999334428459406,1011.7999877929688],[-1.299094408750534,42.99933861941099,1011.7999877929688],[-1.2990846019238234,42.99934163689613,1011.7999877929688],[-1.2990806624293327,42.99934457056224,1011.7999877929688],[-1.2990806624293327,42.99934457056224,1011.7999877929688],[-1.2990806624293327,42.99934457056224,1012],[-1.2990806624293327,42.99934457056224,1012],[-1.2990806624293327,42.99934457056224,1012],[-1.2990806624293327,42.99934457056224,1012],[-1.2990806624293327,42.99934457056224,1012],[-1.2990806624293327,42.99934457056224,1012],[-1.2990806624293327,42.99934457056224,1012],[-1.2990806624293327,42.99934457056224,1012],[-1.2990806624293327,42.99934457056224,1011.7999877929688],[-1.2990806624293327,42.99934457056224,1011.7999877929688],[-1.2990806624293327,42.99934457056224,1011.7999877929688],[-1.2990806624293327,42.99934457056224,1011.7999877929688],[-1.2990806624293327,42.99934457056224,1011.7999877929688],[-1.2990806624293327,42.99934457056224,1011.7999877929688],[-1.2990806624293327,42.99934457056224,1011.7999877929688],[-1.2990806624293327,42.99934457056224,1011.7999877929688],[-1.2990806624293327,42.99934457056224,1011.7999877929688],[-1.2990806624293327,42.99934457056224,1011.7999877929688],[-1.2990709394216537,42.999339289963245,1011.7999877929688],[-1.29906440153718,42.99934113398194,1011.7999877929688],[-1.2990522477775812,42.999336356297135,1011.7999877929688],[-1.2990383338183165,42.999329483136535,1011.7999877929688],[-1.2990156188607216,42.99932772293687,1011.7999877929688],[-1.2989950831979513,42.999320263043046,1011.7999877929688],[-1.2989679258316755,42.999317245557904,1012],[-1.298926854506135,42.999316742643714,1012],[-1.2988939136266708,42.99931665882468,1012],[-1.2988727074116468,42.9993190895766,1012],[-1.2988594640046358,42.99932177178562,1012.2000122070312],[-1.2988316360861063,42.99932923167944,1012.4000244140625],[-1.2988072447478771,42.99933752976358,1012.4000244140625],[-1.2987930793315172,42.99934423528612,1012.5999755859375],[-1.2987722922116518,42.9993521142751,1012.7999877929688],[-1.2987567856907845,42.999358316883445,1012.7999877929688],[-1.2987394351512194,42.999365692958236,1013],[-1.2987148761749268,42.99937281757593,1013],[-1.2986806780099869,42.99937558360398,1013],[-1.2986422050744295,42.99937407486141,1013.2000122070312],[-1.298609683290124,42.99937751144171,1013.2000122070312],[-1.298576658591628,42.99937818199396,1013.4000244140625],[-1.2985497526824474,42.99938161857426,1013.4000244140625],[-1.2985258642584085,42.99938698299229,1013.4000244140625],[-1.2985054962337017,42.999397460371256,1013.5999755859375],[-1.298490660265088,42.99941036850214,1013.5999755859375],[-1.2984808534383774,42.99942160025239,1013.7999877929688],[-1.2984632514417171,42.99943392165005,1014],[-1.2984422966837883,42.99944750033319,1014],[-1.298420000821352,42.99946325831115,1014.2000122070312],[-1.298401476815343,42.99948060885072,1014.5999755859375],[-1.2983868084847927,42.999500473961234,1014.7999877929688],[-1.298368787392974,42.99952327273786,1015],[-1.2983527779579163,42.99954380840063,1015.2000122070312],[-1.2983341701328754,42.99956191331148,1015.2000122070312],[-1.2983122933655977,42.99957599490881,1015.5999755859375],[-1.2982920091599226,42.99959158524871,1015.5999755859375],[-1.2982747424393892,42.99960449337959,1015.7999877929688],[-1.298253033310175,42.99962393939495,1016],[-1.2982315756380558,42.999642211943865,1016],[-1.2982118781656027,42.99965771846473,1016.2000122070312],[-1.298188492655754,42.99967096187174,1016.2000122070312],[-1.298164101317525,42.999685211107135,1016.4000244140625],[-1.2981422245502472,42.99970356747508,1016.5999755859375],[-1.2981186714023352,42.99971873871982,1016.7999877929688],[-1.2980977166444063,42.999737514182925,1016.7999877929688],[-1.2980807851999998,42.999758049845695,1016.7999877929688],[-1.2980632670223713,42.99977791495621,1017],[-1.2980437371879816,42.99979476258159,1017],[-1.298025045543909,42.99981060437858,1017.2000122070312],[-1.2980122212320566,42.99983155913651,1017.2000122070312],[-1.298002665862441,42.99985653720796,1017.2000122070312],[-1.2979879975318909,42.99987640231848,1017.2000122070312],[-1.2979694735258818,42.99989693798125,1017.4000244140625],[-1.297952039167285,42.99991177394986,1017.4000244140625],[-1.2979307491332293,42.9999322257936,1017.4000244140625],[-1.2979091238230467,42.99995259381831,1017.4000244140625],[-1.2978843972086906,42.99997363239527,1017.4000244140625],[-1.2978561501950026,42.99999215640128,1017.4000244140625],[-1.297827484086156,43.000011602416635,1017.2000122070312],[-1.2977958843111992,43.00003037787974,1017],[-1.2977616861462593,43.00005451776087,1017],[-1.2977264821529388,43.00007723271847,1016.7999877929688],[-1.2976906076073647,43.000096092000604,1016.4000244140625],[-1.2976564094424248,43.00011495128274,1016.2000122070312],[-1.2976186908781528,43.00013104453683,1016],[-1.2975802179425955,43.000145964324474,1015.7999877929688],[-1.2975470256060362,43.00016524270177,1015.5999755859375],[-1.2975147552788258,43.000183682888746,1015.4000244140625],[-1.2974745221436024,43.00020790658891,1015.4000244140625],[-1.2974394857883453,43.00023020245135,1015.4000244140625],[-1.297410987317562,43.000248558819294,1015.2000122070312],[-1.297373017296195,43.00027177669108,1014.7999877929688],[-1.2973358854651451,43.00029910169542,1014.5999755859375],[-1.2972984183579683,43.00032550469041,1014.2000122070312],[-1.2972563412040472,43.000362887978554,1013.7999877929688],[-1.2972285132855177,43.000390296801925,1013.5999755859375],[-1.2971917167305946,43.00042265094817,1013],[-1.2971563450992107,43.000455256551504,1012.7999877929688],[-1.2971189618110657,43.00048635341227,1012.2000122070312],[-1.297082668170333,43.00051367841661,1012],[-1.2970448657870293,43.00053672865033,1011.4000244140625],[-1.2970044650137424,43.00055533647537,1011.4000244140625],[-1.2969602923840284,43.000570172443986,1011],[-1.296912096440792,43.00058903172612,1010.4000244140625],[-1.2968689296394587,43.00060939975083,1009.7999877929688],[-1.2968312948942184,43.000630270689726,1009.5999755859375],[-1.2967982701957226,43.00065717659891,1009.4000244140625],[-1.2967702746391296,43.00068969838321,1009.4000244140625],[-1.2967533431947231,43.000716185197234,1009.4000244140625],[-1.2967401836067438,43.00074133090675,1009.4000244140625],[-1.2967313826084137,43.00076823681593,1009.4000244140625],[-1.2967247609049082,43.000795897096395,1009.4000244140625],[-1.2967237550765276,43.000820791348815,1009.4000244140625],[-1.2967269401997328,43.000848116353154,1009.4000244140625],[-1.2967353221029043,43.000874519348145,1009.4000244140625],[-1.2967516668140888,43.00090251490474,1009.4000244140625],[-1.2967626471072435,43.000928750261664,1009.5999755859375],[-1.2967643234878778,43.00096697174013,1009.7999877929688],[-1.2967597134411335,43.00099605694413,1010.4000244140625],[-1.296748062595725,43.001030925661325,1011],[-1.296728951856494,43.00106185488403,1011.2000122070312],[-1.2967075780034065,43.00109521485865,1011.4000244140625],[-1.296693915501237,43.00112195312977,1011.4000244140625],[-1.2966778222471476,43.00114852376282,1011.7999877929688],[-1.2966547720134258,43.00117392092943,1011.7999877929688],[-1.2966318055987358,43.001193618401885,1012],[-1.296606995165348,43.00121256150305,1012.2000122070312],[-1.2965743895620108,43.00122957676649,1012.4000244140625],[-1.2965494114905596,43.00123829394579,1013],[-1.296509262174368,43.0012481007725,1013.2000122070312],[-1.2964726332575083,43.001254722476006,1013.2000122070312],[-1.2964426260441542,43.00126335583627,1013.2000122070312],[-1.2963962741196156,43.00127919763327,1013.2000122070312],[-1.296363165602088,43.00129059702158,1013.4000244140625],[-1.2963193282485008,43.0013014934957,1013.4000244140625],[-1.2962786760181189,43.00131163559854,1013.4000244140625],[-1.2962374370545149,43.0013205204159,1013.7999877929688],[-1.2961938511580229,43.00132730975747,1013.7999877929688],[-1.2961542047560215,43.00133351236582,1013.7999877929688],[-1.2961149774491787,43.00133862532675,1014],[-1.2960747443139553,43.00134533084929,1014],[-1.2960366904735565,43.00134868361056,1014],[-1.2959978822618723,43.00135128200054,1014.2000122070312],[-1.2959584034979343,43.00135371275246,1014.2000122070312],[-1.295918170362711,43.00135865807533,1014.4000244140625],[-1.295878691598773,43.00135723315179,1014.4000244140625],[-1.2958408053964376,43.001358238980174,1015],[-1.295794453471899,43.001358825713396,1015.2000122070312],[-1.2957571540027857,43.001361675560474,1015.2000122070312],[-1.2957268115133047,43.00136377103627,1015.4000244140625],[-1.295691356062889,43.0013638548553,1015.4000244140625],[-1.2956540565937757,43.00136393867433,1015.7999877929688],[-1.2956175114959478,43.001363184303045,1016],[-1.2955762725323439,43.00136192701757,1016.4000244140625],[-1.295541487634182,43.00136276520789,1016.4000244140625],[-1.2955134082585573,43.00136209465563,1016.5999755859375],[-1.2954762764275074,43.00136192701757,1016.7999877929688],[-1.2954364623874426,43.00136242993176,1017],[-1.295409221202135,43.00136494450271,1017.4000244140625],[-1.2953736819326878,43.00136393867433,1017.5999755859375],[-1.2953411601483822,43.001361172646284,1017.7999877929688],[-1.2953087221831083,43.00135941244662,1018],[-1.2952730990946293,43.001357316970825,1018.2000122070312],[-1.2952394876629114,43.001356814056635,1018.4000244140625],[-1.2952067144215107,43.00135765224695,1018.5999755859375],[-1.2951715104281902,43.001359328627586,1018.7999877929688],[-1.2951320316642523,43.00136150792241,1018.7999877929688],[-1.2951320316642523,43.00136150792241,1019.2000122070312],[-1.2951072212308645,43.00136100500822,1019.4000244140625],[-1.2950291857123375,43.00136159174144,1019.4000244140625],[-1.2949985917657614,43.00136351957917,1019.5999755859375],[-1.294961292296648,43.00136444158852,1019.7999877929688],[-1.2949247471988201,43.00136184319854,1020],[-1.2948794849216938,43.00135916098952,1020],[-1.2948488909751177,43.001359328627586,1020.2000122070312],[-1.2948060594499111,43.001360418275,1020.4000244140625],[-1.2947762198746204,43.00136142410338,1020.5999755859375],[-1.2947415187954903,43.001363100484014,1021],[-1.2946981005370617,43.001364190131426,1021.2000122070312],[-1.294662393629551,43.00136678852141,1021.2000122070312],[-1.2946342304348946,43.00136930309236,1021.4000244140625],[-1.294599613174796,43.00137357786298,1021.4000244140625],[-1.2945635709911585,43.00137843936682,1021.7999877929688],[-1.2945287022739649,43.00138397142291,1022],[-1.294491235166788,43.00139277242124,1022.2000122070312],[-1.294456534087658,43.00140157341957,1022.4000244140625],[-1.2944215815514326,43.00140970386565,1022.4000244140625],[-1.294387886300683,43.00142143853009,1022.5999755859375],[-1.2943536043167114,43.00143183209002,1022.5999755859375],[-1.2943209148943424,43.001443818211555,1023],[-1.2942888960242271,43.00145622342825,1023],[-1.2942575477063656,43.0014708917588,1023.2000122070312],[-1.2942280434072018,43.00148455426097,1023.2000122070312],[-1.2942000478506088,43.00150307826698,1023.4000244140625],[-1.2941723875701427,43.00151984207332,1023.4000244140625],[-1.2941473256796598,43.00153878517449,1023.4000244140625],[-1.2941169831901789,43.00156326033175,1023.4000244140625],[-1.2940965313464403,43.00157926976681,1023.4000244140625],[-1.2940718047320843,43.001601062715054,1023.5999755859375],[-1.2940464913845062,43.00162327475846,1023.7999877929688],[-1.29402419552207,43.001645067706704,1024],[-1.294002989307046,43.00167088396847,1024.199951171875],[-1.2939836271107197,43.00169619731605,1024.4000244140625],[-1.2939628399908543,43.00172109156847,1024.4000244140625],[-1.2939414661377668,43.00174539908767,1024.4000244140625],[-1.2939207628369331,43.00177088007331,1024.4000244140625],[-1.2938972935080528,43.00180063582957,1024.5999755859375],[-1.293879272416234,43.001826452091336,1024.800048828125],[-1.2938643526285887,43.001848412677646,1024.800048828125],[-1.2938406318426132,43.00187649205327,1025],[-1.2938217725604773,43.00189979374409,1025],[-1.29380626603961,43.00191949121654,1025],[-1.2937886640429497,43.00194723531604,1025.199951171875],[-1.2937688827514648,43.00197606906295,1025.199951171875],[-1.293744407594204,43.00200641155243,1025.4000244140625],[-1.2937276437878609,43.00202460028231,1025.5999755859375],[-1.2937028333544731,43.002045722678304,1025.800048828125],[-1.2936754245311022,43.00206986255944,1026],[-1.2936517037451267,43.00209349952638,1026],[-1.29362597130239,43.00211395137012,1026.199951171875],[-1.293597724288702,43.002135157585144,1026.4000244140625],[-1.293567717075348,43.00215602852404,1026.4000244140625],[-1.293535865843296,43.00217664800584,1026.4000244140625],[-1.293502002954483,43.00219693221152,1026.5999755859375],[-1.2934671342372894,43.002211935818195,1026.5999755859375],[-1.29343100823462,43.00222551450133,1026.800048828125],[-1.2933960556983948,43.00223741680384,1027],[-1.2933569122105837,43.002247642725706,1027.4000244140625],[-1.2933205347508192,43.0022566113621,1027.5999755859375],[-1.2932818941771984,43.00226574763656,1027.5999755859375],[-1.2932450976222754,43.00227186642587,1027.800048828125],[-1.2932063732296228,43.002276895567775,1028],[-1.2931673973798752,43.00228117033839,1028],[-1.2931287568062544,43.00228628329933,1028],[-1.293089697137475,43.00228804349899,1028.199951171875],[-1.2930510565638542,43.00228636711836,1028.4000244140625],[-1.2930119130760431,43.0022825114429,1028.5999755859375],[-1.292976038530469,43.00227848812938,1028.5999755859375],[-1.2929320335388184,43.00227127969265,1028.800048828125],[-1.2929002661257982,43.00226038321853,1029.199951171875],[-1.2928565964102745,43.00224890001118,1029.5999755859375],[-1.2928209733217955,43.00223993137479,1029.800048828125],[-1.292788116261363,43.00222978927195,1030],[-1.2927505653351545,43.00221847370267,1030],[-1.2927138525992632,43.00220439210534,1030.199951171875],[-1.292683258652687,43.00219349563122,1030.4000244140625],[-1.292645875364542,43.00217974931002,1030.5999755859375],[-1.2926008645445108,43.00216382369399,1030.800048828125],[-1.292564319446683,43.00214999355376,1031],[-1.2925364915281534,43.00213700160384,1031],[-1.2924953363835812,43.00211772322655,1031.199951171875],[-1.2924614734947681,43.0021028034389,1031.199951171875],[-1.2924317177385092,43.002091236412525,1031.5999755859375],[-1.2923955079168081,43.0020769033581,1031.5999755859375],[-1.2923515867441893,43.00205661915243,1031.5999755859375],[-1.29231839440763,43.002045303583145,1031.800048828125],[-1.29227539524436,43.002030635252595,1031.800048828125],[-1.2922271993011236,43.00201085396111,1031.800048828125],[-1.2921867985278368,43.00199182704091,1031.800048828125],[-1.2921449728310108,43.0019733030349,1031.800048828125],[-1.2921106070280075,43.0019579641521,1031.800048828125],[-1.2920681945979595,43.00194011069834,1032],[-1.2920168973505497,43.00191848538816,1032],[-1.2919727247208357,43.0019024759531,1032],[-1.2919350899755955,43.00189325585961,1031.800048828125],[-1.2918865587562323,43.00187942571938,1031.800048828125],[-1.2918257899582386,43.001864003017545,1031.800048828125],[-1.2917871493846178,43.00185696221888,1031.800048828125],[-1.2917428091168404,43.00185394473374,1031.800048828125],[-1.2917013186961412,43.00185805186629,1032],[-1.2916624266654253,43.00186802633107,1032],[-1.291626300662756,43.001885460689664,1032.199951171875],[-1.2915982212871313,43.00190708599985,1032.199951171875],[-1.291577434167266,43.001928459852934,1032.4000244140625],[-1.2915548868477345,43.00195352174342,1032.5999755859375],[-1.2915548868477345,43.00195352174342,1033.199951171875],[-1.291525298729539,43.00198118202388,1033.199951171875],[-1.2915100436657667,43.00199878402054,1033.5999755859375],[-1.2914950400590897,43.00201764330268,1034],[-1.29148431122303,43.00203591585159,1034.199951171875],[-1.2914759293198586,43.00205435603857,1034.4000244140625],[-1.2914694752544165,43.00207472406328,1034.800048828125],[-1.2914615962654352,43.002097103744745,1035],[-1.2914561480283737,43.002119148150086,1035.4000244140625],[-1.2914515379816294,43.00214571878314,1036],[-1.291450196877122,43.002164578065276,1036.4000244140625],[-1.2914486043155193,43.00218620337546,1036.5999755859375],[-1.2914491072297096,43.002206068485975,1037],[-1.2914486043155193,43.00222576595843,1037.4000244140625],[-1.2914506997913122,43.002245211973786,1037.5999755859375],[-1.291449023410678,43.002267088741064,1037.800048828125],[-1.2914491072297096,43.00228971987963,1038],[-1.2914496101439,43.00230908207595,1038.4000244140625],[-1.291451370343566,43.00232877954841,1038.800048828125],[-1.291449861600995,43.00235451199114,1039],[-1.2914545554667711,43.00237328745425,1039.199951171875],[-1.291461093351245,43.002396672964096,1039.199951171875],[-1.2914649490267038,43.002420058473945,1039.5999755859375],[-1.2914658710360527,43.00244176760316,1040],[-1.2914626020938158,43.002462051808834,1040.199951171875],[-1.2914650328457355,43.00248778425157,1040.4000244140625],[-1.2914671283215284,43.00250471569598,1040.5999755859375],[-1.2914709839969873,43.00252106040716,1040.800048828125],[-1.291473414748907,43.002540338784456,1041],[-1.2914727441966534,43.002563221380115,1041.199951171875],[-1.291474001482129,43.002584259957075,1041.5999755859375],[-1.2914774380624294,43.00260638818145,1041.800048828125],[-1.2914812937378883,43.00262860022485,1041.800048828125],[-1.2914808746427298,43.002648800611496,1042],[-1.29148137755692,43.002667743712664,1042.199951171875],[-1.2914833892136812,43.002687860280275,1042.4000244140625],[-1.291484897956252,43.00270973704755,1042.800048828125],[-1.2914863228797913,43.00272951833904,1043],[-1.2914863228797913,43.00272951833904,1043.4000244140625],[-1.291494620963931,43.00276916474104,1043.4000244140625],[-1.2914941180497408,43.00278433598578,1043.5999755859375],[-1.2914931122213602,43.00280436873436,1043.800048828125],[-1.2914983928203583,43.00282926298678,1044],[-1.291502919048071,43.00284636206925,1044.199951171875],[-1.291507612913847,43.00286413170397,1044.4000244140625],[-1.291508786380291,43.00288760103285,1044.5999755859375],[-1.2915102113038301,43.002904281020164,1044.800048828125],[-1.2915163300931454,43.002929762005806,1045],[-1.2915209401398897,43.002951219677925,1045],[-1.2915232870727777,43.002973264083266,1045.199951171875],[-1.2915262207388878,43.00299639813602,1045.4000244140625],[-1.2915266398340464,43.00301701761782,1045.5999755859375],[-1.2915242929011583,43.00303939729929,1045.800048828125],[-1.2915268912911415,43.00306236371398,1046],[-1.2915308307856321,43.00308524630964,1046.199951171875],[-1.2915337644517422,43.00310896709561,1046.5999755859375],[-1.291537620127201,43.00313159823418,1046.5999755859375],[-1.2915412243455648,43.003157414495945,1046.800048828125],[-1.2915422301739454,43.00318339839578,1047],[-1.291546169668436,43.00320812501013,1047.4000244140625],[-1.2915460020303726,43.003231259062886,1047.5999755859375],[-1.2915437389165163,43.00325254909694,1047.5999755859375],[-1.2915413081645966,43.00327626988292,1048],[-1.2915378715842962,43.00330116413534,1048],[-1.2915318366140127,43.00332580693066,1048.199951171875],[-1.2915246281772852,43.00335505977273,1048.4000244140625],[-1.2915147375315428,43.00338297151029,1048.4000244140625],[-1.2915021646767855,43.00340635702014,1048.5999755859375],[-1.2915021646767855,43.00340635702014,1048.5999755859375],[-1.2914765998721123,43.003442734479904,1048.5999755859375],[-1.291461680084467,43.003466287627816,1048.5999755859375],[-1.2914408929646015,43.00349621102214,1048.5999755859375],[-1.2914170883595943,43.00352152436972,1048.5999755859375],[-1.2913890928030014,43.00354256294668,1048.199951171875],[-1.2913580797612667,43.00356024876237,1048.199951171875],[-1.291322959586978,43.00357734784484,1048.199951171875],[-1.2912882585078478,43.00359201617539,1048.199951171875],[-1.2912545632570982,43.003607438877225,1048.199951171875],[-1.2912234663963318,43.00362101756036,1048.199951171875],[-1.2911873403936625,43.00363392569125,1048.4000244140625],[-1.291148029267788,43.003643061965704,1048.4000244140625],[-1.2911051977425814,43.00364934839308,1048.5999755859375],[-1.2910611927509308,43.00365446135402,1048.5999755859375],[-1.2910197023302317,43.00366242416203,1048.800048828125],[-1.2909770384430885,43.003666615113616,1049],[-1.2909311894327402,43.00366879440844,1049],[-1.2908818200230598,43.00366527400911,1049.199951171875],[-1.2908372282981873,43.003663178533316,1049.4000244140625],[-1.2907930556684732,43.003665106371045,1049.5999755859375],[-1.290751313790679,43.00366292707622,1049.800048828125],[-1.290710661560297,43.003663597628474,1050.199951171875],[-1.29067855887115,43.00366334617138,1050.4000244140625],[-1.2906439416110516,43.0036639329046,1050.800048828125],[-1.2906106654554605,43.003663597628474,1051],[-1.290574036538601,43.0036589037627,1051.4000244140625],[-1.2905389163643122,43.003656305372715,1051.5999755859375],[-1.2905037123709917,43.003649432212114,1052],[-1.2904685083776712,43.00364440307021,1052.199951171875],[-1.290431208908558,43.00364004448056,1052.4000244140625],[-1.2903965916484594,43.003638284280896,1052.5999755859375],[-1.2903608847409487,43.003634847700596,1052.5999755859375],[-1.290320735424757,43.003631830215454,1052.800048828125],[-1.290281005203724,43.00362629815936,1053],[-1.2902451306581497,43.00361984409392,1053.199951171875],[-1.2902101781219244,43.00361615605652,1053.4000244140625],[-1.2901721242815256,43.00360810942948,1053.4000244140625],[-1.2901323102414608,43.003604086115956,1053.5999755859375],[-1.2900949269533157,43.00360090099275,1053.800048828125],[-1.290057459846139,43.003597129136324,1054],[-1.2900204956531525,43.00359603948891,1054],[-1.289982022717595,43.003595704212785,1054.199951171875],[-1.2899427954107523,43.003597129136324,1054.199951171875],[-1.2899034842848778,43.00359939225018,1054.4000244140625],[-1.2898667715489864,43.00360090099275,1054.5999755859375],[-1.2898284662514925,43.00360484048724,1054.800048828125],[-1.2897916696965694,43.00360911525786,1054.800048828125],[-1.2897548731416464,43.00361146219075,1055],[-1.2897168193012476,43.003616239875555,1055.199951171875],[-1.2896787654608488,43.00362286157906,1055.199951171875],[-1.2896425556391478,43.00363082438707,1055.4000244140625],[-1.2896057590842247,43.00363702699542,1055.4000244140625],[-1.289570890367031,43.003646079450846,1055.4000244140625],[-1.2895342614501715,43.0036589037627,1055.5999755859375],[-1.2894998118281364,43.00367164425552,1056],[-1.2894656136631966,43.00368430092931,1056.4000244140625],[-1.2894310802221298,43.003697795793414,1056.4000244140625],[-1.2893973849713802,43.00371187739074,1056.4000244140625],[-1.2893605884164572,43.00372688099742,1056.4000244140625],[-1.2893263902515173,43.00374649465084,1056.4000244140625],[-1.28929085098207,43.00376853905618,1056.4000244140625],[-1.2892518751323223,43.00379376858473,1056.4000244140625],[-1.2892140727490187,43.003817573189735,1056.4000244140625],[-1.2891753483563662,43.00384330563247,1056.4000244140625],[-1.2891381327062845,43.00387163646519,1056],[-1.2891007494181395,43.00390432588756,1055.5999755859375],[-1.2890637014061213,43.00394187681377,1055.199951171875],[-1.2890251446515322,43.00398252904415,1055],[-1.2889843247830868,43.00402745604515,1054.199951171875],[-1.2889454327523708,43.004074143245816,1053.800048828125],[-1.2889077980071306,43.004123931750655,1053.199951171875],[-1.2888704147189856,43.004171876236796,1053.199951171875],[-1.2888388149440289,43.00422325730324,1053],[-1.2888073828071356,43.00427597947419,1053],[-1.2888073828071356,43.00427597947419,1052.199951171875],[-1.288756001740694,43.0043962597847,1052],[-1.288738064467907,43.00445744767785,1051.5999755859375],[-1.2887243181467056,43.00451947376132,1051.199951171875],[-1.2887126673012972,43.00458460114896,1050.5999755859375],[-1.288703866302967,43.004645286127925,1050.4000244140625],[-1.2887005973607302,43.00470379181206,1050.199951171875],[-1.2886980827897787,43.00476321950555,1049.800048828125],[-1.288713589310646,43.00482046790421,1049.5999755859375],[-1.288733957335353,43.00487754866481,1049.5999755859375],[-1.2887463625520468,43.00493219867349,1049.4000244140625],[-1.288744853809476,43.004977544769645,1049],[-1.2887208815664053,43.005011240020394,1048.800048828125],[-1.288672937080264,43.00503353588283,1048.800048828125],[-1.2886094022542238,43.005039151757956,1048.800048828125],[-1.2885355576872826,43.00502800382674,1048.800048828125],[-1.2884723581373692,43.00501408986747,1048.800048828125],[-1.2884144391864538,43.00499942153692,1048.5999755859375],[-1.2883571907877922,43.00498366355896,1048.4000244140625],[-1.2882984336465597,43.004962876439095,1048.199951171875],[-1.2882540095597506,43.00494351424277,1048],[-1.2881971802562475,43.004920380190015,1047.5999755859375],[-1.288142278790474,43.00489230081439,1047.4000244140625],[-1.288075977936387,43.00485617481172,1047],[-1.2880169693380594,43.004819713532925,1046.800048828125],[-1.2879587151110172,43.004781575873494,1046.5999755859375],[-1.287898700684309,43.00474192947149,1046.199951171875],[-1.2878448888659477,43.004696164280176,1046],[-1.2877904064953327,43.004646291956306,1045.199951171875],[-1.2877904064953327,43.004646291956306,1044.5999755859375],[-1.2876806873828173,43.004552498459816,1043.4000244140625],[-1.287629222497344,43.00450396724045,1042],[-1.2875783443450928,43.00445744767785,1041.4000244140625],[-1.2875336688011885,43.00441595725715,1041.199951171875],[-1.287487568333745,43.00438418984413,1041],[-1.2874458264559507,43.00436650402844,1040.800048828125],[-1.2873804476112127,43.00435225479305,1040.5999755859375],[-1.2873309943825006,43.004360049963,1040.5999755859375],[-1.2872882466763258,43.0043856985867,1040.4000244140625],[-1.287252539768815,43.00442500971258,1040.4000244140625],[-1.2872294057160616,43.00446373410523,1040],[-1.2872035894542933,43.004523077979684,1039.4000244140625],[-1.2871914356946945,43.00457613542676,1038.5999755859375],[-1.287182467058301,43.004635563120246,1038.5999755859375],[-1.2871791142970324,43.00469633191824,1038.4000244140625],[-1.2871791142970324,43.004752323031425,1038.199951171875],[-1.2871820479631424,43.00480982288718,1038],[-1.2871835567057133,43.004872016608715,1037.800048828125],[-1.287179198116064,43.004935048520565,1037.5999755859375],[-1.2871716544032097,43.00499732606113,1037.199951171875],[-1.2871710676699877,43.00506236962974,1036.800048828125],[-1.2871719896793365,43.005127497017384,1036.199951171875],[-1.2871709000319242,43.00518826581538,1036],[-1.2871620152145624,43.00524953752756,1035.5999755859375],[-1.28715212456882,43.00531215034425,1035.5999755859375],[-1.2871392164379358,43.00537669099867,1035.4000244140625],[-1.2871078681200743,43.00543528050184,1035.199951171875],[-1.2870766874402761,43.005494959652424,1035],[-1.2870352808386087,43.005548771470785,1035],[-1.2870029266923666,43.005610378459096,1034.800048828125],[-1.28696009516716,43.00567206926644,1034.800048828125],[-1.28691416233778,43.005738873034716,1034.5999755859375],[-1.2868659663945436,43.00580224022269,1034],[-1.2868233863264322,43.005844317376614,1033.4000244140625],[-1.2868037726730108,43.00589108839631,1033.199951171875],[-1.2867732625454664,43.00594431348145,1033],[-1.286740405485034,43.00599058158696,1032.800048828125],[-1.2867007590830326,43.00603953190148,1032.800048828125],[-1.2866628728806973,43.00608546473086,1032.800048828125],[-1.2866206280887127,43.00611010752618,1032.5999755859375],[-1.2865741923451424,43.006139528006315,1032.5999755859375],[-1.2865161057561636,43.00616140477359,1032.4000244140625],[-1.286462377756834,43.00620147027075,1032.4000244140625],[-1.2864141818135977,43.00620540976524,1032.4000244140625],[-1.28634930588305,43.00617892295122,1032.4000244140625],[-1.2863043788820505,43.00615034066141,1032.5999755859375],[-1.2862725276499987,43.0061196628958,1032.5999755859375],[-1.2862463761121035,43.006088230758905,1033],[-1.2862284388393164,43.00605855882168,1033.5999755859375],[-1.2862178776413202,43.00603114999831,1034.199951171875],[-1.2862114235758781,43.00600340589881,1034.4000244140625],[-1.2862001918256283,43.0059764161706,1034.800048828125],[-1.2861898820847273,43.005948001518846,1035.199951171875],[-1.2861771415919065,43.00592184998095,1035.5999755859375],[-1.2861685082316399,43.00589351914823,1035.800048828125],[-1.286161970347166,43.00586761906743,1036],[-1.2861562706530094,43.00584280863404,1036.4000244140625],[-1.2861489783972502,43.005819423124194,1036.800048828125],[-1.2861433625221252,43.00579536706209,1037],[-1.2861364055424929,43.00577030517161,1037.4000244140625],[-1.2861265148967505,43.005747674033046,1037.5999755859375],[-1.2861191388219595,43.005724623799324,1038],[-1.2861179653555155,43.005707105621696,1038.199951171875],[-1.2861138582229614,43.005685564130545,1038.199951171875],[-1.2860970944166183,43.005664022639394,1038.4000244140625],[-1.286086617037654,43.00564415752888,1038.800048828125],[-1.2860770616680384,43.00562479533255,1039],[-1.2860719487071037,43.005603505298495,1039.4000244140625],[-1.2860691826790571,43.00558707676828,1039.5999755859375],[-1.2860657460987568,43.00556997768581,1039.800048828125],[-1.2860588729381561,43.00554885528982,1040.199951171875],[-1.2860511615872383,43.005530834198,1040.4000244140625],[-1.2860423605889082,43.00551398657262,1041],[-1.286029452458024,43.00549755804241,1041],[-1.2860066536813974,43.00547685474157,1041.199951171875],[-1.2859729584306479,43.005453050136566,1041.5999755859375],[-1.285955272614956,43.0054322630167,1041.800048828125],[-1.28594228066504,43.00541407428682,1042.199951171875],[-1.285922834649682,43.00539663992822,1042.199951171875],[-1.2859047297388315,43.005378199741244,1042.5999755859375],[-1.285883691161871,43.00536135211587,1042.800048828125],[-1.285860724747181,43.00534475594759,1043],[-1.28583624958992,43.005330841988325,1043.199951171875],[-1.2858131155371666,43.005313742905855,1043.4000244140625],[-1.2857848685234785,43.00529597327113,1043.5999755859375],[-1.2857553642243147,43.00528021529317,1043.800048828125],[-1.2857272010296583,43.005264373496175,1044],[-1.2856997922062874,43.00524945370853,1044.199951171875],[-1.2856790889054537,43.005234031006694,1044.5999755859375],[-1.2856608163565397,43.00521709956229,1044.800048828125],[-1.28564422018826,43.00520754419267,1045],[-1.2856059148907661,43.00518902018666,1045],[-1.2855789251625538,43.00517334602773,1045.199951171875],[-1.2855524383485317,43.00515381619334,1045.199951171875],[-1.2855231016874313,43.00512883812189,1045.4000244140625],[-1.2854898255318403,43.00510637462139,1045.5999755859375],[-1.2854552920907736,43.005083575844765,1045.5999755859375],[-1.2854270450770855,43.00506572239101,1045.800048828125],[-1.2853936851024628,43.00504510290921,1045.800048828125],[-1.2853514403104782,43.00501878373325,1046],[-1.2853250373154879,43.00500419922173,1046],[-1.2852920964360237,43.00498257391155,1046.199951171875],[-1.28526259213686,43.00496228970587,1046.199951171875],[-1.2852293159812689,43.0049351323396,1046.4000244140625],[-1.2851956207305193,43.00491560250521,1046.4000244140625],[-1.2851555552333593,43.00489632412791,1046.4000244140625],[-1.2851214408874512,43.00488098524511,1046.4000244140625],[-1.2850925233215094,43.004862712696195,1046.5999755859375],[-1.2850600015372038,43.00484477542341,1046.5999755859375],[-1.2850259710103273,43.00482499413192,1046.800048828125],[-1.284986576065421,43.00480588339269,1046.800048828125],[-1.2849455885589123,43.0047897901386,1047],[-1.2849132344126701,43.0047741997987,1047],[-1.2848654575645924,43.004750814288855,1047],[-1.2848282419145107,43.00472876988351,1047],[-1.2847885955125093,43.004706893116236,1047],[-1.2847564090043306,43.004693062976,1047],[-1.2847163435071707,43.00467395223677,1047.4000244140625],[-1.2846757750958204,43.0046536680311,1047.4000244140625],[-1.2846342008560896,43.0046346411109,1047.4000244140625],[-1.2845920398831367,43.00461712293327,1047.4000244140625],[-1.284551303833723,43.004596922546625,1047.5999755859375],[-1.2845119088888168,43.004579823464155,1047.5999755859375],[-1.2844706699252129,43.00456347875297,1047.5999755859375],[-1.2844270002096891,43.004546044394374,1047.4000244140625],[-1.2843834143131971,43.004526514559984,1047.4000244140625],[-1.2843371462076902,43.00450639799237,1047.4000244140625],[-1.2842797301709652,43.00448225811124,1047.199951171875],[-1.2842310313135386,43.004462057724595,1047],[-1.2841904629021883,43.00444680266082,1046.800048828125],[-1.2841281853616238,43.004422998055816,1046.800048828125],[-1.284083928912878,43.004409335553646,1046.5999755859375],[-1.2840290274471045,43.00439014099538,1046.5999755859375],[-1.2839695997536182,43.0043666716665,1046.5999755859375],[-1.2839193921536207,43.00435191951692,1046.5999755859375],[-1.2838667538017035,43.00434026867151,1046.5999755859375],[-1.2838154565542936,43.00432752817869,1046.5999755859375],[-1.2837643269449472,43.00431386567652,1046.5999755859375],[-1.2837251834571362,43.004302298650146,1046.5999755859375],[-1.28367455676198,43.004290061071515,1046.5999755859375],[-1.2836113572120667,43.00427572801709,1046.5999755859375],[-1.2835568748414516,43.004264580085874,1046.4000244140625],[-1.2835001293569803,43.00425318069756,1046.4000244140625],[-1.283443970605731,43.00423951819539,1046],[-1.2833886500447989,43.0042234249413,1046],[-1.2833337485790253,43.00420515239239,1045.800048828125],[-1.283286726102233,43.0041924957186,1045.800048828125],[-1.2832200061529875,43.004174223169684,1045.5999755859375],[-1.2831690441817045,43.004159135743976,1045.5999755859375],[-1.283116489648819,43.00414899364114,1045.4000244140625],[-1.283062594011426,43.00413625314832,1045.4000244140625],[-1.2830045074224472,43.00412116572261,1045.199951171875],[-1.2829501926898956,43.00410549156368,1045.199951171875],[-1.2828926090151072,43.00409040413797,1045.199951171875],[-1.2828325107693672,43.00407523289323,1045.199951171875],[-1.282775765284896,43.00405679270625,1045.199951171875],[-1.2827310059219599,43.00404363311827,1045.199951171875],[-1.2826718296855688,43.004019912332296,1045.199951171875],[-1.2826299201697111,43.00400499254465,1045.199951171875],[-1.282571665942669,43.00399024039507,1045.199951171875],[-1.2825172673910856,43.00397079437971,1045.199951171875],[-1.282450882717967,43.003950426355004,1045.199951171875],[-1.282407296821475,43.003938188776374,1045.199951171875],[-1.2823550775647163,43.00392050296068,1045.199951171875],[-1.2823067139834166,43.00390440970659,1045.199951171875],[-1.2822548300027847,43.00388814881444,1045.199951171875],[-1.2822036165744066,43.003874234855175,1045.4000244140625],[-1.282141087576747,43.00385587848723,1045.5999755859375],[-1.282087778672576,43.003841461613774,1045.5999755859375],[-1.2820342183113098,43.00382411107421,1045.5999755859375],[-1.2819734495133162,43.00380751490593,1045.5999755859375],[-1.2819094955921173,43.003789661452174,1045.5999755859375],[-1.2818564381450415,43.003774490207434,1045.199951171875],[-1.2817892991006374,43.0037519428879,1044.4000244140625],[-1.2817174661904573,43.003716906532645,1044],[-1.281664241105318,43.00367658957839,1043.4000244140625],[-1.2816197331994772,43.0036295671016,1042.5999755859375],[-1.2815883848816156,43.00358874723315,1042.199951171875],[-1.281556449830532,43.00352814607322,1041.800048828125],[-1.2815250176936388,43.00347031094134,1041.5999755859375],[-1.2814994528889656,43.00341331399977,1041.199951171875],[-1.2814648356288671,43.00335933454335,1041],[-1.2814240157604218,43.00330216996372,1040.800048828125],[-1.281385039910674,43.00324383191764,1040.800048828125],[-1.2813458126038313,43.003188176080585,1040.4000244140625],[-1.2813013885170221,43.00313176587224,1040],[-1.2812521867454052,43.003077702596784,1039.800048828125],[-1.2812521867454052,43.003077702596784,1039.800048828125],[-1.2811919208616018,43.00301877781749,1039.5999755859375],[-1.2810978759080172,43.002945352345705,1039.5999755859375],[-1.2810453213751316,43.00290813669562,1039.5999755859375],[-1.2809832114726305,43.00286698155105,1039.5999755859375],[-1.2809416372328997,43.0028438474983,1039.5999755859375],[-1.280893860384822,43.00281367264688,1039.800048828125],[-1.280847592279315,43.002786012366414,1040],[-1.2808017432689667,43.00275592133403,1040.199951171875],[-1.2807554751634598,43.00272817723453,1040.199951171875],[-1.2807107158005238,43.0027021933347,1040.199951171875],[-1.2806586641818285,43.00267696380615,1040.4000244140625],[-1.2806080374866724,43.00264896824956,1040.4000244140625],[-1.2805556505918503,43.002623319625854,1040.4000244140625],[-1.2805026769638062,43.002600856125355,1040.199951171875],[-1.2804463505744934,43.00258258357644,1039.800048828125],[-1.280388431623578,43.00256640650332,1039.5999755859375],[-1.2803108990192413,43.00255383364856,1039.4000244140625],[-1.2802560813724995,43.00255333073437,1039],[-1.2801806442439556,43.002554923295975,1038.4000244140625],[-1.2801000103354454,43.00255794078112,1038.199951171875],[-1.2800181191414595,43.00256347283721,1037.5999755859375],[-1.2799332942813635,43.00256984308362,1037],[-1.279842434450984,43.00257277674973,1036],[-1.279739923775196,43.00257361494005,1034.800048828125],[-1.279641604050994,43.00257093273103,1033.199951171875],[-1.2795442063361406,43.00256120972335,1032.5999755859375],[-1.2794499099254608,43.002541260793805,1032],[-1.27936240285635,43.0025103315711,1031.800048828125],[-1.2792792543768883,43.002479150891304,1031.5999755859375],[-1.2792014703154564,43.00244235433638,1031.5999755859375],[-1.2791284639388323,43.00239382311702,1031.4000244140625],[-1.2790542840957642,43.00233917310834,1031.4000244140625],[-1.2789858039468527,43.00228552892804,1031.4000244140625],[-1.2789242807775736,43.00224001519382,1031.4000244140625],[-1.2788680382072926,43.002192908897996,1031.4000244140625],[-1.2788101192563772,43.002151837572455,1031.4000244140625],[-1.278753038495779,43.00211646594107,1031.5999755859375],[-1.2786955386400223,43.002078495919704,1031.5999755859375],[-1.2786247115582228,43.00203960388899,1031.4000244140625],[-1.278576347976923,43.00201529636979,1031.4000244140625],[-1.2785198539495468,43.00198218785226,1031.199951171875],[-1.2784595880657434,43.00195075571537,1031],[-1.278399908915162,43.001923682168126,1030.800048828125],[-1.278345175087452,43.00189116038382,1030.800048828125],[-1.2782878428697586,43.001860650256276,1030.800048828125],[-1.2782262358814478,43.00183248706162,1030.800048828125],[-1.2781685683876276,43.0018060002476,1030.5999755859375],[-1.2781073804944754,43.00177565775812,1030.5999755859375],[-1.2780451867729425,43.00174598582089,1030.5999755859375],[-1.2779845856130123,43.0017179902643,1030.5999755859375],[-1.2779261637479067,43.001691084355116,1030.5999755859375],[-1.277869250625372,43.00166669301689,1030.5999755859375],[-1.2778061348944902,43.00164582207799,1030.5999755859375],[-1.2777475453913212,43.00162587314844,1030.4000244140625],[-1.2776885367929935,43.00160516984761,1030.4000244140625],[-1.2776361498981714,43.001582035794854,1030.4000244140625],[-1.2775814160704613,43.00156116485596,1030.4000244140625],[-1.2775279395282269,43.00154046155512,1030.4000244140625],[-1.2774750497192144,43.00151783041656,1030.4000244140625],[-1.2774208188056946,43.00149436108768,1030.4000244140625],[-1.2773638218641281,43.00146980211139,1030.4000244140625],[-1.2773048970848322,43.00144222564995,1030.199951171875],[-1.2772432062774897,43.00141414627433,1030],[-1.2771808449178934,43.001386150717735,1029.5999755859375],[-1.277117058634758,43.00135958008468,1029.199951171875],[-1.2770548649132252,43.00133024342358,1029],[-1.27699451521039,43.00129881128669,1028.5999755859375],[-1.2769395299255848,43.00126335583627,1028.4000244140625],[-1.276882365345955,43.001226307824254,1027.800048828125],[-1.2768272962421179,43.001190181821585,1027.800048828125],[-1.2767709698528051,43.00115246325731,1027.5999755859375],[-1.2767161522060633,43.001116421073675,1027.5999755859375],[-1.2766562215983868,43.00107300281525,1027.5999755859375],[-1.2766069360077381,43.00103955902159,1027.5999755859375],[-1.2765581533312798,43.00100804306567,1027.5999755859375],[-1.276517417281866,43.00098390318453,1028],[-1.276458241045475,43.00095087848604,1028.199951171875],[-1.2764080334454775,43.0009301751852,1028.199951171875],[-1.2763703148812056,43.0009182728827,1028.4000244140625],[-1.276314239948988,43.000905280932784,1028.5999755859375],[-1.276276856660843,43.000892624258995,1028.5999755859375],[-1.2762497831135988,43.0008717533201,1028.5999755859375],[-1.2762342765927315,43.0008474458009,1028.800048828125],[-1.2762281578034163,43.00081852823496,1028.800048828125],[-1.276220865547657,43.00079455599189,1028.800048828125],[-1.2762117292732,43.0007679015398,1029],[-1.2762021739035845,43.00074183382094,1029],[-1.2761904392391443,43.00071492791176,1029],[-1.2761771120131016,43.00068634562194,1029.199951171875],[-1.2761638686060905,43.00065550021827,1029.199951171875],[-1.2761483620852232,43.000627253204584,1029.199951171875],[-1.2761344481259584,43.000601436942816,1029.199951171875],[-1.2761208694428205,43.000575955957174,1029.4000244140625],[-1.2761067878454924,43.000553073361516,1029.5999755859375],[-1.2760925386101007,43.00053178332746,1029.5999755859375],[-1.2760808877646923,43.00051015801728,1029.800048828125],[-1.2760681472718716,43.00049079582095,1030],[-1.276059178635478,43.00047151744366,1030.4000244140625],[-1.2760516349226236,43.000448634848,1030.5999755859375],[-1.2760481983423233,43.00043212249875,1031],[-1.2760395649820566,43.000403959304094,1031.199951171875],[-1.2760314345359802,43.00038459710777,1031.4000244140625],[-1.2760274112224579,43.000363977625966,1031.5999755859375],[-1.2760236393660307,43.00034017302096,1032],[-1.2760204542428255,43.000318044796586,1032.4000244140625],[-1.276017939671874,43.00029859878123,1032.5999755859375],[-1.2760092224925756,43.00027512945235,1032.800048828125],[-1.275999415665865,43.000252079218626,1032.800048828125],[-1.2759896088391542,43.00023162737489,1033.199951171875],[-1.2759803887456656,43.00021511502564,1033.5999755859375],[-1.27596496604383,43.00020111724734,1033.800048828125],[-1.2759470287710428,43.00018720328808,1034.199951171875],[-1.2759221345186234,43.00017463043332,1034.5999755859375],[-1.275896904990077,43.00015878863633,1034.800048828125],[-1.2758699990808964,43.000145042315125,1034.800048828125],[-1.2758504692465067,43.00013498403132,1035],[-1.2758304364979267,43.000123584643006,1035.199951171875],[-1.275813840329647,43.00011042505503,1035.5999755859375],[-1.2757979985326529,43.00009483471513,1035.800048828125],[-1.2757808156311512,43.00008469261229,1036.199951171875],[-1.2757521495223045,43.00006952136755,1036.199951171875],[-1.2757360562682152,43.000051751732826,1036.5999755859375],[-1.2757242377847433,43.000033563002944,1036.800048828125],[-1.2757041212171316,43.00002132542431,1037.199951171875],[-1.2756890337914228,43.00000665709376,1037.4000244140625],[-1.2756744492799044,42.99999383278191,1037.5999755859375],[-1.2756598647683859,42.99998050555587,1038.199951171875],[-1.2756516505032778,42.99996952526271,1038.199951171875],[-1.2756422627717257,42.999956365674734,1038.4000244140625],[-1.2756337970495224,42.99993993714452,1038.800048828125],[-1.2756285164505243,42.999924095347524,1039],[-1.2756228167563677,42.99989802762866,1039.4000244140625],[-1.2756080646067858,42.99988092854619,1039.5999755859375],[-1.2755946535617113,42.999859638512135,1040],[-1.2755831703543663,42.999840611591935,1040.199951171875],[-1.2755708489567041,42.99982778728008,1040.5999755859375],[-1.2755529955029488,42.99981504678726,1040.800048828125],[-1.2755447812378407,42.999795600771904,1041],[-1.2755307834595442,42.99977573566139,1041.5999755859375],[-1.27551787532866,42.99975930713117,1041.800048828125],[-1.2755003571510315,42.99974447116256,1042.199951171875],[-1.2754862755537033,42.999734580516815,1042.4000244140625],[-1.275465739890933,42.99972569569945,1042.800048828125],[-1.2754441983997822,42.999713541939855,1043.199951171875],[-1.2754251714795828,42.999696442857385,1043.5999755859375],[-1.275405641645193,42.99967288970947,1043.800048828125],[-1.275400947779417,42.99965847283602,1044.199951171875],[-1.2753889616578817,42.99965109676123,1044.4000244140625],[-1.27537177875638,42.99964237958193,1044.5999755859375],[-1.2753592059016228,42.99962838180363,1045],[-1.275347387418151,42.999611450359225,1045.199951171875],[-1.2753329705446959,42.99958479590714,1045.5999755859375],[-1.2753086630254984,42.99956191331148,1045.800048828125],[-1.2752888817340136,42.99954070709646,1046.199951171875],[-1.2752759736031294,42.99952235072851,1046.4000244140625],[-1.2752654124051332,42.9995143879205,1046.5999755859375],[-1.2752476427704096,42.99949821084738,1046.800048828125],[-1.275232806801796,42.999480944126844,1047],[-1.2752161268144846,42.99946350976825,1047.199951171875],[-1.2751944176852703,42.99944842234254,1047.5999755859375],[-1.2751663383096457,42.999436520040035,1047.800048828125],[-1.2751395162194967,42.999412044882774,1047.800048828125],[-1.2751174718141556,42.99939419142902,1047.800048828125],[-1.2750954274088144,42.99938212148845,1047.800048828125],[-1.275076400488615,42.99936720170081,1048],[-1.2750538531690836,42.999345660209656,1048],[-1.2750347424298525,42.99932328052819,1048.199951171875],[-1.275012530386448,42.99930232577026,1048],[-1.2749825231730938,42.9992828797549,1048],[-1.2749567069113255,42.99925790168345,1048.199951171875],[-1.2749266158789396,42.99922990612686,1047.800048828125],[-1.274891160428524,42.99919554032385,1047.199951171875],[-1.2748577166348696,42.99916318617761,1047],[-1.2748206686228514,42.999127143993974,1046.800048828125],[-1.2747752387076616,42.99908875487745,1046.4000244140625],[-1.2747270427644253,42.99904382787645,1045.5999755859375],[-1.2746743205934763,42.99899496138096,1044.5999755859375],[-1.2746183294802904,42.99893972463906,1043.4000244140625],[-1.2745479214936495,42.998885829001665,1042.5999755859375],[-1.2744661141186953,42.99883956089616,1041.5999755859375],[-1.2743731588125229,42.99879706464708,1040.199951171875],[-1.2742770183831453,42.99875356256962,1039],[-1.2741903495043516,42.99870721064508,1038.4000244140625],[-1.274106279015541,42.99865800887346,1038],[-1.2740112282335758,42.998612662777305,1036.800048828125],[-1.2739327736198902,42.998584834858775,1036.199951171875],[-1.27381500788033,42.99854979850352,1036],[-1.273715179413557,42.99852188676596,1036],[-1.273614764213562,42.99850168637931,1036],[-1.2735291011631489,42.99847561866045,1036],[-1.2734363973140717,42.9984524846077,1036.199951171875],[-1.273348806425929,42.9984300211072,1036.199951171875],[-1.2732650712132454,42.99841023981571,1036.4000244140625],[-1.2731781508773565,42.99839205108583,1036.5999755859375],[-1.2731034681200981,42.99836900085211,1036.5999755859375],[-1.2730295397341251,42.99834846518934,1036.5999755859375],[-1.2729544378817081,42.99832658842206,1036.5999755859375],[-1.272873468697071,42.99831342883408,1036.5999755859375],[-1.2727878894656897,42.998297084122896,1036.5999755859375],[-1.272709434852004,42.99828258343041,1036.5999755859375],[-1.2726303935050964,42.998270094394684,1036.5999755859375],[-1.2725582253187895,42.998252492398024,1036.4000244140625],[-1.272483542561531,42.998238829895854,1036.5999755859375],[-1.2724221870303154,42.99822776578367,1036.5999755859375],[-1.2723351828753948,42.99820924177766,1036.4000244140625],[-1.2722695525735617,42.99819868057966,1036.5999755859375],[-1.272204341366887,42.99818057566881,1036.5999755859375],[-1.2721465900540352,42.998166494071484,1036.800048828125],[-1.2720964662730694,42.99815266393125,1037.199951171875],[-1.2720489408820868,42.99814000725746,1037.4000244140625],[-1.2720059417188168,42.9981258418411,1037.5999755859375],[-1.2719671335071325,42.99811293371022,1038],[-1.2719297502189875,42.99810270778835,1038],[-1.2718924507498741,42.99809315241873,1038.199951171875],[-1.2718512117862701,42.9980846028775,1038.4000244140625],[-1.2718110624700785,42.99807697534561,1038.4000244140625],[-1.2717720866203308,42.998068844899535,1038.5999755859375],[-1.2717318534851074,42.998063983395696,1038.5999755859375],[-1.2716882675886154,42.998060965910554,1038.800048828125],[-1.2716414127498865,42.99805970862508,1038.800048828125],[-1.271596821025014,42.99805652350187,1038.800048828125],[-1.2715501338243484,42.99805694259703,1038.800048828125],[-1.2714967411011457,42.99805996008217,1039],[-1.271450724452734,42.99805878661573,1039],[-1.2714107427746058,42.99805442802608,1039],[-1.271368833258748,42.99804914742708,1039],[-1.2713192962110043,42.99804168753326,1039.199951171875],[-1.271267244592309,42.998034646734595,1039.199951171875],[-1.2712321244180202,42.99803699366748,1039.199951171875],[-1.2711728643625975,42.99803104251623,1039.199951171875],[-1.2711192201822996,42.9980275221169,1039.199951171875],[-1.2710661627352238,42.99802450463176,1039.199951171875],[-1.2710084952414036,42.99802559427917,1039.199951171875],[-1.270953007042408,42.99802316352725,1039.199951171875],[-1.2708939984440804,42.998021403327584,1039.199951171875],[-1.270826943218708,42.998021990060806,1039],[-1.2707607261836529,42.99802157096565,1038.800048828125],[-1.2706869654357433,42.998010758310556,1038.5999755859375],[-1.2706196587532759,42.99799684435129,1038.4000244140625],[-1.2705591414123774,42.997976476326585,1038],[-1.270496528595686,42.99796557985246,1037.5999755859375],[-1.2704345863312483,42.997954515740275,1037.4000244140625],[-1.2704345863312483,42.997954515740275,1037.199951171875],[-1.270373733714223,42.99795225262642,1037],[-1.270235599949956,42.99793221987784,1036.800048828125],[-1.2701689638197422,42.99791403114796,1036.5999755859375],[-1.2701190914958715,42.997898776084185,1036.4000244140625],[-1.2700438220053911,42.99787036143243,1036.4000244140625],[-1.2699877470731735,42.997845467180014,1036.199951171875],[-1.2699353601783514,42.99782786518335,1036.199951171875],[-1.2698856554925442,42.99781395122409,1036.199951171875],[-1.2698391359299421,42.99780221655965,1036.4000244140625],[-1.269793203100562,42.99779349938035,1036.5999755859375],[-1.2697530537843704,42.99778964370489,1036.800048828125],[-1.2697170116007328,42.99778478220105,1036.800048828125],[-1.2696794606745243,42.99778528511524,1037],[-1.269637132063508,42.99778779968619,1037.199951171875],[-1.2695942167192698,42.997785955667496,1037.199951171875],[-1.269552055746317,42.99778033979237,1037.4000244140625],[-1.2695083022117615,42.99777497537434,1037.4000244140625],[-1.2694615311920643,42.997772209346294,1037.5999755859375],[-1.2694161012768745,42.99776332452893,1037.5999755859375],[-1.2693748623132706,42.997750751674175,1037.5999755859375],[-1.2693400774151087,42.99773935228586,1037.5999755859375],[-1.2693019397556782,42.997734071686864,1037.800048828125],[-1.269248714670539,42.99772351048887,1037.800048828125],[-1.2692061346024275,42.99771588295698,1038.199951171875],[-1.26916472800076,42.997709764167666,1038.199951171875],[-1.2691190466284752,42.99770322628319,1038.199951171875],[-1.269074957817793,42.99769719131291,1038.4000244140625],[-1.2690341379493475,42.997688725590706,1038.5999755859375],[-1.2690003588795662,42.997679924592376,1038.5999755859375],[-1.2689452897757292,42.99768009223044,1038.5999755859375],[-1.2689072359353304,42.99767917022109,1038.800048828125],[-1.2688666675239801,42.99767514690757,1039],[-1.2688202317804098,42.99766802228987,1039.199951171875],[-1.2687778193503618,42.99766559153795,1039.199951171875],[-1.2687345687299967,42.99766927957535,1039.4000244140625],[-1.2686945032328367,42.99766877666116,1039.4000244140625],[-1.268662316724658,42.99766550771892,1039.5999755859375],[-1.2686158809810877,42.99766743555665,1039.5999755859375],[-1.2685758154839277,42.997668609023094,1039.800048828125],[-1.2685357499867678,42.997669614851475,1040],[-1.268503563478589,42.997665675356984,1040.199951171875],[-1.26846207305789,42.99766249023378,1040.4000244140625],[-1.2684207502752542,42.99765670672059,1040.800048828125],[-1.2683821935206652,42.99765293486416,1041],[-1.2683389429003,42.99764262512326,1041.199951171875],[-1.2683016434311867,42.9976321477443,1041.199951171875],[-1.2682624999433756,42.99762728624046,1041.4000244140625],[-1.268231151625514,42.99762544222176,1041.5999755859375],[-1.2682060897350311,42.99762787297368,1041.800048828125],[-1.2681780941784382,42.997623682022095,1042],[-1.2681379448622465,42.997624687850475,1042.4000244140625],[-1.2680954486131668,42.9976147133857,1042.4000244140625],[-1.2680570594966412,42.99759233370423,1042.5999755859375],[-1.268030907958746,42.997574396431446,1042.800048828125],[-1.2680066004395485,42.99757129512727,1043.199951171875],[-1.2679878249764442,42.99757297150791,1043.4000244140625],[-1.2679473403841257,42.997568026185036,1043.800048828125],[-1.267907526344061,42.99754715524614,1044.199951171875],[-1.2678685504943132,42.997530307620764,1044.5999755859375],[-1.2678508646786213,42.99751597456634,1044.5999755859375],[-1.2678107991814613,42.99750616773963,1044.800048828125],[-1.2677735835313797,42.99748856574297,1044.800048828125],[-1.2677427381277084,42.99746400676668,1045],[-1.2677206099033356,42.997445901855826,1045],[-1.2676885910332203,42.997433664277196,1045.199951171875],[-1.2676534708589315,42.997422851622105,1045.4000244140625],[-1.2676201108843088,42.99739862792194,1045.800048828125],[-1.2675908580422401,42.997383289039135,1045.800048828125],[-1.267572082579136,42.99737214110792,1046],[-1.267539979889989,42.99736920744181,1046.4000244140625],[-1.267529083415866,42.99735336564481,1046.5999755859375],[-1.2675049435347319,42.99733894877136,1047],[-1.2674814742058516,42.99732696264982,1047.199951171875],[-1.2674560770392418,42.99731556326151,1047.4000244140625],[-1.2674305122345686,42.99729653634131,1047.5999755859375],[-1.2674052827060223,42.997269965708256,1047.800048828125],[-1.2673822324723005,42.997258147224784,1047.800048828125],[-1.267362367361784,42.99724725075066,1048],[-1.26733529381454,42.99723710864782,1048],[-1.2673042807728052,42.997226966544986,1048],[-1.2672753632068634,42.99720710143447,1048.199951171875],[-1.2672458589076996,42.99719193018973,1048.4000244140625],[-1.2672131694853306,42.99718011170626,1048.4000244140625],[-1.2671820726245642,42.997165359556675,1048.4000244140625],[-1.267153825610876,42.99713971093297,1048.4000244140625],[-1.267133206129074,42.99712881445885,1048.5999755859375],[-1.2671177834272385,42.99712462350726,1048.5999755859375],[-1.2671009358018637,42.99712319858372,1048.5999755859375],[-1.2670832499861717,42.99712361767888,1048.5999755859375],[-1.2670718505978584,42.99711934290826,1048.800048828125],[-1.267058439552784,42.99712177366018,1048.800048828125],[-1.267034551128745,42.99712277948856,1048.800048828125],[-1.2670064717531204,42.99711967818439,1048.800048828125],[-1.2669801525771618,42.997113056480885,1048.800048828125],[-1.2669509835541248,42.99711221829057,1048.800048828125],[-1.2669229041785002,42.99711816944182,1048.800048828125],[-1.266884347423911,42.997124288231134,1048.800048828125],[-1.2668449524790049,42.99713275395334,1048.5999755859375],[-1.2667953316122293,42.99713778309524,1048.4000244140625],[-1.2667503207921982,42.997143398970366,1048.4000244140625],[-1.266698520630598,42.9971519485116,1048.199951171875],[-1.2666470557451248,42.99715278670192,1048],[-1.2665971834212542,42.997148679569364,1047.800048828125],[-1.2665449641644955,42.997126802802086,1047.4000244140625],[-1.2665088381618261,42.99711464904249,1047],[-1.2664789147675037,42.99711431376636,1046.800048828125],[-1.2664445489645004,42.9971175827086,1046.5999755859375],[-1.2664251029491425,42.9971173312515,1046.5999755859375],[-1.266399035230279,42.99711288884282,1046.4000244140625],[-1.2663587182760239,42.99712152220309,1046.199951171875],[-1.2663263641297817,42.99711934290826,1046],[-1.2662991229444742,42.997112050652504,1045.800048828125],[-1.2662711273878813,42.99711037427187,1045.800048828125],[-1.2662445567548275,42.997112553566694,1045.5999755859375],[-1.2662142980843782,42.99711640924215,1045.5999755859375],[-1.2661862187087536,42.99711666069925,1045.4000244140625],[-1.266165766865015,42.997116493061185,1045.4000244140625],[-1.266165766865015,42.997116493061185,1045.4000244140625],[-1.2661433033645153,42.997105680406094,1045.4000244140625],[-1.2661284673959017,42.997091514989734,1045.4000244140625],[-1.2661064229905605,42.99707718193531,1045.4000244140625],[-1.2660863902419806,42.9970708116889,1045.4000244140625],[-1.2660631723701954,42.99707072786987,1045.4000244140625],[-1.2660360150039196,42.997066201642156,1045.4000244140625],[-1.2660099472850561,42.99706486053765,1045.199951171875],[-1.2659773416817188,42.9970620945096,1045.199951171875],[-1.2659773416817188,42.9970620945096,1045.199951171875],[-1.2659456580877304,42.99705505371094,1045],[-1.2659355159848928,42.99705111421645,1045],[-1.2659130524843931,42.99704943783581,1045],[-1.2658916786313057,42.99704625271261,1045],[-1.265866532921791,42.997043654322624,1044.800048828125],[-1.2658442370593548,42.9970364458859,1044.800048828125],[-1.2658269703388214,42.99703502096236,1044.800048828125],[-1.2658056803047657,42.997043654322624,1044.800048828125],[-1.2658019922673702,42.997052539139986,1044.5999755859375],[-1.2658019084483385,42.99705455079675,1044.5999755859375],[-1.2658019084483385,42.99705455079675,1044.5999755859375],[-1.2658019084483385,42.99705455079675,1044.5999755859375],[-1.2658019084483385,42.99705455079675,1044.5999755859375],[-1.2657989747822285,42.99705455079675,1044.5999755859375],[-1.2657885812222958,42.99705714918673,1044.5999755859375],[-1.2657756730914116,42.997060837224126,1044.5999755859375],[-1.2657698895782232,42.99706242978573,1044.5999755859375],[-1.2657698895782232,42.99706242978573,1044.4000244140625],[-1.2657698895782232,42.99706242978573,1044.4000244140625],[-1.2657698895782232,42.99706242978573,1044.4000244140625],[-1.2657698895782232,42.99706242978573,1044.4000244140625],[-1.2657698895782232,42.99706242978573,1044.199951171875],[-1.2657698895782232,42.99706242978573,1044.199951171875],[-1.2657698895782232,42.99706242978573,1044.199951171875],[-1.2657698895782232,42.99706242978573,1044.199951171875],[-1.2657698895782232,42.99706242978573,1044.199951171875],[-1.2657698895782232,42.99706242978573,1044.199951171875],[-1.2657662015408278,42.9970639385283,1044.199951171875],[-1.2657541316002607,42.99706729128957,1044.199951171875],[-1.2657366134226322,42.9970673751086,1044],[-1.2657180894166231,42.99706771038473,1044],[-1.2656924407929182,42.99706444144249,1044],[-1.2656716536730528,42.99706150777638,1044],[-1.265648603439331,42.997060501948,1044],[-1.2656260561197996,42.99706293269992,1043.800048828125],[-1.2655994854867458,42.99706527963281,1043.5999755859375],[-1.2655718252062798,42.9970689676702,1043.5999755859375],[-1.265544332563877,42.99707215279341,1043.4000244140625],[-1.2655169237405062,42.99707273952663,1043.199951171875],[-1.2654841504991055,42.99708003178239,1043.199951171875],[-1.2654521316289902,42.99708548001945,1043.199951171875],[-1.2654140777885914,42.99708363600075,1043],[-1.2653716653585434,42.99708740785718,1042.5999755859375],[-1.2653213739395142,42.997090173885226,1042.5999755859375],[-1.2652601022273302,42.997100818902254,1042.4000244140625],[-1.2651946395635605,42.99711188301444,1041.800048828125],[-1.2651239801198244,42.99711624160409,1041.5999755859375],[-1.2650373112410307,42.99712127074599,1041.199951171875],[-1.2649493012577295,42.997129736468196,1040.800048828125],[-1.2648648954927921,42.997146751731634,1040.199951171875],[-1.2647726945579052,42.99715831875801,1039.4000244140625],[-1.2646748777478933,42.997167874127626,1038],[-1.2645851075649261,42.99717248417437,1037.800048828125],[-1.2644944991916418,42.997170723974705,1037.5999755859375],[-1.2644041422754526,42.99716644920409,1037.4000244140625],[-1.2643181439489126,42.99715622328222,1037.199951171875],[-1.264234995469451,42.997152199968696,1037.199951171875],[-1.2641613185405731,42.997147338464856,1037],[-1.2640896532684565,42.997135100886226,1036.4000244140625],[-1.264026453718543,42.99712940119207,1036.199951171875],[-1.2639648467302322,42.997137531638145,1036],[-1.2639040779322386,42.997135017067194,1035.5999755859375],[-1.2638243660330772,42.99713962711394,1034.5999755859375],[-1.26373752951622,42.9971310775727,1033.199951171875],[-1.263670977205038,42.997117917984724,1032.800048828125],[-1.2636263016611338,42.997103752568364,1032.199951171875],[-1.2635859847068787,42.9970848094672,1031],[-1.2635473441332579,42.997059328481555,1030.800048828125],[-1.2635210249572992,42.99702571704984,1030.4000244140625],[-1.2635066080838442,42.99698590300977,1029],[-1.2634979747235775,42.99694231711328,1028.199951171875],[-1.2634912692010403,42.99690065905452,1027.5999755859375],[-1.2634911853820086,42.996857576072216,1027.199951171875],[-1.2635062728077173,42.99681482836604,1026.5999755859375],[-1.2635309994220734,42.99678398296237,1025.4000244140625],[-1.2635518703609705,42.99675380811095,1025.199951171875],[-1.2635647784918547,42.99671131186187,1024.5999755859375],[-1.2635647784918547,42.99671131186187,1023.5999755859375],[-1.2635668739676476,42.99665976315737,1022.5999755859375],[-1.2635301612317562,42.99652397632599,1021.4000244140625],[-1.2634988967329264,42.99646580591798,1020.4000244140625],[-1.2634621001780033,42.99641266465187,1019.4000244140625],[-1.2634621001780033,42.99641266465187,1018.7999877929688],[-1.2633700668811798,42.996310740709305,1018.4000244140625],[-1.263310220092535,42.996285343542695,1018.2000122070312],[-1.2632367946207523,42.99625952728093,1017.5999755859375],[-1.2631597649306059,42.99622532911599,1016.7999877929688],[-1.2630689889192581,42.99618383869529,1016],[-1.2629801407456398,42.996148718521,1015],[-1.262884084135294,42.99612290225923,1014.5999755859375],[-1.2627835851162672,42.9961056355387,1013.4000244140625],[-1.26268501393497,42.996089374646544,1013],[-1.2626021169126034,42.99607437103987,1012.5999755859375],[-1.2625312898308039,42.99605576321483,1012.4000244140625],[-1.2624774780124426,42.99604821950197,1012.2000122070312],[-1.2624233309179544,42.99602961167693,1012.2000122070312],[-1.2623629812151194,42.99600463360548,1012],[-1.262307409197092,42.995970686897635,1011.5999755859375],[-1.2622618954628706,42.995943361893296,1011.4000244140625],[-1.2622216623276472,42.995915031060576,1010.7999877929688],[-1.2621932476758957,42.995888544246554,1010],[-1.2621636595577002,42.99585711210966,1009.5999755859375],[-1.26213189214468,42.99582777544856,1009.2000122070312],[-1.2621006276458502,42.99578896723688,1008.4000244140625],[-1.2620763201266527,42.995736664161086,1006.5999755859375],[-1.2620610650628805,42.99568452872336,1005.2000122070312],[-1.2620413675904274,42.9956270288676,1003.4000244140625],[-1.2620051577687263,42.99557321704924,1002.7999877929688],[-1.2619591411203146,42.995526026934385,1002],[-1.2619011383503675,42.99549023620784,1001],[-1.2618464045226574,42.995466431602836,1000.2000122070312],[-1.2617889884859324,42.995456205680966,999.7999877929688],[-1.2617267109453678,42.99546366557479,999.5999755859375],[-1.2616644334048033,42.995482524856925,999.5999755859375],[-1.2616102024912834,42.99550389871001,999.7999877929688],[-1.2615598272532225,42.99552418291569,1000],[-1.2615124695003033,42.99555326811969,1000.2000122070312],[-1.2614659499377012,42.99559710547328,1000.4000244140625],[-1.2614095397293568,42.99561998806894,1000.5999755859375],[-1.2613639421761036,42.99564253538847,1000.7999877929688],[-1.2613253854215145,42.995664747431874,1001.2000122070312],[-1.261278698220849,42.99568176269531,1001.4000244140625],[-1.2612275686115026,42.995690731331706,1001.4000244140625],[-1.2611710745841265,42.99570607021451,1001.5999755859375],[-1.2611063662916422,42.99573163501918,1001.7999877929688],[-1.2610393110662699,42.99576801247895,1002],[-1.2610082980245352,42.99577999860048,1002.2000122070312],[-1.2609761115163565,42.99580045044422,1002.4000244140625],[-1.26094208098948,42.99582106992602,1002.7999877929688],[-1.2609150912612677,42.995847472921014,1003],[-1.2609006743878126,42.995855351909995,1003.2000122070312],[-1.260889945551753,42.99586767330766,1003.5999755859375],[-1.2608709186315536,42.99589114263654,1004],[-1.2608563341200352,42.99590899609029,1004.4000244140625],[-1.2608414981514215,42.99592508934438,1004.7999877929688],[-1.2608234770596027,42.995944786816835,1005],[-1.260813418775797,42.9959602933377,1005.2000122070312],[-1.2608007621020079,42.99597546458244,1005.4000244140625],[-1.2607881054282188,42.99599742516875,1005.7999877929688],[-1.2607807293534279,42.99601494334638,1006.2000122070312],[-1.2607674021273851,42.99603992141783,1006.4000244140625],[-1.2607544101774693,42.99606087617576,1006.5999755859375],[-1.2607433460652828,42.99607638269663,1006.7999877929688],[-1.2607316114008427,42.99609616398811,1007.2000122070312],[-1.260717697441578,42.996117705479264,1007.4000244140625],[-1.2607061304152012,42.996132457628846,1007.7999877929688],[-1.2606934737414122,42.99615525640547,1007.7999877929688],[-1.2606809008866549,42.996173948049545,1008.4000244140625],[-1.26066698692739,42.996192472055554,1008.7999877929688],[-1.260653743520379,42.99620806239545,1009],[-1.2606351356953382,42.996225748211145,1009.4000244140625],[-1.2606182042509317,42.99624896608293,1009.5999755859375],[-1.2606056313961744,42.99627402797341,1010],[-1.2605936452746391,42.99629774875939,1010],[-1.260578641667962,42.99631870351732,1010],[-1.2605617940425873,42.99634066410363,1010.2000122070312],[-1.2605479639023542,42.99636379815638,1010.2000122070312],[-1.2605355586856604,42.996386932209134,1010.4000244140625],[-1.2605160288512707,42.99640579149127,1010.5999755859375],[-1.2604945711791515,42.996426578611135,1010.7999877929688],[-1.2604738678783178,42.99645063467324,1011],[-1.2604547571390867,42.99647477455437,1011.2000122070312],[-1.260430533438921,42.99649237655103,1011.5999755859375],[-1.2604074832051992,42.99650846980512,1012.2000122070312],[-1.2603862769901752,42.99652892164886,1012.4000244140625],[-1.2603659927845001,42.99654744565487,1012.5999755859375],[-1.2603405956178904,42.99656664021313,1012.7999877929688],[-1.2603127676993608,42.99658524803817,1013],[-1.2602883763611317,42.996602011844516,1013.2000122070312],[-1.260264404118061,42.9966233856976,1013.4000244140625],[-1.2602390069514513,42.996641071513295,1013.5999755859375],[-1.2602123524993658,42.996659176424146,1014],[-1.260189050808549,42.99667585641146,1014],[-1.26016516238451,42.99669370986521,1014],[-1.2601422797888517,42.99671256914735,1014],[-1.2601184751838446,42.99673377536237,1014],[-1.2600908149033785,42.99675724469125,1014],[-1.2600639089941978,42.996779372915626,1014],[-1.2600339017808437,42.99680024385452,1013.7999877929688],[-1.260000541806221,42.996822288259864,1013.5999755859375],[-1.2599670980125666,42.99684416502714,1013.5999755859375],[-1.2599349953234196,42.996865790337324,1013.4000244140625],[-1.2599349953234196,42.996865790337324,1013.4000244140625],[-1.2598755676299334,42.99690711311996,1013.2000122070312],[-1.2598452251404524,42.996921529993415,1013.2000122070312],[-1.259818570688367,42.99693678505719,1013.2000122070312],[-1.2597891502082348,42.9969550576061,1013.4000244140625],[-1.2597560416907072,42.996974838897586,1013.2000122070312],[-1.2597246933728456,42.996992943808436,1013.4000244140625],[-1.2596920877695084,42.99700828269124,1013.4000244140625],[-1.2596576381474733,42.99702538177371,1013.4000244140625],[-1.2596286367624998,42.99704214558005,1013.2000122070312],[-1.2595821171998978,42.99706695601344,1013.2000122070312],[-1.2595397047698498,42.997089084237814,1013],[-1.2595070991665125,42.9971088655293,1013],[-1.2594606634229422,42.99714080058038,1013],[-1.2594194244593382,42.99717189744115,1012.7999877929688],[-1.259384723380208,42.99719695933163,1012.5999755859375],[-1.259333174675703,42.99723979085684,1012.5999755859375],[-1.2592864874750376,42.99727667123079,1012.4000244140625],[-1.2592466734349728,42.99730148166418,1012],[-1.2591960467398167,42.997332997620106,1012],[-1.2591453362256289,42.997366692870855,1011.2000122070312],[-1.2590962182730436,42.99739820882678,1011],[-1.2590489443391562,42.997427294030786,1010.7999877929688],[-1.2590016704052687,42.99745780415833,1010.5999755859375],[-1.2589521333575249,42.99748873338103,1010.4000244140625],[-1.2589027639478445,42.99751974642277,1010.2000122070312],[-1.2588482815772295,42.99755201674998,1010],[-1.2587961461395025,42.9975853767246,1010],[-1.2587449327111244,42.99762041307986,1009.5999755859375],[-1.258692042902112,42.9976509232074,1008.7999877929688],[-1.2586368899792433,42.99767581745982,1007.7999877929688],[-1.25858249142766,42.99769517965615,1007.7999877929688],[-1.2585296016186476,42.997719403356314,1007.4000244140625],[-1.2584886141121387,42.99775552935898,1007.2000122070312],[-1.2584547512233257,42.997805904597044,1006.7999877929688],[-1.2584233190864325,42.99786197952926,1005.7999877929688],[-1.258390462026,42.99792107194662,1005.4000244140625],[-1.2583525758236647,42.99797974526882,1004.5999755859375],[-1.258316868916154,42.998041519895196,1004],[-1.25828149728477,42.998101785779,1003.7999877929688],[-1.2582426890730858,42.9981604591012,1003],[-1.2582056410610676,42.998221227899194,1002.7999877929688],[-1.258166916668415,42.998279985040426,1002.5999755859375],[-1.2581305392086506,42.998332707211375,1002.4000244140625],[-1.2580951675772667,42.99838241189718,1002.4000244140625],[-1.2580656632781029,42.99842985346913,1002.4000244140625],[-1.2580364104360342,42.998479222878814,1002.4000244140625],[-1.2580080796033144,42.9985368065536,1002],[-1.2579841911792755,42.99859623424709,1001.5999755859375],[-1.2579682655632496,42.998657170683146,1001.4000244140625],[-1.25795753672719,42.99871743656695,1001],[-1.2579491548240185,42.9987735953182,1000.5999755859375],[-1.2579422816634178,42.998831095173955,1000.4000244140625],[-1.2579360790550709,42.9988856613636,1000.2000122070312],[-1.2579274456948042,42.998933689668775,1000.2000122070312],[-1.2579142022877932,42.99897937104106,1000.2000122070312],[-1.257900707423687,42.99902027472854,1000.2000122070312],[-1.2578860390931368,42.99906101077795,1000.4000244140625],[-1.2578690238296986,42.999102249741554,1000.5999755859375],[-1.257847398519516,42.99914457835257,1001],[-1.2578216660767794,42.99918321892619,1001],[-1.2578033097088337,42.999214651063085,1001],[-1.257776152342558,42.9992519505322,1001],[-1.2577443849295378,42.999283550307155,1001.2000122070312],[-1.2577129527926445,42.9993156529963,1001.2000122070312],[-1.2576829455792904,42.99934934824705,1001.4000244140625],[-1.2576573807746172,42.9993761703372,1001.4000244140625],[-1.2576336599886417,42.99940399825573,1001.5999755859375],[-1.257611783221364,42.99942587502301,1001.5999755859375],[-1.2575970310717821,42.99944590777159,1001.7999877929688],[-1.257584374397993,42.999465772882104,1002],[-1.2575723882764578,42.999485889449716,1002],[-1.2575562950223684,42.99950843676925,1002.2000122070312],[-1.2575353402644396,42.999536851421,1002.4000244140625],[-1.2575064226984978,42.99958236515522,1002.4000244140625],[-1.2574871443212032,42.99961170181632,1002.5999755859375],[-1.2574674468487501,42.99964288249612,1002.7999877929688],[-1.257453365251422,42.999662244692445,1003],[-1.257434170693159,42.999686133116484,1003],[-1.2574111204594374,42.999704238027334,1003.4000244140625],[-1.2573908362537622,42.99972401931882,1003.4000244140625],[-1.257371474057436,42.999745644629,1003.7999877929688],[-1.2573556322604418,42.99977045506239,1004],[-1.2573378626257181,42.9998027253896,1004.2000122070312],[-1.2573147285729647,42.999833319336176,1004.4000244140625],[-1.2572936061769724,42.99986349418759,1004.5999755859375],[-1.2572856433689594,42.99988939426839,1004.7999877929688],[-1.2572782672941685,42.99991797655821,1005],[-1.2572708074003458,42.999941194429994,1005.4000244140625],[-1.2572515290230513,42.99996885471046,1005.4000244140625],[-1.2572297360748053,42.99999240785837,1005.5999755859375],[-1.2572133913636208,43.00001730211079,1006],[-1.2571981362998486,43.00004152581096,1006.2000122070312],[-1.2571919336915016,43.00005929544568,1006.4000244140625],[-1.2571826297789812,43.0000754725188,1006.5999755859375],[-1.2571701407432556,43.0000841896981,1006.5999755859375],[-1.2571457494050264,43.00010673701763,1006.7999877929688],[-1.2571203522384167,43.00012869760394,1006.7999877929688],[-1.2570924405008554,43.000161135569215,1007.2000122070312],[-1.2570773530751467,43.00017890520394,1007.2000122070312],[-1.2570497766137123,43.00020237453282,1007.4000244140625],[-1.257015410810709,43.00023313611746,1007.4000244140625],[-1.2569990660995245,43.00025895237923,1007.5999755859375],[-1.2569682206958532,43.0002760514617,1007.5999755859375],[-1.2569491937756538,43.00030178390443,1007.5999755859375],[-1.2569322623312473,43.00030597485602,1007.7999877929688],[-1.256904099136591,43.00032014027238,1007.7999877929688],[-1.2568679731339216,43.000338496640325,1008],[-1.256831930950284,43.000362468883395,1008.2000122070312],[-1.2568013370037079,43.00039448775351,1008.2000122070312],[-1.2567771133035421,43.00040856935084,1008.4000244140625],[-1.2567508779466152,43.000420555472374,1008.5999755859375],[-1.2567296717315912,43.00042558461428,1008.7999877929688],[-1.2567122373729944,43.00043019466102,1008.7999877929688],[-1.2566938810050488,43.0004451982677,1008.7999877929688],[-1.2566711660474539,43.000464644283056,1009],[-1.2566445115953684,43.00048031844199,1009.2000122070312],[-1.2566171027719975,43.00049649551511,1009.4000244140625],[-1.2565874308347702,43.00051719881594,1009.4000244140625],[-1.2565570045262575,43.00054267980158,1009.4000244140625],[-1.2565269973129034,43.000570591539145,1009.4000244140625],[-1.2564979121088982,43.0005918815732,1009.5999755859375],[-1.2564668990671635,43.00061451271176,1009.5999755859375],[-1.2564377300441265,43.00063873641193,1009.5999755859375],[-1.2564106564968824,43.00065876916051,1009.5999755859375],[-1.2563823256641626,43.000680059194565,1009.7999877929688],[-1.256351564079523,43.000704450532794,1009.5999755859375],[-1.256318623200059,43.00073152408004,1009.5999755859375],[-1.256283838301897,43.00075264647603,1009.5999755859375],[-1.256252657622099,43.00077611580491,1009.5999755859375],[-1.2562223989516497,43.00079866312444,1009.4000244140625],[-1.256192559376359,43.000822300091386,1009.4000244140625],[-1.2561700120568275,43.00084191374481,1009.4000244140625],[-1.2561456207185984,43.000861862674356,1009.4000244140625],[-1.2561200559139252,43.00087342970073,1009.4000244140625],[-1.2561020348221064,43.00088499672711,1009.5999755859375],[-1.2560804933309555,43.000899413600564,1009.5999755859375],[-1.2560525815933943,43.000916009768844,1009.5999755859375],[-1.2560280226171017,43.00093134865165,1009.7999877929688],[-1.255999356508255,43.000944927334785,1009.7999877929688],[-1.2559729535132647,43.000953141599894,1009.7999877929688],[-1.2559535074979067,43.000964876264334,1009.7999877929688],[-1.2559291161596775,43.000986920669675,1010],[-1.2559044733643532,43.0010012537241,1010],[-1.2558749690651894,43.00102237612009,1010],[-1.2558432016521692,43.00104718655348,1010],[-1.2558130268007517,43.001069063320756,1010.2000122070312],[-1.255783773958683,43.001098316162825,1010.2000122070312],[-1.2557759787887335,43.00111709162593,1010.5999755859375],[-1.2557517550885677,43.001126227900386,1010.7999877929688],[-1.2557292077690363,43.001141063869,1011],[-1.2557093426585197,43.00114098004997,1011],[-1.2556860409677029,43.00115925259888,1011.4000244140625],[-1.255662739276886,43.001171657815576,1011.5999755859375],[-1.2556451372802258,43.00118423067033,1011.7999877929688],[-1.2556411139667034,43.001186829060316,1011.7999877929688],[-1.2556392699480057,43.001178530976176,1012],[-1.2556266970932484,43.00118297338486,1012.5999755859375],[-1.2556090112775564,43.00119185820222,1012.7999877929688],[-1.2555963546037674,43.00120116211474,1013],[-1.2555747292935848,43.001217087730765,1013.2000122070312],[-1.2555478233844042,43.001229828223586,1013.2000122070312],[-1.2555262818932533,43.00124214962125,1013.4000244140625],[-1.2555041536688805,43.00125924870372,1013.7999877929688],[-1.2554826959967613,43.001270312815905,1014.2000122070312],[-1.2554647587239742,43.00129319541156,1014.2000122070312],[-1.2554406188428402,43.001320604234934,1014.4000244140625],[-1.2554122880101204,43.00135253928602,1014.5999755859375],[-1.2553855497390032,43.0013725720346,1014.7999877929688],[-1.2553697917610407,43.001378271728754,1015],[-1.255353782325983,43.00138430669904,1015.4000244140625],[-1.2553377728909254,43.00139654427767,1015.5999755859375],[-1.2553215958178043,43.00140894949436,1015.5999755859375],[-1.2552944384515285,43.001422276720405,1016],[-1.2552634254097939,43.00143417902291,1016.2000122070312],[-1.2552314903587103,43.001446248963475,1016.4000244140625],[-1.2551988009363413,43.001452032476664,1016.5999755859375],[-1.2551737390458584,43.00147139467299,1016.5999755859375],[-1.255146749317646,43.00149293616414,1016.7999877929688],[-1.2551234476268291,43.00150643102825,1017],[-1.2550931051373482,43.001533169299364,1017.2000122070312],[-1.2550604157149792,43.0015554651618,1017.4000244140625],[-1.2550345156341791,43.00157248042524,1017.5999755859375],[-1.2549894209951162,43.00160324200988,1017.5999755859375],[-1.2549610063433647,43.001637775450945,1017.5999755859375],[-1.254935273900628,43.00166476517916,1017.5999755859375],[-1.254910882562399,43.00168798305094,1017.5999755859375],[-1.2548989802598953,43.001702735200524,1017.5999755859375],[-1.254880204796791,43.0017074290663,1017.4000244140625],[-1.2548591662198305,43.00171916373074,1017.4000244140625],[-1.2548335175961256,43.00173928029835,1017.4000244140625],[-1.2547956313937902,43.001760402694345,1017.2000122070312],[-1.2547545600682497,43.00178848206997,1016.7999877929688],[-1.2547109741717577,43.001832319423556,1016.5999755859375],[-1.2546740099787712,43.001862494274974,1016],[-1.254629921168089,43.00190708599985,1015.5999755859375],[-1.254590693861246,43.001931896433234,1015.4000244140625],[-1.2545455992221832,43.001969531178474,1014.4000244140625],[-1.2544911168515682,43.00200775265694,1013.7999877929688],[-1.2544549070298672,43.002022840082645,1013.4000244140625],[-1.2544114049524069,43.002047231420875,1012.4000244140625],[-1.2543663941323757,43.00207866355777,1011.5999755859375],[-1.2543202936649323,43.00210841931403,1010.5999755859375],[-1.254273857921362,43.00213993526995,1009.2000122070312],[-1.254222309216857,43.002165500074625,1008.4000244140625],[-1.2541720177978277,43.00220078788698,1007.7999877929688],[-1.2541246600449085,43.00226088613272,1005.7999877929688],[-1.2540747039020061,43.00232391804457,1003.5999755859375],[-1.254056766629219,43.002361385151744,1002.5999755859375],[-1.2540327943861485,43.00241209566593,1000.5999755859375],[-1.2540027871727943,43.00247177481651,999.5999755859375],[-1.2539658229798079,43.00253505818546,999],[-1.2539315409958363,43.002597503364086,997.5999755859375],[-1.2538913916796446,43.00267034210265,997],[-1.253839423879981,43.002742510288954,996.2000122070312],[-1.2537943292409182,43.0028023570776,996],[-1.2537556048482656,43.00286245532334,995.5999755859375],[-1.253733728080988,43.00291660241783,995.2000122070312],[-1.253720736131072,43.002966307103634,995.2000122070312],[-1.2537025474011898,43.00300947390497,995.2000122070312],[-1.2536602187901735,43.00304719246924,995.2000122070312],[-1.2536110170185566,43.00306873396039,995.5999755859375],[-1.2535633239895105,43.00309203565121,995.7999877929688],[-1.253515463322401,43.0031113140285,995.7999877929688],[-1.2534635793417692,43.00313210114837,995.7999877929688],[-1.2534122820943594,43.00314685329795,996],[-1.2533628288656473,43.00315674394369,996],[-1.2533141300082207,43.0031683947891,996],[-1.2532666884362698,43.00317786633968,996.2000122070312],[-1.2532200012356043,43.003185242414474,996.2000122070312],[-1.2531731463968754,43.00319186411798,996.2000122070312],[-1.2531275488436222,43.00320158712566,996],[-1.2530823703855276,43.00320695154369,996],[-1.2530309055000544,43.00321038812399,996],[-1.2529869843274355,43.00321206450462,996.2000122070312],[-1.2529510259628296,43.003214579075575,996.2000122070312],[-1.2529088649898767,43.00321239978075,996.2000122070312],[-1.2528553046286106,43.00321374088526,996.2000122070312],[-1.252812808379531,43.00320896320045,996.2000122070312],[-1.2527791131287813,43.00320510752499,996.2000122070312],[-1.2527387123554945,43.003204269334674,996.2000122070312],[-1.2526992335915565,43.0032114777714,996.2000122070312],[-1.2526663765311241,43.00322220660746,996.4000244140625],[-1.2526349443942308,43.00323100760579,996.4000244140625],[-1.2526149954646826,43.00323586910963,996.5999755859375],[-1.2525928672403097,43.00324693322182,996.7999877929688],[-1.2525648716837168,43.00325682386756,997.2000122070312],[-1.252550957724452,43.00326453521848,997.5999755859375],[-1.2525382172316313,43.0032719951123,997.7999877929688],[-1.252520028501749,43.00328180193901,998.2000122070312],[-1.2525048572570086,43.00328859128058,998.4000244140625],[-1.2524901051074266,43.00329479388893,998.5999755859375],[-1.2524769455194473,43.00329554826021,998.7999877929688],[-1.2524627801030874,43.00330610945821,999.2000122070312],[-1.2524485308676958,43.003316167742014,999.4000244140625],[-1.2524326890707016,43.00332572311163,999.5999755859375],[-1.252414584159851,43.003336284309626,1000],[-1.252396646887064,43.00334231927991,1000.4000244140625],[-1.2523780390620232,43.00335371866822,1000.7999877929688],[-1.2523628678172827,43.00336377695203,1001],[-1.2523464392870665,43.00337542779744,1001.4000244140625],[-1.2523325253278017,43.003385653719306,1001.5999755859375],[-1.2523160129785538,43.003398058936,1002],[-1.252297991886735,43.003410045057535,1002.2000122070312],[-1.2522754445672035,43.003429574891925,1002.5999755859375],[-1.2522575072944164,43.00344550050795,1002.7999877929688],[-1.252242587506771,43.00346192903817,1003.2000122070312],[-1.252235546708107,43.00346989184618,1003.4000244140625],[-1.2522160168737173,43.00348439253867,1003.4000244140625],[-1.2522024381905794,43.00349185243249,1003.7999877929688],[-1.252186680212617,43.003506772220135,1004.2000122070312],[-1.2521648034453392,43.003522362560034,1004.4000244140625],[-1.2521449383348227,43.00353585742414,1004.5999755859375],[-1.2521264981478453,43.003551280125976,1004.5999755859375],[-1.2521058786660433,43.003569804131985,1004.7999877929688],[-1.25208861194551,43.0035880766809,1005.2000122070312],[-1.2520736921578646,43.00360081717372,1005.5999755859375],[-1.2520686630159616,43.00359880551696,1005.7999877929688],[-1.2520495522767305,43.00360785797238,1006],[-1.2520303577184677,43.00362537615001,1006.4000244140625],[-1.2520105764269829,43.00364272668958,1006.5999755859375],[-1.2520086485892534,43.00366275943816,1007],[-1.2519851792603731,43.00367818213999,1007.2000122070312],[-1.2519751209765673,43.00368488766253,1007.4000244140625],[-1.251961374655366,43.00369016826153,1007.7999877929688],[-1.2519503105431795,43.003694945946336,1008],[-1.2519420124590397,43.003707099705935,1008.4000244140625],[-1.2519229017198086,43.00372252240777,1008.4000244140625],[-1.2519058864563704,43.003726629540324,1008.5999755859375],[-1.251884512603283,43.0037366040051,1009],[-1.2518705148249865,43.003749176859856,1009.2000122070312],[-1.2518705148249865,43.003749176859856,1009.4000244140625],[-1.2518531642854214,43.003764348104596,1009.5999755859375],[-1.2518210615962744,43.003789661452174,1009.7999877929688],[-1.2518105003982782,43.003803323954344,1010.4000244140625],[-1.2518004421144724,43.003813214600086,1010.5999755859375],[-1.2517859414219856,43.003826290369034,1010.5999755859375],[-1.2517671659588814,43.00383768975735,1010.7999877929688],[-1.2517459597438574,43.00384531728923,1011],[-1.2517348118126392,43.003853699192405,1011.2000122070312],[-1.2517193052917719,43.00386015325785,1011.4000244140625],[-1.2517023738473654,43.003872307017446,1011.7999877929688],[-1.2516842689365149,43.00388228148222,1012],[-1.2516591232270002,43.003895776346326,1012.2000122070312],[-1.2516393419355154,43.00390541553497,1012.5999755859375],[-1.2516269367188215,43.00391748547554,1012.5999755859375],[-1.2516095861792564,43.00393106415868,1013],[-1.2515904754400253,43.00393760204315,1013.2000122070312],[-1.2515723705291748,43.00394858233631,1013.4000244140625],[-1.2515581212937832,43.00395428203046,1013.5999755859375],[-1.25153842382133,43.00396836362779,1013.7999877929688],[-1.2515243422240019,43.003980685025454,1014],[-1.2515152897685766,43.00398722290993,1014.2000122070312],[-1.2515009567141533,43.0039937607944,1014.5999755859375],[-1.2514835223555565,43.0040040705353,1014.7999877929688],[-1.2514818459749222,43.00401714630425,1015],[-1.251465417444706,43.00403047353029,1015.2000122070312],[-1.2514505814760923,43.00404346548021,1015.4000244140625],[-1.2514367513358593,43.00405444577336,1015.5999755859375],[-1.2514195684343576,43.004066264256835,1015.7999877929688],[-1.2514052353799343,43.00407422706485,1016],[-1.2513916566967964,43.004082357510924,1016.2000122070312],[-1.2513717077672482,43.004095768556,1016.4000244140625],[-1.2513525132089853,43.00410658121109,1016.4000244140625],[-1.2513383477926254,43.00411429256201,1016.5999755859375],[-1.251321081072092,43.00413290038705,1016.7999877929688],[-1.2513047363609076,43.00414664670825,1017],[-1.2512920796871185,43.0041562858969,1017.2000122070312],[-1.2512726336717606,43.00416776910424,1017.2000122070312],[-1.2512528523802757,43.004176653921604,1017.4000244140625],[-1.2512322328984737,43.00418998114765,1017.4000244140625],[-1.2512096855789423,43.00421076826751,1017.5999755859375],[-1.251193843781948,43.00422275438905,1017.7999877929688],[-1.2511762417852879,43.00423515960574,1018],[-1.2511550355702639,43.00424697808921,1018.2000122070312],[-1.2511342484503984,43.00425544381142,1018.4000244140625],[-1.2511154729872942,43.0042665079236,1018.4000244140625],[-1.2511003017425537,43.00427765585482,1018.5999755859375],[-1.2510900758206844,43.004281762987375,1018.7999877929688],[-1.2510759104043245,43.00428788177669,1019],[-1.2510573025792837,43.00429919734597,1019],[-1.2510334979742765,43.00430724397302,1019.2000122070312],[-1.251020673662424,43.00431520678103,1019.4000244140625],[-1.2510031554847956,43.00432392396033,1019.4000244140625],[-1.2509805243462324,43.00433951430023,1019.5999755859375],[-1.2509655207395554,43.00434303469956,1019.7999877929688],[-1.250946493819356,43.004353092983365,1019.7999877929688],[-1.2509239464998245,43.00436650402844,1020],[-1.2509119603782892,43.00437337718904,1020],[-1.250896705314517,43.00437840633094,1020],[-1.2508701346814632,43.004396511241794,1020.4000244140625],[-1.250853119418025,43.00440564751625,1020.5999755859375],[-1.2508356850594282,43.00441771745682,1020.7999877929688],[-1.2508153170347214,43.004429284483194,1020.7999877929688],[-1.2507899198681116,43.00444680266082,1021],[-1.2507732398808002,43.00446281209588,1021.2000122070312],[-1.2507610861212015,43.00447010435164,1021.4000244140625],[-1.2507432326674461,43.00448460504413,1021.4000244140625],[-1.250724121928215,43.00449709407985,1021.4000244140625],[-1.2507040053606033,43.004508493468165,1021.4000244140625],[-1.2506842240691185,43.00452098250389,1021.5999755859375],[-1.2506641913205385,43.00453372299671,1021.5999755859375],[-1.2506470084190369,43.00454487092793,1021.7999877929688],[-1.2506326753646135,43.00455744378269,1021.7999877929688],[-1.2506235390901566,43.004575381055474,1021.7999877929688],[-1.2506147380918264,43.0045913066715,1021.7999877929688],[-1.2506097089499235,43.00460287369788,1022.2000122070312],[-1.250610463321209,43.00461653620005,1022.4000244140625],[-1.2506129778921604,43.00463195890188,1022.4000244140625],[-1.2506154086440802,43.00464645959437,1022.5999755859375],[-1.250622197985649,43.00465978682041,1022.7999877929688],[-1.250633429735899,43.00467738881707,1023],[-1.2506401352584362,43.00469289533794,1023],[-1.2506436556577682,43.0047054681927,1023.4000244140625],[-1.2506497744470835,43.00472457893193,1023.4000244140625],[-1.2506566476076841,43.00474033690989,1023.4000244140625],[-1.2506562285125256,43.00475659780204,1023.5999755859375],[-1.2506476789712906,43.00477109849453,1024],[-1.2506347708404064,43.00478568300605,1024],[-1.2506173364818096,43.00480294972658,1024.199951171875],[-1.250608367845416,43.00482231192291,1024.4000244140625],[-1.2506055179983377,43.00484100356698,1024.5999755859375],[-1.2506061885505915,43.004858773201704,1024.5999755859375],[-1.250604260712862,43.00487662665546,1024.800048828125],[-1.25060367397964,43.00489196553826,1024.800048828125],[-1.2506038416177034,43.004910154268146,1024.800048828125],[-1.2506027519702911,43.00492691807449,1024.800048828125],[-1.250598644837737,43.004946280270815,1025.199951171875],[-1.2505984771996737,43.004963379353285,1025.199951171875],[-1.25059780664742,43.004978047683835,1025.199951171875],[-1.2506014946848154,43.00499204546213,1025.199951171875],[-1.2506004888564348,43.0050109885633,1025.4000244140625],[-1.250595124438405,43.0050300154835,1025.4000244140625],[-1.25058950856328,43.00505205988884,1025.4000244140625],[-1.250585401430726,43.00507502630353,1025.199951171875],[-1.2505794502794743,43.005099166184664,1025.199951171875],[-1.2505760975182056,43.00512003712356,1025.199951171875],[-1.2505723256617785,43.0051404889673,1025.199951171875],[-1.250568637624383,43.00515809096396,1025.199951171875],[-1.2505697272717953,43.005173932760954,1025.199951171875],[-1.250568637624383,43.00519078038633,1025.199951171875],[-1.250566290691495,43.005203353241086,1025.4000244140625],[-1.25056654214859,43.005224307999015,1025.5999755859375],[-1.2505681347101927,43.005246352404356,1025.800048828125],[-1.2505699787288904,43.005263451486826,1025.800048828125],[-1.2505693081766367,43.00528063438833,1026],[-1.2505658715963364,43.005297649651766,1026],[-1.2505638599395752,43.0053130723536,1026.199951171875],[-1.25056360848248,43.005328914150596,1026.4000244140625],[-1.2505640275776386,43.00534567795694,1027],[-1.250562435016036,43.00536177121103,1027.199951171875],[-1.250559501349926,43.00537786446512,1027.800048828125],[-1.250555394217372,43.00539379008114,1028.199951171875],[-1.2505520414561033,43.00541206263006,1028.5999755859375],[-1.2505452521145344,43.00543259829283,1028.800048828125],[-1.250540977343917,43.00545045174658,1029],[-1.250534439459443,43.00546939484775,1029.4000244140625],[-1.2505330983549356,43.00548439845443,1029.4000244140625],[-1.2505293264985085,43.005500324070454,1029.800048828125],[-1.250513568520546,43.00551583059132,1030],[-1.2504967208951712,43.005532678216696,1030.4000244140625],[-1.250479370355606,43.00554751418531,1030.4000244140625],[-1.2504630256444216,43.00555715337396,1030.4000244140625],[-1.2504439987242222,43.00556872040033,1030.4000244140625],[-1.2504237983375788,43.00558162853122,1030],[-1.2503970600664616,43.00559889525175,1029.5999755859375],[-1.250369818881154,43.00561188720167,1029.4000244140625],[-1.250343332067132,43.00562580116093,1029.4000244140625],[-1.2503091339021921,43.00563711673021,1029.199951171875],[-1.2502740137279034,43.005651868879795,1029.199951171875],[-1.2502471078187227,43.00566469319165,1029],[-1.250223470851779,43.0056722369045,1029],[-1.2502057012170553,43.00567718222737,1029],[-1.2501825671643019,43.00568673759699,1028.800048828125],[-1.2501609418541193,43.005696292966604,1028.800048828125],[-1.250135125592351,43.005705261603,1029],[-1.2501103151589632,43.00571657717228,1029],[-1.2500799726694822,43.00572437234223,1029],[-1.2500548269599676,43.00573166459799,1029.199951171875],[-1.2500300165265799,43.005739878863096,1030],[-1.2500058766454458,43.00575563684106,1030],[-1.2499736901372671,43.0057724006474,1030.4000244140625],[-1.2499358877539635,43.005787655711174,1030.4000244140625],[-1.2499068025499582,43.00579662434757,1030.4000244140625],[-1.2498801480978727,43.00581296905875,1030.4000244140625],[-1.2498598638921976,43.00582461990416,1030.4000244140625],[-1.2498405016958714,43.00585093908012,1030.4000244140625],[-1.2498177867382765,43.005878096446395,1030.4000244140625],[-1.2497791461646557,43.005891842767596,1030.4000244140625],[-1.2497396674007177,43.00589737482369,1030.199951171875],[-1.249688370153308,43.005899554118514,1030.199951171875],[-1.2496327981352806,43.00591413863003,1029.4000244140625],[-1.2495723646134138,43.00594883970916,1028],[-1.2495312094688416,43.00599284470081,1026.800048828125],[-1.249508410692215,43.00604213029146,1026.199951171875],[-1.2495071534067392,43.00607364624739,1026.199951171875],[-1.2495159544050694,43.00611287355423,1026.199951171875],[-1.2495225761085749,43.00615067593753,1026.199951171875],[-1.2495220731943846,43.006195770576596,1026.4000244140625],[-1.2495064828544855,43.00623147748411,1026.5999755859375],[-1.2494741287082434,43.006277745589614,1026.800048828125],[-1.2494318839162588,43.00630750134587,1027],[-1.249394752085209,43.00632694736123,1027.199951171875],[-1.249363487586379,43.00633725710213,1027.4000244140625],[-1.2493392638862133,43.00634982995689,1027.5999755859375],[-1.249280171468854,43.00638880580664,1027.5999755859375],[-1.2492199894040823,43.006414622068405,1027.5999755859375],[-1.249159723520279,43.00644773058593,1027.5999755859375],[-1.2491247709840536,43.006469858810306,1027.5999755859375],[-1.2490850407630205,43.00649852491915,1027.5999755859375],[-1.2490448914468288,43.00653548911214,1027.5999755859375],[-1.2489993777126074,43.00660698674619,1027.5999755859375],[-1.248986218124628,43.006617380306125,1027.5999755859375],[-1.2489922530949116,43.00661620683968,1027.5999755859375],[-1.2489880621433258,43.00661763176322,1027.5999755859375],[-1.248967107385397,43.0066463816911,1027.800048828125],[-1.2489376869052649,43.00666348077357,1027.800048828125],[-1.24890910461545,43.00668133422732,1028],[-1.2488785944879055,43.006700947880745,1028],[-1.2488524429500103,43.00670840777457,1028.199951171875],[-1.248823693022132,43.00671276636422,1028.4000244140625],[-1.2487920932471752,43.00671385601163,1028.4000244140625],[-1.2487654387950897,43.0067169573158,1028.5999755859375],[-1.2487370241433382,43.00671586766839,1028.800048828125],[-1.2486960366368294,43.00672994926572,1029],[-1.2486681248992682,43.00673749297857,1029],[-1.2486376147717237,43.006759621202946,1029],[-1.2486055120825768,43.00677739083767,1029],[-1.2485743314027786,43.006790382787585,1029],[-1.2485479284077883,43.00679742358625,1029],[-1.2485076952725649,43.006808487698436,1029.199951171875],[-1.2484748382121325,43.00681795924902,1029.199951171875],[-1.2484507821500301,43.006822569295764,1029.199951171875],[-1.2484185118228197,43.006831957027316,1029.4000244140625],[-1.2483837269246578,43.006858360022306,1029.5999755859375],[-1.2483443319797516,43.00687512382865,1029.5999755859375],[-1.2483131512999535,43.006884679198265,1029.5999755859375],[-1.2482800427824259,43.00689121708274,1029.800048828125],[-1.2482644524425268,43.006895408034325,1030],[-1.2482385523617268,43.00691585987806,1030],[-1.2482088804244995,43.00693614408374,1030],[-1.2481731735169888,43.006963385269046,1030.199951171875],[-1.2481391429901123,43.00699062645435,1030.4000244140625],[-1.248098323121667,43.007027339190245,1030.4000244140625],[-1.2480766978114843,43.00704963505268,1030.4000244140625],[-1.248048786073923,43.007064051926136,1030.4000244140625],[-1.2480148393660784,43.00707318820059,1030.5999755859375],[-1.2479961477220058,43.00707687623799,1030.800048828125],[-1.2479729298502207,43.007081067189574,1030.800048828125],[-1.247948370873928,43.007094813510776,1030.800048828125],[-1.247927751392126,43.00711266696453,1031],[-1.2479003425687551,43.0071263294667,1031],[-1.247872430831194,43.0071384832263,1031.199951171875],[-1.2478445190936327,43.00715030170977,1031.4000244140625],[-1.2478094827383757,43.00716245546937,1031.5999755859375],[-1.2477836664766073,43.0071678198874,1031.5999755859375],[-1.2477547489106655,43.00718257203698,1031.5999755859375],[-1.2477199640125036,43.00721324980259,1031.5999755859375],[-1.2476873584091663,43.00722691230476,1031.5999755859375],[-1.2476618774235249,43.00723730586469,1031.5999755859375],[-1.2476330436766148,43.00725490786135,1031.5999755859375],[-1.247615609318018,43.00726689398289,1031.5999755859375],[-1.2475912179797888,43.007279969751835,1031.5999755859375],[-1.2475729454308748,43.00728323869407,1031.5999755859375],[-1.2475453689694405,43.00728374160826,1031.5999755859375],[-1.247517205774784,43.00728499889374,1031.5999755859375],[-1.2474797386676073,43.007297068834305,1031.5999755859375],[-1.2474726978689432,43.00729748792946,1031.5999755859375],[-1.2474726978689432,43.00729748792946,1031.4000244140625],[-1.2474726978689432,43.00729748792946,1031.5999755859375],[-1.2474726978689432,43.00729748792946,1031.4000244140625],[-1.2474726978689432,43.00729748792946,1031.4000244140625],[-1.2474726978689432,43.00729748792946,1031.4000244140625],[-1.2474726978689432,43.00729748792946,1031.4000244140625],[-1.2474726978689432,43.00729748792946,1031.4000244140625],[-1.2474726978689432,43.00729748792946,1031.4000244140625],[-1.2474726978689432,43.00729748792946,1031.4000244140625],[-1.2474726978689432,43.00729748792946,1031.4000244140625],[-1.2474726978689432,43.00729748792946,1031.199951171875],[-1.2474726978689432,43.00729748792946,1031.199951171875],[-1.2474726978689432,43.00729748792946,1031.199951171875],[-1.2474726978689432,43.00729748792946,1031],[-1.2474726978689432,43.00729748792946,1031],[-1.2474726978689432,43.00729748792946,1031],[-1.2474726978689432,43.00729748792946,1031],[-1.2474726978689432,43.00729748792946,1031],[-1.2474726978689432,43.00729748792946,1030.800048828125],[-1.2474726978689432,43.00729748792946,1030.800048828125],[-1.2474726978689432,43.00729748792946,1030.800048828125],[-1.2474726978689432,43.00729748792946,1030.800048828125],[-1.2474726978689432,43.00729748792946,1030.800048828125],[-1.2474726978689432,43.00729748792946,1030.800048828125],[-1.2474726978689432,43.00729748792946,1030.800048828125],[-1.2474726978689432,43.00729748792946,1030.800048828125],[-1.2474726978689432,43.00729748792946,1030.800048828125],[-1.2474726978689432,43.00729748792946,1030.800048828125],[-1.2474726978689432,43.00729748792946,1030.800048828125],[-1.2474726978689432,43.00729748792946,1030.800048828125],[-1.2474726978689432,43.00729748792946,1030.800048828125],[-1.2474726978689432,43.00729748792946,1030.5999755859375],[-1.2474726978689432,43.00729748792946,1030.5999755859375],[-1.2474726978689432,43.00729748792946,1030.5999755859375],[-1.2474726978689432,43.00729748792946,1030.5999755859375],[-1.2474726978689432,43.00729748792946,1030.5999755859375],[-1.2474726978689432,43.00729748792946,1030.5999755859375],[-1.2474726978689432,43.00729748792946,1030.5999755859375],[-1.2474726978689432,43.00729748792946,1030.5999755859375],[-1.2474726978689432,43.00729748792946,1030.5999755859375],[-1.2474726978689432,43.00729748792946,1030.5999755859375],[-1.2474726978689432,43.00729748792946,1030.5999755859375],[-1.2474726978689432,43.00729748792946,1030.4000244140625],[-1.2474726978689432,43.00729748792946,1030.4000244140625],[-1.2474726978689432,43.00729748792946,1030.4000244140625],[-1.2474726978689432,43.00729748792946,1030.4000244140625],[-1.2474726978689432,43.00729748792946,1030.4000244140625],[-1.2474656570702791,43.007300505414605,1030.4000244140625],[-1.2474489770829678,43.00730570219457,1030.4000244140625],[-1.247428860515356,43.00731232389808,1030.4000244140625],[-1.247399691492319,43.00732120871544,1030.199951171875],[-1.24736700206995,43.00732581876218,1030.199951171875],[-1.2473286967724562,43.00733151845634,1030.199951171875],[-1.2472868710756302,43.007345013320446,1030.199951171875],[-1.2472452130168676,43.007364962249994,1030],[-1.2472134456038475,43.007396813482046,1029.5999755859375],[-1.2471833545714617,43.007436376065016,1028.800048828125],[-1.2471630703657866,43.007470993325114,1027.800048828125],[-1.2471416126936674,43.00750435329974,1027.199951171875],[-1.2471217475831509,43.00754643045366,1026.5999755859375],[-1.247108755633235,43.00758088007569,1026.4000244140625],[-1.2470884714275599,43.00761289894581,1026],[-1.2470577098429203,43.00765782594681,1025],[-1.247006244957447,43.00771716982126,1024.800048828125],[-1.2469495832920074,43.00776259973645,1023.2000122070312],[-1.2468763254582882,43.00781490281224,1021.4000244140625],[-1.2468043249100447,43.00785438157618,1021],[-1.2467349227517843,43.00789377652109,1020.5999755859375],[-1.246643727645278,43.00797516480088,1020.2000122070312],[-1.2465913407504559,43.0080190859735,1019.7999877929688],[-1.246543899178505,43.00805035047233,1019.5999755859375],[-1.2464827112853527,43.00810013897717,1019.4000244140625],[-1.246426049619913,43.00811137072742,1019.2000122070312],[-1.246358072385192,43.0081298109144,1018.5999755859375],[-1.2463011592626572,43.008150765672326,1017.7999877929688],[-1.2462353613227606,43.008184460923076,1017.4000244140625],[-1.2461681384593248,43.008207930251956,1016.7999877929688],[-1.2461103033274412,43.00822067074478,1015.7999877929688],[-1.246052635833621,43.00822536461055,1014.7999877929688],[-1.2459936272352934,43.008218659088016,1013.2000122070312],[-1.245925398543477,43.0082091037184,1012.5999755859375],[-1.2458550743758678,43.00819644704461,1011.7999877929688],[-1.245779050514102,43.008177168667316,1011.7999877929688],[-1.2456777971237898,43.00815721973777,1011.4000244140625],[-1.2455647252500057,43.008136097341776,1010],[-1.2454389967024326,43.008119501173496,1007.2000122070312],[-1.2453197222203016,43.00810516811907,1005.5999755859375],[-1.2452012859284878,43.00808412954211,1005],[-1.2450907286256552,43.00806728191674,1004.4000244140625],[-1.2449737172573805,43.008056888356805,1003.7999877929688],[-1.2448527663946152,43.00805110484362,1003],[-1.2447310611605644,43.00804582424462,1002.2000122070312],[-1.2446044106036425,43.00804532133043,1001.5999755859375],[-1.2444805260747671,43.00805261358619,1001],[-1.2443613354116678,43.00806485116482,1000.5999755859375],[-1.2442536279559135,43.00808387808502,1000.4000244140625],[-1.244154218584299,43.00810315646231,1000],[-1.2440636940300465,43.00812989473343,999.5999755859375],[-1.2439697328954935,43.00816526636481,998.5999755859375],[-1.2438771966844797,43.008194183930755,998.4000244140625],[-1.2437865044921637,43.00821295939386,997.5999755859375],[-1.2436872627586126,43.00822385586798,995.5999755859375],[-1.2435843329876661,43.0082246940583,994.4000244140625],[-1.2434779666364193,43.008225029334426,992],[-1.243374701589346,43.008212288841605,991],[-1.243276633322239,43.00818957388401,990],[-1.2431961670517921,43.0081557109952,989.5999755859375],[-1.2431160360574722,43.00814229995012,989.4000244140625],[-1.243048645555973,43.00813148729503,989.2000122070312],[-1.2429808359593153,43.00811463966966,989],[-1.24290875159204,43.00810935907066,988.7999877929688],[-1.2428479827940464,43.00809611566365,987.4000244140625],[-1.2427805084735155,43.00808974541724,987.2000122070312],[-1.242678165435791,43.008079351857305,985.4000244140625],[-1.242596860975027,43.00806895829737,983.4000244140625],[-1.2425179034471512,43.00805403850973,982.5999755859375],[-1.242437269538641,43.008031491190195,981.5999755859375],[-1.2423463258892298,43.008014895021915,980],[-1.2422530353069305,43.00799737684429,978.2000122070312],[-1.242156308144331,43.007982121780515,976],[-1.2420538812875748,43.00796770490706,974.2000122070312],[-1.2419473472982645,43.00794708542526,971.2000122070312],[-1.241828827187419,43.00792847760022,969],[-1.2417079601436853,43.007919089868665,968.4000244140625],[-1.2416010908782482,43.00791003741324,965.4000244140625],[-1.241522552445531,43.00790626555681,964.7999877929688],[-1.2414108216762543,43.00789201632142,964.2000122070312],[-1.2413280922919512,43.007896626368165,963.5999755859375],[-1.2412145175039768,43.0079154856503,962.5999755859375],[-1.2410923931747675,43.0079363565892,961.4000244140625],[-1.2409637309610844,43.00794876180589,960.4000244140625],[-1.240831883624196,43.00795404240489,958.2000122070312],[-1.2406894750893116,43.00794616341591,956.7999877929688],[-1.240551508963108,43.00794331356883,955],[-1.2403842061758041,43.007975248619914,953.7999877929688],[-1.2402401212602854,43.00800441764295,952.5999755859375],[-1.2400974612683058,43.008038867264986,951.4000244140625],[-1.2399858143180609,43.00807465799153,950.4000244140625],[-1.2398231215775013,43.008131235837936,949.2000122070312],[-1.2396987341344357,43.00817624665797,948.7999877929688],[-1.2396987341344357,43.00817624665797,949],[-1.23951424844563,43.008234249427915,948.7999877929688],[-1.2394199520349503,43.008285043761134,949],[-1.2393332831561565,43.008333994075656,949],[-1.239259522408247,43.00838973373175,949],[-1.239182660356164,43.0084178969264,949],[-1.239182660356164,43.0084178969264,949],[-1.2391065526753664,43.00844983197749,948.5999755859375],[-1.2389568518847227,43.008526442572474,947.7999877929688],[-1.238867500796914,43.00857178866863,947.4000244140625],[-1.238764738664031,43.00863130018115,946.5999755859375],[-1.2386829312890768,43.008680334314704,946.4000244140625],[-1.238616881892085,43.00871889106929,945.5999755859375],[-1.2385370023548603,43.008763482794166,945.2000122070312],[-1.2384547758847475,43.00879893824458,944.5999755859375],[-1.2383558694273233,43.00883908756077,944.2000122070312],[-1.238271715119481,43.00887119024992,943.7999877929688],[-1.2381859682500362,43.00890287384391,943.4000244140625],[-1.2380928453058004,43.00892801955342,943],[-1.2380145583301783,43.00894444808364,942.2000122070312],[-1.2379149813205004,43.008953081443906,941.7999877929688],[-1.2378159910440445,43.008961798623204,941],[-1.2377182580530643,43.00896909087896,940.7999877929688],[-1.237619686871767,43.00896749831736,940.5999755859375],[-1.2375082913786173,43.00898501649499,939.4000244140625],[-1.2373963091522455,43.00899130292237,938.7999877929688],[-1.2372865062206984,43.008990129455924,937.5999755859375],[-1.237179134041071,43.00898618996143,936.4000244140625],[-1.2370803114026785,43.00898216664791,934.7999877929688],[-1.2369833327829838,43.00898442976177,934.4000244140625],[-1.2368774693459272,43.00898157991469,934],[-1.2367681693285704,43.008988201618195,933.5999755859375],[-1.2366311252117157,43.00899775698781,931.7999877929688],[-1.2365113478153944,43.00900991074741,929.7999877929688],[-1.2363902293145657,43.00902172923088,927.2000122070312],[-1.2362774088978767,43.00903178751469,925],[-1.236171880736947,43.009056681767106,924.5999755859375],[-1.2360610719770193,43.00908803008497,923.7999877929688],[-1.2359531130641699,43.00910429097712,923],[-1.2358438968658447,43.00910856574774,921.5999755859375],[-1.2357328366488218,43.00911418162286,919.4000244140625],[-1.2356203515082598,43.009126000106335,917.2000122070312],[-1.2355099618434906,43.009129017591476,916.5999755859375],[-1.2353984825313091,43.00913002341986,914.5999755859375],[-1.2352879252284765,43.00912340171635,914.2000122070312],[-1.235179379582405,43.00911451689899,911.4000244140625],[-1.2350587639957666,43.009109906852245,910.4000244140625],[-1.2349312752485275,43.00910269841552,909],[-1.2348057143390179,43.009093394503,906.7999877929688],[-1.2346887029707432,43.00908358767629,903.7999877929688],[-1.2345805764198303,43.00907101482153,902],[-1.2344851065427065,43.00906506367028,901.4000244140625],[-1.234398689121008,43.00905835814774,901],[-1.2343239225447178,43.0090413428843,900],[-1.2342546880245209,43.00902692601085,899.5999755859375],[-1.234191656112671,43.00901820883155,899],[-1.234148070216179,43.009021980687976,898],[-1.2340914085507393,43.00905391573906,897.2000122070312],[-1.2340277899056673,43.00908342003822,897],[-1.2339410372078419,43.00911342725158,896.4000244140625],[-1.2338342517614365,43.00915198400617,895],[-1.2337199226021767,43.0091951508075,892.7999877929688],[-1.2336075212806463,43.009214429184794,890.5999755859375],[-1.2334977183490992,43.009239323437214,888.2000122070312],[-1.2333844788372517,43.00927318632603,886.5999755859375],[-1.2332781963050365,43.00930897705257,884.5999755859375],[-1.2331774458289146,43.00937904976308,883.7999877929688],[-1.2330914475023746,43.00941852852702,883.5999755859375],[-1.2330179382115602,43.00944283604622,882.7999877929688],[-1.232945853844285,43.00946873612702,880.7999877929688],[-1.2328735180199146,43.00950821489096,880],[-1.2327992543578148,43.009544340893626,879.2000122070312],[-1.232723481953144,43.00957669503987,878.2000122070312],[-1.2326456978917122,43.00961198285222,877.5999755859375],[-1.2325672432780266,43.00964022986591,876.7999877929688],[-1.2324931472539902,43.00966604612768,875.2000122070312],[-1.232418129220605,43.00970049574971,873.5999755859375],[-1.2323431111872196,43.00972128286958,872.7999877929688],[-1.2322732899338007,43.00974047742784,872],[-1.2322088330984116,43.00976394675672,870.7999877929688],[-1.232147729024291,43.00979043357074,869],[-1.2320940010249615,43.00981423817575,868.5999755859375],[-1.2320441287010908,43.009824715554714,868],[-1.232000207528472,43.00983192399144,866.2000122070312],[-1.2319543585181236,43.00984650850296,866],[-1.2319166399538517,43.0098548065871,865.4000244140625],[-1.2318781670182943,43.00987182185054,864.2000122070312],[-1.2318381015211344,43.009884897619486,864.2000122070312],[-1.231799041852355,43.009892189875245,863.2000122070312],[-1.2317597307264805,43.009895542636514,862.2000122070312],[-1.2317211739718914,43.00989780575037,861.7999877929688],[-1.2316811922937632,43.0099134799093,861],[-1.2316368520259857,43.0099359434098,860],[-1.231587566435337,43.00995195284486,858.7999877929688],[-1.2315179128199816,43.00996963866055,858],[-1.2314449902623892,43.009990928694606,857],[-1.2313682120293379,43.01001666113734,855],[-1.2312919367104769,43.0100411362946,854.4000244140625],[-1.2312026694417,43.01006770692766,853.5999755859375],[-1.2311303336173296,43.01008899696171,852.2000122070312],[-1.2310636974871159,43.01011137664318,851.2000122070312],[-1.231003850698471,43.010131577029824,850.4000244140625],[-1.2309533078223467,43.01014146767557,849.2000122070312],[-1.2309088837355375,43.010153621435165,848.5999755859375],[-1.2308733444660902,43.01017080433667,848.2000122070312],[-1.2308485340327024,43.01019435748458,847.5999755859375],[-1.2308293394744396,43.01021254621446,846.5999755859375],[-1.2308187782764435,43.010222017765045,846],[-1.2308108992874622,43.01023869775236,845.5999755859375],[-1.2308079656213522,43.01025604829192,844.5999755859375],[-1.230808887630701,43.01027155481279,843.5999755859375],[-1.23080687597394,43.010289911180735,842.5999755859375],[-1.2308056186884642,43.01030592061579,841.2000122070312],[-1.2308038584887981,43.01030977629125,840.4000244140625],[-1.2308038584887981,43.01030977629125,840],[-1.2308038584887981,43.01030977629125,839.7999877929688],[-1.2308038584887981,43.01030977629125,839.5999755859375],[-1.2308038584887981,43.01030977629125,839.4000244140625],[-1.2308038584887981,43.01030977629125,839.4000244140625],[-1.2308056186884642,43.01031748764217,839.2000122070312],[-1.2308039423078299,43.01032050512731,839.2000122070312],[-1.2308039423078299,43.01032050512731,839.2000122070312],[-1.2308039423078299,43.01032050512731,839],[-1.2308015953749418,43.01032679155469,839],[-1.2307987455278635,43.01032938994467,839],[-1.2307987455278635,43.01032938994467,838.7999877929688],[-1.2307987455278635,43.01032938994467,838.7999877929688],[-1.2307987455278635,43.01032938994467,838.5999755859375],[-1.2307987455278635,43.01032938994467,838.5999755859375],[-1.2307954765856266,43.010334838181734,838.5999755859375],[-1.2307926267385483,43.01033718511462,838.5999755859375],[-1.2307926267385483,43.01033718511462,838.5999755859375],[-1.2307926267385483,43.01033718511462,838.4000244140625],[-1.2307926267385483,43.01033718511462,838.2000122070312],[-1.2307926267385483,43.01033718511462,838.2000122070312],[-1.2307926267385483,43.01033718511462,838.2000122070312],[-1.2307926267385483,43.01033718511462,838.2000122070312],[-1.2307926267385483,43.01033718511462,838.2000122070312],[-1.2307926267385483,43.01033718511462,838],[-1.2307926267385483,43.01033718511462,838],[-1.2307926267385483,43.01033718511462,838],[-1.2307872623205185,43.010345147922635,838],[-1.2307677324861288,43.010360822081566,837.7999877929688],[-1.2307398207485676,43.010379346087575,837.7999877929688],[-1.2307057902216911,43.01039778627455,837.7999877929688],[-1.2306738551706076,43.010415472090244,837.7999877929688],[-1.2306403275579214,43.01043525338173,837.4000244140625],[-1.2306091468781233,43.01044958643615,837],[-1.230586851015687,43.01045344211161,836.5999755859375],[-1.2305674888193607,43.01045914180577,835.7999877929688],[-1.2305414211004972,43.010474145412445,835.4000244140625],[-1.2305141799151897,43.010491244494915,834.7999877929688],[-1.2304689176380634,43.01051697693765,834],[-1.2304125912487507,43.01053927280009,833.2000122070312],[-1.2303710170090199,43.01055368967354,832.2000122070312],[-1.2303373217582703,43.010573806241155,831],[-1.230300609022379,43.01059618592262,830],[-1.230269344523549,43.01060305908322,829.4000244140625],[-1.2302283570170403,43.01060859113932,828.2000122070312],[-1.2301837652921677,43.01061789505184,827.2000122070312],[-1.230130037292838,43.01062543876469,826.4000244140625],[-1.230086451396346,43.01061764359474,825.4000244140625],[-1.2300421111285686,43.01061429083347,824.4000244140625],[-1.2300036381930113,43.01060892641544,823.7999877929688],[-1.2299725413322449,43.01060155034065,823],[-1.2299437075853348,43.01058202050626,822.2000122070312],[-1.2299161311239004,43.01056760363281,821.4000244140625],[-1.2299076654016972,43.010563496500254,820.4000244140625],[-1.2299076654016972,43.010563496500254,819.5999755859375],[-1.2299076654016972,43.010563496500254,819.2000122070312],[-1.2299076654016972,43.010563496500254,819],[-1.22990682721138,43.01056190393865,819],[-1.2298983614891768,43.010553354397416,819],[-1.2298846989870071,43.01053726114333,819],[-1.2298713717609644,43.01051689311862,818.7999877929688],[-1.2298580445349216,43.01049878820777,818.5999755859375],[-1.2298442143946886,43.01048277877271,818.4000244140625],[-1.229836419224739,43.01047598943114,818.2000122070312],[-1.229836419224739,43.01047598943114,818],[-1.229836419224739,43.01047598943114,817.7999877929688],[-1.229836419224739,43.01047598943114,817.5999755859375],[-1.2298365868628025,43.01047246903181,817.4000244140625],[-1.2298344913870096,43.01047037355602,817.2000122070312],[-1.2298344913870096,43.01047037355602,817],[-1.2298344913870096,43.01047037355602,817],[-1.2298344913870096,43.01047037355602,816.7999877929688],[-1.2298344913870096,43.01047037355602,816.7999877929688],[-1.2298344913870096,43.01047037355602,816.7999877929688],[-1.2298344913870096,43.01047037355602,816.7999877929688],[-1.2298344913870096,43.01047037355602,816.5999755859375],[-1.2298344913870096,43.01047037355602,816.5999755859375],[-1.2298344913870096,43.01047037355602,816.5999755859375],[-1.2298319768160582,43.01046945154667,816.5999755859375],[-1.2298294622451067,43.010466350242496,816.5999755859375],[-1.2298294622451067,43.010466350242496,816.4000244140625],[-1.2298294622451067,43.010466350242496,816.4000244140625],[-1.2298294622451067,43.010466350242496,816.4000244140625],[-1.2298294622451067,43.010466350242496,816.4000244140625],[-1.2298294622451067,43.010466350242496,816.2000122070312],[-1.2298294622451067,43.010466350242496,816.2000122070312],[-1.2298286240547895,43.01046567969024,816.2000122070312],[-1.2298339046537876,43.0104608181864,816.2000122070312],[-1.229836167767644,43.010457968339324,816.2000122070312],[-1.229836167767644,43.010457968339324,816],[-1.229836167767644,43.010457968339324,816],[-1.2298297137022018,43.01045687869191,816],[-1.2298254389315844,43.01045428030193,815.7999877929688],[-1.2298254389315844,43.01045428030193,815.7999877929688],[-1.2298238463699818,43.0104576330632,815.7999877929688],[-1.2298257742077112,43.010459979996085,815.7999877929688],[-1.2298257742077112,43.010459979996085,815.7999877929688],[-1.2298257742077112,43.010459979996085,815.7999877929688],[-1.2298257742077112,43.010459979996085,815.7999877929688],[-1.2298257742077112,43.010459979996085,816],[-1.2298257742077112,43.010459979996085,816],[-1.2298257742077112,43.010459979996085,816.2000122070312],[-1.2298257742077112,43.010459979996085,816.2000122070312],[-1.2298159673810005,43.010458471253514,816.2000122070312],[-1.2298145424574614,43.010455118492246,816.2000122070312],[-1.2298145424574614,43.010455118492246,816],[-1.2298145424574614,43.010455118492246,815.7999877929688],[-1.2298145424574614,43.010455118492246,815.5999755859375],[-1.2298145424574614,43.010455118492246,815.5999755859375],[-1.2298107706010342,43.01045277155936,815.5999755859375],[-1.2298107706010342,43.01045277155936,815.5999755859375],[-1.2298083398491144,43.01045092754066,815.5999755859375],[-1.229802556335926,43.01045176573098,815.5999755859375],[-1.2297876365482807,43.01044539548457,815.5999755859375],[-1.229768693447113,43.01043005660176,815.5999755859375],[-1.2297593895345926,43.010409185662866,815.5999755859375],[-1.2297505885362625,43.010382279753685,815.4000244140625],[-1.2297401949763298,43.01034992560744,815.4000244140625],[-1.229728627949953,43.010316733270884,815.4000244140625],[-1.229713037610054,43.010283121839166,815.4000244140625],[-1.229685042053461,43.01025697030127,815.4000244140625],[-1.2296457309275866,43.01022721454501,815.2000122070312],[-1.2296051625162363,43.01019133999944,815.2000122070312],[-1.2295629177242517,43.01015814766288,814.5999755859375],[-1.2295176554471254,43.01013149321079,814.4000244140625],[-1.2294684536755085,43.0101153999567,814.4000244140625],[-1.22941673733294,43.01010995171964,814.2000122070312],[-1.229362254962325,43.0101069342345,814.2000122070312],[-1.229303665459156,43.010100396350026,814.4000244140625],[-1.2292511947453022,43.01008933223784,814.4000244140625],[-1.2292156554758549,43.01006896421313,814.5999755859375],[-1.2291783560067415,43.010046584531665,814.7999877929688],[-1.229147594422102,43.01002445630729,815.2000122070312],[-1.2291170842945576,43.01000140607357,815.5999755859375],[-1.2290866579860449,43.00998137332499,816],[-1.229056566953659,43.00996377132833,816.5999755859375],[-1.2290251348167658,43.00994868390262,817.2000122070312],[-1.2289988156408072,43.00993242301047,817.5999755859375],[-1.228971155360341,43.00991733558476,818.2000122070312],[-1.2289380468428135,43.009907361119986,818.5999755859375],[-1.2289056088775396,43.0098978895694,819.2000122070312],[-1.2288731709122658,43.009888753294945,819.7999877929688],[-1.2288382183760405,43.00987743772566,820],[-1.2288046069443226,43.00986444577575,820],[-1.228770911693573,43.00985002890229,820.2000122070312],[-1.2287353724241257,43.00983728840947,820.2000122070312],[-1.2286976538598537,43.009825302287936,820.4000244140625],[-1.2286552414298058,43.00981323234737,820.4000244140625],[-1.2286114878952503,43.00979973748326,820.4000244140625],[-1.2285730987787247,43.00978146493435,820.4000244140625],[-1.2285280041396618,43.009766126051545,820.5999755859375],[-1.2284855917096138,43.00974844023585,820.5999755859375],[-1.2284403294324875,43.009726479649544,820.5999755859375],[-1.2283928040415049,43.00970669835806,820.5999755859375],[-1.2283503077924252,43.0096819717437,820.5999755859375],[-1.2283055484294891,43.00966118462384,820.5999755859375],[-1.2282609567046165,43.009643917903304,820.5999755859375],[-1.2282126769423485,43.00962774083018,820.5999755859375],[-1.228168671950698,43.009612234309316,820.5999755859375],[-1.228123577311635,43.00959731452167,820.7999877929688],[-1.2280794885009527,43.00958474166691,820.7999877929688],[-1.228043781593442,43.00957476720214,820.7999877929688],[-1.2279970105737448,43.0095648765564,820.7999877929688],[-1.2279382534325123,43.00955515354872,820.7999877929688],[-1.2278962600976229,43.00954635255039,820.7999877929688],[-1.2278622295707464,43.00953394733369,820.7999877929688],[-1.2278292048722506,43.00951768644154,820.7999877929688],[-1.2277987785637379,43.009505700320005,820.7999877929688],[-1.2277700286358595,43.00949522294104,820.7999877929688],[-1.2277374230325222,43.00948935560882,820.7999877929688],[-1.2277043145149946,43.009483153000474,820.7999877929688],[-1.227676486596465,43.009475860744715,820.7999877929688],[-1.2276463117450476,43.00946672447026,820.7999877929688],[-1.2276125326752663,43.009460270404816,820.7999877929688],[-1.2275850400328636,43.00945742055774,820.7999877929688],[-1.2275584693998098,43.00945306196809,820.7999877929688],[-1.2275274563580751,43.00944342277944,820.7999877929688],[-1.227496275678277,43.009428502991796,820.7999877929688],[-1.227465681731701,43.00941308028996,820.7999877929688],[-1.2274397816509008,43.00939992070198,820.7999877929688],[-1.2274066731333733,43.00938810221851,820.5999755859375],[-1.2273782584816217,43.00937611609697,820.5999755859375],[-1.2273485027253628,43.009370751678944,820.5999755859375],[-1.2273296434432268,43.009374188259244,820.5999755859375],[-1.2273170705884695,43.009381480515,820.5999755859375],[-1.2273052521049976,43.00939120352268,820.5999755859375],[-1.2272902484983206,43.0094007588923,820.5999755859375],[-1.227285386994481,43.009403022006154,820.7999877929688],[-1.227285386994481,43.009403022006154,821],[-1.227283962070942,43.00940084271133,821],[-1.2272804416716099,43.00940042361617,821],[-1.2272804416716099,43.00940042361617,821],[-1.2272804416716099,43.00940042361617,821],[-1.2272804416716099,43.00940042361617,821],[-1.2272804416716099,43.00940042361617,820.7999877929688],[-1.2272804416716099,43.00940042361617,820.7999877929688],[-1.2272804416716099,43.00940042361617,820.7999877929688],[-1.2272804416716099,43.00940042361617,820.7999877929688],[-1.2272804416716099,43.00940042361617,820.7999877929688],[-1.2272804416716099,43.00940042361617,820.7999877929688],[-1.2272804416716099,43.00940042361617,820.7999877929688],[-1.2272754963487387,43.00940193235874,820.7999877929688],[-1.2272718083113432,43.009405033662915,820.7999877929688],[-1.2272718083113432,43.009405033662915,820.7999877929688],[-1.2272718083113432,43.009405033662915,820.5999755859375],[-1.2272718083113432,43.009405033662915,820.5999755859375],[-1.2272718083113432,43.009405033662915,820.5999755859375],[-1.2272718083113432,43.009405033662915,820.5999755859375],[-1.2272718083113432,43.009405033662915,820.4000244140625],[-1.2272718083113432,43.009405033662915,820.4000244140625],[-1.2272718083113432,43.009405033662915,820.4000244140625],[-1.2272718083113432,43.009405033662915,820.4000244140625],[-1.2272718083113432,43.009405033662915,820.4000244140625],[-1.2272718083113432,43.009405033662915,820.4000244140625],[-1.2272718083113432,43.009405033662915,820.4000244140625],[-1.227270718663931,43.009410817176104,820.2000122070312],[-1.2272689584642649,43.00941349938512,820.2000122070312],[-1.2272689584642649,43.00941349938512,820.2000122070312],[-1.2272689584642649,43.00941349938512,820.2000122070312],[-1.2272689584642649,43.00941349938512,820.2000122070312],[-1.2272689584642649,43.00941349938512,820.2000122070312],[-1.2272689584642649,43.00941349938512,820.2000122070312],[-1.2272689584642649,43.00941349938512,820.2000122070312],[-1.2272689584642649,43.00941349938512,820.2000122070312],[-1.2272689584642649,43.00941349938512,820],[-1.2272689584642649,43.00941349938512,820],[-1.2272689584642649,43.00941349938512,820],[-1.2272689584642649,43.00941349938512,820],[-1.2272689584642649,43.00941349938512,820],[-1.2272689584642649,43.00941349938512,820],[-1.2272689584642649,43.00941349938512,820],[-1.2272689584642649,43.00941349938512,819.7999877929688],[-1.2272689584642649,43.00941349938512,819.7999877929688],[-1.2272689584642649,43.00941349938512,819.7999877929688],[-1.2272689584642649,43.00941349938512,819.7999877929688],[-1.2272689584642649,43.00941349938512,819.7999877929688],[-1.2272689584642649,43.00941349938512,819.5999755859375],[-1.2272689584642649,43.00941349938512,819.5999755859375],[-1.2272689584642649,43.00941349938512,819.5999755859375],[-1.2272689584642649,43.00941349938512,819.5999755859375],[-1.2272689584642649,43.00941349938512,819.5999755859375],[-1.2272689584642649,43.00941349938512,819.5999755859375],[-1.2272689584642649,43.00941349938512,819.5999755859375],[-1.2272689584642649,43.00941349938512,819.5999755859375],[-1.2272689584642649,43.00941349938512,819.4000244140625],[-1.2272689584642649,43.00941349938512,819.4000244140625],[-1.2272689584642649,43.00941349938512,819.4000244140625],[-1.2272689584642649,43.00941349938512,819.4000244140625],[-1.2272689584642649,43.00941349938512,819.4000244140625],[-1.2272689584642649,43.00941349938512,819.4000244140625],[-1.2272689584642649,43.00941349938512,819.4000244140625],[-1.2272689584642649,43.00941349938512,819.4000244140625],[-1.2272689584642649,43.00941349938512,819.2000122070312],[-1.2272689584642649,43.00941349938512,819.2000122070312],[-1.2272689584642649,43.00941349938512,819.2000122070312],[-1.2272689584642649,43.00941349938512,819.2000122070312],[-1.2272689584642649,43.00941349938512,819.2000122070312],[-1.2272689584642649,43.00941349938512,819.2000122070312],[-1.2272689584642649,43.00941349938512,819.2000122070312],[-1.2272689584642649,43.00941349938512,819],[-1.2272689584642649,43.00941349938512,819],[-1.2272689584642649,43.00941349938512,819],[-1.2272689584642649,43.00941349938512,819],[-1.2272689584642649,43.00941349938512,819],[-1.2272689584642649,43.00941349938512,819],[-1.2272689584642649,43.00941349938512,818.7999877929688],[-1.2272689584642649,43.00941349938512,818.7999877929688],[-1.2272689584642649,43.00941349938512,818.7999877929688],[-1.2272689584642649,43.00941349938512,818.7999877929688],[-1.2272712215781212,43.009417271241546,818.7999877929688],[-1.2272755801677704,43.00942774862051,818.7999877929688],[-1.2272883206605911,43.009436298161745,818.7999877929688],[-1.2273129634559155,43.009439650923014,818.5999755859375],[-1.227339869365096,43.00944585353136,818.5999755859375],[-1.2273641768842936,43.009456833824515,818.5999755859375],[-1.2273893225938082,43.009471418336034,818.5999755859375],[-1.2274192459881306,43.009484661743045,818.5999755859375],[-1.2274519354104996,43.00949354656041,818.5999755859375],[-1.2274846248328686,43.009500754997134,818.7999877929688],[-1.2275184039026499,43.00950528122485,818.7999877929688],[-1.22755310498178,43.00951064564288,818.7999877929688],[-1.2275859620422125,43.00951584242284,818.7999877929688],[-1.227620830759406,43.00952120684087,818.7999877929688],[-1.2276554480195045,43.009529085829854,818.7999877929688],[-1.2276907358318567,43.009536042809486,818.7999877929688],[-1.227729208767414,43.00953813828528,818.7999877929688],[-1.2277675978839397,43.00954073667526,818.7999877929688],[-1.2278023827821016,43.009548699483275,818.7999877929688],[-1.2278407718986273,43.009556997567415,818.7999877929688],[-1.2278802506625652,43.009564792737365,818.7999877929688],[-1.2279190588742495,43.009572084993124,818.7999877929688],[-1.2279576994478703,43.0095767788589,818.7999877929688],[-1.2279976811259985,43.00958063453436,818.7999877929688],[-1.2280368246138096,43.00958130508661,818.7999877929688],[-1.2280732858926058,43.00958457402885,819],[-1.2281107529997826,43.00959438085556,819],[-1.228150650858879,43.009607288986444,819],[-1.228192476555705,43.00962271168828,819],[-1.2282347213476896,43.00963947549462,819],[-1.2282789777964354,43.00965640693903,819.2000122070312],[-1.2283218931406736,43.00967635586858,819.2000122070312],[-1.2283612042665482,43.009699154645205,819.2000122070312],[-1.2283981684595346,43.00972304306924,819.2000122070312],[-1.228427505120635,43.009742237627506,819.2000122070312],[-1.2284810654819012,43.00976579077542,819.4000244140625],[-1.2285250704735518,43.00978439860046,819.4000244140625],[-1.2285704165697098,43.009802754968405,819.2000122070312],[-1.2286152597516775,43.00982111133635,819.2000122070312],[-1.228660773485899,43.009839886799455,819.2000122070312],[-1.2287095561623573,43.00985774025321,819.2000122070312],[-1.22875708155334,43.0098788626492,819.2000122070312],[-1.2288043554872274,43.009901493787766,819.2000122070312],[-1.22884601354599,43.00992554984987,819],[-1.228878702968359,43.009956227615476,819],[-1.228906698524952,43.009988497942686,819],[-1.2289279885590076,43.01001280546188,819],[-1.2289585825055838,43.010038789361715,819],[-1.2289869133383036,43.0100670363754,819],[-1.229014741256833,43.01009578630328,819],[-1.2290397193282843,43.01012554205954,819],[-1.2290606740862131,43.010163847357035,819.2000122070312],[-1.229077773168683,43.01019796170294,819.4000244140625],[-1.2290957942605019,43.0102311540395,819.4000244140625],[-1.2291072774678469,43.01025948487222,819.4000244140625],[-1.229117838665843,43.01029661670327,819.4000244140625],[-1.2291230354458094,43.010333916172385,819.4000244140625],[-1.22912990860641,43.01037113182247,819.4000244140625],[-1.2291412241756916,43.01040449179709,819.4000244140625],[-1.2291448283940554,43.01044397056103,819.4000244140625],[-1.229151701554656,43.01048235967755,819.4000244140625],[-1.2291579879820347,43.01052083261311,819.4000244140625],[-1.2291680462658405,43.01055729389191,819.4000244140625],[-1.2291781045496464,43.01059274934232,819.4000244140625],[-1.2291865702718496,43.01062619313598,819.4000244140625],[-1.229199394583702,43.01066156476736,819.4000244140625],[-1.2292107939720154,43.010699870064855,819.4000244140625],[-1.2292264681309462,43.01073675043881,819.4000244140625],[-1.2292410526424646,43.01077296026051,819.4000244140625],[-1.229254798963666,43.01081746816635,819.2000122070312],[-1.2292643543332815,43.0108564440161,819.2000122070312],[-1.229273909702897,43.010896760970354,819.2000122070312],[-1.2292798608541489,43.01092894747853,819.2000122070312],[-1.229282794520259,43.01097848452628,819.2000122070312],[-1.229281285777688,43.011012598872185,819.2000122070312],[-1.229273658245802,43.0110549274832,819.2000122070312],[-1.229258319362998,43.01109532825649,819.2000122070312],[-1.2292323354631662,43.01114184781909,819.2000122070312],[-1.2292054295539856,43.011178812012076,819.2000122070312],[-1.2291739974170923,43.01121569238603,819.2000122070312],[-1.2291420623660088,43.01125215366483,819.2000122070312],[-1.22910987585783,43.011284256353974,819.2000122070312],[-1.2290856521576643,43.01130755804479,819.2000122070312],[-1.2290545552968979,43.0113363917917,819.4000244140625],[-1.2290172558277845,43.01136824302375,819.7999877929688],[-1.2289880029857159,43.011389365419745,820],[-1.228960007429123,43.01141107454896,820.2000122070312],[-1.2289289943873882,43.01144057884812,820.5999755859375],[-1.2288955505937338,43.01146564073861,821.2000122070312],[-1.228865124285221,43.011488523334265,821.4000244140625],[-1.2288354523479939,43.01151157356799,821.5999755859375],[-1.2288055289536715,43.01153311505914,821.7999877929688],[-1.2287787068635225,43.0115541536361,822],[-1.228734701871872,43.01158022135496,822.4000244140625],[-1.2286958936601877,43.011599415913224,822.5999755859375],[-1.2286582589149475,43.01161777228117,823],[-1.2286206241697073,43.011643756181,823.2000122070312],[-1.2285844143480062,43.0116730928421,823.2000122070312],[-1.2285440973937511,43.01169731654227,823.4000244140625],[-1.2285036128014326,43.0117217078805,823.4000244140625],[-1.2284649722278118,43.011746015399694,823.4000244140625],[-1.2284264992922544,43.01177660934627,823.4000244140625],[-1.2283934745937586,43.01180695183575,823.4000244140625],[-1.2283507268875837,43.011837881058455,823.4000244140625],[-1.2283275928348303,43.01186738535762,823.4000244140625],[-1.2282913830131292,43.01190309226513,823.2000122070312],[-1.228261711075902,43.01194156520069,823.2000122070312],[-1.2282420974224806,43.01197400316596,823.2000122070312],[-1.2282261718064547,43.012003172189,823.2000122070312],[-1.2282041274011135,43.01203737035394,823.2000122070312],[-1.228184262290597,43.01207710057497,823],[-1.2281731981784105,43.01212487742305,823],[-1.2281622178852558,43.01216796040535,822.7999877929688],[-1.2281579431146383,43.01220601424575,822.5999755859375],[-1.2281585298478603,43.01225898787379,822.4000244140625],[-1.2281628046184778,43.012301065027714,822.4000244140625],[-1.228168671950698,43.01234498620033,822.4000244140625],[-1.2281870283186436,43.01238211803138,822.4000244140625],[-1.228188956156373,43.01245001144707,822.4000244140625],[-1.228173952549696,43.012520503252745,822.2000122070312],[-1.228170096874237,43.01256719045341,822.2000122070312],[-1.228170683607459,43.01260239444673,822.2000122070312],[-1.2281824182718992,43.01265059038997,822.2000122070312],[-1.2281799875199795,43.012692499905825,822.4000244140625],[-1.2281843461096287,43.01273901946843,822.4000244140625],[-1.2281794007867575,43.012785371392965,822.4000244140625],[-1.2281925603747368,43.012829795479774,822.4000244140625],[-1.2282103300094604,43.01285829395056,822.5999755859375],[-1.2282118387520313,43.01289760507643,822.5999755859375],[-1.2282111681997776,43.012941693887115,822.5999755859375],[-1.2282287701964378,43.01297991536558,822.5999755859375],[-1.2282483000308275,43.01301822066307,822.5999755859375],[-1.2282727751880884,43.01305619068444,822.5999755859375],[-1.2282974179834127,43.01309382542968,822.7999877929688],[-1.2283236533403397,43.01313020288944,822.7999877929688],[-1.2283522356301546,43.013167502358556,822.7999877929688],[-1.2283743638545275,43.013196252286434,823],[-1.2284056283533573,43.01324017345905,823],[-1.2284255772829056,43.01327856257558,823],[-1.2284495495259762,43.0133119225502,823.2000122070312],[-1.228462290018797,43.01333874464035,823.2000122070312],[-1.228477880358696,43.013370176777244,823.4000244140625],[-1.2285016011446714,43.013410745188594,823.4000244140625],[-1.228521466255188,43.01344385370612,823.5999755859375],[-1.228540576994419,43.01347176544368,823.7999877929688],[-1.2285562511533499,43.01349179819226,824],[-1.2285751104354858,43.01351602189243,824.2000122070312],[-1.2285954784601927,43.0135452747345,824.5999755859375],[-1.2286099791526794,43.01356832496822,824.7999877929688],[-1.228624563664198,43.01360067911446,824.7999877929688],[-1.2286434229463339,43.013637056574225,825],[-1.2286556605249643,43.0136607773602,825.2000122070312],[-1.2286709155887365,43.01369673572481,825.4000244140625],[-1.228691954165697,43.01372079178691,825.5999755859375],[-1.2287138309329748,43.013747949153185,825.7999877929688],[-1.2287327740341425,43.013772927224636,826],[-1.2287454307079315,43.01379513926804,826.2000122070312],[-1.228768229484558,43.01382296718657,826.4000244140625],[-1.2287957221269608,43.01385683007538,826.5999755859375],[-1.2288182694464922,43.01388407126069,826.7999877929688],[-1.2288375478237867,43.01391349174082,827],[-1.2288556527346373,43.01393478177488,827.2000122070312],[-1.2288779485970736,43.013964872807264,827.4000244140625],[-1.2288937903940678,43.01399345509708,827.4000244140625],[-1.2289118114858866,43.0140217859298,827.4000244140625],[-1.228930503129959,43.01404978148639,827.5999755859375],[-1.2289441656321287,43.014080291613936,827.5999755859375],[-1.228958498686552,43.014111053198576,827.5999755859375],[-1.2289718259125948,43.01414391025901,827.5999755859375],[-1.2289864104241133,43.01417802460492,827.5999755859375],[-1.2290014140307903,43.014213647693396,827.5999755859375],[-1.2290182616561651,43.01424759440124,827.5999755859375],[-1.2290360312908888,43.01427005790174,827.5999755859375],[-1.229048939421773,43.014312805607915,827.7999877929688],[-1.2290652841329575,43.014349015429616,827.7999877929688],[-1.2290780246257782,43.014385560527444,828],[-1.2290928605943918,43.01442160271108,828],[-1.2291046790778637,43.01445806398988,828.2000122070312],[-1.2291134800761938,43.01449611783028,828.2000122070312],[-1.2291216105222702,43.01453182473779,828.2000122070312],[-1.2291253823786974,43.01456820219755,828.5999755859375],[-1.2291274778544903,43.014606004580855,828.5999755859375],[-1.2291259691119194,43.014645986258984,828.7999877929688],[-1.229119598865509,43.01468630321324,828.7999877929688],[-1.2291195150464773,43.014722261577845,828.7999877929688],[-1.2291247956454754,43.01476199179888,828.7999877929688],[-1.2291315011680126,43.01480323076248,828.7999877929688],[-1.2291406374424696,43.01484522409737,828.7999877929688],[-1.2291497737169266,43.01488713361323,828.5999755859375],[-1.2291545514017344,43.014929965138435,828.5999755859375],[-1.2291530426591635,43.01497120410204,828.5999755859375],[-1.2291454151272774,43.01501336507499,828.5999755859375],[-1.229130495339632,43.015056531876326,828.5999755859375],[-1.229111636057496,43.01509735174477,828.5999755859375],[-1.229091351851821,43.01513800397515,828.5999755859375],[-1.2290676310658455,43.01517790183425,828.7999877929688],[-1.229044832289219,43.01521595567465,828.7999877929688],[-1.2290177587419748,43.01525400951505,828.7999877929688],[-1.2289899308234453,43.01529189571738,829],[-1.228964701294899,43.01532751880586,829.2000122070312],[-1.228938214480877,43.01536414772272,829.4000244140625],[-1.228906698524952,43.015400525182486,829.4000244140625],[-1.2288806308060884,43.01543790847063,829.5999755859375],[-1.2288517970591784,43.01547654904425,829.7999877929688],[-1.2288289982825518,43.01550965756178,829.7999877929688],[-1.2288050260394812,43.01554310135543,830],[-1.2287808861583471,43.01558065228164,830.2000122070312],[-1.2287612725049257,43.01562046632171,830.4000244140625],[-1.2287455145269632,43.01565734669566,830.5999755859375],[-1.228722296655178,43.015696574002504,830.5999755859375],[-1.2287045270204544,43.015727335587144,830.7999877929688],[-1.2286850810050964,43.015764467418194,830.7999877929688],[-1.228677537292242,43.015792379155755,831],[-1.228668987751007,43.01582640968263,831.2000122070312],[-1.2286515533924103,43.01586555317044,831.2000122070312],[-1.2286352925002575,43.01590687595308,831.4000244140625],[-1.2286238092929125,43.01594652235508,831.5999755859375],[-1.2286138348281384,43.015986420214176,831.7999877929688],[-1.2286057882010937,43.01602715626359,831.7999877929688],[-1.2285960651934147,43.016066467389464,832],[-1.2285908684134483,43.01610544323921,832],[-1.228590114042163,43.01614835858345,832],[-1.2285946402698755,43.01617417484522,832],[-1.228601261973381,43.01621817983687,831.7999877929688],[-1.228614840656519,43.01625925116241,831.5999755859375],[-1.2286186125129461,43.01630912348628,831.5999755859375],[-1.228622468188405,43.01635731942952,831.5999755859375],[-1.2286392319947481,43.01640601828694,831.4000244140625],[-1.2286621145904064,43.01645463332534,831.4000244140625],[-1.2286870926618576,43.01650299690664,831],[-1.228700503706932,43.01655479706824,830.7999877929688],[-1.2287253141403198,43.01660274155438,831],[-1.2287477776408195,43.01664859056473,831],[-1.2287729233503342,43.01668966189027,831],[-1.2287973146885633,43.016730481758714,831.2000122070312],[-1.2288169283419847,43.016774570569396,831.2000122070312],[-1.2288375478237867,43.016816982999444,831.4000244140625],[-1.22886017896235,43.01685864105821,831.5999755859375],[-1.2288796249777079,43.01690130494535,831.5999755859375],[-1.2288930360227823,43.01694815978408,831.7999877929688],[-1.2289074528962374,43.01699090749025,832],[-1.2289194390177727,43.01703214645386,832],[-1.2289300840348005,43.01707078702748,832.2000122070312],[-1.2289428245276213,43.01710691303015,832.2000122070312],[-1.228953218087554,43.01714513450861,832.4000244140625],[-1.2289657071232796,43.017181009054184,832.4000244140625],[-1.2289725802838802,43.01722048781812,832.7999877929688],[-1.228986494243145,43.017257284373045,832.7999877929688],[-1.228996803984046,43.01729424856603,833],[-1.2290007434785366,43.01733280532062,833.4000244140625],[-1.2290068622678518,43.017369685694575,833.4000244140625],[-1.2290149088948965,43.01740983501077,833.4000244140625],[-1.2290226202458143,43.01744922995567,833.5999755859375],[-1.2290315050631762,43.017486445605755,833.5999755859375],[-1.2290385458618402,43.017525086179376,833.5999755859375],[-1.2290430720895529,43.017562134191394,834],[-1.2290479335933924,43.01759951747954,834.2000122070312],[-1.2290538009256124,43.01763656549156,834.4000244140625],[-1.229054806753993,43.017673613503575,834.5999755859375],[-1.2290572375059128,43.017705883830786,834.5999755859375],[-1.2290543876588345,43.017744021490216,834.7999877929688],[-1.229055393487215,43.01777780056,835],[-1.229059249162674,43.01781468093395,835.4000244140625],[-1.229065116494894,43.01785617135465,835.5999755859375],[-1.2290726602077484,43.017897326499224,836],[-1.2290815450251102,43.01793672144413,836],[-1.2290921062231064,43.01796538755298,836.2000122070312],[-1.2290941178798676,43.01800109446049,836.2000122070312],[-1.2291066069155931,43.01803579553962,836.4000244140625],[-1.2291307467967272,43.01807200536132,836.4000244140625],[-1.2291453313082457,43.0181110650301,836.5999755859375],[-1.229154970496893,43.01815163344145,836.5999755859375],[-1.229177350178361,43.018187172710896,836.5999755859375],[-1.2292010709643364,43.01822070032358,836.7999877929688],[-1.2292243726551533,43.018255569040775,836.7999877929688],[-1.2292481772601604,43.018293706700206,836.7999877929688],[-1.2292712274938822,43.01833100616932,837],[-1.2292998097836971,43.01836671307683,837],[-1.2293364387005568,43.01839957013726,837],[-1.2293769232928753,43.018431421369314,837],[-1.2294184975326061,43.01846117712557,837],[-1.2294605746865273,43.018491016700864,837],[-1.2295079324394464,43.01851708441973,837],[-1.2295558769255877,43.018539883196354,837],[-1.2296038214117289,43.018559496849775,837],[-1.2296479940414429,43.01857693120837,837],[-1.2296932563185692,43.018595203757286,837],[-1.2297413684427738,43.01860526204109,837],[-1.2297877203673124,43.018624959513545,837],[-1.2298289593309164,43.01864725537598,837.2000122070312],[-1.2298675999045372,43.0186705570668,837.4000244140625],[-1.229910934343934,43.01868815906346,837.5999755859375],[-1.2299593817442656,43.01870006136596,837.5999755859375],[-1.2300058174878359,43.01871422678232,837.7999877929688],[-1.2300493195652962,43.018728559836745,837.7999877929688],[-1.2300915643572807,43.018745658919215,837.7999877929688],[-1.2301349826157093,43.01875848323107,838.2000122070312],[-1.2301817536354065,43.01876996643841,838.2000122070312],[-1.230229614302516,43.018781282007694,838.4000244140625],[-1.230274373665452,43.01879670470953,838.4000244140625],[-1.2303199712187052,43.018811624497175,838.4000244140625],[-1.2303648982197046,43.01882562227547,838.4000244140625],[-1.2304115016013384,43.01883677020669,838.5999755859375],[-1.2304596975445747,43.01884666085243,838.5999755859375],[-1.2305040378123522,43.01886258646846,838.5999755859375],[-1.2305441033095121,43.01888127811253,838.5999755859375],[-1.230573607608676,43.01890617236495,838.7999877929688],[-1.230602441355586,43.01892712712288,839],[-1.2306285928934813,43.0189483333379,839],[-1.230646027252078,43.018972808495164,839.2000122070312],[-1.2306661438196898,43.01899451762438,839.4000244140625],[-1.23068081215024,43.019018322229385,839.5999755859375],[-1.2306959833949804,43.019041707739234,839.7999877929688],[-1.2307058740407228,43.01906643435359,840],[-1.2307128310203552,43.01908881403506,840.4000244140625],[-1.2307225540280342,43.019112115725875,840.7999877929688],[-1.2307264935225248,43.01913382485509,841],[-1.2307247333228588,43.01915436051786,841.2000122070312],[-1.230729091912508,43.01917699165642,841.5999755859375],[-1.2307285889983177,43.01919937133789,841.7999877929688],[-1.2307269964367151,43.01922393031418,842.2000122070312],[-1.2307259067893028,43.019247902557254,842.4000244140625],[-1.2307216320186853,43.01927061751485,842.5999755859375],[-1.2307208776474,43.01929157227278,842.7999877929688],[-1.230720290914178,43.019312527030706,843],[-1.2307218834757805,43.0193299613893,843.4000244140625],[-1.2307213805615902,43.01934873685241,843.5999755859375],[-1.2307212129235268,43.019368099048734,843.7999877929688],[-1.2307254038751125,43.019388215616345,844],[-1.2307266611605883,43.01941076293588,844.2000122070312],[-1.2307293433696032,43.01943205296993,844.4000244140625],[-1.2307381443679333,43.01945091225207,844.5999755859375],[-1.2307448498904705,43.01946901716292,844.7999877929688],[-1.2307575065642595,43.01947991363704,845.2000122070312],[-1.2307615298777819,43.019497683271766,845.2000122070312],[-1.230762954801321,43.01951754838228,845.5999755859375],[-1.2307606916874647,43.019539173692465,845.7999877929688],[-1.2307620327919722,43.01955786533654,846],[-1.23076681047678,43.01957605406642,846.2000122070312],[-1.230773264542222,43.01959650591016,846.5999755859375],[-1.2307851668447256,43.019617376849055,846.7999877929688],[-1.230790615081787,43.01963766105473,847],[-1.2307941354811192,43.019656939432025,847.4000244140625],[-1.2308020982891321,43.019676469266415,847.5999755859375],[-1.2308129947632551,43.01968795247376,847.7999877929688],[-1.2308253161609173,43.01970002241433,848],[-1.230830680578947,43.019716115668416,848.2000122070312],[-1.2308285851031542,43.01973648369312,848.4000244140625],[-1.2308202031999826,43.01975534297526,848.4000244140625],[-1.230810396373272,43.0197739508003,848.7999877929688],[-1.2308084685355425,43.019795743748546,849.2000122070312],[-1.2308079656213522,43.01982080563903,849.4000244140625],[-1.2308116536587477,43.019842598587275,849.5999755859375],[-1.23081274330616,43.019865145906806,849.7999877929688],[-1.2308044452220201,43.01988677121699,850],[-1.2307875975966454,43.019907642155886,850.2000122070312],[-1.2307735159993172,43.019925160333514,850.4000244140625],[-1.2307596020400524,43.019944187253714,850.5999755859375],[-1.2307404074817896,43.019969668239355,850.7999877929688],[-1.2307221349328756,43.01999640651047,851],[-1.2307269126176834,43.02002373151481,851.2000122070312],[-1.2307180278003216,43.020051727071404,851.4000244140625],[-1.230703191831708,43.02007880061865,851.5999755859375],[-1.2307000905275345,43.02008994854987,851.5999755859375],[-1.2306956481188536,43.02010713145137,851.7999877929688],[-1.23068374581635,43.02011827938259,852],[-1.2306657247245312,43.02013806067407,852.2000122070312],[-1.230661952868104,43.02016035653651,852.2000122070312],[-1.230659270659089,43.02017753943801,852.4000244140625],[-1.2306473683565855,43.0201970692724,852.5999755859375],[-1.2306358851492405,43.020218443125486,852.7999877929688],[-1.2306273356080055,43.02023872733116,852.7999877929688],[-1.2306247372180223,43.020258005708456,852.7999877929688],[-1.2306156009435654,43.020278457552195,853],[-1.2306026928126812,43.02030083723366,853],[-1.2305923830717802,43.020321540534496,853.2000122070312],[-1.2305858451873064,43.020341573283076,853.4000244140625],[-1.2305772118270397,43.02036420442164,853.4000244140625],[-1.2305689975619316,43.02038675174117,853.5999755859375],[-1.2305639684200287,43.02040812559426,853.5999755859375],[-1.2305529043078423,43.020430924370885,853.7999877929688],[-1.2305372301489115,43.02045506425202,853.7999877929688],[-1.230524992570281,43.02047752775252,854],[-1.230512335896492,43.02049999125302,854.2000122070312],[-1.230499092489481,43.02052597515285,854.2000122070312],[-1.2304867710918188,43.02054994739592,854.4000244140625],[-1.230472270399332,43.020575093105435,854.5999755859375],[-1.230458440259099,43.02059864625335,854.5999755859375],[-1.2304466217756271,43.02062479779124,854.7999877929688],[-1.2304297741502523,43.02065405063331,854.7999877929688],[-1.2304167822003365,43.020675759762526,854.7999877929688],[-1.2303991802036762,43.02069537341595,855],[-1.2303830869495869,43.02070970647037,855],[-1.2303649820387363,43.02073007449508,855.2000122070312],[-1.2303449492901564,43.02075454965234,855.4000244140625],[-1.2303271796554327,43.02077827043831,855.4000244140625],[-1.2303127627819777,43.02080065011978,855.5999755859375],[-1.230302955955267,43.02082219161093,855.5999755859375],[-1.2302900478243828,43.02084423601627,855.7999877929688],[-1.2302726972848177,43.020873069763184,856],[-1.2302639801055193,43.02089042030275,856.2000122070312],[-1.230257609859109,43.02090969868004,856.2000122070312],[-1.2302513234317303,43.0209291446954,856.4000244140625],[-1.230244617909193,43.0209497641772,856.5999755859375],[-1.230240510776639,43.02096962928772,856.7999877929688],[-1.2302413489669561,43.02098270505667,857],[-1.2302386667579412,43.02100516855717,857],[-1.230238750576973,43.02102494984865,857.4000244140625],[-1.2302338052541018,43.02104582078755,857.5999755859375],[-1.2302321288734674,43.02106593735516,858],[-1.2302326317876577,43.02108697593212,858.2000122070312],[-1.23023078776896,43.02110751159489,858.4000244140625],[-1.2302273511886597,43.021127209067345,858.7999877929688],[-1.2302219867706299,43.02114606834948,858.7999877929688],[-1.2302198074758053,43.021163418889046,859],[-1.230219304561615,43.0211812723428,859.4000244140625],[-1.2302176281809807,43.021198622882366,859.5999755859375],[-1.2302151136100292,43.02121580578387,859.7999877929688],[-1.2302094977349043,43.0212383531034,860],[-1.2302036304026842,43.021260062232614,860.2000122070312],[-1.2301970086991787,43.021280681714416,860.5999755859375],[-1.230192817747593,43.02129962481558,860.5999755859375],[-1.2301903869956732,43.021316388621926,861],[-1.2301872856914997,43.0213366728276,861.2000122070312],[-1.2301835138350725,43.02135963924229,861.4000244140625],[-1.230179825797677,43.021373469382524,861.5999755859375],[-1.2301720306277275,43.02139274775982,861.5999755859375],[-1.2301690131425858,43.02141336724162,862],[-1.23016775585711,43.021433064714074,862.2000122070312],[-1.230165408924222,43.02145142108202,862.4000244140625],[-1.230163648724556,43.021468352526426,862.5999755859375],[-1.2301566079258919,43.0214886367321,862.7999877929688],[-1.230150405317545,43.02151017822325,863],[-1.2301434483379126,43.0215319711715,863.2000122070312],[-1.2301367428153753,43.02155208773911,863.4000244140625],[-1.2301339767873287,43.02157220430672,863.5999755859375],[-1.2301290314644575,43.02159265615046,863.7999877929688],[-1.2301272712647915,43.02160958759487,863.7999877929688],[-1.2301245052367449,43.021622663363814,864.2000122070312],[-1.2301187217235565,43.021638337522745,864.2000122070312],[-1.2301187217235565,43.021638337522745,864.7999877929688],[-1.2301164586097002,43.021681839600205,865],[-1.2301164586097002,43.021681839600205,865.2000122070312],[-1.2301110103726387,43.0217045545578,865.4000244140625],[-1.2300986889749765,43.02174570970237,865.4000244140625],[-1.2300996109843254,43.02176716737449,865.5999755859375],[-1.230098521336913,43.021788289770484,865.5999755859375],[-1.2300980184227228,43.021807819604874,865.5999755859375],[-1.2300991918891668,43.02183045074344,865.5999755859375],[-1.230096509680152,43.02185936830938,865.7999877929688],[-1.230096174404025,43.0218771379441,866],[-1.2300981022417545,43.021897841244936,866.2000122070312],[-1.230104472488165,43.02191913127899,866.2000122070312],[-1.2301064003258944,43.0219445284456,866.4000244140625],[-1.2301060650497675,43.0219688359648,866.5999755859375],[-1.2301080767065287,43.02199272438884,866.7999877929688],[-1.230111513286829,43.022017031908035,866.7999877929688],[-1.2301146984100342,43.0220412556082,867],[-1.2301176320761442,43.02206673659384,867],[-1.2301196437329054,43.02209297195077,867.2000122070312],[-1.2301240023225546,43.02211945876479,867.4000244140625],[-1.230127103626728,43.02214628085494,867.4000244140625],[-1.2301308754831553,43.022173354402184,867.4000244140625],[-1.230133306235075,43.02220134995878,867.5999755859375],[-1.2301375810056925,43.02222833968699,867.5999755859375],[-1.2301416043192148,43.02225700579584,867.5999755859375],[-1.230145962908864,43.02228659391403,867.5999755859375],[-1.2301525007933378,43.02231643348932,867.7999877929688],[-1.2301573622971773,43.022345351055264,867.7999877929688],[-1.230162475258112,43.02237544208765,868],[-1.230168929323554,43.02240762859583,868],[-1.230179574340582,43.02244048565626,868],[-1.2301872856914997,43.022476863116026,868],[-1.2301971763372421,43.022510977461934,868],[-1.2302056420594454,43.022544253617525,868],[-1.2302219029515982,43.02257535047829,868],[-1.2302369065582752,43.02260845899582,868],[-1.230249060317874,43.02264089696109,868.2000122070312],[-1.2302689254283905,43.02267903462052,868.2000122070312],[-1.2302851025015116,43.022711304947734,868.4000244140625],[-1.2303036265075207,43.02273125387728,868.4000244140625],[-1.2303251679986715,43.02276570349932,868.5999755859375],[-1.230331202968955,43.02280149422586,868.5999755859375],[-1.2303449492901564,43.022832591086626,868.7999877929688],[-1.2303678318858147,43.022859916090965,869],[-1.2304023653268814,43.02288053557277,869],[-1.2304256670176983,43.02290316671133,869.2000122070312],[-1.2304488848894835,43.02292319945991,869.4000244140625],[-1.2304651457816362,43.02294750697911,869.5999755859375],[-1.2304788082838058,43.02297214977443,869.7999877929688],[-1.2304971646517515,43.02299411036074,870],[-1.230519711971283,43.023014813661575,870.2000122070312],[-1.230542678385973,43.02303451113403,870.5999755859375],[-1.2305653933435678,43.02305705845356,870.7999877929688],[-1.230572685599327,43.02308639511466,870.7999877929688],[-1.2305883597582579,43.0231086909771,871],[-1.2306058779358864,43.02312838844955,871.4000244140625],[-1.2306203786283731,43.02315227687359,871.5999755859375],[-1.2306369747966528,43.023172644898295,872],[-1.2306491285562515,43.0231932643801,872.2000122070312],[-1.2306617014110088,43.02321698516607,872.5999755859375],[-1.2306715082377195,43.02324271760881,872.7999877929688],[-1.230680476874113,43.02326761186123,873.2000122070312],[-1.2306859251111746,43.02329250611365,873.4000244140625],[-1.2306923791766167,43.02331849001348,873.5999755859375],[-1.2306997552514076,43.02334405481815,873.7999877929688],[-1.2307001743465662,43.02337037399411,874],[-1.2307029403746128,43.02339535206556,874.2000122070312],[-1.2307072151452303,43.02342007867992,874.4000244140625],[-1.2307093106210232,43.02344312891364,874.5999755859375],[-1.2307106517255306,43.023467687889934,874.7999877929688],[-1.2307081371545792,43.02349274978042,874.7999877929688],[-1.230707298964262,43.023518063127995,875],[-1.2307060416787863,43.02354438230395,875.2000122070312],[-1.2307033594697714,43.02356667816639,875.4000244140625],[-1.230702856555581,43.023590398952365,875.5999755859375],[-1.2306995037943125,43.0236145388335,875.7999877929688],[-1.2306972406804562,43.023637840524316,876],[-1.2306956481188536,43.02365896292031,876.2000122070312],[-1.2306891940534115,43.02368301898241,876.4000244140625],[-1.2306780461221933,43.02370799705386,876.5999755859375],[-1.230668155476451,43.02373037673533,876.7999877929688],[-1.230653990060091,43.02375351078808,877],[-1.2306347955018282,43.023778991773725,877.2000122070312],[-1.230616271495819,43.02380464039743,877.5999755859375],[-1.2305972445756197,43.02382894791663,877.5999755859375],[-1.2305790558457375,43.023851327598095,878],[-1.2305596098303795,43.023875802755356,878.2000122070312],[-1.2305428460240364,43.02390321157873,878.4000244140625],[-1.230520885437727,43.02393162623048,878.4000244140625],[-1.2305005174130201,43.02395710721612,878.5999755859375],[-1.230484927073121,43.02398074418306,878.5999755859375],[-1.230468163266778,43.024008153006434,879],[-1.2304472923278809,43.02403187379241,879],[-1.230425164103508,43.02405861206353,879.2000122070312],[-1.2304007727652788,43.02407395094633,879.4000244140625],[-1.230363054201007,43.024097587913275,879.5999755859375],[-1.230336483567953,43.02411728538573,879.5999755859375],[-1.230309996753931,43.024136731401086,879.7999877929688],[-1.2302862759679556,43.024149723351,879.7999877929688],[-1.2302568554878235,43.02416766062379,880],[-1.2302191369235516,43.02418056875467,880],[-1.2301820889115334,43.02419104613364,880],[-1.230145962908864,43.024210408329964,880],[-1.230105059221387,43.02423136308789,880],[-1.230065580457449,43.024253407493234,880.2000122070312],[-1.2300252635031939,43.02427511662245,880.2000122070312],[-1.2299781572073698,43.0243000946939,880.2000122070312],[-1.2299302965402603,43.024323815479875,880.2000122070312],[-1.2298928294330835,43.024344854056835,880.2000122070312],[-1.2298428732901812,43.024372262880206,880],[-1.2298074178397655,43.0243896972388,880],[-1.2297582998871803,43.024415764957666,880],[-1.2297184020280838,43.0244383122772,880],[-1.2296779174357653,43.02446932531893,880],[-1.229633241891861,43.02449623122811,880],[-1.229583453387022,43.02453327924013,880],[-1.2295432202517986,43.02455901168287,880],[-1.2295008916407824,43.02458306774497,880],[-1.229455629363656,43.0246056150645,880],[-1.229409696534276,43.02462715655565,879.7999877929688],[-1.22937080450356,43.02465003915131,879.7999877929688],[-1.2293296493589878,43.024679124355316,879.7999877929688],[-1.229284554719925,43.0247094668448,879.7999877929688],[-1.2292362749576569,43.02474760450423,879.7999877929688],[-1.2291919346898794,43.0247766058892,879.7999877929688],[-1.229154048487544,43.0248006619513,879.7999877929688],[-1.2291180901229382,43.024824215099216,879.7999877929688],[-1.229088418185711,43.024849528446794,879.7999877929688],[-1.2290631886571646,43.0248802062124,880],[-1.2290397193282843,43.02491616457701,880.2000122070312],[-1.229016836732626,43.02495304495096,880.4000244140625],[-1.228995630517602,43.02499000914395,880.4000244140625],[-1.2289772741496563,43.02502663806081,880.7999877929688],[-1.2289657909423113,43.025060165673494,880.7999877929688],[-1.2289591692388058,43.025093358010054,881],[-1.2289509549736977,43.02512998692691,881.2000122070312],[-1.2289430759847164,43.02516644820571,881.4000244140625],[-1.2289354484528303,43.02520005963743,881.5999755859375],[-1.2289278209209442,43.02522797137499,882],[-1.2289227917790413,43.02525646984577,882.2000122070312],[-1.228916672989726,43.02529050037265,882.4000244140625],[-1.2289111409336329,43.02531614899635,882.7999877929688],[-1.2289008311927319,43.02535110153258,883],[-1.228893119841814,43.02538504824042,883.2000122070312],[-1.2288870848715305,43.02541916258633,883.4000244140625],[-1.2288838997483253,43.025449169799685,883.7999877929688],[-1.2288776971399784,43.02548177540302,884],[-1.2288700696080923,43.02551471628249,884.2000122070312],[-1.2288681417703629,43.02554564550519,884.4000244140625],[-1.2288720812648535,43.02557431161404,884.4000244140625],[-1.2288686446845531,43.02560674957931,884.5999755859375],[-1.2288615200668573,43.02563784644008,884.5999755859375],[-1.2288577482104301,43.02566885948181,884.7999877929688],[-1.2288616877049208,43.02569719031453,885],[-1.2288691475987434,43.02572996355593,885.2000122070312],[-1.2288789544254541,43.025756953284144,885.4000244140625],[-1.2288888450711966,43.0257766507566,885.4000244140625],[-1.2288962211459875,43.02580523304641,885.5999755859375],[-1.2289025913923979,43.02583834156394,885.7999877929688],[-1.2289115600287914,43.02586977370083,886],[-1.2289104703813791,43.02590631879866,886.2000122070312],[-1.2289044354110956,43.02593716420233,886.4000244140625],[-1.228906698524952,43.02596205845475,886.5999755859375],[-1.22891197912395,43.02599030546844,887],[-1.228919355198741,43.02601763047278,887.2000122070312],[-1.228928491473198,43.02604420110583,887.4000244140625],[-1.2289419025182724,43.02607144229114,887.5999755859375],[-1.228957660496235,43.02609918639064,887.5999755859375],[-1.228973502293229,43.026127349585295,887.5999755859375],[-1.2289898470044136,43.026154255494475,887.7999877929688],[-1.2290104664862156,43.026180574670434,888],[-1.2290342710912228,43.02620689384639,888.2000122070312],[-1.2290607579052448,43.02623120136559,888.2000122070312],[-1.2290934473276138,43.026252491399646,888.2000122070312],[-1.2291241250932217,43.0262737814337,888.2000122070312],[-1.2291544675827026,43.02629171870649,888.4000244140625],[-1.2291865702718496,43.02630538120866,888.4000244140625],[-1.229218253865838,43.02631904371083,888.5999755859375],[-1.2292532064020634,43.02633279003203,888.7999877929688],[-1.2292908411473036,43.0263464525342,888.7999877929688],[-1.2293212674558163,43.02636128850281,889],[-1.2293553818017244,43.02637134678662,889.2000122070312],[-1.2293866463005543,43.02638056688011,889.5999755859375],[-1.229414725676179,43.02639355883002,889.7999877929688],[-1.229442972689867,43.026407305151224,890.2000122070312],[-1.2294685374945402,43.026420045644045,890.4000244140625],[-1.229489827528596,43.02643136121333,890.5999755859375],[-1.2295067589730024,43.026444520801306,891],[-1.2295263726264238,43.02645784802735,891.4000244140625],[-1.229543723165989,43.026471342891455,891.5999755859375],[-1.229561073705554,43.02648475393653,892],[-1.229577250778675,43.02650051191449,892.4000244140625],[-1.229591416195035,43.02651643753052,892.5999755859375],[-1.229604659602046,43.026535380631685,893],[-1.2296147178858519,43.026554910466075,893.4000244140625],[-1.2296255305409431,43.02657133899629,893.7999877929688],[-1.229630894958973,43.02659338340163,894],[-1.2296328227967024,43.0266104824841,894.4000244140625],[-1.229632068425417,43.02662850357592,894.7999877929688],[-1.229627626016736,43.02664903923869,894.7999877929688],[-1.2296201661229134,43.026670999825,895.2000122070312],[-1.2296080961823463,43.02669279277325,895.4000244140625],[-1.2295992113649845,43.02670821547508,895.5999755859375],[-1.2295859679579735,43.02672531455755,895.7999877929688],[-1.2295724730938673,43.02674383856356,896],[-1.2295585591346025,43.02675850689411,896.2000122070312],[-1.2295423820614815,43.0267746001482,896.5999755859375],[-1.2295288871973753,43.026790861040354,896.7999877929688],[-1.2295115366578102,43.02680586464703,897],[-1.229493012651801,43.02681910805404,897.4000244140625],[-1.2294755782932043,43.02683453075588,897.5999755859375],[-1.229458311572671,43.02684844471514,897.7999877929688],[-1.2294430565088987,43.02686017937958,898.2000122070312],[-1.2294322438538074,43.026870992034674,898.4000244140625],[-1.2294127978384495,43.02688708528876,898.5999755859375],[-1.2294013984501362,43.0268990714103,899],[-1.2293889932334423,43.026911057531834,899],[-1.229376420378685,43.026923881843686,899.4000244140625],[-1.2293627578765154,43.02693913690746,899.5999755859375],[-1.2293469160795212,43.026954140514135,899.7999877929688],[-1.2293339241296053,43.02696612663567,900],[-1.2293117959052324,43.026984399184585,900.2000122070312],[-1.2293010670691729,43.02699487656355,900.5999755859375],[-1.229282459244132,43.027011724188924,900.7999877929688],[-1.2292675394564867,43.02702656015754,901],[-1.2292481772601604,43.02704248577356,901.4000244140625],[-1.2292315810918808,43.02705740556121,901.5999755859375],[-1.2292195111513138,43.027072828263044,901.7999877929688],[-1.2292083632200956,43.02708825096488,902],[-1.2291961256414652,43.027105601504445,902.2000122070312],[-1.2291783560067415,43.0271200183779,902.4000244140625],[-1.2291620951145887,43.027130998671055,902.5999755859375],[-1.2291522044688463,43.0271443258971,902.7999877929688],[-1.2291356083005667,43.02716108970344,903],[-1.2291167490184307,43.02717810496688,903.2000122070312],[-1.229099901393056,43.02719478495419,903.5999755859375],[-1.2290820479393005,43.02721037529409,903.7999877929688],[-1.2290631886571646,43.02722613327205,904],[-1.229040389880538,43.027252200990915,904.2000122070312],[-1.2290229555219412,43.02727474831045,904.4000244140625],[-1.2290126457810402,43.02729059010744,904.5999755859375],[-1.2289989832788706,43.0273065995425,904.7999877929688],[-1.2289863266050816,43.027319172397256,904.7999877929688],[-1.2289730831980705,43.027331409975886,905.2000122070312],[-1.228959420695901,43.02734716795385,905.4000244140625],[-1.2289475183933973,43.02736242301762,905.4000244140625],[-1.228929664939642,43.027383126318455,905.7999877929688],[-1.2289201095700264,43.027398716658354,905.7999877929688],[-1.2289097160100937,43.02742201834917,906],[-1.228893455117941,43.02745428867638,906],[-1.228873087093234,43.027479853481054,906.4000244140625],[-1.2288552336394787,43.02749904803932,906.5999755859375],[-1.2288406491279602,43.02751631475985,906.7999877929688],[-1.2288252264261246,43.02753374911845,906.7999877929688],[-1.2288072053343058,43.027559984475374,907],[-1.2287946324795485,43.0275740660727,907.2000122070312],[-1.2287879269570112,43.02758823148906,907.2000122070312],[-1.2287675589323044,43.02760088816285,907.5999755859375],[-1.2287637870758772,43.02760734222829,907.7999877929688],[-1.2287414073944092,43.02761790342629,907.7999877929688],[-1.2287259846925735,43.02762829698622,908.2000122070312],[-1.228724643588066,43.027635756880045,908.2000122070312],[-1.228689607232809,43.02766333334148,908.4000244140625],[-1.2286493740975857,43.02769183181226,908.5999755859375],[-1.2286317721009254,43.02770750597119,909],[-1.2286169361323118,43.02771362476051,909],[-1.2285934668034315,43.02771949209273,909.2000122070312],[-1.2285684887319803,43.02773047238588,909.4000244140625],[-1.2285503838211298,43.02773851901293,909.5999755859375],[-1.2285283394157887,43.02774824202061,909.7999877929688],[-1.228511743247509,43.027757965028286,910],[-1.228498164564371,43.027769196778536,910.2000122070312],[-1.2284762039780617,43.02779434248805,910.4000244140625],[-1.228461368009448,43.027806244790554,910.5999755859375],[-1.2284454423934221,43.027818482369184,910.7999877929688],[-1.2284252420067787,43.02783541381359,911],[-1.2284145131707191,43.0278489086777,911.2000122070312],[-1.2284011859446764,43.02786215208471,911.5999755859375],[-1.2283921334892511,43.02785846404731,911.5999755859375],[-1.2283823266625404,43.027857039123774,912],[-1.228377716615796,43.02785427309573,912.2000122070312],[-1.2283682450652122,43.027856620028615,912.4000244140625],[-1.228357432410121,43.027856620028615,912.4000244140625],[-1.2283492181450129,43.02786282263696,912.5999755859375],[-1.2283304426819086,43.02788310684264,913],[-1.228314433246851,43.02789743989706,913.4000244140625],[-1.2282950710505247,43.0279142037034,913.5999755859375],[-1.2282804027199745,43.02792836911976,914],[-1.2282692547887564,43.02794446237385,914.2000122070312],[-1.2282571010291576,43.027961729094386,914.2000122070312],[-1.2282506469637156,43.02797229029238,914.5999755859375],[-1.228244611993432,43.02798385731876,914.7999877929688],[-1.228235475718975,43.02799693308771,915.2000122070312],[-1.2282249983400106,43.02800623700023,915.4000244140625],[-1.2282178737223148,43.02800992503762,915.7999877929688],[-1.2282043788582087,43.02802266553044,916],[-1.2281932309269905,43.028033059090376,916.2000122070312],[-1.2281850166618824,43.02804345265031,916.5999755859375],[-1.2281752936542034,43.02805384621024,916.7999877929688],[-1.2281662411987782,43.028065748512745,917.2000122070312],[-1.2281548418104649,43.02807865664363,917.4000244140625],[-1.2281456217169762,43.028090642765164,917.5999755859375],[-1.2281304504722357,43.02810363471508,917.7999877929688],[-1.228116201236844,43.02811830304563,918],[-1.2281042989343405,43.02813397720456,918.4000244140625],[-1.228092396631837,43.02814847789705,918.5999755859375],[-1.228082925081253,43.02816457115114,918.7999877929688],[-1.2280760519206524,43.028182005509734,919],[-1.2280659098178148,43.02819759584963,919.2000122070312],[-1.228055264800787,43.02821419201791,919.4000244140625],[-1.2280465476214886,43.02823020145297,919.5999755859375],[-1.228036992251873,43.02824486978352,920],[-1.228029616177082,43.0282596219331,920.2000122070312],[-1.2280177976936102,43.02827806212008,920.4000244140625],[-1.228004889562726,43.028297340497375,920.5999755859375],[-1.227993993088603,43.028313014656305,920.7999877929688],[-1.2279831804335117,43.028327682986856,921],[-1.2279794085770845,43.02834360860288,921.2000122070312],[-1.2279740441590548,43.02835685200989,921.4000244140625],[-1.2279672548174858,43.02836950868368,921.7999877929688],[-1.227962477132678,43.028380405157804,922],[-1.2279526703059673,43.028393648564816,922.2000122070312],[-1.2279471382498741,43.02840697579086,922.4000244140625],[-1.227938923984766,43.028420470654964,922.5999755859375],[-1.227929787710309,43.02843555808067,922.7999877929688],[-1.2279196456074715,43.02845349535346,923],[-1.2279150355607271,43.028471264988184,923.2000122070312],[-1.2279122695326805,43.02848928608,923.4000244140625],[-1.227909168228507,43.028499176725745,923.5999755859375],[-1.2279012892395258,43.02851837128401,923.7999877929688],[-1.227890644222498,43.028539745137095,924],[-1.2278837710618973,43.028560783714056,924.2000122070312],[-1.2278818432241678,43.02857872098684,924.4000244140625],[-1.2278812564909458,43.02859749644995,924.5999755859375],[-1.2278816755861044,43.02861602045596,924.7999877929688],[-1.2278831005096436,43.02863295190036,925],[-1.227881172671914,43.028652062639594,925.2000122070312],[-1.2278802506625652,43.02866203710437,925.4000244140625],[-1.227881507948041,43.028680393472314,925.5999755859375],[-1.227885028347373,43.02869925275445,925.7999877929688],[-1.227888548746705,43.028718531131744,926],[-1.227892655879259,43.02873655222356,926.2000122070312],[-1.2278990261256695,43.028754740953445,926.4000244140625],[-1.2279043905436993,43.028773348778486,926.5999755859375],[-1.2279061507433653,43.02879078313708,926.7999877929688],[-1.2279052287340164,43.028807966038585,927.2000122070312],[-1.2279038038104773,43.02882640622556,927.4000244140625],[-1.2279002834111452,43.028838308528066,927.5999755859375],[-1.227898020297289,43.028853479772806,927.7999877929688],[-1.2278956733644009,43.02886873483658,927.7999877929688],[-1.2278925720602274,43.02888382226229,928.2000122070312],[-1.2278878781944513,43.02889899350703,928.5999755859375],[-1.2278824299573898,43.0289160925895,928.5999755859375],[-1.2278773169964552,43.02893470041454,929],[-1.2278737965971231,43.02895154803991,929.2000122070312],[-1.227870024740696,43.02896806038916,929.4000244140625],[-1.2278654985129833,43.02898616530001,929.5999755859375],[-1.2278597988188267,43.029004437848926,929.7999877929688],[-1.2278515845537186,43.029022542759776,930],[-1.2278418615460396,43.02904048003256,930.2000122070312],[-1.227834653109312,43.029057662934065,930.4000244140625],[-1.2278274446725845,43.02907484583557,930.7999877929688],[-1.2278177216649055,43.02909194491804,931],[-1.2278055679053068,43.02910912781954,931.2000122070312],[-1.2277934979647398,43.02912622690201,931.4000244140625],[-1.2277833558619022,43.029142152518034,931.5999755859375],[-1.227774303406477,43.02915573120117,931.7999877929688],[-1.2277649994939566,43.02917132154107,932.2000122070312],[-1.227761059999466,43.029185151681304,932.5999755859375],[-1.227758964523673,43.02920065820217,932.7999877929688],[-1.2277533486485481,43.029216499999166,933],[-1.2277449667453766,43.029231671243906,933.4000244140625],[-1.2277302984148264,43.02924516610801,933.5999755859375],[-1.227719821035862,43.02926008589566,933.7999877929688],[-1.2277114391326904,43.029275592416525,934],[-1.227694172412157,43.02929445169866,934.4000244140625],[-1.2276848684996367,43.029310712590814,934.5999755859375],[-1.2276736367493868,43.02932756021619,934.7999877929688],[-1.2276655063033104,43.02934289909899,935],[-1.2276577949523926,43.02936200983822,935.2000122070312],[-1.2276513408869505,43.02938086912036,935.4000244140625],[-1.22764203697443,43.02940031513572,935.5999755859375],[-1.2276378460228443,43.02941900677979,935.7999877929688],[-1.2276374269276857,43.02943862043321,936.2000122070312],[-1.227638851851225,43.02946141920984,936.2000122070312],[-1.227641198784113,43.029484301805496,936.4000244140625],[-1.2276483234018087,43.029503831639886,936.7999877929688],[-1.2276576273143291,43.02952109836042,936.7999877929688],[-1.2276634946465492,43.029539454728365,937],[-1.2276674341410398,43.0295583140105,937.4000244140625],[-1.2276691105216742,43.02957834675908,937.7999877929688],[-1.2276758160442114,43.029595194384456,937.7999877929688],[-1.2276816833764315,43.029613299295306,938],[-1.2276897300034761,43.02963123656809,938.2000122070312],[-1.2276987824589014,43.02964774891734,938.4000244140625],[-1.2277046497911215,43.02966786548495,938.5999755859375],[-1.227712444961071,43.02968496456742,938.7999877929688],[-1.2277202401310205,43.02970189601183,939],[-1.227731890976429,43.02972042001784,939],[-1.2277424521744251,43.02973793819547,939.2000122070312],[-1.2277497444301844,43.02975562401116,939.4000244140625],[-1.2277562823146582,43.02977222017944,939.5999755859375],[-1.2277629878371954,43.02978588268161,939.5999755859375],[-1.2277683522552252,43.029801305383444,940],[-1.2277672626078129,43.02982033230364,940.2000122070312],[-1.2277706153690815,43.02983759902418,940.2000122070312],[-1.2277738004922867,43.02985453046858,940.4000244140625],[-1.227777237072587,43.02987045608461,940.5999755859375],[-1.2277790810912848,43.029887303709984,940.7999877929688],[-1.227779584005475,43.029903983697295,941],[-1.2277803383767605,43.02992141805589,941.2000122070312],[-1.227782852947712,43.029937259852886,941.4000244140625],[-1.2277826014906168,43.029954778030515,941.5999755859375],[-1.2277815118432045,43.0299729667604,941.7999877929688],[-1.227780506014824,43.029987551271915,942],[-1.2277790810912848,43.03000004030764,942.2000122070312],[-1.2277777399867773,43.030005153268576,942.4000244140625],[-1.2277798354625702,43.030011942610145,942.5999755859375],[-1.227779584005475,43.03002937696874,943],[-1.2277796678245068,43.030048152431846,943],[-1.2277757283300161,43.03006734699011,943.4000244140625],[-1.2277700286358595,43.03008419461548,943.4000244140625],[-1.2277643289417028,43.03010079078376,943.5999755859375],[-1.2277582939714193,43.03011914715171,944],[-1.2277494091540575,43.030140521004796,944.2000122070312],[-1.227740691974759,43.03015896119177,944.5999755859375],[-1.2277353275567293,43.030176647007465,945],[-1.227729544043541,43.03019156679511,945.2000122070312],[-1.2277220841497183,43.03020816296339,945.4000244140625],[-1.2277158815413713,43.03022417239845,945.5999755859375],[-1.2277096789330244,43.03024278022349,945.7999877929688],[-1.2276986986398697,43.03026490844786,946],[-1.2276919092983007,43.03028544411063,946.2000122070312],[-1.2276893109083176,43.03029667586088,946.4000244140625],[-1.2276850361377,43.03031402640045,946.5999755859375],[-1.2276775762438774,43.03033179603517,946.7999877929688],[-1.2276660092175007,43.030353505164385,947],[-1.2276586331427097,43.030372615903616,947.2000122070312],[-1.227654442191124,43.0303908046335,947.4000244140625],[-1.2276495806872845,43.03040907718241,947.5999755859375],[-1.2276427075266838,43.030426762998104,947.7999877929688],[-1.2276386003941298,43.0304457899183,948],[-1.2276384327560663,43.030463475733995,948.2000122070312],[-1.2276345770806074,43.03048233501613,948.4000244140625],[-1.2276330683380365,43.03049842827022,948.5999755859375],[-1.2276238482445478,43.030517203733325,949],[-1.2276106886565685,43.030537487939,949.2000122070312],[-1.2276004627346992,43.03055785596371,949.4000244140625],[-1.2275971099734306,43.030577804893255,949.4000244140625],[-1.2276095990091562,43.03057311102748,949.5999755859375],[-1.2276084255427122,43.030586605891585,949.7999877929688],[-1.2276072520762682,43.030596915632486,949.7999877929688],[-1.2276095151901245,43.03060580044985,950.2000122070312],[-1.2276028096675873,43.030622731894255,950.4000244140625],[-1.2275980319827795,43.03064041770995,950.4000244140625],[-1.2275932542979717,43.03065860643983,950.5999755859375],[-1.2275836989283562,43.03067780099809,950.7999877929688],[-1.2275759037584066,43.03069674409926,951.2000122070312],[-1.2275671865791082,43.0307153519243,951.4000244140625],[-1.2275591399520636,43.03073354065418,951.5999755859375],[-1.2275555357336998,43.030751813203096,951.7999877929688],[-1.2275483272969723,43.03077016957104,952],[-1.2275469023734331,43.0307877715677,952.2000122070312],[-1.2275441363453865,43.0308052059263,952.4000244140625],[-1.2275364249944687,43.030825993046165,952.5999755859375],[-1.227521924301982,43.030848037451506,952.7999877929688],[-1.2275138776749372,43.0308673158288,953],[-1.2275079265236855,43.03088676184416,953.2000122070312],[-1.2275010533630848,43.03090587258339,953.5999755859375],[-1.2274890672415495,43.030925234779716,953.7999877929688],[-1.22748420573771,43.0309399869293,954],[-1.2274788413196802,43.03095415234566,954.4000244140625],[-1.2274710461497307,43.03097376599908,954.5999755859375],[-1.2274704594165087,43.03099103271961,954.5999755859375],[-1.2274711299687624,43.031011233106256,954.7999877929688],[-1.2274630833417177,43.031034702435136,955],[-1.22746123932302,43.03105439990759,955.2000122070312],[-1.2274614907801151,43.03106814622879,955.5999755859375],[-1.2274586409330368,43.03107879124582,955.7999877929688],[-1.2274543661624193,43.03107166662812,956],[-1.2274567130953074,43.031072337180376,956.2000122070312],[-1.2274500075727701,43.031088933348656,956.5999755859375],[-1.227444726973772,43.03110787644982,956.7999877929688],[-1.2274380214512348,43.031127071008086,957],[-1.227435590699315,43.03114517591894,957.2000122070312],[-1.2274328246712685,43.03116445429623,957.4000244140625],[-1.2274316512048244,43.031182223930955,957.7999877929688],[-1.2274309806525707,43.031200245022774,957.7999877929688],[-1.2274293880909681,43.031218936666846,958.2000122070312],[-1.227425280958414,43.031238382682204,958.4000244140625],[-1.2274233531206846,43.031259002164006,958.5999755859375],[-1.2274227663874626,43.03127777762711,958.7999877929688],[-1.2274191621690989,43.031297056004405,959],[-1.2274145521223545,43.03131935186684,959.2000122070312],[-1.227412959560752,43.03133846260607,959.5999755859375],[-1.2274115346372128,43.03135681897402,959.5999755859375],[-1.2274110317230225,43.03137509152293,959.7999877929688],[-1.2274089362472296,43.031396800652146,960],[-1.2274097744375467,43.03141783922911,960.2000122070312],[-1.2274060025811195,43.03143904544413,960.4000244140625],[-1.2274043262004852,43.03145555779338,960.5999755859375],[-1.2274060864001513,43.03147609345615,960.7999877929688],[-1.227405834943056,43.031495874747634,961],[-1.2274062540382147,43.03151582367718,961.4000244140625],[-1.2274062540382147,43.03153585642576,961.5999755859375],[-1.227403823286295,43.031554631888866,962],[-1.2274013087153435,43.031574077904224,962.2000122070312],[-1.2273977044969797,43.03159587085247,962.4000244140625],[-1.227394351735711,43.03161640651524,962.5999755859375],[-1.2273933459073305,43.03163635544479,962.7999877929688],[-1.227391166612506,43.031655214726925,962.7999877929688],[-1.2273858021944761,43.031674241647124,963.2000122070312],[-1.227383203804493,43.03169402293861,963.4000244140625],[-1.2273825332522392,43.03171447478235,963.4000244140625],[-1.2273827008903027,43.031733920797706,963.7999877929688],[-1.227382868528366,43.031754875555634,964],[-1.2273754086345434,43.031774489209056,964.2000122070312],[-1.227369038388133,43.031792594119906,964.2000122070312],[-1.2273667752742767,43.03181773982942,964.4000244140625],[-1.227365517988801,43.03183299489319,964.5999755859375],[-1.2273594830185175,43.031850177794695,964.5999755859375],[-1.2273556273430586,43.03186803124845,964.7999877929688],[-1.227350514382124,43.03188546560705,965],[-1.2273443955928087,43.031904911622405,965.2000122070312],[-1.2273349240422249,43.03192620165646,965.2000122070312],[-1.2273241952061653,43.03194967098534,965.2000122070312],[-1.2273148074746132,43.031974816694856,965.2000122070312],[-1.2273073475807905,43.03199468180537,965.4000244140625],[-1.2272975407540798,43.03201739676297,965.5999755859375],[-1.2272902484983206,43.032034328207374,965.5999755859375],[-1.2272773403674364,43.032054863870144,965.7999877929688],[-1.227265689522028,43.03207338787615,966],[-1.2272552121430635,43.03209484554827,966.2000122070312],[-1.2272412981837988,43.03211621940136,966.4000244140625],[-1.2272228579968214,43.032138431444764,966.4000244140625],[-1.2272012326866388,43.03216030821204,966.5999755859375],[-1.227183798328042,43.032178580760956,966.5999755859375],[-1.2271690461784601,43.03219450637698,967],[-1.2271530367434025,43.03221051581204,967.2000122070312],[-1.2271352671086788,43.03222476504743,967.2000122070312],[-1.2271138932555914,43.03223800845444,967.4000244140625],[-1.2270921003073454,43.03225259296596,967.4000244140625],[-1.227066032588482,43.032265920192,967.5999755859375],[-1.227039797231555,43.03227857686579,967.7999877929688],[-1.2270161602646112,43.03229106590152,968],[-1.2269946187734604,43.03230229765177,968.2000122070312],[-1.2269728258252144,43.0323126912117,968.4000244140625],[-1.2269498594105244,43.032322162762284,968.4000244140625],[-1.2269278150051832,43.032332891598344,969],[-1.2269076984375715,43.03234739229083,969.2000122070312],[-1.2268840614706278,43.03235870786011,969.5999755859375],[-1.2268608435988426,43.03236776031554,969.7999877929688],[-1.2268367037177086,43.03237522020936,970],[-1.2268173415213823,43.03237672895193,970.2000122070312],[-1.2268017511814833,43.032376896589994,970.5999755859375],[-1.2267828918993473,43.03238410502672,970.7999877929688],[-1.2267605122178793,43.0323938280344,971.2000122070312],[-1.2267373781651258,43.032407239079475,971.4000244140625],[-1.2267154175788164,43.03242073394358,971.7999877929688],[-1.2266945466399193,43.032430121675134,972],[-1.2266741786152124,43.032438922673464,972.4000244140625],[-1.2266507931053638,43.032450238242745,972.7999877929688],[-1.2266293354332447,43.03245920687914,973],[-1.226610979065299,43.032466331496835,973.4000244140625],[-1.2265907786786556,43.03247789852321,973.5999755859375],[-1.2265704106539488,43.03249633871019,974],[-1.226549707353115,43.03251310251653,974.2000122070312],[-1.226529087871313,43.032526429742575,974.4000244140625],[-1.2265086360275745,43.032537158578634,974.7999877929688],[-1.2264901958405972,43.03254855796695,975],[-1.2264724262058735,43.032561130821705,975.4000244140625],[-1.2264539021998644,43.03257470950484,975.5999755859375],[-1.2264346238225698,43.03258778527379,975.5999755859375],[-1.2264200393110514,43.03260010667145,976],[-1.2264041136950254,43.032613350078464,976.2000122070312],[-1.2263908702880144,43.032621731981635,976.5999755859375],[-1.2263742741197348,43.032631454989314,976.7999877929688],[-1.2263558339327574,43.03264310583472,977],[-1.2263372261077166,43.0326562654227,977.2000122070312],[-1.2263209652155638,43.032669173553586,977.5999755859375],[-1.2263062968850136,43.032683255150914,978],[-1.2262928020209074,43.0326961632818,978.5999755859375],[-1.226277044042945,43.03271058015525,978.5999755859375],[-1.2262623757123947,43.03272164426744,978.7999877929688],[-1.226246701553464,43.032732708379626,979],[-1.2262301053851843,43.03274419158697,979.4000244140625],[-1.2262140959501266,43.03275391459465,979.5999755859375],[-1.2261953204870224,43.032766822725534,979.7999877929688],[-1.2261818256229162,43.03277981467545,980.2000122070312],[-1.2261700071394444,43.032790292054415,980.4000244140625],[-1.2261561769992113,43.032801020890474,980.4000244140625],[-1.2261404190212488,43.03280998952687,980.7999877929688],[-1.2261208891868591,43.032821556553245,981.2000122070312],[-1.2261034548282623,43.03283144719899,981.2000122070312],[-1.226083841174841,43.032844522967935,981.4000244140625],[-1.2260650657117367,43.03285701200366,981.5999755859375],[-1.2260441947728395,43.03287008777261,981.7999877929688],[-1.2260228209197521,43.03288282826543,982.2000122070312],[-1.2260002736002207,43.03289716131985,982.4000244140625],[-1.2259804923087358,43.032908979803324,982.4000244140625],[-1.2259596213698387,43.03292037919164,982.5999755859375],[-1.2259366549551487,43.03293504752219,982.7999877929688],[-1.225912095978856,43.03294946439564,983],[-1.2258866988122463,43.03296195343137,983.2000122070312],[-1.2258639838546515,43.03297569975257,983.4000244140625],[-1.2258411850780249,43.032988691702485,983.7999877929688],[-1.2258124351501465,43.03300444968045,983.7999877929688],[-1.2257876247167587,43.03302121348679,984],[-1.2257628981024027,43.03303596563637,984.2000122070312],[-1.2257438711822033,43.033046778291464,984.5999755859375],[-1.225725430995226,43.03305683657527,984.7999877929688],[-1.225725430995226,43.03305683657527,985.2000122070312],[-1.2256836891174316,43.03308139555156,985.2000122070312],[-1.2256630696356297,43.033089358359575,985.4000244140625],[-1.225643204525113,43.033102015033364,985.7999877929688],[-1.2256218306720257,43.03311609663069,985.7999877929688],[-1.2256010435521603,43.03313051350415,986],[-1.225581681355834,43.03314342163503,986.2000122070312],[-1.2255629058927298,43.03315641358495,986.5999755859375],[-1.2255486566573381,43.03316672332585,986.7999877929688],[-1.2255361676216125,43.03317837417126,987],[-1.2255224213004112,43.033191030845046,987],[-1.2255069147795439,43.03320435807109,987.2000122070312],[-1.2254914082586765,43.033217350021005,987.5999755859375],[-1.2254746444523335,43.03323126398027,987.5999755859375],[-1.2254605628550053,43.03324366919696,987.7999877929688],[-1.2254430446773767,43.033257415518165,988.2000122070312],[-1.2254286278039217,43.03327191621065,988.4000244140625],[-1.225412953644991,43.033286333084106,988.5999755859375],[-1.2253983691334724,43.03329915739596,988.7999877929688],[-1.225386131554842,43.033311143517494,989],[-1.2253706250339746,43.03332505747676,989.2000122070312],[-1.2253525201231241,43.03334014490247,989.4000244140625],[-1.2253325711935759,43.03335489705205,989.5999755859375],[-1.2253146339207888,43.033370235934854,989.7999877929688],[-1.2252986244857311,43.03338532336056,990],[-1.225283956155181,43.033398147672415,990.2000122070312],[-1.2252684496343136,43.03341155871749,990.5999755859375],[-1.225253865122795,43.03342672996223,990.7999877929688],[-1.2252381071448326,43.03344106301665,991],[-1.2252233549952507,43.03345564752817,991.4000244140625],[-1.2252097763121128,43.03346939384937,991.5999755859375],[-1.225192928686738,43.0334834754467,991.7999877929688],[-1.2251754105091095,43.033498311415315,992.2000122070312],[-1.2251571379601955,43.03351214155555,992.4000244140625],[-1.2251391168683767,43.033524714410305,992.5999755859375],[-1.225125789642334,43.0335334315896,992.7999877929688],[-1.2251080200076103,43.033542735502124,993],[-1.2250908371061087,43.03355019539595,993.4000244140625],[-1.2250767555087805,43.033558493480086,993.5999755859375],[-1.2250601593405008,43.03357089869678,993.7999877929688],[-1.2250428926199675,43.03358397446573,994],[-1.2250281404703856,43.03359327837825,994.2000122070312],[-1.225010035559535,43.03360643796623,994.4000244140625],[-1.2249905057251453,43.03361766971648,994.5999755859375],[-1.224970305338502,43.033629739657044,994.7999877929688],[-1.2249524518847466,43.03364206105471,995],[-1.2249307427555323,43.03365672938526,995.2000122070312],[-1.2249115481972694,43.033670391887426,995.2000122070312],[-1.2248929403722286,43.03368464112282,995.2000122070312],[-1.224874835461378,43.0336975492537,995.5999755859375],[-1.2248547188937664,43.033711547032,996],[-1.2248307466506958,43.033726047724485,996.2000122070312],[-1.224812138825655,43.03373836912215,996.2000122070312],[-1.2247924413532019,43.03374985232949,996.4000244140625],[-1.224772660061717,43.03376049734652,996.7999877929688],[-1.2247544713318348,43.03377281874418,997],[-1.2247359473258257,43.033786565065384,997],[-1.2247160822153091,43.03380290977657,997],[-1.2246982287615538,43.03381850011647,997.4000244140625],[-1.224681045860052,43.03383283317089,997.7999877929688],[-1.2246616836637259,43.03384657949209,998],[-1.2246403936296701,43.03386015817523,998.4000244140625],[-1.224621869623661,43.03387465886772,998.5999755859375],[-1.22460275888443,43.03388589061797,998.7999877929688],[-1.2245839834213257,43.03390282206237,998.7999877929688],[-1.2245687283575535,43.03391816094518,999],[-1.2245550658553839,43.03393475711346,999.2000122070312],[-1.2245443370193243,43.03394892252982,999.4000244140625],[-1.224532937631011,43.03396283648908,999.5999755859375],[-1.224519694224,43.03398144431412,999.7999877929688],[-1.2245060317218304,43.03400021977723,1000],[-1.224492872133851,43.03401798941195,1000.2000122070312],[-1.2244815565645695,43.03403374738991,1000.4000244140625],[-1.2244683969765902,43.034048583358526,1000.5999755859375],[-1.2244577519595623,43.03406492806971,1000.7999877929688],[-1.2244456820189953,43.03408395498991,1001],[-1.2244322709739208,43.034105747938156,1001.2000122070312],[-1.224416932091117,43.03412603214383,1001.4000244140625],[-1.2244041077792645,43.03414346650243,1001.5999755859375],[-1.2243896070867777,43.03416023030877,1001.7999877929688],[-1.224375693127513,43.034179424867034,1001.7999877929688],[-1.2243631202727556,43.034198535606265,1002],[-1.224351217970252,43.03421789780259,1002],[-1.2243393156677485,43.03423725999892,1002.2000122070312],[-1.2243277486413717,43.03425511345267,1002.2000122070312],[-1.2243162654340267,43.03427405655384,1002.5999755859375],[-1.2243062071502209,43.034290904179215,1002.5999755859375],[-1.2242959812283516,43.03430817089975,1002.5999755859375],[-1.2242831569164991,43.03432736545801,1002.7999877929688],[-1.2242701649665833,43.03434723056853,1003],[-1.2242577597498894,43.03436843678355,1003.2000122070312],[-1.2242442648857832,43.03438821807504,1003.4000244140625],[-1.2242315243929625,43.03440758027136,1003.5999755859375],[-1.2242187839001417,43.03442635573447,1003.7999877929688],[-1.2242053728550673,43.03444647230208,1004],[-1.2241961527615786,43.03446055389941,1004.2000122070312],[-1.224182741716504,43.03447966463864,1004.2000122070312],[-1.2241703364998102,43.03449693135917,1004.2000122070312],[-1.2241580989211798,43.0345162935555,1004.4000244140625],[-1.224145945161581,43.034535739570856,1004.5999755859375],[-1.2241319473832846,43.03455602377653,1004.7999877929688],[-1.2241208832710981,43.03457446396351,1005],[-1.2241090647876263,43.03459357470274,1005],[-1.2240968272089958,43.03461167961359,1005.2000122070312],[-1.2240843381732702,43.03462877869606,1005.2000122070312],[-1.2240678258240223,43.03464587777853,1005.7999877929688],[-1.2240518163889647,43.03466339595616,1006],[-1.2240388244390488,43.03467965684831,1006],[-1.224027257412672,43.03469776175916,1006.2000122070312],[-1.2240186240524054,43.03471427410841,1006.4000244140625],[-1.2240085657685995,43.034733049571514,1006.5999755859375],[-1.223998088389635,43.03474838845432,1006.7999877929688],[-1.2239862699061632,43.03476305678487,1007],[-1.22397780418396,43.0347787309438,1007.2000122070312],[-1.223965398967266,43.0347940698266,1007.4000244140625],[-1.223953077569604,43.03481058217585,1007.5999755859375],[-1.2239435221999884,43.03482432849705,1007.7999877929688],[-1.2239346373826265,43.034839080646634,1008],[-1.2239271774888039,43.0348477140069,1008.2000122070312],[-1.2239157781004906,43.0348648969084,1008.4000244140625],[-1.2239090725779533,43.03488291800022,1008.5999755859375],[-1.2239016126841307,43.03490144200623,1008.7999877929688],[-1.2238920573145151,43.0349169485271,1009],[-1.2238799035549164,43.034933963790536,1009],[-1.2238731142133474,43.03494737483561,1009.2000122070312],[-1.2238606251776218,43.034963300451636,1009.4000244140625],[-1.2238503154367208,43.034979309886694,1009.5999755859375],[-1.2238400056958199,43.03499800153077,1009.7999877929688],[-1.2238327972590923,43.035015100613236,1010],[-1.2238239124417305,43.0350308585912,1010.2000122070312],[-1.2238208949565887,43.03504225797951,1010.4000244140625],[-1.2238126806914806,43.03505742922425,1010.5999755859375],[-1.2238035444170237,43.03507377393544,1010.7999877929688],[-1.2237960007041693,43.03509104065597,1011],[-1.2237877026200294,43.035107888281345,1011.2000122070312],[-1.2237783148884773,43.035124903544784,1011.4000244140625],[-1.2237690947949886,43.035140577703714,1011.5999755859375],[-1.2237608805298805,43.03515683859587,1011.7999877929688],[-1.2237537559121847,43.03517293184996,1012],[-1.223745457828045,43.035191874951124,1012.2000122070312],[-1.223735399544239,43.03521165624261,1012.4000244140625],[-1.2237312085926533,43.035228587687016,1012.4000244140625],[-1.2237243354320526,43.035246105864644,1012.7999877929688],[-1.223716540262103,43.03526479750872,1013],[-1.2237113434821367,43.03528239950538,1013.2000122070312],[-1.2237058952450752,43.0353017617017,1013.2000122070312],[-1.2236983515322208,43.035320453345776,1013.4000244140625],[-1.2236923165619373,43.03534157574177,1013.7999877929688],[-1.2236878741532564,43.035360518842936,1014],[-1.2236851919442415,43.035381557419896,1014],[-1.2236843537539244,43.035402512177825,1014.2000122070312],[-1.2236886285245419,43.03542321547866,1014.4000244140625],[-1.2236934062093496,43.035444002598524,1014.5999755859375],[-1.223692148923874,43.03546638227999,1014.7999877929688],[-1.2236942443996668,43.035487001761794,1014.7999877929688],[-1.223700363188982,43.035510471090674,1015],[-1.223708325996995,43.03553016856313,1015.4000244140625],[-1.2237146124243736,43.035550536587834,1015.4000244140625],[-1.2237241677939892,43.03557090461254,1015.5999755859375],[-1.2237396743148565,43.035590602084994,1015.7999877929688],[-1.2237556837499142,43.035607198253274,1016],[-1.223773118108511,43.035621447488666,1016.2000122070312],[-1.2237927317619324,43.03563645109534,1016.4000244140625],[-1.2238115910440683,43.03565137088299,1016.4000244140625],[-1.2238348927348852,43.035665871575475,1016.4000244140625],[-1.2238571885973215,43.03568129427731,1016.5999755859375],[-1.2238800711929798,43.0356955435127,1016.7999877929688],[-1.2239051330834627,43.035707361996174,1017],[-1.2239299435168505,43.03571892902255,1017],[-1.223954251036048,43.03573024459183,1017],[-1.2239761278033257,43.03573829121888,1017.4000244140625],[-1.2240004353225231,43.035747930407524,1017.5999755859375],[-1.2240252457559109,43.035756815224886,1017.7999877929688],[-1.224051732569933,43.03576519712806,1018],[-1.2240731064230204,43.03577248938382,1018],[-1.2241027783602476,43.03578581660986,1018.2000122070312],[-1.2241286784410477,43.03579822182655,1018.4000244140625],[-1.2241461966186762,43.03580375388265,1018.4000244140625],[-1.2241708394140005,43.03581188432872,1018.5999755859375],[-1.224193386733532,43.03582143969834,1018.5999755859375],[-1.2242170237004757,43.03582923486829,1018.7999877929688],[-1.224234877154231,43.0358356051147,1019],[-1.2242583464831114,43.035845663398504,1019.2000122070312],[-1.2242808938026428,43.035859325900674,1019.4000244140625],[-1.224302602931857,43.035872569307685,1019.5999755859375],[-1.224323557689786,43.03589100949466,1020.2000122070312],[-1.224332358688116,43.03590416908264,1020.4000244140625],[-1.2243462726473808,43.03592160344124,1020.5999755859375],[-1.224350044503808,43.03593979217112,1020.7999877929688],[-1.2243481166660786,43.03595630452037,1021.2000122070312],[-1.224341243505478,43.035974744707346,1021.7999877929688],[-1.2243274971842766,43.035997124388814,1022.2000122070312],[-1.2243129964917898,43.03601296618581,1022.4000244140625],[-1.224300004541874,43.03602268919349,1022.5999755859375],[-1.2242745235562325,43.03603459149599,1022.7999877929688],[-1.2242542393505573,43.03604272194207,1023],[-1.2242299318313599,43.03604917600751,1023.2000122070312],[-1.2242056243121624,43.036054875701666,1023.4000244140625],[-1.2241808138787746,43.03605881519616,1023.5999755859375],[-1.2241555005311966,43.03606350906193,1023.7999877929688],[-1.2241251580417156,43.036067532375455,1024],[-1.2241016887128353,43.03607038222253,1024],[-1.2240756209939718,43.036074321717024,1024.4000244140625],[-1.2240480445325375,43.0360774230212,1024.5999755859375],[-1.2240135949105024,43.03608186542988,1024.5999755859375],[-1.223983420059085,43.03608722984791,1024.800048828125],[-1.223954251036048,43.036092426627874,1025],[-1.2239267583936453,43.03609703667462,1025.199951171875],[-1.2239039596170187,43.036101311445236,1025.4000244140625],[-1.2238771375268698,43.036107178777456,1025.5999755859375],[-1.223843526095152,43.03611765615642,1025.800048828125],[-1.223843526095152,43.03611765615642,1026],[-1.2237868644297123,43.03612645715475,1026],[-1.2237580306828022,43.03613467141986,1026.199951171875],[-1.2237313762307167,43.036142801865935,1026.4000244140625],[-1.2237063143402338,43.03615218959749,1026.4000244140625],[-1.2236801628023386,43.03616048768163,1026.800048828125],[-1.2236551009118557,43.03616945631802,1027],[-1.2236292008310556,43.03617909550667,1027.199951171875],[-1.2236032169312239,43.036188734695315,1027.199951171875],[-1.2235764786601067,43.03620013408363,1027.199951171875],[-1.2235511653125286,43.036213126033545,1027.5999755859375],[-1.2235309649258852,43.03622310049832,1027.800048828125],[-1.2235046457499266,43.03623424842954,1027.800048828125],[-1.2234743032604456,43.036246905103326,1028],[-1.2234500795602798,43.036257550120354,1028.199951171875],[-1.223426777869463,43.036268362775445,1028.4000244140625],[-1.2234074156731367,43.036281103268266,1028.5999755859375],[-1.2233798392117023,43.03629887290299,1028.800048828125],[-1.2233589682728052,43.036309937015176,1028.800048828125],[-1.223340779542923,43.03631974384189,1029.199951171875],[-1.2233126163482666,43.0363345798105,1029.199951171875],[-1.2232974451035261,43.03634547628462,1029.4000244140625],[-1.2232755683362484,43.036360647529364,1029.5999755859375],[-1.2232563737779856,43.03637841716409,1029.5999755859375],[-1.2232428789138794,43.03639258258045,1029.800048828125],[-1.2232236843556166,43.03641278296709,1030],[-1.2232137937098742,43.03642510436475,1030.199951171875],[-1.223202059045434,43.036444718018174,1030.4000244140625],[-1.2232004664838314,43.036458380520344,1030.5999755859375],[-1.2231939285993576,43.03648604080081,1030.800048828125],[-1.2231931742280722,43.03650699555874,1031],[-1.2231906596571207,43.03653339855373,1031.4000244140625],[-1.223192922770977,43.03654848597944,1031.5999755859375],[-1.2231937609612942,43.03657069802284,1031.800048828125],[-1.2231982871890068,43.03659056313336,1032.199951171875],[-1.2232039030641317,43.03661059588194,1032.199951171875],[-1.223207339644432,43.03663054481149,1032.4000244140625],[-1.2232163920998573,43.03665074519813,1032.5999755859375],[-1.2232257798314095,43.03666960448027,1032.800048828125],[-1.2232360895723104,43.036690559238195,1033],[-1.2232440523803234,43.03670380264521,1033.199951171875],[-1.2232601456344128,43.036723835393786,1033.4000244140625],[-1.2232678569853306,43.036737916991115,1033.5999755859375],[-1.2232782505452633,43.036755016073585,1034],[-1.2232955172657967,43.03677421063185,1034.199951171875],[-1.2233100179582834,43.03678602911532,1034.5999755859375],[-1.2233297992497683,43.03680740296841,1034.800048828125],[-1.2233423721045256,43.03682374767959,1035.199951171875],[-1.2233497481793165,43.03683648817241,1035.199951171875],[-1.2233653385192156,43.036853754892945,1035.4000244140625],[-1.223378162831068,43.03686766885221,1035.5999755859375],[-1.2233901489526033,43.03688149899244,1035.5999755859375],[-1.2234038952738047,43.03689809516072,1036],[-1.2234159652143717,43.036916283890605,1036.4000244140625],[-1.223426191136241,43.036929443478584,1036.4000244140625],[-1.2234379258006811,43.03694972768426,1036.4000244140625],[-1.2234473135322332,43.03697093389928,1036.5999755859375],[-1.2234587129205465,43.0369892064482,1037],[-1.2234719563275576,43.03700680844486,1037.199951171875],[-1.2234805896878242,43.03702239878476,1037.4000244140625],[-1.2234889715909958,43.03704016841948,1037.4000244140625],[-1.223496850579977,43.03705919533968,1037.800048828125],[-1.2235072441399097,43.0370769649744,1038.199951171875],[-1.223515709862113,43.037091633304954,1038.199951171875],[-1.2235231697559357,43.03710915148258,1038.4000244140625],[-1.2235299590975046,43.03712708875537,1038.5999755859375],[-1.2235364969819784,43.03714510984719,1038.800048828125],[-1.2235442083328962,43.037166986614466,1039.199951171875],[-1.223551332950592,43.03718391805887,1039.199951171875],[-1.2235602177679539,43.03720135241747,1039.4000244140625],[-1.2235655821859837,43.03721610456705,1039.800048828125],[-1.223574886098504,43.03723999299109,1040],[-1.2235789932310581,43.037261283025146,1040.199951171875],[-1.2235814239829779,43.037279304116964,1040.4000244140625],[-1.223585195839405,43.037293050438166,1040.800048828125],[-1.223593158647418,43.03731082007289,1041],[-1.223599361255765,43.03732900880277,1041.199951171875],[-1.223606150597334,43.03734644316137,1041.4000244140625],[-1.223612017929554,43.037368739023805,1041.5999755859375],[-1.2236189749091864,43.03738768212497,1041.800048828125],[-1.2236277759075165,43.037405367940664,1042],[-1.2236347328871489,43.037421964108944,1042.4000244140625],[-1.223638504743576,43.037440152838826,1042.800048828125],[-1.2236403487622738,43.03745465353131,1043],[-1.22364261187613,43.03747409954667,1043],[-1.2236494850367308,43.037491953000426,1043.199951171875],[-1.2236603815108538,43.03751366212964,1043.5999755859375],[-1.2236705236136913,43.037531515583396,1043.800048828125],[-1.223678570240736,43.037549117580056,1044.199951171875],[-1.2236873712390661,43.03756353445351,1044.5999755859375],[-1.2236913107335567,43.037579795345664,1044.800048828125],[-1.2236952502280474,43.03759614005685,1045],[-1.2236990220844746,43.03761030547321,1045.4000244140625],[-1.2237031292170286,43.037626817822456,1045.800048828125],[-1.2237082421779633,43.03764458745718,1046],[-1.2237140256911516,43.03766302764416,1046.199951171875],[-1.2237212341278791,43.03768373094499,1046.4000244140625],[-1.2237252574414015,43.03770367987454,1046.5999755859375],[-1.2237310409545898,43.03771843202412,1046.800048828125],[-1.2237358186393976,43.03773796185851,1047],[-1.2237406801432371,43.037761179730296,1047.199951171875],[-1.2237452901899815,43.03778079338372,1047.5999755859375],[-1.2237481400370598,43.03780292160809,1047.5999755859375],[-1.2237493135035038,43.0378232896328,1048],[-1.2237491458654404,43.037844663485885,1048.199951171875],[-1.2237487267702818,43.03786343894899,1048.4000244140625],[-1.2237503193318844,43.03787961602211,1048.5999755859375],[-1.223749229684472,43.03789512254298,1048.800048828125],[-1.2237465474754572,43.03791515529156,1049],[-1.2237442005425692,43.03793837316334,1049.4000244140625],[-1.2237393390387297,43.03795773535967,1049.5999755859375],[-1.223731879144907,43.03797768428922,1049.800048828125],[-1.2237200606614351,43.0379993095994,1050],[-1.2237034644931555,43.03802277892828,1050.199951171875],[-1.2236914783716202,43.03803903982043,1050.199951171875],[-1.2236742954701185,43.038065107539296,1050.199951171875],[-1.2236630637198687,43.03807960823178,1050.199951171875],[-1.223648563027382,43.03809771314263,1050.4000244140625],[-1.2236350681632757,43.038112381473184,1050.4000244140625],[-1.2236235849559307,43.03812252357602,1050.4000244140625],[-1.2236141134053469,43.038123697042465,1051],[-1.2235956732183695,43.038130486384034,1051],[-1.223575472831726,43.03814113140106,1051.199951171875],[-1.2235671747475863,43.03814582526684,1051.4000244140625],[-1.2235638219863176,43.03814892657101,1051.4000244140625],[-1.2235512491315603,43.0381563026458,1051.4000244140625],[-1.223534569144249,43.0381615832448,1051.4000244140625],[-1.2235095910727978,43.03816451691091,1051.4000244140625],[-1.223486289381981,43.03816887550056,1051.4000244140625],[-1.2234678491950035,43.038173066452146,1051.199951171875],[-1.2234418652951717,43.03817708976567,1051.199951171875],[-1.2234074156731367,43.0381824541837,1051.199951171875],[-1.2233764864504337,43.038188153877854,1051],[-1.2233438808470964,43.03819418884814,1051],[-1.2233084253966808,43.03819913417101,1050.800048828125],[-1.2232794240117073,43.03820407949388,1050.5999755859375],[-1.223240615800023,43.03821095265448,1050.4000244140625],[-1.2231881450861692,43.038221346214414,1050.199951171875],[-1.2231375183910131,43.038230817765,1050],[-1.2230831198394299,43.03824255242944,1049.800048828125],[-1.2230272125452757,43.03825520910323,1049.5999755859375],[-1.2229806929826736,43.038265183568,1049.4000244140625],[-1.2229068484157324,43.03828110918403,1048.4000244140625],[-1.222840715199709,43.038298124447465,1048],[-1.2227832153439522,43.03831346333027,1047.4000244140625],[-1.22270786203444,43.03833492100239,1047],[-1.2226170022040606,43.03836232982576,1046.800048828125],[-1.2225404754281044,43.038388062268496,1046.199951171875],[-1.222479622811079,43.03841086104512,1045.800048828125],[-1.2223907746374607,43.03844497539103,1045.5999755859375],[-1.2223157566040754,43.03847221657634,1045.199951171875],[-1.2222571671009064,43.03849375806749,1044.800048828125],[-1.2221850827336311,43.038522340357304,1044.5999755859375],[-1.2220992520451546,43.03855771198869,1044.199951171875],[-1.2220415007323027,43.038582941517234,1044],[-1.2219705060124397,43.038615211844444,1043.800048828125],[-1.2218965776264668,43.03865167312324,1043.5999755859375],[-1.2218279298394918,43.038687128573656,1043.5999755859375],[-1.2217597849667072,43.03872250020504,1043.4000244140625],[-1.221671523526311,43.03875946439803,1043.199951171875],[-1.2216023728251457,43.03877195343375,1043],[-1.2215134408324957,43.038764242082834,1042.4000244140625],[-1.2214340642094612,43.038736414164305,1042],[-1.2213653326034546,43.03869307972491,1041.199951171875],[-1.2213021330535412,43.03863901644945,1041],[-1.2212410289794207,43.03857875056565,1040.5999755859375],[-1.2211709562689066,43.038506750017405,1040.5999755859375],[-1.2211126182228327,43.03844388574362,1040.5999755859375],[-1.221065428107977,43.038392923772335,1041],[-1.2210074253380299,43.03832561708987,1041.4000244140625],[-1.2209363467991352,43.038240037858486,1041.5999755859375],[-1.2208785116672516,43.03816636092961,1041.5999755859375],[-1.220822436735034,43.03809218108654,1041.5999755859375],[-1.2207656912505627,43.0380164925009,1039.199951171875],[-1.220707604661584,43.03793929517269,1034.800048828125],[-1.220649853348732,43.037861762568355,1034],[-1.2205890845507383,43.037781212478876,1033.5999755859375],[-1.2205421458929777,43.0377162527293,1033],[-1.2204823829233646,43.03763519972563,1031.5999755859375],[-1.2204111367464066,43.03753612563014,1030.199951171875],[-1.2203518766909838,43.037454737350345,1029.5999755859375],[-1.2202911078929901,43.037371169775724,1029.199951171875],[-1.2202293332666159,43.037284668534994,1028.800048828125],[-1.2201668042689562,43.037195736542344,1028.5999755859375],[-1.2200999166816473,43.03710621781647,1027.800048828125],[-1.2200331129133701,43.037015022709966,1027.199951171875],[-1.219967482611537,43.03692433051765,1026.5999755859375],[-1.2198959849774837,43.0368338059634,1025.800048828125],[-1.2198187038302422,43.03674638271332,1024.800048828125],[-1.2197396624833345,43.03665887564421,1024.199951171875],[-1.2196622136980295,43.03656977601349,1023.4000244140625],[-1.21958845295012,43.036479419097304,1022.7999877929688],[-1.2195160333067179,43.0363898165524,1022.4000244140625],[-1.2194427754729986,43.036302560940385,1021.7999877929688],[-1.2193741276860237,43.03621639497578,1021],[-1.2193116825073957,43.03613224066794,1020],[-1.2192560266703367,43.0360496789217,1019.4000244140625],[-1.2192031368613243,43.03596971556544,1019],[-1.2191583774983883,43.03589033894241,1018.7999877929688],[-1.219117222353816,43.0358218587935,1018.7999877929688],[-1.2190782465040684,43.03576536476612,1018.7999877929688],[-1.2190420366823673,43.03571775555611,1019.5999755859375],[-1.2190139573067427,43.03567743860185,1020.7999877929688],[-1.2189964391291142,43.03564407862723,1022],[-1.2189815193414688,43.035618430003524,1022.4000244140625],[-1.2189657613635063,43.03559873253107,1023.4000244140625],[-1.2189553678035736,43.03558439947665,1024.199951171875],[-1.2189474888145924,43.035567635670304,1024.4000244140625],[-1.2189359217882156,43.03554978221655,1025.199951171875],[-1.2189265340566635,43.0355314258486,1025.5999755859375],[-1.2189147155731916,43.035515416413546,1025.800048828125],[-1.2189007177948952,43.03549999371171,1026.199951171875],[-1.218895185738802,43.03548096679151,1026.5999755859375],[-1.2188864685595036,43.03546688519418,1027],[-1.218875739723444,43.0354502890259,1027.199951171875],[-1.2188711296766996,43.035429837182164,1027.199951171875],[-1.2188673578202724,43.0354124866426,1027.5999755859375],[-1.218858053907752,43.03539555519819,1027.5999755859375],[-1.218847744166851,43.03537644445896,1027.800048828125],[-1.2188407871872187,43.03535741753876,1027.800048828125],[-1.2188308965414762,43.035341408103704,1028.4000244140625],[-1.2188188266009092,43.035326739773154,1028.800048828125],[-1.218807091936469,43.03530746139586,1029],[-1.2187898252159357,43.03529245778918,1029.199951171875],[-1.2187719717621803,43.035280304029584,1029.800048828125],[-1.2187533639371395,43.035271586850286,1030],[-1.2187347561120987,43.03526446223259,1030.199951171875],[-1.2187201716005802,43.03525088354945,1030.4000244140625],[-1.2187035754323006,43.035237388685346,1030.5999755859375],[-1.2186850514262915,43.03522640839219,1030.800048828125],[-1.2186674494296312,43.0352174397558,1031.199951171875],[-1.2186519429087639,43.03520444780588,1031.4000244140625],[-1.2186340894550085,43.03519422188401,1031.5999755859375],[-1.2186175771057606,43.03518617525697,1032],[-1.2186028249561787,43.03517603315413,1032.199951171875],[-1.2185855582356453,43.03516530431807,1032.4000244140625],[-1.2185680400580168,43.03515407256782,1032.4000244140625],[-1.2185527011752129,43.03513999097049,1032.800048828125],[-1.2185330875217915,43.035131860524416,1033],[-1.2185168266296387,43.03512280806899,1033.199951171875],[-1.2185050919651985,43.03511140868068,1033.199951171875],[-1.2184967938810587,43.03509581834078,1033.800048828125],[-1.2184838019311428,43.035084921866655,1033.800048828125],[-1.2184704747051,43.035073187202215,1034],[-1.2184565607458353,43.035062374547124,1034.199951171875],[-1.2184418085962534,43.03505240008235,1034.4000244140625],[-1.2184273079037666,43.03504217416048,1034.800048828125],[-1.2184134777635336,43.03502792492509,1035],[-1.2183987256139517,43.03501786664128,1035.199951171875],[-1.2183849792927504,43.03500797599554,1035.199951171875],[-1.21837567538023,43.034993978217244,1035.4000244140625],[-1.2183646950870752,43.03498148918152,1035.5999755859375],[-1.218351535499096,43.03496791049838,1035.800048828125],[-1.2183415610343218,43.03495517000556,1036],[-1.2183342687785625,43.03494242951274,1036.4000244140625],[-1.2183348555117846,43.0349254142493,1036.5999755859375],[-1.218333514407277,43.03491217084229,1036.5999755859375],[-1.2183322571218014,43.03489934653044,1036.800048828125],[-1.21833267621696,43.03488585166633,1036.800048828125],[-1.2183370348066092,43.03487000986934,1037],[-1.2183380406349897,43.03485391661525,1037],[-1.2183370348066092,43.034839164465666,1037.199951171875],[-1.2183369509875774,43.034825418144464,1037.5999755859375],[-1.218331754207611,43.03481209091842,1037.800048828125],[-1.2183278985321522,43.03479683585465,1038],[-1.218324126675725,43.03478334099054,1038.199951171875],[-1.2183219473809004,43.03476716391742,1038.199951171875],[-1.218319097533822,43.034750651568174,1038.4000244140625],[-1.218313816934824,43.03473782725632,1038.5999755859375],[-1.218304093927145,43.0347287748009,1038.5999755859375],[-1.2182921078056097,43.0347166210413,1038.5999755859375],[-1.2182829715311527,43.03470153361559,1038.800048828125],[-1.2182740028947592,43.03468636237085,1039],[-1.218255814164877,43.03467747755349,1039],[-1.2182324286550283,43.03467186167836,1039.199951171875],[-1.2182112224400043,43.03466264158487,1039.4000244140625],[-1.2181955482810736,43.03464981727302,1039.5999755859375],[-1.2181828916072845,43.03463674150407,1039.5999755859375],[-1.2181672174483538,43.03462584502995,1039.800048828125],[-1.2181463465094566,43.034613858908415,1039.800048828125],[-1.218124721199274,43.03459952585399,1039.800048828125],[-1.2181046046316624,43.03458083420992,1039.5999755859375],[-1.218086751177907,43.03455895744264,1039.4000244140625],[-1.2180719152092934,43.034535152837634,1039.199951171875],[-1.2180550675839186,43.034508833661675,1039.199951171875],[-1.218040818348527,43.034479999914765,1039],[-1.2180276587605476,43.03445435129106,1039],[-1.2180129904299974,43.03442845121026,1038.5999755859375],[-1.2179997470229864,43.0343971028924,1038.4000244140625],[-1.217987509444356,43.03436290472746,1038.199951171875],[-1.2179738469421864,43.03432988002896,1038.199951171875],[-1.217955993488431,43.03429266437888,1038.199951171875],[-1.217935374006629,43.034253269433975,1038],[-1.2179156765341759,43.03421940654516,1037.800048828125],[-1.2178913690149784,43.034194177016616,1037.800048828125],[-1.2178644631057978,43.03417808376253,1037.5999755859375],[-1.2178385630249977,43.03416601382196,1037.5999755859375],[-1.21781961992383,43.03415243513882,1037.199951171875],[-1.2178095616400242,43.0341381020844,1037.199951171875],[-1.2178009282797575,43.034128714352846,1037],[-1.2177843321114779,43.03411664441228,1036.800048828125],[-1.217760443687439,43.034105747938156,1036.4000244140625],[-1.2177315261214972,43.03409669548273,1036.199951171875],[-1.2177021894603968,43.034089570865035,1036],[-1.2176766246557236,43.034081272780895,1036],[-1.2176503892987967,43.03406978957355,1035.5999755859375],[-1.2176317814737558,43.03405495360494,1035.5999755859375],[-1.2176153529435396,43.034039698541164,1035.4000244140625],[-1.217596409842372,43.03402637131512,1035.199951171875],[-1.21757285669446,43.03401497192681,1034.800048828125],[-1.217543939128518,43.03400441072881,1034.800048828125],[-1.2175149377435446,43.03399686701596,1034.5999755859375],[-1.2174949888139963,43.033982533961535,1034.5999755859375],[-1.2174751237034798,43.03397197276354,1034.5999755859375],[-1.2174496427178383,43.03396627306938,1034.4000244140625],[-1.2174247484654188,43.03396233357489,1034.4000244140625],[-1.2173969205468893,43.03395747207105,1034.4000244140625],[-1.21736079454422,43.033952275291085,1034.199951171875],[-1.2173229083418846,43.0339430551976,1034],[-1.2172923982143402,43.03393886424601,1033.4000244140625],[-1.2172677554190159,43.03393601439893,1033.199951171875],[-1.217244453728199,43.033929811790586,1033],[-1.2172121834009886,43.03392109461129,1032.800048828125],[-1.2171782366931438,43.033908773213625,1032.5999755859375],[-1.2171561922878027,43.033892596140504,1032.5999755859375],[-1.2171438708901405,43.03387826308608,1032.4000244140625],[-1.2171353213489056,43.03386786952615,1032],[-1.2171215750277042,43.033852530643344,1032],[-1.217106655240059,43.03384297527373,1031.4000244140625],[-1.2170887179672718,43.033834928646684,1031.199951171875],[-1.2170628178864717,43.033823696896434,1031.199951171875],[-1.217035911977291,43.033810537308455,1031],[-1.217005904763937,43.0337995570153,1030.5999755859375],[-1.2169736344367266,43.033785643056035,1030.4000244140625],[-1.2169411964714527,43.03377072326839,1030.199951171875],[-1.2169058248400688,43.03375848568976,1030.199951171875],[-1.216870453208685,43.03374297916889,1030],[-1.2168272864073515,43.03372956812382,1030],[-1.2167878076434135,43.033711798489094,1029.800048828125],[-1.2167466524988413,43.03369386121631,1029.5999755859375],[-1.216707257553935,43.03367743268609,1029],[-1.2166701257228851,43.0336631834507,1028.5999755859375],[-1.2166371010243893,43.0336510296911,1028.5999755859375],[-1.2166123744100332,43.033640552312136,1028.5999755859375],[-1.216589156538248,43.03362865000963,1028.5999755859375],[-1.2165658548474312,43.03362026810646,1028.4000244140625],[-1.2165427207946777,43.03361632861197,1028.4000244140625],[-1.2165194191038609,43.033611215651035,1028.4000244140625],[-1.2164968717843294,43.03360115736723,1028.199951171875],[-1.2164744921028614,43.03359026089311,1028.199951171875],[-1.2164568901062012,43.033581376075745,1028],[-1.2164352647960186,43.03357089869678,1028],[-1.2164133042097092,43.03355866111815,1028],[-1.2163900025188923,43.03355002775788,1027.5999755859375],[-1.2163627613335848,43.03354022093117,1027.5999755859375],[-1.2163307424634695,43.03352831862867,1027.4000244140625],[-1.2162985559552908,43.03351582959294,1027.199951171875],[-1.216266704723239,43.03350602276623,1027],[-1.2162355240434408,43.03349671885371,1026.5999755859375],[-1.2162080314010382,43.03348825313151,1026.4000244140625],[-1.216188333928585,43.03348137997091,1026.199951171875],[-1.216181544587016,43.03347333334386,1026.199951171875],[-1.2161838077008724,43.03347073495388,1026.199951171875],[-1.2161838077008724,43.03347073495388,1026.199951171875],[-1.2161822989583015,43.033469980582595,1026.199951171875],[-1.2161793652921915,43.033471405506134,1026.199951171875],[-1.2161793652921915,43.033471405506134,1026.199951171875],[-1.2161793652921915,43.033471405506134,1026.199951171875],[-1.2161793652921915,43.033471405506134,1026.199951171875],[-1.2161748390644789,43.03347039967775,1026.199951171875],[-1.2161716539412737,43.03346922621131,1026.199951171875],[-1.2161716539412737,43.03346922621131,1026.199951171875],[-1.2161716539412737,43.03346922621131,1026],[-1.2161716539412737,43.03346922621131,1026],[-1.216170648112893,43.03346822038293,1026],[-1.2161596678197384,43.03346595726907,1026],[-1.216141814365983,43.03346092812717,1026],[-1.216120021417737,43.03345321677625,1026],[-1.2160968035459518,43.033443661406636,1025.5999755859375],[-1.2160720769315958,43.03343410603702,1025.5999755859375],[-1.2160436622798443,43.033423628658056,1025.4000244140625],[-1.2160141579806805,43.03341491147876,1025.199951171875],[-1.2159821391105652,43.03340803831816,1025.199951171875],[-1.2159508746117353,43.03340124897659,1025.199951171875],[-1.2159219570457935,43.03339554928243,1025],[-1.2158939614892006,43.03339487873018,1024.800048828125],[-1.2158677261322737,43.03339588455856,1024.800048828125],[-1.2158476933836937,43.03339303471148,1024.5999755859375],[-1.215833779424429,43.03339068777859,1024.5999755859375],[-1.2158182729035616,43.03338666446507,1024.4000244140625],[-1.2157968990504742,43.033384988084435,1024.199951171875],[-1.2157793808728456,43.03338406607509,1024.199951171875],[-1.2157708313316107,43.03337853401899,1024],[-1.2157556600868702,43.03337551653385,1024],[-1.2157362140715122,43.03337258286774,1023.7999877929688],[-1.2157164327800274,43.03337149322033,1023.7999877929688],[-1.2156988307833672,43.033371828496456,1023.5999755859375],[-1.2156817317008972,43.03337702527642,1023.4000244140625],[-1.2156634591519833,43.03338708356023,1023.2000122070312],[-1.2156431749463081,43.03339940495789,1023],[-1.2156179454177618,43.03341021761298,1022.5999755859375],[-1.215595230460167,43.03341834805906,1022.5999755859375],[-1.215576371178031,43.033423544839025,1022.4000244140625],[-1.2155560031533241,43.03342773579061,1022.2000122070312],[-1.215534545481205,43.0334316752851,1021.7999877929688],[-1.2155148480087519,43.03343310020864,1021.2000122070312],[-1.215498000383377,43.03343108855188,1020.7999877929688],[-1.2154735252261162,43.03343460895121,1020.4000244140625],[-1.2154413387179375,43.03344374522567,1020.2000122070312],[-1.2154110800474882,43.0334575753659,1020.2000122070312],[-1.215382581576705,43.0334781948477,1020],[-1.215355172753334,43.03350300528109,1019.5999755859375],[-1.2153296917676926,43.033520355820656,1019.4000244140625],[-1.2153035402297974,43.03353804163635,1019.4000244140625],[-1.2152811605483294,43.03355363197625,1019.4000244140625],[-1.2152598705142736,43.033569138497114,1019.4000244140625],[-1.2152441125363111,43.03358112461865,1019.4000244140625],[-1.215224415063858,43.03359034471214,1019.5999755859375],[-1.215196754783392,43.03359906189144,1019.5999755859375],[-1.2151636462658644,43.033611634746194,1019.5999755859375],[-1.2151254247874022,43.03361775353551,1019.5999755859375],[-1.2150932382792234,43.03361909464002,1019.5999755859375],[-1.2150653265416622,43.033621022477746,1019.4000244140625],[-1.2150385044515133,43.03362135775387,1019.2000122070312],[-1.2150079105049372,43.03362839855254,1018.5999755859375],[-1.214979998767376,43.03362806327641,1018.2000122070312],[-1.214959379285574,43.03362848237157,1017.7999877929688],[-1.2149362452328205,43.033634182065725,1017.5999755859375],[-1.214913446456194,43.03363988175988,1017.4000244140625],[-1.21489224024117,43.03364658728242,1017.4000244140625],[-1.2148758117109537,43.033651281148195,1017.4000244140625],[-1.2148605566471815,43.03365672938526,1017.4000244140625],[-1.2148433737456799,43.03366326726973,1017.5999755859375],[-1.2148226704448462,43.033666368573904,1017.5999755859375],[-1.21480330824852,43.033669888973236,1018],[-1.2147869635373354,43.0336785223335,1018.2000122070312],[-1.214770870283246,43.03368556313217,1018.2000122070312],[-1.214755866676569,43.033685982227325,1018.2000122070312],[-1.2147398572415113,43.03368246182799,1018.2000122070312],[-1.2147259432822466,43.03367584012449,1018.2000122070312],[-1.2147153820842505,43.03366125561297,1018.4000244140625],[-1.2147002946585417,43.033657567575574,1018.4000244140625],[-1.2146856263279915,43.03364851512015,1018.4000244140625],[-1.2146670185029507,43.033636109903455,1018.4000244140625],[-1.2146557867527008,43.03361289203167,1018.5999755859375],[-1.2146415375173092,43.03360057063401,1018.5999755859375],[-1.2146284617483616,43.03359034471214,1018.5999755859375],[-1.2146044056862593,43.03358347155154,1018.5999755859375],[-1.2145852949470282,43.03357006050646,1018.7999877929688],[-1.2145658489316702,43.033556984737515,1019],[-1.2145451456308365,43.03353996947408,1019.5999755859375],[-1.2145215924829245,43.03352991119027,1020],[-1.2145096901804209,43.033524295315146,1020.4000244140625],[-1.2144884001463652,43.03352555260062,1020.5999755859375],[-1.2144680321216583,43.03352287039161,1020.7999877929688],[-1.2144400365650654,43.03352052345872,1021.2000122070312],[-1.2144167348742485,43.03351800888777,1021.2000122070312],[-1.2143916729837656,43.03351482376456,1021.2000122070312],[-1.2143761664628983,43.03350392729044,1021.2000122070312],[-1.2143522780388594,43.033494874835014,1021.2000122070312],[-1.214322354644537,43.033495377749205,1021],[-1.2142922636121511,43.03348942659795,1020.7999877929688],[-1.2142711412161589,43.03348934277892,1020.4000244140625],[-1.2142364401370287,43.03348733112216,1019.5999755859375],[-1.2141979672014713,43.03348674438894,1018.7999877929688],[-1.214159745723009,43.033485654741526,1018.2000122070312],[-1.2141197640448809,43.03348297253251,1017.7999877929688],[-1.2140729930251837,43.03347752429545,1017.7999877929688],[-1.214025467634201,43.0334713216871,1017.2000122070312],[-1.2139805406332016,43.03346302360296,1017],[-1.2139434926211834,43.03345321677625,1017],[-1.2139131501317024,43.033442655578256,1017],[-1.213884735479951,43.03343586623669,1017],[-1.2138628587126732,43.0334232095629,1017.2000122070312],[-1.2138427421450615,43.033411810174584,1017.4000244140625],[-1.213820530101657,43.03340217098594,1017.5999755859375],[-1.213802844285965,43.03339487873018,1017.7999877929688],[-1.2137859966605902,43.03339068777859,1018],[-1.2137636169791222,43.03338314406574,1018.2000122070312],[-1.2137440871447325,43.033382054418325,1018.5999755859375],[-1.2137241382151842,43.03337576799095,1018.7999877929688],[-1.2137064523994923,43.03336260840297,1019.2000122070312],[-1.2136756908148527,43.03335439413786,1019.7999877929688],[-1.213658256456256,43.03334752097726,1020.2000122070312],[-1.2136528082191944,43.033342491835356,1020.7999877929688],[-1.2136431690305471,43.03332673385739,1021.2000122070312],[-1.2136226333677769,43.03331910632551,1021.2000122070312],[-1.2136035226285458,43.033313155174255,1021.2000122070312],[-1.2135891057550907,43.033304857090116,1021.2000122070312],[-1.2135776225477457,43.03330326452851,1021.2000122070312],[-1.2135674804449081,43.03330150432885,1021],[-1.2135596852749586,43.03330175578594,1020.7999877929688],[-1.2135539017617702,43.03330175578594,1020.5999755859375],[-1.2135350424796343,43.033304354175925,1020.2000122070312],[-1.2135126627981663,43.03330569528043,1020],[-1.213488020002842,43.03330812603235,1019.5999755859375],[-1.213460024446249,43.03332086652517,1019.4000244140625],[-1.2134404107928276,43.0333333555609,1019.2000122070312],[-1.2134275026619434,43.03334517404437,1019],[-1.2134216353297234,43.03335732780397,1019],[-1.2134175281971693,43.033381048589945,1018.7999877929688],[-1.2134104873985052,43.03339873440564,1018.7999877929688],[-1.2134051229804754,43.03341415710747,1018.7999877929688],[-1.2134027760475874,43.03342681378126,1019],[-1.213408475741744,43.0334387999028,1019],[-1.2134093139320612,43.03345707245171,1019],[-1.2134051229804754,43.033466544002295,1019.2000122070312],[-1.2133959867060184,43.033471908420324,1019.2000122070312],[-1.2133912090212107,43.03348523564637,1019.4000244140625],[-1.2133881077170372,43.03350049071014,1019.5999755859375],[-1.213380815461278,43.03351515904069,1019.7999877929688],[-1.2133797258138657,43.033531000837684,1020],[-1.2133817374706268,43.0335455853492,1020],[-1.2133817374706268,43.03355463780463,1020.2000122070312],[-1.2133772112429142,43.033567713573575,1020.2000122070312],[-1.2133714277297258,43.03358690813184,1020.2000122070312],[-1.213357262313366,43.03360509686172,1020.2000122070312],[-1.2133380677551031,43.03362563252449,1020.2000122070312],[-1.2133174482733011,43.03364524617791,1020],[-1.2133008521050215,43.0336594954133,1019.4000244140625],[-1.213288027793169,43.03367290645838,1019.2000122070312],[-1.2132723536342382,43.03369168192148,1019.2000122070312],[-1.2132647261023521,43.03370509296656,1019.2000122070312],[-1.2132591102272272,43.0337184201926,1019.2000122070312],[-1.2132602836936712,43.03373317234218,1019.4000244140625],[-1.213260618969798,43.03374825976789,1019.4000244140625],[-1.2132586911320686,43.033764101564884,1019.5999755859375],[-1.2132563441991806,43.03378161974251,1019.5999755859375],[-1.213260032236576,43.03379871882498,1019.7999877929688],[-1.2132687494158745,43.0338169913739,1019.7999877929688],[-1.213274197652936,43.03383266553283,1019.7999877929688],[-1.2132876086980104,43.033845238387585,1020],[-1.2133008521050215,43.03385672159493,1020],[-1.2133192922919989,43.033865354955196,1020],[-1.2133323680609465,43.033878933638334,1020.2000122070312],[-1.2133435998111963,43.03389393724501,1020.4000244140625],[-1.2133560050278902,43.03390332497656,1020.4000244140625],[-1.2133724335581064,43.0339013133198,1020.4000244140625],[-1.2133910413831472,43.033901900053024,1020.5999755859375],[-1.2134127505123615,43.03390005603433,1020.5999755859375],[-1.2134378124028444,43.03390558809042,1020.5999755859375],[-1.2134560849517584,43.03390709683299,1020.7999877929688],[-1.2134710047394037,43.033911706879735,1020.7999877929688],[-1.213483577594161,43.03391975350678,1020.7999877929688],[-1.2134969048202038,43.03392712958157,1020.7999877929688],[-1.2135125789791346,43.03393241018057,1020.7999877929688],[-1.2135239783674479,43.033935595303774,1020.7999877929688],[-1.2135250680148602,43.03394263610244,1020.7999877929688],[-1.213529845699668,43.03395001217723,1020.7999877929688],[-1.2135444302111864,43.0339565500617,1020.7999877929688],[-1.2135622836649418,43.03396719507873,1020.7999877929688],[-1.2135710008442402,43.03397700190544,1020.7999877929688],[-1.2135796342045069,43.03398722782731,1020.7999877929688],[-1.2135851662606,43.03400072269142,1021],[-1.213593129068613,43.03401555866003,1021.2000122070312],[-1.213607881218195,43.034027041867375,1021.4000244140625],[-1.2136202864348888,43.03404053673148,1021.4000244140625],[-1.2136301770806313,43.034053863957524,1021.5999755859375],[-1.2136430013924837,43.0340688675642,1021.5999755859375],[-1.2136449292302132,43.03409175015986,1021.7999877929688],[-1.2136455997824669,43.03411211818457,1022],[-1.2136536464095116,43.03412695415318,1022],[-1.2136656325310469,43.03414455614984,1022.2000122070312],[-1.2136692367494106,43.034164840355515,1022.2000122070312],[-1.2136721704155207,43.0341811850667,1022.4000244140625],[-1.213683234527707,43.03419937379658,1022.5999755859375],[-1.2136978190392256,43.03421278484166,1022.7999877929688],[-1.2137041054666042,43.034226447343826,1023],[-1.2137093022465706,43.03424371406436,1023.2000122070312],[-1.2137149181216955,43.03426031023264,1023.4000244140625],[-1.213723886758089,43.03427061997354,1023.5999755859375],[-1.2137275747954845,43.0342831928283,1023.7999877929688],[-1.2137383874505758,43.03429744206369,1024],[-1.213739812374115,43.03431697189808,1024.4000244140625],[-1.2137400638312101,43.03433516062796,1024.5999755859375],[-1.2137465178966522,43.03435418754816,1024.5999755859375],[-1.213758084923029,43.034361731261015,1024.800048828125],[-1.2137580011039972,43.03437522612512,1025],[-1.2137500382959843,43.03438788279891,1025],[-1.2137461826205254,43.034400790929794,1025.4000244140625],[-1.2137406505644321,43.03441386669874,1025.800048828125],[-1.2137354537844658,43.0344280321151,1026],[-1.2137282453477383,43.034441443160176,1026.199951171875],[-1.2137246411293745,43.03444840013981,1026.5999755859375],[-1.2137255631387234,43.03445334546268,1026.800048828125],[-1.2137269880622625,43.034460386261344,1026.800048828125],[-1.2137267366051674,43.03447044454515,1027.199951171875],[-1.2137235514819622,43.03447932936251,1027.4000244140625],[-1.213716510683298,43.03449206985533,1027.5999755859375],[-1.213712152093649,43.034502882510424,1027.800048828125],[-1.21370536275208,43.03451545536518,1028.5999755859375],[-1.2136984895914793,43.03453012369573,1028.5999755859375],[-1.2136913649737835,43.03454772569239,1028.5999755859375],[-1.2136811390519142,43.03456859663129,1028.800048828125],[-1.2136740982532501,43.03458125330508,1029],[-1.2136612739413977,43.034588461741805,1029.4000244140625],[-1.2136466894298792,43.03460145369172,1029.5999755859375],[-1.2136341165751219,43.034616289660335,1030],[-1.21362816542387,43.03463011980057,1030.4000244140625],[-1.213618190959096,43.034642273560166,1030.800048828125],[-1.2136052828282118,43.03464881144464,1031.199951171875],[-1.2135984096676111,43.0346595402807,1031.5999755859375],[-1.2135891057550907,43.034669598564506,1031.800048828125],[-1.2135770358145237,43.03468401543796,1032.199951171875],[-1.2135677319020033,43.03469801321626,1032.800048828125],[-1.2135629542171955,43.03471804596484,1033],[-1.2135539017617702,43.034734558314085,1033.4000244140625],[-1.213548704981804,43.03474788554013,1033.4000244140625],[-1.213545436039567,43.034758949652314,1033.800048828125],[-1.2135385628789663,43.034774623811245,1034.199951171875],[-1.2135397363454103,43.03478887304664,1034.4000244140625],[-1.213550129905343,43.03479985333979,1034.5999755859375],[-1.2135776225477457,43.03480722941458,1035],[-1.2135809753090143,43.03481108509004,1035.199951171875],[-1.2135964818298817,43.03481779061258,1035.4000244140625],[-1.2135844957083464,43.034828435629606,1035.4000244140625],[-1.213566642254591,43.03483648225665,1035.800048828125],[-1.2135537341237068,43.03484276868403,1036.199951171875],[-1.213543089106679,43.03484461270273,1036.4000244140625],[-1.2135461904108524,43.03485106676817,1036.800048828125],[-1.2135391496121883,43.03486439399421,1037.199951171875],[-1.213537473231554,43.03487780503929,1037.4000244140625],[-1.2135329470038414,43.03489155136049,1037.800048828125],[-1.213524229824543,43.034905130043626,1038],[-1.2135192845016718,43.03491502068937,1038.4000244140625],[-1.2135130818933249,43.03492683917284,1038.5999755859375],[-1.2135039456188679,43.034940250217915,1039],[-1.2135063763707876,43.03494838066399,1039.199951171875],[-1.2135010957717896,43.03496254608035,1039.4000244140625],[-1.2135020177811384,43.03497729822993,1039.5999755859375],[-1.2134943902492523,43.034992553293705,1039.800048828125],[-1.2134809792041779,43.03500370122492,1040],[-1.2134699150919914,43.03501484915614,1040.199951171875],[-1.213462119922042,43.03502591326833,1040.4000244140625],[-1.213454408571124,43.03503722883761,1040.5999755859375],[-1.2134509719908237,43.03504854440689,1040.800048828125],[-1.2134503852576017,43.03506027907133,1040.800048828125],[-1.2134489603340626,43.03507285192609,1041],[-1.2134431768208742,43.035083496943116,1041.199951171875],[-1.2134404107928276,43.03508718498051,1041.199951171875],[-1.2134404107928276,43.03508718498051,1041.4000244140625],[-1.2134404107928276,43.03508718498051,1041.4000244140625],[-1.2134404107928276,43.03508718498051,1041.5999755859375],[-1.2134404107928276,43.03508718498051,1041.5999755859375],[-1.2134404107928276,43.03508718498051,1041.800048828125],[-1.2134404107928276,43.03508718498051,1041.800048828125],[-1.2134404107928276,43.03508718498051,1041.800048828125],[-1.2134404107928276,43.03508718498051,1041.800048828125],[-1.2134446017444134,43.035082994028926,1041.800048828125],[-1.2134471163153648,43.03507838398218,1041.800048828125],[-1.2134471163153648,43.03507838398218,1041.5999755859375],[-1.2134471163153648,43.03507838398218,1041.5999755859375],[-1.2134451046586037,43.03507980890572,1041.5999755859375],[-1.2134425900876522,43.03508475422859,1041.5999755859375],[-1.2134425900876522,43.03508475422859,1041.5999755859375],[-1.2134425900876522,43.03508475422859,1041.4000244140625],[-1.2134425900876522,43.03508475422859,1041.4000244140625],[-1.2134425900876522,43.03508475422859,1041.4000244140625],[-1.2134425900876522,43.03508475422859,1041.4000244140625],[-1.2134425900876522,43.03508475422859,1041.4000244140625],[-1.2134425900876522,43.03508475422859,1041.4000244140625],[-1.2134425900876522,43.03508475422859,1041.4000244140625],[-1.2134425900876522,43.03508475422859,1041.4000244140625],[-1.2134425900876522,43.03508475422859,1041.4000244140625],[-1.2134425900876522,43.03508475422859,1041.4000244140625],[-1.2134425900876522,43.03508475422859,1041.4000244140625],[-1.2134425900876522,43.03508475422859,1041.199951171875],[-1.2134425900876522,43.03508475422859,1041.199951171875],[-1.2134425900876522,43.03508475422859,1041.199951171875],[-1.2134425900876522,43.03508475422859,1041.199951171875],[-1.2134425900876522,43.03508475422859,1041.199951171875],[-1.2134425900876522,43.03508475422859,1041.199951171875],[-1.2134425900876522,43.03508475422859,1041.199951171875],[-1.2134399078786373,43.03508559241891,1041],[-1.2134362198412418,43.035084921866655,1041],[-1.2134362198412418,43.035084921866655,1041],[-1.2134362198412418,43.035084921866655,1041],[-1.2134362198412418,43.035084921866655,1041],[-1.2134362198412418,43.035084921866655,1041],[-1.2134362198412418,43.035084921866655,1041],[-1.2134362198412418,43.035084921866655,1041],[-1.2134362198412418,43.035084921866655,1041],[-1.2134362198412418,43.035084921866655,1041],[-1.2134362198412418,43.035084921866655,1041],[-1.2134362198412418,43.035084921866655,1041],[-1.2134362198412418,43.035084921866655,1041],[-1.2134362198412418,43.035084921866655,1041],[-1.2134362198412418,43.035084921866655,1041],[-1.2134362198412418,43.035084921866655,1041],[-1.2134362198412418,43.035084921866655,1041],[-1.2134362198412418,43.035084921866655,1041],[-1.2134362198412418,43.035084921866655,1041],[-1.2134362198412418,43.035084921866655,1041],[-1.2134362198412418,43.035084921866655,1041],[-1.2134362198412418,43.035084921866655,1041],[-1.2134362198412418,43.035084921866655,1041],[-1.2134362198412418,43.035084921866655,1041],[-1.2134362198412418,43.035084921866655,1041],[-1.2134362198412418,43.035084921866655,1041],[-1.2134362198412418,43.035084921866655,1041],[-1.2134362198412418,43.035084921866655,1041],[-1.2134362198412418,43.035084921866655,1041],[-1.2134362198412418,43.035084921866655,1041],[-1.2134362198412418,43.035084921866655,1041],[-1.2134362198412418,43.035084921866655,1041],[-1.2134362198412418,43.035084921866655,1041.199951171875],[-1.2134362198412418,43.035084921866655,1041.199951171875],[-1.2134362198412418,43.035084921866655,1041.199951171875],[-1.2134362198412418,43.035084921866655,1041.199951171875],[-1.2134362198412418,43.035084921866655,1041.199951171875],[-1.2134362198412418,43.035084921866655,1041.199951171875],[-1.2134362198412418,43.035084921866655,1041.199951171875],[-1.2134362198412418,43.035084921866655,1041.199951171875],[-1.2134362198412418,43.035084921866655,1041.199951171875],[-1.2134362198412418,43.035084921866655,1041.199951171875],[-1.2134362198412418,43.035084921866655,1041.199951171875],[-1.2134362198412418,43.035084921866655,1041.199951171875],[-1.2134362198412418,43.035084921866655,1041],[-1.2134362198412418,43.035084921866655,1041],[-1.2134362198412418,43.035084921866655,1041],[-1.2134362198412418,43.035084921866655,1041],[-1.2134362198412418,43.035084921866655,1041],[-1.2134362198412418,43.035084921866655,1041],[-1.2134362198412418,43.035084921866655,1041],[-1.2134362198412418,43.035084921866655,1041],[-1.2134362198412418,43.035084921866655,1041],[-1.2134362198412418,43.035084921866655,1041],[-1.2134362198412418,43.035084921866655,1041],[-1.2134362198412418,43.035084921866655,1041],[-1.2134362198412418,43.035084921866655,1041],[-1.2134362198412418,43.035084921866655,1041],[-1.2134362198412418,43.035084921866655,1041],[-1.2134362198412418,43.035084921866655,1041],[-1.2134362198412418,43.035084921866655,1041],[-1.2134362198412418,43.035084921866655,1041],[-1.2134362198412418,43.035084921866655,1041],[-1.2134356331080198,43.035093722864985,1041],[-1.2134260777384043,43.03510520607233,1041],[-1.2134159356355667,43.03511551581323,1041],[-1.2133972439914942,43.03512817248702,1041],[-1.2133774627000093,43.03513781167567,1041.199951171875],[-1.2133565917611122,43.03514535538852,1041.4000244140625],[-1.213336056098342,43.03515046834946,1041.4000244140625],[-1.2133130058646202,43.03515298292041,1041.5999755859375],[-1.2132955715060234,43.0351500492543,1042],[-1.2132836692035198,43.03513982333243,1042.4000244140625],[-1.2132676597684622,43.03513295017183,1042.800048828125],[-1.21325240470469,43.03512473590672,1043],[-1.2132349703460932,43.03511836566031,1043.4000244140625],[-1.2132217269390821,43.03511241450906,1043.5999755859375],[-1.213211752474308,43.03510411642492,1043.800048828125],[-1.2131970841437578,43.03509548306465,1044],[-1.2131865229457617,43.03507913835347,1044.199951171875],[-1.213170262053609,43.03506664931774,1044.5999755859375],[-1.2131533306092024,43.03506354801357,1045],[-1.2131414283066988,43.03505399264395,1045],[-1.2131255865097046,43.035044353455305,1045.5999755859375],[-1.2131122592836618,43.03503521718085,1045.5999755859375],[-1.2131083197891712,43.03502365015447,1046],[-1.2131021171808243,43.03500697016716,1046.199951171875],[-1.2130991835147142,43.0349912121892,1046.4000244140625],[-1.2131032906472683,43.034971598535776,1046.4000244140625],[-1.2130975909531116,43.03495173342526,1046.4000244140625],[-1.2130903825163841,43.0349322874099,1046.5999755859375],[-1.2130878679454327,43.034922145307064,1046.5999755859375],[-1.2130787316709757,43.034909991547465,1046.800048828125],[-1.2130691763013601,43.03489909507334,1047.199951171875],[-1.2130585312843323,43.0348944850266,1047.4000244140625],[-1.2130508199334145,43.034888952970505,1047.800048828125],[-1.2130485568195581,43.034885516390204,1048],[-1.2130485568195581,43.034885516390204,1048.4000244140625],[-1.2130485568195581,43.034885516390204,1048.4000244140625],[-1.2130485568195581,43.034885516390204,1048.5999755859375],[-1.213048892095685,43.03488342091441,1048.5999755859375],[-1.213045371696353,43.03487646393478,1048.800048828125],[-1.213045036420226,43.03486581891775,1048.800048828125],[-1.2130440305918455,43.03485450334847,1049],[-1.2130447011440992,43.03484050557017,1049],[-1.213042689487338,43.03483539260924,1049.199951171875],[-1.2130426056683064,43.03482960909605,1049.199951171875],[-1.2130410969257355,43.03481603041291,1049.4000244140625],[-1.2130384147167206,43.034810749813914,1049.5999755859375],[-1.213043024763465,43.03480270318687,1050],[-1.2130411807447672,43.03480060771108,1050.199951171875],[-1.2130411807447672,43.03480060771108,1050.199951171875],[-1.2130411807447672,43.03480060771108,1050.4000244140625],[-1.2130411807447672,43.03480060771108,1050.4000244140625],[-1.2130411807447672,43.03480060771108,1050.5999755859375],[-1.2130411807447672,43.03480060771108,1050.5999755859375],[-1.2130411807447672,43.03480060771108,1050.5999755859375],[-1.213038582354784,43.03479633294046,1050.5999755859375],[-1.2130364868789911,43.03479390218854,1050.5999755859375],[-1.2130322959274054,43.03479004651308,1050.5999755859375],[-1.2130221538245678,43.03478132933378,1050.5999755859375],[-1.2130098324269056,43.0347734503448,1050.5999755859375],[-1.2129948288202286,43.03476029075682,1050.5999755859375],[-1.2129866983741522,43.03474352695048,1050.800048828125],[-1.212979070842266,43.0347285233438,1051.199951171875],[-1.2129725329577923,43.03471804596484,1051.4000244140625],[-1.212969096377492,43.03470614366233,1051.4000244140625],[-1.2129626423120499,43.034688206389546,1051.4000244140625],[-1.2129530031234026,43.034673454239964,1051.5999755859375],[-1.2129439506679773,43.03466205485165,1051.800048828125],[-1.2129285279661417,43.03465132601559,1051.800048828125],[-1.2129203975200653,43.0346389207989,1052],[-1.2129146978259087,43.0346230790019,1052.199951171875],[-1.2129053100943565,43.03461218252778,1052.4000244140625],[-1.2128855288028717,43.03458929993212,1052.5999755859375],[-1.2128651607781649,43.03457639180124,1052.5999755859375],[-1.2128454633057117,43.03456323221326,1052.5999755859375],[-1.2128228321671486,43.03455384448171,1052.800048828125],[-1.2128028832376003,43.034546971321106,1053],[-1.2127814255654812,43.03453749977052,1053],[-1.2127664219588041,43.03451201878488,1053],[-1.2127425335347652,43.03449600934982,1053],[-1.2127149570733309,43.03448377177119,1053],[-1.2126747239381075,43.03447614423931,1053],[-1.2126291263848543,43.034463822841644,1053],[-1.2125898152589798,43.03444295190275,1052.5999755859375],[-1.2125526834279299,43.03441948257387,1052.199951171875],[-1.2125135399401188,43.034399785101414,1052],[-1.212470205500722,43.03438411094248,1051.5999755859375],[-1.2124290503561497,43.034371538087726,1051.199951171875],[-1.21238948777318,43.03435854613781,1051],[-1.2123560439795256,43.03434446454048,1050.5999755859375],[-1.2123248632997274,43.03433063440025,1050.4000244140625],[-1.212296700105071,43.03431814536452,1050.4000244140625],[-1.2122715543955564,43.034303644672036,1050],[-1.2122449837625027,43.03429199382663,1049.800048828125],[-1.2122154794633389,43.03427682258189,1049.800048828125],[-1.2121862266212702,43.0342554487288,1049.800048828125],[-1.2121570575982332,43.034235667437315,1049.800048828125],[-1.2121251225471497,43.03422066383064,1049.5999755859375],[-1.212080866098404,43.03419820033014,1049.4000244140625],[-1.2120345141738653,43.03417732939124,1049.199951171875],[-1.2119883298873901,43.034153608605266,1048.800048828125],[-1.2119390442967415,43.03412636741996,1047.800048828125],[-1.211883807554841,43.03410306572914,1047.4000244140625],[-1.2118273135274649,43.034076411277056,1047.4000244140625],[-1.211775178089738,43.03404715843499,1047],[-1.2117267306894064,43.03401446901262,1046.5999755859375],[-1.211682390421629,43.033985970541835,1046.4000244140625],[-1.211635870859027,43.03396317176521,1046.199951171875],[-1.211581053212285,43.03394456394017,1045.800048828125],[-1.2115181051194668,43.03393676877022,1045.4000244140625],[-1.211451217532158,43.03393115289509,1044.4000244140625],[-1.2113748583942652,43.03392117843032,1042.800048828125],[-1.211285088211298,43.03391723893583,1040.800048828125],[-1.211192887276411,43.03392235189676,1039.800048828125],[-1.2110970821231604,43.033933248370886,1038.800048828125],[-1.211000271141529,43.033949341624975,1037.4000244140625],[-1.2109023705124855,43.03396727889776,1036.5999755859375],[-1.2108099181205034,43.033980606123805,1036.5999755859375],[-1.2107349839061499,43.03398622199893,1036.5999755859375],[-1.2106879614293575,43.033973313868046,1036.800048828125],[-1.2106463871896267,43.03395411930978,1037],[-1.2106057349592447,43.03393601439893,1037.199951171875],[-1.2105686031281948,43.03391841240227,1037.4000244140625],[-1.2105324771255255,43.03389594890177,1037.4000244140625],[-1.210490483790636,43.033879939466715,1037.4000244140625],[-1.2104442156851292,43.033871641382575,1037.4000244140625],[-1.2103979475796223,43.03386812098324,1037.199951171875],[-1.210359139367938,43.033866696059704,1037],[-1.2103471532464027,43.03386845625937,1036.4000244140625],[-1.2103443872183561,43.03387532941997,1036.199951171875],[-1.21034262701869,43.03389343433082,1036],[-1.2103245221078396,43.033915562555194,1035.800048828125],[-1.2102887313812971,43.033935595303774,1035.800048828125],[-1.2102508451789618,43.03395403549075,1035.800048828125],[-1.2102164793759584,43.03397658281028,1035.800048828125],[-1.2101954407989979,43.03399208933115,1035.800048828125],[-1.2101746536791325,43.0340117868036,1036],[-1.2101536989212036,43.034028969705105,1036.199951171875],[-1.210137689486146,43.03404062055051,1036.5999755859375],[-1.2101242784410715,43.03405227139592,1036.800048828125],[-1.2101037427783012,43.03406492806971,1037.5999755859375],[-1.2100763339549303,43.03407817147672,1037.800048828125],[-1.2100482545793056,43.034087056294084,1038.199951171875],[-1.2100282218307257,43.03409367799759,1038.4000244140625],[-1.2100091110914946,43.034104239195585,1039],[-1.2099848873913288,43.034123769029975,1039.4000244140625],[-1.2099636811763048,43.0341362580657,1039.5999755859375],[-1.2099459115415812,43.03414463996887,1040],[-1.20992386713624,43.03415670990944,1040.199951171875],[-1.209905929863453,43.034160397946835,1040.4000244140625],[-1.2098934408277273,43.0341640021652,1040.4000244140625],[-1.2098563089966774,43.034174647182226,1040.4000244140625],[-1.2098135612905025,43.03418495692313,1040.4000244140625],[-1.2097705621272326,43.03419141098857,1040.4000244140625],[-1.209726221859455,43.0342002119869,1039.800048828125],[-1.209677942097187,43.034209264442325,1039.5999755859375],[-1.20962874032557,43.034214712679386,1038.4000244140625],[-1.2095877528190613,43.03421982564032,1037.800048828125],[-1.209551291540265,43.034220999106765,1037.4000244140625],[-1.2095125671476126,43.03422468714416,1036.5999755859375],[-1.209463533014059,43.0342279560864,1035.800048828125],[-1.2093992438167334,43.03422435186803,1035.199951171875],[-1.2093282490968704,43.03420800715685,1034.5999755859375],[-1.2092544883489609,43.034188225865364,1033.4000244140625],[-1.209183493629098,43.03417489863932,1032.5999755859375],[-1.2091244012117386,43.0341671872884,1032.199951171875],[-1.2090829946100712,43.034166265279055,1032.4000244140625],[-1.209050975739956,43.0341674387455,1032.4000244140625],[-1.2090228963643312,43.03416802547872,1032.5999755859375],[-1.208997080102563,43.034168193116784,1033],[-1.2089700903743505,43.03416299633682,1033.199951171875],[-1.208945782855153,43.034155536442995,1033.4000244140625],[-1.2089199665933847,43.034150255844,1033.4000244140625],[-1.208898676559329,43.034142376855016,1033.4000244140625],[-1.2088747043162584,43.034139946103096,1033.4000244140625],[-1.2088464573025703,43.03414103575051,1033.5999755859375],[-1.2088189646601677,43.03414204157889,1033.5999755859375],[-1.2087916396558285,43.03414078429341,1033.5999755859375],[-1.2087659910321236,43.034138856455684,1033.5999755859375],[-1.208742270246148,43.03413248620927,1033.5999755859375],[-1.208718130365014,43.03412645123899,1033.5999755859375],[-1.2086908891797066,43.034125780686736,1033.5999755859375],[-1.2086908891797066,43.034125780686736,1033.5999755859375],[-1.2086351495236158,43.0341190751642,1033.5999755859375],[-1.2086126860231161,43.03411521948874,1033.5999755859375],[-1.2085887975990772,43.034110106527805,1033.5999755859375],[-1.2085634842514992,43.034101724624634,1033.5999755859375],[-1.2085403501987457,43.034093929454684,1033.800048828125],[-1.2085107620805502,43.034085715189576,1033.800048828125],[-1.2084810063242912,43.03407523781061,1033.800048828125],[-1.2084562797099352,43.034068029373884,1033.800048828125],[-1.2084333132952452,43.03406149148941,1033.5999755859375],[-1.2084111012518406,43.034050930291414,1033.5999755859375],[-1.2083905655890703,43.034042129293084,1033.5999755859375],[-1.208369443193078,43.03403542377055,1033.5999755859375],[-1.2083489075303078,43.034028466790915,1033.5999755859375],[-1.2083296291530132,43.03402100689709,1033.5999755859375],[-1.208309680223465,43.034015307202935,1033.800048828125],[-1.208285205066204,43.03400918841362,1033.800048828125],[-1.208260478451848,43.03400047123432,1033.800048828125],[-1.2082380149513483,43.03398731164634,1033.800048828125],[-1.208214545622468,43.03397415205836,1033.800048828125],[-1.208190992474556,43.03396426141262,1033.800048828125],[-1.2081672716885805,43.033955125138164,1033.800048828125],[-1.2081416230648756,43.03394506685436,1033.5999755859375],[-1.2081177346408367,43.0339324939996,1033.5999755859375],[-1.208095271140337,43.033920507878065,1033.5999755859375],[-1.2080749031156301,43.03390642628074,1033.5999755859375],[-1.2080521881580353,43.03389251232147,1033.5999755859375],[-1.2080282997339964,43.033878011628985,1033.5999755859375],[-1.2080059200525284,43.033861834555864,1033.5999755859375],[-1.2079855520278215,43.03384641185403,1033.5999755859375],[-1.2079644296318293,43.03382922895253,1033.5999755859375],[-1.2079473305493593,43.03381866775453,1033.5999755859375],[-1.2079243641346693,43.03380844183266,1033.5999755859375],[-1.20789703913033,43.033801317214966,1033.5999755859375],[-1.2078641820698977,43.03379503078759,1033.800048828125],[-1.2078330852091312,43.03379218094051,1033.800048828125],[-1.2078060954809189,43.033788576722145,1033.800048828125],[-1.207771310582757,43.0337786860764,1033.800048828125],[-1.2077504396438599,43.03377080708742,1033.800048828125],[-1.2077260483056307,43.033761251717806,1033.5999755859375],[-1.207698890939355,43.033756809309125,1033.4000244140625],[-1.2076668720692396,43.033754881471395,1033.4000244140625],[-1.2076291535049677,43.03375421091914,1033.4000244140625],[-1.207598140463233,43.033755300566554,1033.199951171875],[-1.207569306716323,43.03375747986138,1033.199951171875],[-1.2075399700552225,43.03376376628876,1033.199951171875],[-1.2075098790228367,43.03377231582999,1033.199951171875],[-1.2074824701994658,43.03378061391413,1033.199951171875],[-1.2074553966522217,43.03379285149276,1033.199951171875],[-1.2074276525527239,43.033805256709456,1033.4000244140625],[-1.2073948793113232,43.03381816484034,1033.4000244140625],[-1.2073708232492208,43.03383140824735,1033.4000244140625],[-1.207332769408822,43.03385026752949,1033.199951171875],[-1.2073007505387068,43.03386175073683,1033.199951171875],[-1.2072711624205112,43.03387097083032,1033.199951171875],[-1.2072416581213474,43.03388262167573,1033.4000244140625],[-1.2072104774415493,43.03389829583466,1033.199951171875],[-1.207184912636876,43.03391388617456,1033.199951171875],[-1.2071563303470612,43.03392662666738,1033.4000244140625],[-1.2071258202195168,43.03393676877022,1033.4000244140625],[-1.207095729187131,43.0339480843395,1033.4000244140625],[-1.2070674821734428,43.03396233357489,1033.4000244140625],[-1.207041833549738,43.03397683426738,1033.4000244140625],[-1.2070124130696058,43.03398672491312,1033.4000244140625],[-1.2069800589233637,43.034002650529146,1033.199951171875],[-1.2069458607584238,43.03402042016387,1033.199951171875],[-1.2069057114422321,43.03403701633215,1033],[-1.206865729764104,43.034050511196256,1032.800048828125],[-1.2068266700953245,43.03406534716487,1032.4000244140625],[-1.2067841738462448,43.034084206447005,1032.199951171875],[-1.2067379895597696,43.03410432301462,1032],[-1.2066859379410744,43.03412192501128,1031.800048828125],[-1.2066300306469202,43.034136928617954,1031.5999755859375],[-1.2065726146101952,43.03415478207171,1031.199951171875],[-1.2065163720399141,43.034174144268036,1031],[-1.206459878012538,43.03419183008373,1030.4000244140625],[-1.206418052315712,43.034202894195914,1030],[-1.206358876079321,43.03421630524099,1029.4000244140625],[-1.2063095904886723,43.03422703407705,1029],[-1.206262819468975,43.03423533216119,1028.800048828125],[-1.2062136176973581,43.03424606099725,1028.4000244140625],[-1.2061661761254072,43.03425846621394,1028.199951171875],[-1.2061194889247417,43.03427120670676,1028],[-1.2060701195150614,43.034285036846995,1027.800048828125],[-1.2060186546295881,43.034297777339816,1027.4000244140625],[-1.2059671897441149,43.03430691361427,1026.800048828125],[-1.205916479229927,43.03431261330843,1026.5999755859375],[-1.2058667745441198,43.034321665763855,1026.199951171875],[-1.2058150582015514,43.0343281198293,1026.199951171875],[-1.2057612463831902,43.03433013148606,1026.199951171875],[-1.2057070154696703,43.03433625027537,1026.199951171875],[-1.2056538742035627,43.034347062930465,1026],[-1.2056015711277723,43.034357791766524,1025.800048828125],[-1.2055481784045696,43.03436885587871,1025.5999755859375],[-1.2054995633661747,43.03437514230609,1025.5999755859375],[-1.2054592464119196,43.03438184782863,1025.5999755859375],[-1.205418761819601,43.03438796661794,1025.5999755859375],[-1.2053791992366314,43.03439425304532,1026.4000244140625],[-1.205344833433628,43.03439768962562,1027.199951171875],[-1.2053079530596733,43.03440188057721,1027.4000244140625],[-1.2052711565047503,43.03440531715751,1027.5999755859375],[-1.2052347790449858,43.03440799936652,1027.800048828125],[-1.2052016705274582,43.034411100670695,1028],[-1.205169064924121,43.03441487252712,1028.199951171875],[-1.205134280025959,43.0344211589545,1028.800048828125],[-1.2051014229655266,43.0344280321151,1029],[-1.205071248114109,43.034432139247656,1029.199951171875],[-1.2050377205014229,43.03443574346602,1029.4000244140625],[-1.2050077971071005,43.034438425675035,1029.5999755859375],[-1.2049777060747147,43.034443622455,1029.800048828125],[-1.2049492076039314,43.03445183672011,1030],[-1.204923139885068,43.034461475908756,1030.199951171875],[-1.2048953957855701,43.034472120925784,1030.4000244140625],[-1.2048668134957552,43.03448460996151,1030.5999755859375],[-1.2048395723104477,43.034497015178204,1030.5999755859375],[-1.2048199586570263,43.03450556471944,1030.800048828125],[-1.2047933042049408,43.03452140651643,1031.4000244140625],[-1.204768493771553,43.03453381173313,1031.4000244140625],[-1.2047444377094507,43.034542528912425,1031.5999755859375],[-1.2047085631638765,43.0345577839762,1031.5999755859375],[-1.2046815734356642,43.034570440649986,1031.800048828125],[-1.2046531587839127,43.03458494134247,1031.800048828125],[-1.2046284321695566,43.034597765654325,1031.800048828125],[-1.2046042084693909,43.03460782393813,1031.800048828125],[-1.2045721895992756,43.03461955860257,1032],[-1.204534973949194,43.034635903313756,1032],[-1.2045067269355059,43.034648057073355,1032.199951171875],[-1.2044764682650566,43.03465987555683,1032.199951171875],[-1.2044477183371782,43.03467228077352,1032.4000244140625],[-1.2044245842844248,43.034684685990214,1032.5999755859375],[-1.204396253451705,43.03469868376851,1033],[-1.2043685093522072,43.03470798768103,1033.199951171875],[-1.204340597614646,43.034718884155154,1033.4000244140625],[-1.2043132726103067,43.034731205552816,1033.4000244140625],[-1.2042893003672361,43.03474520333111,1033.5999755859375],[-1.2042647413909435,43.03476003929973,1033.800048828125],[-1.2042365781962872,43.03477571345866,1034],[-1.2042075768113136,43.03479239344597,1034.4000244140625],[-1.2041823472827673,43.034807899966836,1034.4000244140625],[-1.2041572015732527,43.034821562469006,1034.5999755859375],[-1.2041305471211672,43.034836146980524,1035],[-1.20410674251616,43.034851402044296,1035],[-1.2040858715772629,43.03486716002226,1035.199951171875],[-1.2040660064667463,43.03488124161959,1035.4000244140625],[-1.2040564510971308,43.034893898293376,1035.5999755859375],[-1.2040483206510544,43.03491057828069,1035.5999755859375],[-1.2040429562330246,43.03492683917284,1036],[-1.2040400225669146,43.03494016639888,1036.199951171875],[-1.2040385138243437,43.03495718166232,1036.4000244140625],[-1.204036669805646,43.03497679531574,1036.4000244140625],[-1.2040338199585676,43.03499565459788,1036.4000244140625],[-1.204029293730855,43.03500747308135,1036.4000244140625],[-1.2040235102176666,43.03501954302192,1036.4000244140625],[-1.2040189001709223,43.035032199695706,1036.4000244140625],[-1.2040235940366983,43.035047287121415,1036.4000244140625],[-1.2040274497121572,43.03506673313677,1036.4000244140625],[-1.2040361668914557,43.035099506378174,1036.4000244140625],[-1.204041950404644,43.03512096405029,1036.199951171875],[-1.2040467280894518,43.03514954634011,1036.199951171875],[-1.2040451355278492,43.035179637372494,1036.199951171875],[-1.2040376756340265,43.03521500900388,1036.199951171875],[-1.2040291260927916,43.03524107672274,1036],[-1.2040136195719242,43.03527225740254,1036],[-1.2039967719465494,43.03529363125563,1036.199951171875],[-1.2039790861308575,43.0353141669184,1036.199951171875],[-1.2039589695632458,43.035335121676326,1036.5999755859375],[-1.2039375957101583,43.035356076434255,1036.800048828125],[-1.2039165571331978,43.035370241850615,1037],[-1.2038963567465544,43.03538776002824,1037],[-1.2038785871118307,43.03540603257716,1037.199951171875],[-1.2038619071245193,43.03542631678283,1037.199951171875],[-1.2038444727659225,43.03544484078884,1037.199951171875],[-1.2038309779018164,43.035465041175485,1037],[-1.2038260325789452,43.035486498847604,1037],[-1.2038215063512325,43.03551114164293,1037],[-1.203816058114171,43.035535868257284,1037],[-1.2038105260580778,43.03556000813842,1037],[-1.2038082629442215,43.03558289073408,1036.800048828125],[-1.2038049101829529,43.03560837171972,1036.800048828125],[-1.203803401440382,43.03563175722957,1036.800048828125],[-1.203803988173604,43.035654136911035,1036.5999755859375],[-1.203801054507494,43.03567626513541,1036.5999755859375],[-1.2037917505949736,43.035704512149096,1036.4000244140625],[-1.2037740647792816,43.03572177886963,1036.4000244140625],[-1.2037510145455599,43.03572345525026,1036.199951171875],[-1.2037254497408867,43.03571465425193,1036],[-1.2036996334791183,43.03570132702589,1035.800048828125],[-1.203674990683794,43.03568582050502,1035.800048828125],[-1.2036504317075014,43.03566939197481,1035.800048828125],[-1.2036278005689383,43.03564961068332,1035.800048828125],[-1.2036053370684385,43.0356284044683,1035.800048828125],[-1.2035830412060022,43.03560761734843,1035.800048828125],[-1.2035599909722805,43.035591607913375,1036.4000244140625],[-1.2035384494811296,43.03557559847832,1036.4000244140625],[-1.2035140581429005,43.0355610139668,1036.4000244140625],[-1.2034893315285444,43.0355472676456,1036.4000244140625],[-1.2034690473228693,43.03553226403892,1036.4000244140625],[-1.2034470029175282,43.03552036173642,1036.199951171875],[-1.2034275569021702,43.03550963290036,1036.199951171875],[-1.2034083623439074,43.03549806587398,1036.199951171875],[-1.2033876590430737,43.03548239171505,1036],[-1.2033652793616056,43.03546437062323,1036],[-1.2033413909375668,43.03544836118817,1036.199951171875],[-1.203312473371625,43.03543444722891,1036.199951171875],[-1.2032854836434126,43.0354175157845,1036.199951171875],[-1.2032611761242151,43.03540016524494,1036.199951171875],[-1.2032355275005102,43.0353849940002,1036.199951171875],[-1.2032109685242176,43.03536814637482,1036.199951171875],[-1.2031880859285593,43.035349706187844,1036.199951171875],[-1.2031644489616156,43.03533202037215,1036.4000244140625],[-1.2031424883753061,43.0353141669184,1036.4000244140625],[-1.2031215336173773,43.03529539145529,1036.4000244140625],[-1.2030996568500996,43.03527468815446,1036.5999755859375],[-1.2030784506350756,43.0352552421391,1036.5999755859375],[-1.2030576635152102,43.03523453883827,1036.5999755859375],[-1.2030382174998522,43.03521358408034,1036.800048828125],[-1.203018855303526,43.035195311531425,1036.800048828125],[-1.2030090484768152,43.03518634289503,1037],[-1.2030090484768152,43.03518634289503,1037],[-1.2030090484768152,43.03518634289503,1037],[-1.2030090484768152,43.03518634289503,1037],[-1.2030090484768152,43.03518634289503,1037],[-1.2030090484768152,43.03518634289503,1037],[-1.2030090484768152,43.03518634289503,1037],[-1.2030090484768152,43.03518634289503,1037],[-1.2030090484768152,43.03518634289503,1036.800048828125],[-1.2030090484768152,43.03518634289503,1036.800048828125],[-1.2030090484768152,43.03518634289503,1036.800048828125],[-1.203011479228735,43.0351896956563,1036.800048828125],[-1.2030166760087013,43.035194808617234,1036.800048828125],[-1.2030171789228916,43.03519304841757,1036.800048828125],[-1.2030171789228916,43.03519304841757,1036.800048828125],[-1.2030171789228916,43.03519304841757,1036.5999755859375],[-1.2030181847512722,43.0351881030947,1036.5999755859375],[-1.2030082941055298,43.035174272954464,1036.5999755859375],[-1.202997649088502,43.03515834733844,1036.4000244140625],[-1.2029813881963491,43.03514074534178,1036.4000244140625],[-1.20296579785645,43.03512129932642,1036.4000244140625],[-1.2029503751546144,43.03509925492108,1036.4000244140625],[-1.2029324378818274,43.03507679142058,1036.4000244140625],[-1.2029167637228966,43.035055166110396,1036.5999755859375],[-1.2028976529836655,43.035034546628594,1036.800048828125],[-1.2028818111866713,43.03501493297517,1036.800048828125],[-1.2028635386377573,43.034992972388864,1036.800048828125],[-1.202844511717558,43.034971598535776,1036.800048828125],[-1.2028224673122168,43.034948632121086,1036.800048828125],[-1.2027997523546219,43.03492642007768,1036.800048828125],[-1.2027745228260756,43.034902615472674,1036.800048828125],[-1.2027515564113855,43.03487805649638,1036.800048828125],[-1.2027294281870127,43.0348529946059,1036.800048828125],[-1.202706377953291,43.03483061492443,1037],[-1.2026809807866812,43.03480873815715,1037],[-1.2026539910584688,43.034786861389875,1037],[-1.202628007158637,43.03476297296584,1037],[-1.2026005145162344,43.034739503636956,1037.199951171875],[-1.2025753688067198,43.034717459231615,1037],[-1.2025463674217463,43.034693486988544,1037],[-1.2025177013128996,43.0346698500216,1037],[-1.2024911306798458,43.03464495576918,1037],[-1.2024603690952063,43.0346198938787,1037],[-1.2024282664060593,43.0345955863595,1037],[-1.2023992650210857,43.034568931907415,1037],[-1.2023680843412876,43.0345456302166,1037],[-1.2023360654711723,43.03451880812645,1037],[-1.2023015320301056,43.03449248895049,1037],[-1.2022753804922104,43.0344713665545,1037],[-1.2022488936781883,43.03445326164365,1037],[-1.2022187188267708,43.034434067085385,1037.199951171875],[-1.2021900527179241,43.03441411815584,1037.4000244140625],[-1.2021670024842024,43.034392995759845,1037.4000244140625],[-1.2021486461162567,43.034368101507425,1037.4000244140625],[-1.2021293677389622,43.034349074587226,1037.4000244140625],[-1.2021069042384624,43.03433398716152,1037.4000244140625],[-1.2020856142044067,43.034318229183555,1037.4000244140625],[-1.2020673416554928,43.034300711005926,1037.4000244140625],[-1.2020484823733568,43.034281600266695,1037.4000244140625],[-1.2020243424922228,43.03426173515618,1037.4000244140625],[-1.2019973527640104,43.03424069657922,1037.4000244140625],[-1.2019690219312906,43.03421873599291,1037.5999755859375],[-1.201940020546317,43.03419627249241,1037.5999755859375],[-1.2019093427807093,43.03417447954416,1037.800048828125],[-1.2018791679292917,43.03415377624333,1037.800048828125],[-1.201851675286889,43.0341312289238,1037.800048828125],[-1.2018266133964062,43.03411119617522,1037.800048828125],[-1.2018041498959064,43.03409275598824,1037.800048828125],[-1.2017805967479944,43.03407188504934,1038],[-1.201756875962019,43.03405118174851,1037.5999755859375],[-1.2017314787954092,43.03403181955218,1037.5999755859375],[-1.201704740524292,43.034017318859696,1037.5999755859375],[-1.2016781698912382,43.034002147614956,1037.800048828125],[-1.201650844886899,43.033982617780566,1038],[-1.2016250286251307,43.03396384231746,1038],[-1.2015991285443306,43.03394665941596,1038.199951171875],[-1.2015686184167862,43.03393056616187,1038.199951171875],[-1.2015355098992586,43.033915646374226,1038.199951171875],[-1.2015044130384922,43.03390013985336,1038],[-1.2014731485396624,43.03388698026538,1038],[-1.2014495953917503,43.03387583233416,1037.800048828125],[-1.2014386989176273,43.0338632594794,1037.800048828125],[-1.201431155204773,43.0338513571769,1037.800048828125],[-1.2014231085777283,43.03383518010378,1037.800048828125],[-1.201414642855525,43.0338151473552,1037.800048828125],[-1.2013959512114525,43.03379561752081,1037.800048828125],[-1.2013678718358278,43.03378329612315,1037.800048828125],[-1.201340463012457,43.03377508185804,1037.800048828125],[-1.2013106234371662,43.03376929834485,1037.800048828125],[-1.2012811191380024,43.03376242518425,1037.800048828125],[-1.2012481782585382,43.03375555202365,1038],[-1.2012180034071207,43.03374742157757,1038.199951171875],[-1.201186990365386,43.033736776560545,1038.199951171875],[-1.2011522054672241,43.033724119886756,1038.199951171875],[-1.2011168338358402,43.03371221758425,1038.199951171875],[-1.2010769359767437,43.03369981236756,1038.199951171875],[-1.2010399717837572,43.03368757478893,1038.199951171875],[-1.2010034266859293,43.03367483429611,1038.199951171875],[-1.2009647022932768,43.033660501241684,1038.199951171875],[-1.2009245529770851,43.03364817984402,1038.199951171875],[-1.2008867505937815,43.03363678045571,1038],[-1.2008489482104778,43.03362462669611,1038],[-1.2008125707507133,43.03361205384135,1038],[-1.2007747683674097,43.03360157646239,1038],[-1.2007357086986303,43.03359101526439,1037.800048828125],[-1.2006956432014704,43.033579867333174,1037.5999755859375],[-1.2006549909710884,43.03356947377324,1037.4000244140625],[-1.2006131652742624,43.03356050513685,1037.199951171875],[-1.2005720939487219,43.033554553985596,1037.199951171875],[-1.2005272507667542,43.03355027921498,1037],[-1.2004778813570738,43.03354793228209,1037],[-1.200435971841216,43.033546255901456,1036.800048828125],[-1.2003699224442244,43.03354357369244,1036.5999755859375],[-1.2003128416836262,43.03353703580797,1036.4000244140625],[-1.2002560961991549,43.033531503751874,1036.4000244140625],[-1.2002013623714447,43.0335268098861,1036.4000244140625],[-1.2001493945717812,43.03352161310613,1036.4000244140625],[-1.2001006118953228,43.03351616486907,1036.4000244140625],[-1.200053757056594,43.03351012989879,1036.4000244140625],[-1.2000111769884825,43.03350426256657,1036.4000244140625],[-1.1999720335006714,43.03349671885371,1036.4000244140625],[-1.1999331414699554,43.033492444083095,1036.4000244140625],[-1.1998919863253832,43.033488588407636,1036.5999755859375],[-1.1998482327908278,43.03348724730313,1036.800048828125],[-1.199803976342082,43.03348783403635,1037],[-1.1997619830071926,43.0334887560457,1037],[-1.1997209955006838,43.03348992951214,1037.199951171875],[-1.1996795888990164,43.03349512629211,1037.199951171875],[-1.1996397748589516,43.03350443020463,1037],[-1.1995997093617916,43.03351557813585,1037],[-1.199561320245266,43.03352781571448,1037],[-1.199523014947772,43.03353678435087,1037],[-1.1994861345738173,43.033548183739185,1037],[-1.199451433494687,43.0335611756891,1037],[-1.1994160618633032,43.03357240743935,1037],[-1.1993801034986973,43.03358757868409,1037],[-1.1993434745818377,43.0336008220911,1037],[-1.1993054207414389,43.033617082983255,1037],[-1.1992666125297546,43.0336335953325,1037],[-1.1992301512509584,43.033647425472736,1037],[-1.1991951987147331,43.033661339432,1037],[-1.199159324169159,43.03367483429611,1037],[-1.199122192338109,43.033684054389596,1037.199951171875],[-1.199083300307393,43.03369536995888,1037.199951171875],[-1.1990456655621529,43.033706936985254,1037.4000244140625],[-1.19900643825531,43.03371892310679,1037.4000244140625],[-1.1989646963775158,43.033730406314135,1037.4000244140625],[-1.1989229544997215,43.03374138660729,1037.4000244140625],[-1.198878027498722,43.03375010378659,1037.4000244140625],[-1.198833016678691,43.033759240061045,1037.199951171875],[-1.198790855705738,43.033768543973565,1037.199951171875],[-1.1987506225705147,43.033780697733164,1037.199951171875],[-1.198707539588213,43.03379377350211,1037.199951171875],[-1.1986628640443087,43.03380651399493,1037.199951171875],[-1.1986158415675163,43.03381824865937,1037.4000244140625],[-1.198567058891058,43.0338288936764,1037.4000244140625],[-1.1985168512910604,43.033836521208286,1037.4000244140625],[-1.1984634585678577,43.03383668884635,1037.5999755859375],[-1.1984093114733696,43.033832497894764,1037.5999755859375],[-1.1983558349311352,43.03382445126772,1037.5999755859375],[-1.1982995085418224,43.033813470974565,1037.800048828125],[-1.1982455290853977,43.0338045861572,1037.800048828125],[-1.1981893703341484,43.033796371892095,1037.800048828125],[-1.1981340497732162,43.03378933109343,1037.800048828125],[-1.1980791483074427,43.03378455340862,1038],[-1.198026342317462,43.03377944044769,1038],[-1.197974206879735,43.03377751260996,1038],[-1.1979196406900883,43.0337770935148,1038],[-1.1978685948997736,43.03377918899059,1038],[-1.1978267692029476,43.03378044627607,1038.199951171875],[-1.1977962590754032,43.033780278638005,1038.199951171875],[-1.1977747175842524,43.033777764067054,1038.199951171875],[-1.1977542657405138,43.03377700969577,1038.199951171875],[-1.1977310478687286,43.033778266981244,1038.199951171875],[-1.1977066565304995,43.0337789375335,1038.199951171875],[-1.1976810079067945,43.03377793170512,1038.199951171875],[-1.1976554431021214,43.03377667441964,1038.4000244140625],[-1.1976258549839258,43.03377575241029,1038.4000244140625],[-1.1975943390280008,43.03377256728709,1038.4000244140625],[-1.1975621525198221,43.0337651912123,1038.4000244140625],[-1.1975285410881042,43.03375546820462,1038.5999755859375],[-1.197492415085435,43.033746080473065,1038.5999755859375],[-1.1974572110921144,43.033734848722816,1038.5999755859375],[-1.1974240187555552,43.03372227586806,1039],[-1.1973926704376936,43.03370635025203,1039.199951171875],[-1.1973598133772612,43.033685982227325,1039.199951171875],[-1.1973254475742579,43.033661507070065,1039.199951171875],[-1.1972940154373646,43.03363502025604,1039],[-1.197263253852725,43.03360844962299,1039],[-1.1972330790013075,43.033580454066396,1039],[-1.1972020659595728,43.03355346433818,1039],[-1.197173148393631,43.03352823480964,1039.199951171875],[-1.1971476674079895,43.03350476548076,1039.199951171875],[-1.197123695164919,43.033482721075416,1039.199951171875],[-1.1971029918640852,43.03346394561231,1039.199951171875],[-1.1970833782106638,43.03344584070146,1039.199951171875],[-1.197065943852067,43.033428909257054,1039.199951171875],[-1.1970508564263582,43.033415330573916,1039],[-1.1970360204577446,43.033403512090445,1039],[-1.1970190051943064,43.033389849588275,1039.199951171875],[-1.197002325206995,43.0333748459816,1039.199951171875],[-1.1969864834100008,43.033358585089445,1039.199951171875],[-1.1969715636223555,43.033343413844705,1039.199951171875],[-1.1969517823308706,43.033326817676425,1039.199951171875],[-1.1969323363155127,43.03330804221332,1039.199951171875],[-1.1969099566340446,43.0332884285599,1039.4000244140625],[-1.1968890856951475,43.03326881490648,1039.4000244140625],[-1.196868633851409,43.033247189596295,1039.5999755859375],[-1.1968448292464018,43.033225648105145,1039.5999755859375],[-1.1968208570033312,43.0332020111382,1039.5999755859375],[-1.1967998184263706,43.03317963145673,1039.5999755859375],[-1.1967749241739511,43.03315951488912,1039.5999755859375],[-1.1967482697218657,43.033138141036034,1039.5999755859375],[-1.1967263091355562,43.033116180449724,1039.5999755859375],[-1.1967083718627691,43.03309547714889,1039.5999755859375],[-1.1966884229332209,43.033076198771596,1039.5999755859375],[-1.1966644506901503,43.03305524401367,1039.5999755859375],[-1.1966431606560946,43.033036049455404,1039.800048828125],[-1.196619188413024,43.033016603440046,1039.800048828125],[-1.1965996585786343,43.0329964030534,1040],[-1.1965799611061811,43.032978381961584,1040],[-1.1965607665479183,43.03296245634556,1040],[-1.1965416558086872,43.032946698367596,1040],[-1.1965226288884878,43.03293169476092,1040],[-1.1965041887015104,43.0329171102494,1040],[-1.1964874248951674,43.03290185518563,1039.800048828125],[-1.1964725889265537,43.0328877735883,1039.800048828125],[-1.1964570824056864,43.03287838585675,1039.800048828125],[-1.1964418273419142,43.032868914306164,1039.800048828125],[-1.196423890069127,43.032858688384295,1039.800048828125],[-1.1964062042534351,43.032846534624696,1039.800048828125],[-1.1963890213519335,43.03283270448446,1039.800048828125],[-1.1963758617639542,43.03281635977328,1040],[-1.19636001996696,43.0328032001853,1040],[-1.1963414959609509,43.03278794512153,1040],[-1.1963199544698,43.0327704269439,1040],[-1.19629992172122,43.03275248967111,1040],[-1.1962806433439255,43.03273388184607,1040],[-1.1962659750133753,43.0327149387449,1040],[-1.1962570063769817,43.03269415162504,1039.800048828125],[-1.1962585151195526,43.032676968723536,1039.800048828125],[-1.19625692255795,43.03264981135726,1039.800048828125],[-1.1962482053786516,43.03262525238097,1039.800048828125],[-1.1962393205612898,43.03259960375726,1039.800048828125],[-1.1962324474006891,43.0325716920197,1039.5999755859375],[-1.196232195943594,43.03254084661603,1039.5999755859375],[-1.196228340268135,43.032510755583644,1039.5999755859375],[-1.1962234787642956,43.03248083218932,1040],[-1.1962228082120419,43.03244805894792,1040.199951171875],[-1.1962232273072004,43.03241545334458,1040.199951171875],[-1.1962237302213907,43.03238410502672,1040.199951171875],[-1.196220712736249,43.03235183469951,1040.199951171875],[-1.1962153483182192,43.03231805562973,1040.4000244140625],[-1.196204200387001,43.03228419274092,1040.4000244140625],[-1.1961885262280703,43.03225100040436,1040.5999755859375],[-1.196172097697854,43.0322178080678,1040.5999755859375],[-1.1961534060537815,43.032186627388,1040.5999755859375],[-1.1961338762193918,43.03215645253658,1040.800048828125],[-1.1961155198514462,43.032126193866134,1041],[-1.1960974149405956,43.03209417499602,1041.199951171875],[-1.1960793938487768,43.03206500597298,1041.199951171875],[-1.1960593611001968,43.03203902207315,1041.4000244140625],[-1.1960420105606318,43.032017732039094,1041.5999755859375],[-1.1960374843329191,43.03200867958367,1041.5999755859375],[-1.1960374843329191,43.03200867958367,1042],[-1.1960374843329191,43.03200867958367,1042.199951171875],[-1.1960374843329191,43.03200867958367,1042.199951171875],[-1.1960374843329191,43.03200867958367,1042.4000244140625],[-1.1960374843329191,43.03200867958367,1042.4000244140625],[-1.1960374843329191,43.03200867958367,1042.4000244140625],[-1.1960374843329191,43.03200867958367,1042.4000244140625],[-1.1960374843329191,43.03200867958367,1042.4000244140625],[-1.1960374843329191,43.03200867958367,1042.199951171875],[-1.1960374843329191,43.03200867958367,1042.199951171875],[-1.1960374843329191,43.03200867958367,1042.199951171875],[-1.1960374843329191,43.03200867958367,1042.199951171875],[-1.1960374843329191,43.03200867958367,1042.199951171875],[-1.1960374843329191,43.03200867958367,1042],[-1.1960374843329191,43.03200867958367,1042],[-1.1960374843329191,43.03200867958367,1042],[-1.1960374843329191,43.03200867958367,1042],[-1.1960374843329191,43.03200867958367,1042],[-1.1960374843329191,43.03200867958367,1042],[-1.1960374843329191,43.03200867958367,1041.800048828125],[-1.196032790467143,43.03200515918434,1041.800048828125],[-1.1960296053439379,43.03199887275696,1041.800048828125],[-1.1960198823362589,43.031984036788344,1041.800048828125],[-1.1960062198340893,43.03196324966848,1041.800048828125],[-1.1959873605519533,43.031932823359966,1041.800048828125],[-1.1959622986614704,43.03189652971923,1041.800048828125],[-1.195933884009719,43.03185428492725,1041.800048828125],[-1.1959084868431091,43.03181338123977,1041.5999755859375],[-1.1958795692771673,43.031771555542946,1041.5999755859375],[-1.1958477180451155,43.03173056803644,1041.5999755859375],[-1.1958130169659853,43.03169494494796,1041.5999755859375],[-1.1957770586013794,43.03166326135397,1041.5999755859375],[-1.1957428604364395,43.031636606901884,1041.5999755859375],[-1.195718301460147,43.03160903044045,1041.800048828125],[-1.1956989392638206,43.03158128634095,1042],[-1.1956820078194141,43.0315544642508,1042.4000244140625],[-1.195663819089532,43.03152613341808,1042.4000244140625],[-1.1956456303596497,43.03149872459471,1042.5999755859375],[-1.1956230830401182,43.0314698908478,1042.800048828125],[-1.195599026978016,43.03143963217735,1043.199951171875],[-1.1955729592591524,43.03140828385949,1043.4000244140625],[-1.1955458857119083,43.0313784442842,1043.5999755859375],[-1.195517387241125,43.03135103546083,1043.5999755859375],[-1.1954864580184221,43.03132379427552,1043.5999755859375],[-1.1954507511109114,43.0312954634428,1043.5999755859375],[-1.1954142898321152,43.03126864135265,1043.5999755859375],[-1.1953746434301138,43.031239388510585,1043.5999755859375],[-1.195331308990717,43.03120988421142,1043.4000244140625],[-1.195286801084876,43.03118281066418,1043.199951171875],[-1.1952427122741938,43.031157748773694,1043.199951171875],[-1.195205831900239,43.03113277070224,1043.199951171875],[-1.195166353136301,43.03110150620341,1043.199951171875],[-1.1951264552772045,43.03106814622879,1043],[-1.1950853001326323,43.031039480119944,1043.199951171875],[-1.1950439773499966,43.03101290948689,1043.199951171875],[-1.1950008105486631,43.03098558448255,1043.199951171875],[-1.1949584819376469,43.03095867857337,1043.199951171875],[-1.1949159018695354,43.03093085065484,1043.199951171875],[-1.1948699690401554,43.030901262536645,1043.199951171875],[-1.194825293496251,43.03087184205651,1043.199951171875],[-1.1947834677994251,43.03084200248122,1043.199951171875],[-1.19474608451128,43.03081065416336,1043.199951171875],[-1.194716328755021,43.03077687509358,1043.4000244140625],[-1.1946921050548553,43.03074225783348,1043.4000244140625],[-1.1946753412485123,43.03070839494467,1043.5999755859375],[-1.1946555599570274,43.030675034970045,1043.800048828125],[-1.1946373712271452,43.030644273385406,1043.800048828125],[-1.1946217808872461,43.03061032667756,1043.800048828125],[-1.194607950747013,43.030575374141335,1043.800048828125],[-1.1945999879390001,43.030536817386746,1043.5999755859375],[-1.194597641006112,43.03049893118441,1043.5999755859375],[-1.1946002393960953,43.03045970387757,1043.199951171875],[-1.1946012452244759,43.03041913546622,1043.199951171875],[-1.1945983953773975,43.03037663921714,1043.199951171875],[-1.1945930309593678,43.030336406081915,1043.199951171875],[-1.1945885047316551,43.03029399365187,1043.4000244140625],[-1.1945833917707205,43.030250407755375,1043.5999755859375],[-1.1945793684571981,43.03020774386823,1043.5999755859375],[-1.1945748422294855,43.03016600199044,1043.800048828125],[-1.1945714056491852,43.03012400865555,1044],[-1.194572076201439,43.03008452989161,1044],[-1.194579117000103,43.030045721679926,1044],[-1.1945919413119555,43.03000967949629,1044],[-1.19461121968925,43.02997665479779,1043.5999755859375],[-1.1946307495236397,43.029942540451884,1043.5999755859375],[-1.194647764787078,43.02991253323853,1043.5999755859375],[-1.1946600023657084,43.029882442206144,1043.5999755859375],[-1.1946734134107828,43.02985788322985,1043.5999755859375],[-1.1946867406368256,43.02984053269029,1044],[-1.194694535806775,43.02983273752034,1044],[-1.1946990620344877,43.02982502616942,1044.4000244140625],[-1.194702247157693,43.02981614135206,1044.5999755859375],[-1.1946999840438366,43.02980222739279,1044.5999755859375],[-1.1946978885680437,43.02978688850999,1044.5999755859375],[-1.1947002355009317,43.029770124703646,1044.800048828125],[-1.194704594090581,43.0297536123544,1044.5999755859375],[-1.1947133112698793,43.02973743528128,1044.5999755859375],[-1.1947294883430004,43.02972201257944,1044.5999755859375],[-1.1947456654161215,43.029709020629525,1044.5999755859375],[-1.1947623454034328,43.029696280136704,1044.800048828125],[-1.1947795283049345,43.029683120548725,1044.800048828125],[-1.1947953701019287,43.02967071533203,1045],[-1.1948137264698744,43.02965931594372,1045.199951171875],[-1.1948329210281372,43.029648419469595,1045.199951171875],[-1.1948501039296389,43.029638612642884,1045.4000244140625],[-1.1948683764785528,43.029629392549396,1045.5999755859375],[-1.1948862299323082,43.0296172387898,1046],[-1.1949045024812222,43.02960474975407,1046],[-1.1949222721159458,43.029593266546726,1046.199951171875],[-1.1949391197413206,43.029585387557745,1046.4000244140625],[-1.1949496809393167,43.02958019077778,1046.4000244140625],[-1.1949496809393167,43.02958019077778,1046.5999755859375],[-1.1949496809393167,43.02958019077778,1046.5999755859375],[-1.1949496809393167,43.02958019077778,1046.800048828125],[-1.1949496809393167,43.02958019077778,1046.800048828125],[-1.1949496809393167,43.02958019077778,1046.800048828125],[-1.1949496809393167,43.02958019077778,1046.800048828125],[-1.1949496809393167,43.02958019077778,1046.800048828125],[-1.1949496809393167,43.02958019077778,1046.800048828125],[-1.1949496809393167,43.02958019077778,1047],[-1.1949511896818876,43.02957767620683,1047],[-1.1949623376131058,43.02957055158913,1047],[-1.1949848011136055,43.02956082858145,1047],[-1.1950123775750399,43.02955185994506,1047],[-1.1950428877025843,43.02953811362386,1047],[-1.1950775887817144,43.029525289312005,1047],[-1.1951154749840498,43.02951397374272,1047],[-1.1951536126434803,43.02950173616409,1047],[-1.195187894627452,43.029489582404494,1047],[-1.195220835506916,43.029476003721356,1047],[-1.1952553689479828,43.02945965901017,1047],[-1.1952909082174301,43.0294393748045,1047],[-1.195330135524273,43.02941397763789,1047],[-1.1953714583069086,43.02938539534807,1046.5999755859375],[-1.1954107694327831,43.029361087828875,1046.4000244140625],[-1.1954418662935495,43.02933837287128,1046.4000244140625],[-1.1954660899937153,43.0293199326843,1046.5999755859375],[-1.1954911518841982,43.02930031903088,1046.5999755859375],[-1.1955151241272688,43.02928280085325,1047],[-1.1955438740551472,43.02926762960851,1047.199951171875],[-1.195568349212408,43.02925522439182,1047.800048828125],[-1.1955891363322735,43.02924022078514,1048.199951171875],[-1.1956068221479654,43.029222786426544,1048.199951171875],[-1.1956329736858606,43.029208118095994,1048.4000244140625],[-1.195666752755642,43.029195042327046,1048.4000244140625],[-1.1956971790641546,43.029179284349084,1048.5999755859375],[-1.1957261804491282,43.02916184999049,1048.5999755859375],[-1.1957576125860214,43.02914634346962,1048.800048828125],[-1.1957887932658195,43.0291317589581,1049],[-1.1958213150501251,43.02911591716111,1049],[-1.1958571895956993,43.02909806370735,1049.199951171875],[-1.1958956625312567,43.029079204425216,1049.4000244140625],[-1.195935308933258,43.029062608256936,1049.5999755859375],[-1.1959761288017035,43.02904634736478,1050],[-1.1960177030414343,43.02902857773006,1050.199951171875],[-1.1960550025105476,43.02900888025761,1050.199951171875],[-1.1960850097239017,43.02898624911904,1050.4000244140625],[-1.1961074732244015,43.02895808592439,1050.4000244140625],[-1.1961236502975225,43.028927240520716,1050.4000244140625],[-1.1961338762193918,43.02889212034643,1050.5999755859375],[-1.19613915681839,43.028855910524726,1051.199951171875],[-1.1961404141038656,43.028821125626564,1051.199951171875],[-1.1961366422474384,43.028786005452275,1051.199951171875],[-1.196133205667138,43.02875021472573,1051.199951171875],[-1.196134714409709,43.02871601656079,1051.199951171875],[-1.196140917018056,43.028680980205536,1051.199951171875],[-1.1961424257606268,43.028643764555454,1051.199951171875],[-1.1961440183222294,43.0286068841815,1051.4000244140625],[-1.1961476225405931,43.02857184782624,1051.4000244140625],[-1.1961528193205595,43.02853622473776,1051.4000244140625],[-1.1961583513766527,43.028500601649284,1052],[-1.1961592733860016,43.02846464328468,1052.4000244140625],[-1.196158854290843,43.02842843346298,1052.5999755859375],[-1.1961579322814941,43.028391636908054,1052.800048828125],[-1.1961545795202255,43.02835567854345,1052.800048828125],[-1.1961513943970203,43.02831963635981,1053],[-1.1961509753018618,43.02828250452876,1053],[-1.1961492151021957,43.028246127068996,1053],[-1.196142677217722,43.02821025252342,1053],[-1.1961374804377556,43.02817798219621,1053.199951171875],[-1.1961331218481064,43.02814370021224,1053.4000244140625],[-1.1961284279823303,43.02810816094279,1053.4000244140625],[-1.196122895926237,43.028073627501726,1053.800048828125],[-1.1961159389466047,43.02803674712777,1054],[-1.1961107421666384,43.02799961529672,1054],[-1.196106132119894,43.02796332165599,1054.199951171875],[-1.1961015220731497,43.02792803384364,1054.199951171875],[-1.196097917854786,43.027891824021935,1054.4000244140625],[-1.1960923857986927,43.02785821259022,1054.5999755859375],[-1.1960881110280752,43.0278230085969,1054.800048828125],[-1.1960813216865063,43.0277883913368,1055.4000244140625],[-1.1960715148597956,43.02775360643864,1056],[-1.1960614565759897,43.02771898917854,1056.199951171875],[-1.1960482969880104,43.027682611718774,1056.199951171875],[-1.1960332095623016,43.02764757536352,1056.199951171875],[-1.1960150208324194,43.02760910242796,1056.199951171875],[-1.1960023641586304,43.02758471108973,1056.199951171875],[-1.195989204570651,43.02755579352379,1056.199951171875],[-1.1959705129265785,43.02752503193915,1056.199951171875],[-1.1959514021873474,43.02749561145902,1056.4000244140625],[-1.195928519591689,43.02746593952179,1056.5999755859375],[-1.1959027871489525,43.027435932308435,1056.5999755859375],[-1.1958782281726599,43.02740642800927,1056.5999755859375],[-1.1958544235676527,43.027376756072044,1056.800048828125],[-1.1958287749439478,43.02734716795385,1056.800048828125],[-1.195800444111228,43.02731791511178,1056.800048828125],[-1.1957706045359373,43.02728656679392,1056.800048828125],[-1.1957404296845198,43.02725588902831,1056.800048828125],[-1.1957141105085611,43.0272254627198,1057],[-1.1956887133419514,43.027194533497095,1057],[-1.1956625618040562,43.027166118845344,1057.199951171875],[-1.1956392601132393,43.027139296755195,1057.199951171875],[-1.1956201493740082,43.02711859345436,1057.4000244140625],[-1.1955965962260962,43.02709059789777,1057.5999755859375],[-1.1955721210688353,43.02705539390445,1058],[-1.1955513339489698,43.02702438086271,1058.199951171875],[-1.195528283715248,43.02699454128742,1058.199951171875],[-1.1955075804144144,43.0269646178931,1058.199951171875],[-1.1954892240464687,43.026937041431665,1058],[-1.1954693589359522,43.026906782761216,1058],[-1.1954478174448013,43.02687333896756,1058],[-1.1954240128397942,43.02683914080262,1058],[-1.1953992024064064,43.02680376917124,1058],[-1.1953729670494795,43.02677032537758,1058],[-1.1953464802354574,43.026738138869405,1058.199951171875],[-1.1953228432685137,43.02670603618026,1058.199951171875],[-1.195298032835126,43.026673179119825,1058.4000244140625],[-1.1952736414968967,43.02664023824036,1058.4000244140625],[-1.1952504236251116,43.026607716456056,1058.4000244140625],[-1.195225864648819,43.026575446128845,1058.5999755859375],[-1.1952021438628435,43.02654191851616,1058.5999755859375],[-1.1951806023716927,43.02650813944638,1058.800048828125],[-1.1951609887182713,43.026473857462406,1059],[-1.195143973454833,43.026439156383276,1059.199951171875],[-1.1951200012117624,43.02640428766608,1059.199951171875],[-1.1950936820358038,43.026369167491794,1059.4000244140625],[-1.1950690392404795,43.026336478069425,1059.4000244140625],[-1.1950487550348043,43.02631082944572,1059.4000244140625],[-1.195017322897911,43.02627269178629,1059.4000244140625],[-1.1949894111603498,43.02624327130616,1059.5999755859375],[-1.1949618346989155,43.02621393464506,1059.5999755859375],[-1.1949362698942423,43.026184514164925,1059.800048828125],[-1.194906933233142,43.02615593187511,1060],[-1.1948759201914072,43.02612357772887,1060],[-1.1948438175022602,43.02609239704907,1060.199951171875],[-1.1948163248598576,43.02606180310249,1060.199951171875],[-1.1947895865887403,43.02603053860366,1060.199951171875],[-1.1947601661086082,43.025999274104834,1060.199951171875],[-1.1947300750762224,43.025968093425035,1060.4000244140625],[-1.1947015766054392,43.02593716420233,1060.5999755859375],[-1.1946753412485123,43.02590908482671,1060.5999755859375],[-1.1946517042815685,43.025879077613354,1060.5999755859375],[-1.1946290731430054,43.02584848366678,1060.800048828125],[-1.1946099624037743,43.02581847645342,1060.800048828125],[-1.1945913545787334,43.02578897215426,1061],[-1.1945760995149612,43.02576709538698,1061.4000244140625],[-1.1945557314902544,43.025739854201674,1061.4000244140625],[-1.194533184170723,43.02570498548448,1061.5999755859375],[-1.1945215333253145,43.025675900280476,1061.5999755859375],[-1.1945046856999397,43.02564647980034,1061.5999755859375],[-1.1944848205894232,43.025623094290495,1061.800048828125],[-1.1944671347737312,43.02559585310519,1062.199951171875],[-1.1944484431296587,43.02556718699634,1062.4000244140625],[-1.194430086761713,43.02553734742105,1062.4000244140625],[-1.1944108083844185,43.025509184226394,1062.4000244140625],[-1.1943934578448534,43.02548219449818,1062.5999755859375],[-1.1943736765533686,43.025455288589,1062.800048828125],[-1.194353811442852,43.02542838267982,1063],[-1.1943341977894306,43.02540206350386,1063.199951171875],[-1.1943150032311678,43.02537566050887,1063.5999755859375],[-1.1942966468632221,43.02534967660904,1063.800048828125],[-1.1942782904952765,43.025323608890176,1063.800048828125],[-1.1942609399557114,43.02529745735228,1064],[-1.1942465230822563,43.02527382038534,1064],[-1.1942275799810886,43.02524892613292,1064.199951171875],[-1.1942099779844284,43.02522352896631,1064.199951171875],[-1.1941883526742458,43.025199975818396,1064.4000244140625],[-1.194169158115983,43.02517591975629,1064.5999755859375],[-1.194153232499957,43.02515219897032,1064.800048828125],[-1.1941381450742483,43.025128059089184,1065],[-1.1941183637827635,43.02510341629386,1065.199951171875],[-1.194099336862564,43.0250770971179,1065.4000244140625],[-1.1940741073340178,43.0250461678952,1065.800048828125],[-1.1940544936805964,43.025019597262144,1066],[-1.1940389033406973,43.0249909311533,1066.199951171875],[-1.1940264981240034,43.02496067248285,1066.4000244140625],[-1.194014847278595,43.024933682754636,1066.5999755859375],[-1.1940020229667425,43.02490602247417,1066.5999755859375],[-1.1939913779497147,43.02487584762275,1066.800048828125],[-1.1939804814755917,43.02484693005681,1067],[-1.193968579173088,43.024816336110234,1067.199951171875],[-1.1939510609954596,43.0247869156301,1067.4000244140625],[-1.1939340457320213,43.02475992590189,1067.4000244140625],[-1.1939217243343592,43.02473343908787,1067.4000244140625],[-1.1939093191176653,43.024707874283195,1067.5999755859375],[-1.193893225863576,43.024683482944965,1067.800048828125],[-1.1938792280852795,43.02465733140707,1067.800048828125],[-1.1938673257827759,43.02462799474597,1068],[-1.1938513163477182,43.02459882572293,1068],[-1.1938357260078192,43.024568567052484,1068],[-1.1938205547630787,43.02453713491559,1068.199951171875],[-1.1938076466321945,43.024510061368346,1068.199951171875],[-1.193792810663581,43.02448399364948,1068.4000244140625],[-1.1937785614281893,43.0244573391974,1068.4000244140625],[-1.1937638092786074,43.024431355297565,1068.5999755859375],[-1.1937493924051523,43.024403946474195,1068.5999755859375],[-1.1937348917126656,43.024373184889555,1068.5999755859375],[-1.193723576143384,43.024339489638805,1068.800048828125],[-1.1937087401747704,43.02430788986385,1068.800048828125],[-1.1936918087303638,43.024274948984385,1068.800048828125],[-1.1936718598008156,43.0242411699146,1068.800048828125],[-1.1936524137854576,43.02420965395868,1069],[-1.1936327163130045,43.02417855709791,1069],[-1.1936165392398834,43.02414419129491,1069],[-1.1935943271964788,43.02411116659641,1069],[-1.1935732886195183,43.02408090792596,1069.199951171875],[-1.19355333968997,43.02404989488423,1069.199951171875],[-1.1935345642268658,43.024018881842494,1069.199951171875],[-1.1935129389166832,43.02398786880076,1069.199951171875],[-1.193491816520691,43.02395744249225,1069.4000244140625],[-1.193469101563096,43.02392584271729,1069.4000244140625],[-1.1934465542435646,43.023895751684904,1069.4000244140625],[-1.193427862599492,43.023873372003436,1069.5999755859375],[-1.19339844211936,43.02383967675269,1070],[-1.193371955305338,43.023814195767045,1070],[-1.1933490727096796,43.02378703840077,1070.199951171875],[-1.1933220829814672,43.02376113831997,1070.199951171875],[-1.1932960990816355,43.02373490296304,1070.4000244140625],[-1.1932693608105183,43.02370975725353,1070.5999755859375],[-1.1932407785207033,43.023686204105616,1070.800048828125],[-1.1932097654789686,43.023667093366385,1071],[-1.1931771598756313,43.02364815026522,1071.199951171875],[-1.193145476281643,43.02362577058375,1071.5999755859375],[-1.1931132897734642,43.0236042290926,1071.5999755859375],[-1.1930821929126978,43.023579167202115,1071.5999755859375],[-1.1930625792592764,43.02354773506522,1071.800048828125],[-1.1930444743484259,43.02351881749928,1071.800048828125],[-1.1930298060178757,43.0234903190285,1072],[-1.1930118687450886,43.02346324548125,1072],[-1.192992003634572,43.02343625575304,1072.199951171875],[-1.1929702945053577,43.02340834401548,1072.199951171875],[-1.192947244271636,43.02338001318276,1072.199951171875],[-1.192923104390502,43.02335662767291,1072.4000244140625],[-1.1929011438041925,43.023332403972745,1072.5999755859375],[-1.1928800214082003,43.02330616861582,1072.5999755859375],[-1.192861245945096,43.02328328602016,1072.800048828125],[-1.192848002538085,43.0232588108629,1073.199951171875],[-1.1928354296833277,43.023228887468576,1073.4000244140625],[-1.1928252875804901,43.02320030517876,1073.5999755859375],[-1.1928208451718092,43.02317935042083,1073.800048828125],[-1.1928205098956823,43.023150600492954,1073.800048828125],[-1.192823862656951,43.02312335930765,1073.800048828125],[-1.1928286403417587,43.023097375407815,1073.800048828125],[-1.1928328312933445,43.02306091412902,1073.4000244140625],[-1.1928352620452642,43.02303669042885,1073.4000244140625],[-1.19283651933074,43.02300031296909,1073.4000244140625],[-1.1928363516926765,43.02296510897577,1073.199951171875],[-1.1928348429501057,43.022936191409826,1073.199951171875],[-1.1928340047597885,43.02290325053036,1073.199951171875],[-1.1928357649594545,43.02286779507995,1073],[-1.1928379442542791,43.022833010181785,1072.800048828125],[-1.1928425543010235,43.02279797382653,1072.4000244140625],[-1.1928443983197212,43.0227561481297,1072.4000244140625],[-1.1928476672619581,43.022728487849236,1072.199951171875],[-1.1928493436425924,43.022693786770105,1072.4000244140625],[-1.1928469967097044,43.02266025915742,1072.4000244140625],[-1.1928460747003555,43.02262949757278,1072.4000244140625],[-1.1928449850529432,43.022597478702664,1072.4000244140625],[-1.19284532032907,43.022566717118025,1072.4000244140625],[-1.1928488407284021,43.022535871714354,1072.4000244140625],[-1.1928537860512733,43.0225024279207,1072.4000244140625],[-1.1928585637360811,43.022481640800834,1072],[-1.1928609944880009,43.022453393787146,1071.800048828125],[-1.1928616650402546,43.022426571697,1071.800048828125],[-1.1928648501634598,43.02239555865526,1071.5999755859375],[-1.1928666103631258,43.022372676059604,1071.4000244140625],[-1.19286828674376,43.022347278892994,1071.199951171875],[-1.192867700010538,43.02231542766094,1071],[-1.192858312278986,43.022296065464616,1070.800048828125],[-1.1928397882729769,43.02226639352739,1070.5999755859375],[-1.1928166542202234,43.02224007435143,1070.4000244140625],[-1.1927956156432629,43.02221358753741,1070.199951171875],[-1.192780863493681,43.022192968055606,1070],[-1.1927615012973547,43.02216639742255,1069.800048828125],[-1.1927370261400938,43.02213689312339,1069.4000244140625],[-1.1927121318876743,43.02210923284292,1069.4000244140625],[-1.192689584568143,43.02208031527698,1069.199951171875],[-1.1926768440753222,43.02205734886229,1069],[-1.192655386403203,43.02203035913408,1068.800048828125],[-1.1926251277327538,43.02200077101588,1068.5999755859375],[-1.1925992276519537,43.021977469325066,1068.5999755859375],[-1.1925801169127226,43.021954502910376,1068.5999755859375],[-1.1925609223544598,43.02193338051438,1068.5999755859375],[-1.1925365310162306,43.02191041409969,1069],[-1.192504009231925,43.02188526839018,1069.199951171875],[-1.192471319809556,43.021858194842935,1069.199951171875],[-1.1924389656633139,43.02182466723025,1069.199951171875],[-1.1924023367464542,43.021791223436594,1068.800048828125],[-1.19236939586699,43.021764401346445,1068.5999755859375],[-1.1923213675618172,43.021722910925746,1067],[-1.192284319549799,43.02168879657984,1066.800048828125],[-1.1922514624893665,43.021662812680006,1066.800048828125],[-1.1922248918563128,43.021644288674,1066.800048828125],[-1.192203601822257,43.021630542352796,1066.800048828125],[-1.1921768635511398,43.02160816267133,1066.5999755859375],[-1.1921611055731773,43.02159114740789,1066.5999755859375],[-1.1921398155391216,43.02156591787934,1066.199951171875],[-1.1921156756579876,43.02153482101858,1066],[-1.1920823995023966,43.021500036120415,1065.5999755859375],[-1.1920546554028988,43.02146994508803,1064.5999755859375],[-1.19203370064497,43.02144320681691,1064],[-1.1920155957341194,43.0214212462306,1063.4000244140625],[-1.1919961497187614,43.02140121348202,1063.4000244140625],[-1.1919796373695135,43.021381851285696,1063],[-1.1919596884399652,43.02136776968837,1063],[-1.1919332016259432,43.02135653793812,1063],[-1.191906463354826,43.02134597674012,1063.199951171875],[-1.1918841674923897,43.021335415542126,1063.199951171875],[-1.1918649729341269,43.02132720127702,1063.5999755859375],[-1.1918507236987352,43.021320244297385,1063.5999755859375],[-1.1918456945568323,43.021316807717085,1063.5999755859375],[-1.1918456945568323,43.021316807717085,1063.5999755859375],[-1.1918456945568323,43.021316807717085,1063.4000244140625],[-1.1918456945568323,43.021316807717085,1063.4000244140625],[-1.1918454430997372,43.021316807717085,1063.4000244140625],[-1.1918482091277838,43.021314796060324,1063.199951171875],[-1.1918482091277838,43.021314796060324,1063.199951171875],[-1.1918482091277838,43.021314796060324,1063.4000244140625],[-1.1918482091277838,43.021314796060324,1063.4000244140625],[-1.1918471194803715,43.0213110242039,1063.199951171875],[-1.1918441858142614,43.02130666561425,1063.199951171875],[-1.1918441858142614,43.02130666561425,1063.199951171875],[-1.1918441858142614,43.02130666561425,1063.199951171875],[-1.1918441858142614,43.02130666561425,1063.199951171875],[-1.1918441858142614,43.02130666561425,1063.199951171875],[-1.1918441858142614,43.02130666561425,1063],[-1.1918441858142614,43.02130666561425,1063],[-1.1918441858142614,43.02130666561425,1062.800048828125],[-1.1918441858142614,43.02130666561425,1062.5999755859375],[-1.1918441858142614,43.02130666561425,1062.5999755859375],[-1.1918441858142614,43.02130666561425,1062.5999755859375],[-1.1918441858142614,43.02130666561425,1062.5999755859375],[-1.1918441858142614,43.02130666561425,1062.800048828125],[-1.1918441858142614,43.02130666561425,1063],[-1.1918441858142614,43.02130666561425,1063.199951171875],[-1.1918399948626757,43.02130532450974,1063.199951171875],[-1.191836390644312,43.02130331285298,1063.199951171875],[-1.191836390644312,43.02130331285298,1063.4000244140625],[-1.1918370611965656,43.021301636472344,1063.4000244140625],[-1.1918344628065825,43.02129945717752,1063.199951171875],[-1.1918344628065825,43.02129945717752,1063.199951171875],[-1.191833121702075,43.02129660733044,1063.199951171875],[-1.1918287631124258,43.0212883092463,1062.800048828125],[-1.1918233148753643,43.02127741277218,1062.4000244140625],[-1.191814262419939,43.02125905640423,1062.4000244140625],[-1.1918094847351313,43.02123852074146,1062.199951171875],[-1.1918084789067507,43.021215219050646,1061.4000244140625],[-1.1918018572032452,43.02119694650173,1060.5999755859375],[-1.1917967442423105,43.02118370309472,1060.4000244140625],[-1.1917910445481539,43.021163837984204,1060],[-1.1917849257588387,43.02114497870207,1059.4000244140625],[-1.1917736940085888,43.02112301811576,1059],[-1.1917558405548334,43.02109384909272,1058.199951171875],[-1.1917472071945667,43.02107356488705,1057.800048828125],[-1.1917407531291246,43.02106149494648,1057.4000244140625],[-1.1917222291231155,43.02104791626334,1057.199951171875],[-1.1916918028146029,43.02103073336184,1056.800048828125],[-1.191664980724454,43.021012376993895,1055.800048828125],[-1.1916365660727024,43.021000642329454,1055.4000244140625],[-1.1916133482009172,43.02098874002695,1054.800048828125],[-1.1915954947471619,43.020976250991225,1054.5999755859375],[-1.1915837600827217,43.02096736617386,1054.199951171875],[-1.1915744561702013,43.020961582660675,1054],[-1.19156657718122,43.02095755934715,1053.800048828125],[-1.1915581114590168,43.02095253020525,1053.800048828125],[-1.1915506515651941,43.02094372920692,1053.4000244140625],[-1.1915434431284666,43.02093207836151,1053.199951171875],[-1.1915300320833921,43.02092168480158,1053.199951171875],[-1.1915092449635267,43.020911291241646,1053.199951171875],[-1.1914841830730438,43.02090156823397,1053],[-1.1914605461061,43.0208879057318,1052.199951171875],[-1.191439088433981,43.020874075591564,1051.4000244140625],[-1.1914174631237984,43.020859407261014,1050.800048828125],[-1.1913944967091084,43.020846247673035,1050.199951171875],[-1.1913712788373232,43.02083333954215,1049.5999755859375],[-1.1913522519171238,43.02081959322095,1049.4000244140625],[-1.1913379188627005,43.02080073393881,1048.5999755859375],[-1.1913317162543535,43.020784137770534,1048.4000244140625],[-1.1913310457020998,43.02076552994549,1048],[-1.1913359072059393,43.02074977196753,1047.5999755859375],[-1.1913372483104467,43.02073510363698,1047.4000244140625],[-1.191338673233986,43.02072621881962,1047.4000244140625],[-1.19134278036654,43.02071942947805,1047.4000244140625],[-1.19134278036654,43.02071942947805,1047.4000244140625],[-1.19134278036654,43.02071942947805,1047.5999755859375],[-1.19134278036654,43.02071942947805,1047.5999755859375],[-1.1913462169468403,43.020719764754176,1047.5999755859375],[-1.1913504917174578,43.02072186022997,1047.5999755859375],[-1.1913504917174578,43.02072186022997,1047.4000244140625],[-1.1913490667939186,43.02071942947805,1047.4000244140625],[-1.1913455463945866,43.02071783691645,1047.4000244140625],[-1.1913455463945866,43.02071783691645,1047.199951171875],[-1.1913462169468403,43.020720267668366,1047.4000244140625],[-1.191350994631648,43.02072085440159,1047.199951171875],[-1.191350994631648,43.02072085440159,1047.199951171875],[-1.191350994631648,43.02072085440159,1047.199951171875],[-1.1913494020700455,43.020721105858684,1047.199951171875],[-1.1913455463945866,43.020721692591906,1047.199951171875],[-1.1913455463945866,43.020721692591906,1047.199951171875],[-1.1913455463945866,43.020721692591906,1047.199951171875],[-1.191344540566206,43.020721608772874,1047.199951171875],[-1.1913499888032675,43.020716831088066,1047.199951171875],[-1.1913580354303122,43.02071364596486,1047.199951171875],[-1.1913597956299782,43.02071364596486,1047.199951171875],[-1.191363986581564,43.02071255631745,1047],[-1.191363986581564,43.02071255631745,1047],[-1.1913644894957542,43.0207116343081,1047],[-1.191374883055687,43.02070668898523,1047],[-1.1913783196359873,43.02070425823331,1047],[-1.191383432596922,43.02070182748139,1046.800048828125],[-1.1913846898823977,43.02069017663598,1046.5999755859375],[-1.1913843546062708,43.020676765590906,1046.199951171875],[-1.1913864500820637,43.02066536620259,1045.800048828125],[-1.1913911439478397,43.02065438590944,1045.199951171875],[-1.1913933232426643,43.02064508199692,1044.800048828125],[-1.191390473395586,43.020632760599256,1044.4000244140625],[-1.1913779005408287,43.02061876282096,1044.199951171875],[-1.1913551017642021,43.02060359157622,1044],[-1.19132568128407,43.020594622939825,1043.5999755859375],[-1.1912931594997644,43.02058406174183,1043],[-1.1912608053535223,43.02056360989809,1042.199951171875],[-1.1912238411605358,43.02053812891245,1041.199951171875],[-1.1911792494356632,43.020513569936156,1040.5999755859375],[-1.1911434587091208,43.02049026824534,1040],[-1.19110775180161,43.02045908756554,1038.199951171875],[-1.1910673510283232,43.020426481962204,1036.800048828125],[-1.1910340748727322,43.02040292881429,1036.199951171875],[-1.1910010501742363,43.02038222551346,1034.800048828125],[-1.1909668520092964,43.02035884000361,1034],[-1.1909474898129702,43.02033595740795,1033.800048828125],[-1.1909222602844238,43.020311649888754,1033.199951171875],[-1.190881859511137,43.02029941231012,1031.5999755859375],[-1.1908387765288353,43.020289270207286,1031],[-1.190792340785265,43.02027711644769,1029.4000244140625],[-1.190756717696786,43.02026504650712,1028.5999755859375],[-1.190722268074751,43.020251132547855,1028.5999755859375],[-1.1906949430704117,43.02023906260729,1028.4000244140625],[-1.1906622536480427,43.020220287144184,1027.800048828125],[-1.1906266305595636,43.02019648253918,1026.800048828125],[-1.1905982997268438,43.02017820999026,1026.4000244140625],[-1.1905745789408684,43.02016228437424,1025.800048828125],[-1.1905418895184994,43.02013328298926,1025.5999755859375],[-1.1905255448073149,43.0201156809926,1025.4000244140625],[-1.1905053444206715,43.02009807899594,1025.199951171875],[-1.1904803663492203,43.02007938735187,1025],[-1.1904508620500565,43.020061030983925,1024.4000244140625],[-1.1904273927211761,43.02005432546139,1024],[-1.1904098745435476,43.02005088888109,1023.5999755859375],[-1.1903965473175049,43.02004946395755,1023.5999755859375],[-1.1903683841228485,43.02004954777658,1023.4000244140625],[-1.1903260555118322,43.020040076225996,1023.2000122070312],[-1.1902885045856237,43.020016523078084,1022.7999877929688],[-1.1902589164674282,43.01998592913151,1021.7999877929688],[-1.190235447138548,43.0199552513659,1021],[-1.1902034282684326,43.01991510204971,1020.5999755859375],[-1.1901667155325413,43.01987512037158,1019.7999877929688],[-1.1901292484253645,43.019838742911816,1019.2000122070312],[-1.1900857463479042,43.01981586031616,1019],[-1.1900289170444012,43.019795743748546,1018.7999877929688],[-1.1899981554597616,43.01977017894387,1018.5999755859375],[-1.1899835709482431,43.01973422057927,1018.4000244140625],[-1.1899687349796295,43.01970790140331,1018.2000122070312],[-1.1899408232420683,43.01967345178127,1018],[-1.189911151304841,43.019647719338536,1018],[-1.1898850835859776,43.019627183675766,1017.7999877929688],[-1.1898482032120228,43.01959558390081,1017.4000244140625],[-1.1898202914744616,43.01957060582936,1017.2000122070312],[-1.1897978279739618,43.01954520866275,1017.4000244140625],[-1.1897789686918259,43.01952467299998,1017.5999755859375],[-1.1897614505141973,43.01950531080365,1017.5999755859375],[-1.189744183793664,43.01948921754956,1017.7999877929688],[-1.189734460785985,43.01947454921901,1018],[-1.1897325329482555,43.01947052590549,1018],[-1.1897325329482555,43.01947052590549,1018.2000122070312],[-1.1897325329482555,43.01947052590549,1018.2000122070312],[-1.1897325329482555,43.01947052590549,1018.2000122070312],[-1.1897325329482555,43.01947052590549,1018.2000122070312],[-1.1897325329482555,43.01947052590549,1018.2000122070312],[-1.1897325329482555,43.01947052590549,1018.2000122070312],[-1.189737981185317,43.019472286105156,1018.2000122070312],[-1.1897502187639475,43.01947262138128,1018.2000122070312],[-1.189757427200675,43.01947438158095,1018.2000122070312],[-1.189757427200675,43.01947438158095,1018.2000122070312],[-1.1897591035813093,43.01947647705674,1018.4000244140625],[-1.1897626239806414,43.01947941072285,1018.4000244140625],[-1.1897672340273857,43.01948259584606,1018.4000244140625],[-1.1897794716060162,43.01949206739664,1018.4000244140625],[-1.189789529889822,43.019503969699144,1018.4000244140625],[-1.1897964030504227,43.01951704546809,1018.4000244140625],[-1.1898062098771334,43.01952727138996,1018.2000122070312],[-1.1898195371031761,43.01954135298729,1018],[-1.1898368038237095,43.019552836194634,1018],[-1.1898597702383995,43.019555769860744,1018],[-1.1898794677108526,43.01954830996692,1017.7999877929688],[-1.1898932978510857,43.01954235881567,1017],[-1.1899083852767944,43.01953406073153,1016.7999877929688],[-1.1899300944060087,43.019523080438375,1016.5999755859375],[-1.1899412423372269,43.01951386034489,1016.5999755859375],[-1.1899470258504152,43.01950514316559,1016.5999755859375],[-1.1899464391171932,43.01949508488178,1016.5999755859375],[-1.1899454332888126,43.01948678679764,1016.7999877929688],[-1.1899454332888126,43.01948678679764,1017.2000122070312],[-1.1899454332888126,43.01948678679764,1017.4000244140625],[-1.1899466905742884,43.01948125474155,1017.5999755859375],[-1.189946522936225,43.01947052590549,1017.5999755859375],[-1.1899448465555906,43.0194544326514,1017.5999755859375],[-1.1899431701749563,43.01943683065474,1017.5999755859375],[-1.1899437569081783,43.01941939629614,1017.5999755859375],[-1.1899445112794638,43.019411098212004,1017.5999755859375],[-1.1899445112794638,43.019411098212004,1017.5999755859375],[-1.1899445112794638,43.019411098212004,1017.7999877929688],[-1.1899445112794638,43.019411098212004,1018.4000244140625],[-1.1899424996227026,43.019408164545894,1018.4000244140625],[-1.1899433378130198,43.01939642988145,1018.4000244140625],[-1.1899461038410664,43.019378408789635,1018.4000244140625],[-1.1899528093636036,43.01935359835625,1018.2000122070312],[-1.1899592634290457,43.01933373324573,1018.2000122070312],[-1.1899702437222004,43.0193077493459,1018],[-1.1899831518530846,43.019287548959255,1018],[-1.1899905279278755,43.019270952790976,1018],[-1.1899921204894781,43.0192609783262,1018],[-1.1899958085268736,43.019248992204666,1018],[-1.1900036875158548,43.01923256367445,1018.2000122070312],[-1.1900169309228659,43.019211776554585,1018.2000122070312],[-1.190028078854084,43.01920171827078,1018.4000244140625],[-1.1900282464921474,43.01919450983405,1018.4000244140625],[-1.1900281626731157,43.01918554119766,1018.2000122070312],[-1.1900336109101772,43.01917187869549,1018],[-1.190040735527873,43.01915033720434,1017.7999877929688],[-1.1900466028600931,43.019131142646074,1017.5999755859375],[-1.1900509614497423,43.019113624468446,1017.4000244140625],[-1.1900500394403934,43.01910080015659,1017.4000244140625],[-1.1900527216494083,43.019081773236394,1017.2000122070312],[-1.1900606006383896,43.019061824306846,1017.2000122070312],[-1.1900615226477385,43.0190519336611,1017],[-1.190059594810009,43.01903793588281,1016.4000244140625],[-1.1900586728006601,43.01902092061937,1016.4000244140625],[-1.1900671385228634,43.018999798223376,1016.2000122070312],[-1.1900748498737812,43.01897959783673,1016.2000122070312],[-1.190075185149908,43.01896618679166,1016.2000122070312],[-1.1900795437395573,43.018943555653095,1015.7999877929688],[-1.1900871712714434,43.018915727734566,1015.5999755859375],[-1.1900972295552492,43.01888714544475,1015.4000244140625],[-1.1901069525629282,43.018862921744585,1015.2000122070312],[-1.190117932856083,43.018843811005354,1014.4000244140625],[-1.1901328526437283,43.01882553845644,1014.2000122070312],[-1.1901481915265322,43.01879997365177,1014.2000122070312],[-1.1901643685996532,43.01878270693123,1014],[-1.1901733372360468,43.0187672842294,1014],[-1.1901804618537426,43.01875647157431,1013.7999877929688],[-1.1901899334043264,43.0187411326915,1013],[-1.190196806564927,43.01871104165912,1012.7999877929688],[-1.1902118939906359,43.018674245104194,1012.2000122070312],[-1.1902408115565777,43.01864172331989,1011.7999877929688],[-1.1902662925422192,43.01860769279301,1011.2000122070312],[-1.1902792006731033,43.018573662266135,1010.4000244140625],[-1.190284313634038,43.01853862591088,1010.4000244140625],[-1.190293449908495,43.01850493066013,1010.4000244140625],[-1.1903075315058231,43.018479784950614,1010.5999755859375],[-1.1903274804353714,43.01845891401172,1010.5999755859375],[-1.1903592478483915,43.01843469031155,1010.5999755859375],[-1.190380286425352,43.01841524429619,1010.7999877929688],[-1.1903919372707605,43.01839831285179,1010.7999877929688],[-1.1904023308306932,43.01837450824678,1010.7999877929688],[-1.190411802381277,43.018345003947616,1010.7999877929688],[-1.19041976518929,43.01830904558301,1010.5999755859375],[-1.190421525388956,43.01828641444445,1010.5999755859375],[-1.1904263030737638,43.01825439557433,1010.5999755859375],[-1.1904329247772694,43.018228746950626,1010.5999755859375],[-1.1904392950236797,43.01820854656398,1010.5999755859375],[-1.19044273160398,43.01819337531924,1010.5999755859375],[-1.190451867878437,43.018166301772,1011.4000244140625],[-1.1904629319906235,43.018141742795706,1011.5999755859375],[-1.190473409369588,43.018122715875506,1011.5999755859375],[-1.1904874071478844,43.01809321157634,1011.5999755859375],[-1.1904945317655802,43.01806764677167,1011.7999877929688],[-1.1905041709542274,43.01804266870022,1011.7999877929688],[-1.1905130557715893,43.018021965399384,1012],[-1.190521940588951,43.01800184883177,1012],[-1.190528478473425,43.01798516884446,1012.2000122070312],[-1.1905251257121563,43.01796798594296,1012.2000122070312],[-1.190524622797966,43.017952647060156,1012.4000244140625],[-1.1905339267104864,43.01793077029288,1012.4000244140625],[-1.1905478406697512,43.01791132427752,1012.5999755859375],[-1.190562592819333,43.01789405755699,1012.5999755859375],[-1.1905736569315195,43.01787419244647,1012.5999755859375],[-1.1905822064727545,43.01785717718303,1012.5999755859375],[-1.190592683851719,43.01783940754831,1012.7999877929688],[-1.1906014010310173,43.01782029680908,1012.7999877929688],[-1.1906114593148232,43.01780420355499,1013],[-1.1906206794083118,43.01778668537736,1013],[-1.1906307376921177,43.01776916719973,1013.2000122070312],[-1.1906407959759235,43.01774913445115,1013.4000244140625],[-1.1906495969742537,43.017732789739966,1013.4000244140625],[-1.1906625889241695,43.0177101586014,1013.4000244140625],[-1.1906734015792608,43.01769088022411,1013.4000244140625],[-1.190681029111147,43.0176776368171,1013.5999755859375],[-1.1906894948333502,43.01765911281109,1013.7999877929688],[-1.190696032717824,43.01764436066151,1014],[-1.190701900050044,43.01762843504548,1014],[-1.190711036324501,43.01761234179139,1014],[-1.1907208431512117,43.01759574562311,1014],[-1.1907300632447004,43.01758283749223,1014.2000122070312],[-1.1907427199184895,43.017565067857504,1014.2000122070312],[-1.190750515088439,43.017550483345985,1014.2000122070312],[-1.1907548736780882,43.01753656938672,1014.4000244140625],[-1.1907564662396908,43.01752810366452,1014.4000244140625],[-1.190759316086769,43.017513770610094,1014.5999755859375],[-1.1907635070383549,43.01749465987086,1014.5999755859375],[-1.1907680332660675,43.01747848279774,1014.5999755859375],[-1.1907749902456999,43.017459539696574,1014.7999877929688],[-1.1907831206917763,43.01744218915701,1014.7999877929688],[-1.1907921731472015,43.01742617972195,1014.7999877929688],[-1.1907983757555485,43.01740698516369,1014.7999877929688],[-1.1908031534403563,43.01738804206252,1014.7999877929688],[-1.1908066738396883,43.01737052388489,1014.7999877929688],[-1.1908111162483692,43.017350574955344,1015],[-1.190819162875414,43.01733213476837,1015],[-1.1908265389502048,43.01731428131461,1015],[-1.190831484273076,43.017295841127634,1015],[-1.190835004672408,43.01727958023548,1015],[-1.190842129290104,43.01725745201111,1015],[-1.1908470746129751,43.01723641343415,1014.7999877929688],[-1.1908516846597195,43.0172199010849,1014.7999877929688],[-1.1908590607345104,43.01719886250794,1014.7999877929688],[-1.1908666044473648,43.01717966794968,1014.5999755859375],[-1.1908728908747435,43.01715988665819,1014.4000244140625],[-1.1908784229308367,43.01714010536671,1014.4000244140625],[-1.1908850446343422,43.01712367683649,1014.4000244140625],[-1.1908987071365118,43.01710054278374,1014.4000244140625],[-1.1909049935638905,43.017083276063204,1014.4000244140625],[-1.1909045744687319,43.01706885918975,1014.4000244140625],[-1.1909072566777468,43.01704681478441,1014.4000244140625],[-1.1909121181815863,43.017027201130986,1014.4000244140625],[-1.1909142974764109,43.01701856777072,1014.4000244140625],[-1.1909114476293325,43.017016891390085,1014.4000244140625],[-1.1909073404967785,43.0170058272779,1014.5999755859375],[-1.1909074243158102,43.016990991309285,1014.7999877929688],[-1.190909268334508,43.01697364076972,1014.7999877929688],[-1.190910441800952,43.01695344038308,1014.7999877929688],[-1.1909093521535397,43.01693114452064,1014.7999877929688],[-1.1909101903438568,43.01691144704819,1014.7999877929688],[-1.1909131240099669,43.0168916657567,1014.7999877929688],[-1.1909199133515358,43.01687045954168,1014.5999755859375],[-1.1909235175698996,43.01685092970729,1014.5999755859375],[-1.190926032140851,43.016834668815136,1014.4000244140625],[-1.1909324023872614,43.016811702400446,1014.4000244140625],[-1.1909436341375113,43.01678907126188,1014.4000244140625],[-1.190952854231,43.01676258444786,1014.4000244140625],[-1.1909582186490297,43.01674640737474,1014.4000244140625],[-1.1909669358283281,43.016728134825826,1014.5999755859375],[-1.1909778323024511,43.01670500077307,1014.5999755859375],[-1.1909900698810816,43.01668379455805,1015],[-1.1909980326890945,43.01666242070496,1015],[-1.1910027265548706,43.01664180122316,1015],[-1.1910090129822493,43.01661933772266,1015],[-1.1910150479525328,43.01659997552633,1014.7999877929688],[-1.191027956083417,43.016582457348704,1014.7999877929688],[-1.1910391878336668,43.016558988019824,1014.7999877929688],[-1.1910520121455193,43.016533171758056,1014.7999877929688],[-1.1910611484199762,43.016510708257556,1014.5999755859375],[-1.1910673510283232,43.01648581400514,1014.5999755859375],[-1.191071206703782,43.0164584890008,1014.5999755859375],[-1.1910751461982727,43.01643845625222,1014.5999755859375],[-1.191080342978239,43.01641423255205,1014.5999755859375],[-1.1910857912153006,43.016393864527345,1014.5999755859375],[-1.1910881381481886,43.01637617871165,1014.7999877929688],[-1.191089814528823,43.01635589450598,1015],[-1.191093334928155,43.016332341358066,1015.2000122070312],[-1.1910967715084553,43.01630862057209,1015.2000122070312],[-1.1910998728126287,43.01628657616675,1015.2000122070312],[-1.191100962460041,43.01626469939947,1015.2000122070312],[-1.1910998728126287,43.01624248735607,1015.2000122070312],[-1.191103309392929,43.01621566526592,1015],[-1.191105656325817,43.016186160966754,1015],[-1.1911099310964346,43.016154980286956,1014.7999877929688],[-1.1911150440573692,43.0161249730736,1014.7999877929688],[-1.1911244317889214,43.01609421148896,1014.5999755859375],[-1.1911315564066172,43.016061102971435,1014.4000244140625],[-1.1911307182163,43.016028916463256,1014.2000122070312],[-1.1911245994269848,43.0159989092499,1014],[-1.1911224201321602,43.015962447971106,1013.5999755859375],[-1.1911210790276527,43.015931686386466,1013.4000244140625],[-1.191122168675065,43.015908719971776,1013.2000122070312],[-1.1911212466657162,43.0158781260252,1013.2000122070312],[-1.1911173909902573,43.01584434695542,1013],[-1.1911141220480204,43.01580352708697,1012.5999755859375],[-1.1911073327064514,43.01578056067228,1012.4000244140625],[-1.1910966876894236,43.01575013436377,1012.2000122070312],[-1.1910932511091232,43.01571920514107,1011.5999755859375],[-1.1911060754209757,43.01568014547229,1011.4000244140625],[-1.1911194864660501,43.01565399393439,1011.2000122070312],[-1.1911427043378353,43.01562314853072,1010.5999755859375],[-1.1911701131612062,43.01559372805059,1010.4000244140625],[-1.1911950912326574,43.01556313410401,1010],[-1.1912182252854109,43.01553061231971,1009.7999877929688],[-1.191245885565877,43.0154930613935,1009.5999755859375],[-1.191265918314457,43.015465987846255,1008.4000244140625],[-1.1912888009101152,43.015431789681315,1008.2000122070312],[-1.191310342401266,43.01539692096412,1007.7999877929688],[-1.1913349851965904,43.015365321189165,1007.4000244140625],[-1.1913570296019316,43.015332547947764,1007.2000122070312],[-1.1913761403411627,43.01529524847865,1007.2000122070312],[-1.1913926526904106,43.015251411125064,1006.5999755859375],[-1.191406399011612,43.0152237508446,1006.2000122070312],[-1.1914240010082722,43.01518779247999,1006],[-1.1914436984807253,43.015154683962464,1005.5999755859375],[-1.1914604622870684,43.015120066702366,1005.2000122070312],[-1.191472951322794,43.015083437785506,1005],[-1.1914801597595215,43.015044713392854,1004.7999877929688],[-1.1914872005581856,43.01500825211406,1004.4000244140625],[-1.1914992704987526,43.01497313193977,1004.4000244140625],[-1.1915213149040937,43.014940274879336,1004.2000122070312],[-1.1915434431284666,43.01490875892341,1004],[-1.1915535852313042,43.014872716739774,1003.4000244140625],[-1.191555680707097,43.014835668727756,1002.7999877929688],[-1.1915564350783825,43.01480121910572,1002.5999755859375],[-1.191561296582222,43.01476836204529,1002.4000244140625],[-1.1915717739611864,43.01473625935614,1002.2000122070312],[-1.191585436463356,43.014704743400216,1001.7999877929688],[-1.1915990989655256,43.01467507146299,1001.4000244140625],[-1.191611923277378,43.014647075906396,1001],[-1.1916230712085962,43.0146209243685,1000.7999877929688],[-1.1916320398449898,43.014598125591874,1000.5999755859375],[-1.1916401702910662,43.014579098671675,1000.5999755859375],[-1.1916460376232862,43.014561580494046,1000.4000244140625],[-1.19164377450943,43.014536602422595,1000.4000244140625],[-1.1916444450616837,43.0145104508847,1000.2000122070312],[-1.1916520725935698,43.0144811142236,1000],[-1.1916753742843866,43.01444884389639,1000],[-1.1917080637067556,43.014413472265005,999.5999755859375],[-1.191742429509759,43.014376759529114,998.7999877929688],[-1.191775370389223,43.014344573020935,997.5999755859375],[-1.1918015219271183,43.014314817264676,996.7999877929688],[-1.191816357895732,43.01428506150842,996.7999877929688],[-1.1918156035244465,43.014257065951824,996.7999877929688],[-1.19180747307837,43.01423275843263,996.5999755859375],[-1.1917970795184374,43.01421197131276,996.5999755859375],[-1.1917845904827118,43.01419177092612,996.5999755859375],[-1.1917720176279545,43.014174504205585,996.5999755859375],[-1.191759193316102,43.014162350445986,996.4000244140625],[-1.1917463690042496,43.01414852030575,996.4000244140625],[-1.1917331255972385,43.01412488333881,996.2000122070312],[-1.1917170323431492,43.01409613341093,995.7999877929688],[-1.191697670146823,43.014067551121116,995.5999755859375],[-1.1916747875511646,43.01404232159257,995],[-1.1916452832520008,43.01402170211077,994.4000244140625],[-1.1916159465909004,43.01400376483798,994],[-1.1915862746536732,43.01398314535618,993.5999755859375],[-1.1915550101548433,43.013961520045996,992.7999877929688],[-1.1915311217308044,43.01394425332546,992.5999755859375],[-1.1915123462677002,43.01392707042396,992],[-1.1915013659745455,43.01391173154116,991.5999755859375],[-1.191491223871708,43.01389463245869,991.4000244140625],[-1.191489715129137,43.01386881619692,991],[-1.1914845183491707,43.0138402339071,990.5999755859375],[-1.19147764518857,43.013814836740494,990],[-1.191472616046667,43.01378583535552,989.5999755859375],[-1.1914559360593557,43.01375540904701,989.2000122070312],[-1.1914183013141155,43.01372607238591,988.5999755859375],[-1.191377229988575,43.01369606517255,988.2000122070312],[-1.19135158136487,43.01366773433983,988],[-1.1913366615772247,43.01363663747907,987.5999755859375],[-1.1913293693214655,43.01360746845603,987],[-1.1913353204727173,43.01357855089009,986],[-1.1913460493087769,43.013542173430324,985.7999877929688],[-1.1913578677922487,43.01350235939026,985.4000244140625],[-1.191358957439661,43.013469502329826,984.7999877929688],[-1.1913668364286423,43.01343630999327,984.2000122070312],[-1.1913597118109465,43.013405464589596,983],[-1.191341271623969,43.01337202079594,982.5999755859375],[-1.191338673233986,43.01335433498025,982.4000244140625],[-1.1913364939391613,43.01332851871848,982],[-1.191326268017292,43.013298176229,981.7999877929688],[-1.1913139466196299,43.013261212036014,981],[-1.1913058161735535,43.01322290673852,980.4000244140625],[-1.1913061514496803,43.013187954202294,980],[-1.191310342401266,43.01315635442734,979.4000244140625],[-1.1913115996867418,43.013124419376254,979],[-1.1913094203919172,43.01308284513652,978.7999877929688],[-1.1913034692406654,43.01304168999195,978],[-1.191285364329815,43.013003300875425,977.7999877929688],[-1.19126264937222,43.01297136582434,977.4000244140625],[-1.191237922757864,43.01294487901032,977.2000122070312],[-1.1912181414663792,43.01292199641466,977],[-1.1912129446864128,43.01289953291416,977],[-1.1912163812667131,43.012870447710156,976.5999755859375],[-1.1912286188453436,43.012837590649724,976.2000122070312],[-1.191242365166545,43.01280372776091,976],[-1.1912530940026045,43.01277045160532,975.4000244140625],[-1.1912657506763935,43.01273784600198,975.2000122070312],[-1.1912734620273113,43.01270658150315,975],[-1.1912765633314848,43.01268151961267,974.7999877929688],[-1.1912822630256414,43.0126609839499,974.4000244140625],[-1.1912814248353243,43.0126438010484,974.2000122070312],[-1.1912783235311508,43.01263064146042,974],[-1.1912854481488466,43.01261169835925,973.7999877929688],[-1.1912940815091133,43.01260080188513,973.5999755859375],[-1.1913138628005981,43.01258680410683,973.4000244140625],[-1.1913369130343199,43.01257439889014,973],[-1.1913655791431665,43.012556713074446,972.7999877929688],[-1.191393993794918,43.01253290846944,972.4000244140625],[-1.1914107576012611,43.01250893622637,972],[-1.1914212349802256,43.01248412579298,971.2000122070312],[-1.1914338078349829,43.01245780661702,970.7999877929688],[-1.1914499010890722,43.01243433728814,970.4000244140625],[-1.1914610490202904,43.0124104488641,970.2000122070312],[-1.1914740409702063,43.01238245330751,969.4000244140625],[-1.1914895474910736,43.01235353574157,968.5999755859375],[-1.1915078200399876,43.01232839003205,968.4000244140625],[-1.19151771068573,43.01230383105576,967.7999877929688],[-1.1915184650570154,43.012283043935895,967],[-1.1915149446576834,43.012261502444744,966.4000244140625],[-1.1915188003331423,43.01224029622972,966.2000122070312],[-1.1915284395217896,43.01222235895693,966.2000122070312],[-1.1915398389101028,43.01220810972154,965.4000244140625],[-1.1915470473468304,43.012195620685816,964.7999877929688],[-1.1915500648319721,43.01218028180301,964.5999755859375],[-1.1915514897555113,43.0121585726738,964.4000244140625],[-1.1915528308600187,43.01214071922004,964],[-1.1915537528693676,43.012121357023716,963.4000244140625],[-1.191555093973875,43.01210291683674,962.7999877929688],[-1.1915599554777145,43.012082464993,962.4000244140625],[-1.1915613804012537,43.01206444390118,961.5999755859375],[-1.19155484251678,43.0120496917516,961.4000244140625],[-1.1915510706603527,43.012027479708195,960.7999877929688],[-1.191556267440319,43.011999148875475,960.4000244140625],[-1.1915682535618544,43.01197458989918,959.7999877929688],[-1.1915814131498337,43.011951791122556,959.2000122070312],[-1.191592812538147,43.01192656159401,958.7999877929688],[-1.191608402878046,43.011899488046765,957.7999877929688],[-1.1916162818670273,43.01187828183174,957.4000244140625],[-1.191621394827962,43.0118580814451,956.4000244140625],[-1.1916279327124357,43.01183276809752,955.2000122070312],[-1.191620472818613,43.011802760884166,954.4000244140625],[-1.191611085087061,43.01177644170821,953.7999877929688],[-1.191615778952837,43.011750457808375,953.5999755859375],[-1.1916274297982454,43.01171927712858,953],[-1.191655844449997,43.01169362850487,952.5999755859375],[-1.1916888691484928,43.011671332642436,951.7999877929688],[-1.1917199660092592,43.01165280863643,951.2000122070312],[-1.191751565784216,43.011636128649116,950.4000244140625],[-1.1917910445481539,43.01162053830922,949.4000244140625],[-1.1918330378830433,43.011614587157965,948.7999877929688],[-1.191872013732791,43.011620454490185,948.4000244140625],[-1.1919074691832066,43.01162749528885,947.7999877929688],[-1.1919307708740234,43.01164023578167,947.5999755859375],[-1.191960945725441,43.011648785322905,946.5999755859375],[-1.1919893603771925,43.01166404038668,946.2000122070312],[-1.1920135840773582,43.011678121984005,946],[-1.1920479498803616,43.01169002428651,945.5999755859375],[-1.1920791305601597,43.011702094227076,944.7999877929688],[-1.1920953914523125,43.01171064376831,944.4000244140625],[-1.1921203695237637,43.01171408034861,944],[-1.192132942378521,43.011715253815055,943],[-1.1921668890863657,43.01171307452023,942.4000244140625],[-1.1922015063464642,43.01171634346247,942],[-1.192243080586195,43.011721624061465,941.4000244140625],[-1.192274009808898,43.01172346808016,941],[-1.192304939031601,43.01173394545913,940.4000244140625],[-1.1923393048346043,43.01174107007682,939.2000122070312],[-1.1923828907310963,43.0117507930845,939],[-1.1924365349113941,43.01176227629185,938.7999877929688],[-1.192497555166483,43.01177023909986,938.4000244140625],[-1.192572070285678,43.011770490556955,938.2000122070312],[-1.1926304921507835,43.01175515167415,937.5999755859375],[-1.192669551819563,43.01173310726881,936.7999877929688],[-1.1927081923931837,43.01169748418033,936],[-1.1927382834255695,43.011656664311886,935.4000244140625],[-1.1927576456218958,43.0116125755012,935],[-1.192764351144433,43.01155507564545,934.5999755859375],[-1.1927589029073715,43.0115126632154,934.2000122070312],[-1.1927558854222298,43.01148089580238,933.5999755859375],[-1.1927548795938492,43.01143613643944,933.4000244140625],[-1.1927560530602932,43.011400094255805,933.2000122070312],[-1.1927576456218958,43.01136505790055,933],[-1.1927520297467709,43.01133429631591,932.7999877929688],[-1.1927364394068718,43.01130613312125,932.5999755859375],[-1.1927109584212303,43.011275036260486,931.4000244140625],[-1.1926781851798296,43.01123924553394,931.4000244140625],[-1.1926475912332535,43.01120881922543,930.5999755859375],[-1.1926039215177298,43.011171352118254,930],[-1.1925622634589672,43.0111360643059,929.5999755859375],[-1.1925230361521244,43.01110127940774,929.4000244140625],[-1.1924849823117256,43.01106758415699,929.2000122070312],[-1.192443910986185,43.01103640347719,929],[-1.1923963855952024,43.01099566742778,928.7999877929688],[-1.1923667136579752,43.010966749861836,928.2000122070312],[-1.19234056212008,43.01092869602144,928],[-1.1923293303698301,43.01089575514197,927.7999877929688],[-1.1923182662576437,43.01086591556668,927.7999877929688],[-1.1923056095838547,43.010854348540306,927.7999877929688],[-1.1923033464699984,43.010850911960006,927.7999877929688],[-1.1923033464699984,43.010850911960006,927.7999877929688],[-1.1923033464699984,43.010850911960006,928],[-1.1923033464699984,43.010850911960006,928],[-1.1923033464699984,43.010850911960006,928],[-1.1923033464699984,43.010850911960006,928],[-1.1923033464699984,43.010850911960006,927.7999877929688],[-1.1923033464699984,43.010850911960006,927.7999877929688],[-1.1923033464699984,43.010850911960006,927.7999877929688],[-1.1923033464699984,43.010850911960006,927.7999877929688],[-1.1923033464699984,43.010850911960006,927.7999877929688],[-1.1923033464699984,43.010850911960006,927.7999877929688],[-1.1923033464699984,43.010850911960006,927.5999755859375],[-1.1923033464699984,43.010850911960006,927.5999755859375],[-1.1923033464699984,43.010850911960006,927.4000244140625],[-1.1923033464699984,43.010850911960006,927.4000244140625],[-1.1923033464699984,43.010850911960006,927.4000244140625],[-1.1923033464699984,43.010850911960006,927.2000122070312],[-1.1923033464699984,43.010850911960006,927.2000122070312],[-1.1923033464699984,43.010850911960006,927.2000122070312],[-1.1923033464699984,43.010850911960006,927],[-1.1923033464699984,43.010850911960006,927],[-1.1923033464699984,43.010850911960006,927],[-1.1923033464699984,43.010850911960006,927],[-1.1923033464699984,43.010850911960006,927],[-1.1923033464699984,43.010850911960006,927],[-1.1923033464699984,43.010850911960006,927],[-1.1923033464699984,43.010850911960006,927],[-1.1923033464699984,43.010850911960006,927],[-1.1923033464699984,43.010850911960006,927],[-1.1923033464699984,43.010850911960006,927],[-1.1923033464699984,43.010850911960006,927],[-1.1923033464699984,43.010850911960006,927],[-1.1923033464699984,43.010850911960006,927],[-1.1923033464699984,43.010850911960006,927],[-1.1923033464699984,43.010850911960006,927],[-1.1923033464699984,43.010850911960006,926.7999877929688],[-1.1923033464699984,43.010850911960006,926.7999877929688],[-1.1923033464699984,43.010850911960006,926.7999877929688],[-1.1923033464699984,43.010850911960006,926.7999877929688],[-1.1923033464699984,43.010850911960006,926.7999877929688],[-1.1923033464699984,43.010850911960006,926.7999877929688],[-1.1923033464699984,43.010850911960006,926.7999877929688],[-1.1922996584326029,43.01084487698972,926.7999877929688],[-1.1922935396432877,43.01083439961076,926.7999877929688],[-1.192287253215909,43.010820569470525,926.7999877929688],[-1.1922787874937057,43.01080673933029,926.7999877929688],[-1.1922740936279297,43.010794753208756,926.5999755859375],[-1.1922747641801834,43.010774133726954,926.5999755859375],[-1.1922727525234222,43.01076055504382,926.2000122070312],[-1.1922647897154093,43.01074814982712,926],[-1.1922549828886986,43.0107303801924,925.7999877929688],[-1.1922409012913704,43.010711185634136,925.7999877929688],[-1.192222461104393,43.010685201734304,925.5999755859375],[-1.1921988241374493,43.010653518140316,925.5999755859375],[-1.1921775341033936,43.01061353646219,925.2000122070312],[-1.1921634525060654,43.010575734078884,924.7999877929688],[-1.1921699903905392,43.01054337993264,924.5999755859375],[-1.1921799648553133,43.010519156232476,924.4000244140625],[-1.1921864189207554,43.01049476489425,924.2000122070312],[-1.1921870056539774,43.010470205917954,924.4000244140625],[-1.1921910289674997,43.010450676083565,924.4000244140625],[-1.1921932082623243,43.01042762584984,924.4000244140625],[-1.19220569729805,43.01040885038674,924.7999877929688],[-1.192213660106063,43.010401306673884,925],[-1.1922222096472979,43.01038688980043,925.2000122070312],[-1.1922281607985497,43.01037666387856,925.4000244140625],[-1.1922326032072306,43.01037037745118,925.5999755859375],[-1.1922326032072306,43.01037037745118,926],[-1.1922326032072306,43.01037037745118,926.2000122070312],[-1.1922326032072306,43.01037037745118,926.2000122070312],[-1.1922326032072306,43.01037037745118,926.2000122070312],[-1.1922326032072306,43.01037037745118,926.2000122070312],[-1.1922326032072306,43.01037037745118,926.2000122070312],[-1.1922326032072306,43.01037037745118,926.4000244140625],[-1.1922326032072306,43.01037037745118,926.4000244140625],[-1.1922326032072306,43.01037037745118,926.4000244140625],[-1.1922326032072306,43.01037037745118,926.5999755859375],[-1.1922326032072306,43.01037037745118,926.5999755859375],[-1.1922326032072306,43.01037037745118,926.5999755859375],[-1.1922326032072306,43.01037037745118,926.5999755859375],[-1.1922278255224228,43.010372975841165,926.5999755859375],[-1.1922170966863632,43.01037473604083,926.5999755859375],[-1.1922130733728409,43.010374987497926,926.7999877929688],[-1.1922093015164137,43.01037339493632,926.7999877929688],[-1.1922038532793522,43.01036828197539,927],[-1.1922007519751787,43.01036627031863,927],[-1.1921895202249289,43.010354870930314,927.2000122070312],[-1.192173007875681,43.010354368016124,927.4000244140625],[-1.1921690683811903,43.01035428419709,927.7999877929688],[-1.1921690683811903,43.01035428419709,928],[-1.1921690683811903,43.01035428419709,928.2000122070312],[-1.1921690683811903,43.01035428419709,928.2000122070312],[-1.1921690683811903,43.01035428419709,928.2000122070312],[-1.1921690683811903,43.01035428419709,928.2000122070312],[-1.1921690683811903,43.01035428419709,928.2000122070312],[-1.1921690683811903,43.01035428419709,928.2000122070312],[-1.1921690683811903,43.01035428419709,928.2000122070312],[-1.1921690683811903,43.01035428419709,928.4000244140625],[-1.1921690683811903,43.01035428419709,928.4000244140625],[-1.1921690683811903,43.01035428419709,928.4000244140625],[-1.1921690683811903,43.01035428419709,928.4000244140625],[-1.1921690683811903,43.01035428419709,928.4000244140625],[-1.1921690683811903,43.01035428419709,928.4000244140625],[-1.1921690683811903,43.01035428419709,928.4000244140625],[-1.1921624466776848,43.010356379672885,928.4000244140625],[-1.19215146638453,43.01035260781646,928.4000244140625],[-1.1921416595578194,43.0103418789804,928.4000244140625],[-1.1921352054923773,43.0103315692395,928.4000244140625],[-1.192136462777853,43.01032871939242,929],[-1.192136462777853,43.01032871939242,929.2000122070312],[-1.192136462777853,43.01032871939242,929.4000244140625],[-1.1921349540352821,43.01032352261245,929.4000244140625],[-1.1921365465968847,43.01032109186053,929.5999755859375],[-1.1921365465968847,43.01032109186053,929.5999755859375],[-1.1921365465968847,43.01032109186053,929.5999755859375],[-1.192132607102394,43.010315308347344,929.5999755859375],[-1.1921383906155825,43.010302567854524,929.5999755859375],[-1.1921510472893715,43.010284546762705,929.5999755859375],[-1.1921655479818583,43.01026820205152,929.5999755859375],[-1.1921867541968822,43.01024825312197,929.5999755859375],[-1.1922076251357794,43.01022570580244,929.5999755859375],[-1.1922243889421225,43.0102089419961,929.4000244140625],[-1.1922456789761782,43.01019620150328,929.4000244140625],[-1.1922657117247581,43.010187819600105,929.4000244140625],[-1.1922949645668268,43.01018111407757,929.4000244140625],[-1.1923185177147388,43.01017541438341,929.4000244140625],[-1.1923341918736696,43.010169295594096,929.4000244140625],[-1.1923527158796787,43.01016208715737,929.4000244140625],[-1.1923757661134005,43.01015010103583,929.4000244140625],[-1.1923919431865215,43.01013727672398,929.4000244140625],[-1.1924130655825138,43.0101225245744,929.4000244140625],[-1.1924363672733307,43.01010358147323,929.4000244140625],[-1.1924541369080544,43.01008363254368,929.4000244140625],[-1.1924617644399405,43.01006988622248,929.4000244140625],[-1.1924628540873528,43.01005865447223,929.4000244140625],[-1.192464279010892,43.01004725508392,929.5999755859375],[-1.1924664583057165,43.01004147157073,929.5999755859375],[-1.1924669612199068,43.010037364438176,929.5999755859375],[-1.1924716550856829,43.01002831198275,929.5999755859375],[-1.1924753431230783,43.01002487540245,929.5999755859375],[-1.19247836060822,43.0100207682699,929.5999755859375],[-1.1924848146736622,43.01001414656639,929.7999877929688],[-1.1924973875284195,43.01000685431063,930],[-1.1925066076219082,43.009996712207794,930],[-1.1925224494189024,43.009984474629164,930],[-1.1925357766449451,43.00998187623918,930],[-1.192552288994193,43.00997533835471,930],[-1.1925712320953608,43.009965028613806,930],[-1.1925852298736572,43.00995513796806,929.7999877929688],[-1.192597383633256,43.0099515337497,929.7999877929688],[-1.192616829648614,43.00994901917875,929.7999877929688],[-1.1926385387778282,43.0099462531507,929.7999877929688],[-1.1926563922315836,43.00994675606489,929.5999755859375],[-1.1926775146275759,43.00994424149394,929.2000122070312],[-1.192694865167141,43.009940050542355,928.7999877929688],[-1.1927182506769896,43.009930243715644,928.5999755859375],[-1.1927391216158867,43.00992068834603,928.2000122070312],[-1.192752281203866,43.00991582684219,927.5999755859375],[-1.192752281203866,43.00991582684219,927.5999755859375],[-1.192752281203866,43.00991582684219,927.5999755859375],[-1.192759908735752,43.00991398282349,927.4000244140625],[-1.1927788518369198,43.00991331227124,927.5999755859375],[-1.1927933525294065,43.00991180352867,927.5999755859375],[-1.1927981302142143,43.00991104915738,927.5999755859375],[-1.1928066797554493,43.0099081993103,927.5999755859375],[-1.19283651933074,43.00989679992199,927.5999755859375],[-1.1928635090589523,43.009889675304294,927.5999755859375],[-1.1928979586809874,43.0098825506866,927.4000244140625],[-1.1929239425808191,43.009875677526,927.2000122070312],[-1.1929448135197163,43.009868720546365,926.7999877929688],[-1.1929627507925034,43.009859500452876,926.2000122070312],[-1.1929907463490963,43.00984441302717,925.5999755859375],[-1.193021759390831,43.00984458066523,925],[-1.1930493358522654,43.00984315574169,924.4000244140625],[-1.1930816899985075,43.00983586348593,924],[-1.1931298859417439,43.00982287153602,923.5999755859375],[-1.193201970309019,43.00981683656573,922.5999755859375],[-1.1932619009166956,43.009804263710976,921.7999877929688],[-1.1933416966348886,43.009797809645534,920.7999877929688],[-1.1934015434235334,43.00979864783585,920],[-1.1934436205774546,43.00979906693101,919.7999877929688],[-1.1935079097747803,43.00979973748326,919.5999755859375],[-1.193562475964427,43.00979127176106,919.4000244140625],[-1.1935899686068296,43.00978263840079,919.4000244140625],[-1.1936279386281967,43.009772496297956,919.4000244140625],[-1.1936847679316998,43.00975179299712,919.4000244140625],[-1.193749476224184,43.00974190235138,919.5999755859375],[-1.1938134301453829,43.00973712466657,919.5999755859375],[-1.1938849277794361,43.00972773693502,919.5999755859375],[-1.1939321178942919,43.009718684479594,919.5999755859375],[-1.1939902044832706,43.00970611162484,919.7999877929688],[-1.1940266657620668,43.00969563424587,920.4000244140625],[-1.194066982716322,43.00968272611499,920.7999877929688],[-1.1941136699169874,43.00966177135706,921.2000122070312],[-1.1941551603376865,43.00964852795005,921.4000244140625],[-1.1942026019096375,43.00963151268661,921.5999755859375],[-1.1942576710134745,43.00960913300514,921.5999755859375],[-1.1943285819143057,43.009588764980435,921.5999755859375],[-1.1943899374455214,43.00957719795406,921.4000244140625],[-1.1944564897567034,43.00956663675606,921.2000122070312],[-1.194518432021141,43.00955465063453,920.7999877929688],[-1.1945955455303192,43.00954224541783,920.2000122070312],[-1.1946704797446728,43.00952606834471,919.4000244140625],[-1.1947594955563545,43.009509639814496,919.2000122070312],[-1.1948340106755495,43.00950050354004,918.7999877929688],[-1.1949257086962461,43.00946110859513,918.5999755859375],[-1.1950057558715343,43.009450044482946,918.7999877929688],[-1.1950630880892277,43.009441662579775,918.7999877929688],[-1.1950991302728653,43.00943252630532,918.7999877929688],[-1.1951495055109262,43.009422132745385,919],[-1.195169873535633,43.009417187422514,919.2000122070312],[-1.1952014733105898,43.0094092246145,919.4000244140625],[-1.195232905447483,43.00939170643687,919.5999755859375],[-1.1952727194875479,43.009363459423184,919.5999755859375],[-1.1953013855963945,43.009350802749395,920],[-1.1953232623636723,43.009335631504655,920],[-1.195364585146308,43.009325405582786,920.4000244140625],[-1.1953987833112478,43.00931551493704,920.7999877929688],[-1.1954344902187586,43.009305791929364,921],[-1.1954556964337826,43.00929741002619,921.2000122070312],[-1.1954774893820286,43.00927293486893,921.4000244140625],[-1.195488553494215,43.0092606972903,921.7999877929688],[-1.1955158784985542,43.00924586132169,921.7999877929688],[-1.1955382581800222,43.009242843836546,922],[-1.1955738812685013,43.0092329531908,922.7999877929688],[-1.1955991946160793,43.00922540947795,923],[-1.1956265196204185,43.00921535119414,923.2000122070312],[-1.1956507433205843,43.00920629873872,923.2000122070312],[-1.1956738773733377,43.00920252688229,923.4000244140625],[-1.1957018729299307,43.0091969948262,923.5999755859375],[-1.1957168765366077,43.00919523462653,923.5999755859375],[-1.1957171279937029,43.00919900648296,924],[-1.195721486583352,43.00919867120683,924.4000244140625],[-1.1957343108952045,43.009196827188134,924.5999755859375],[-1.1957514099776745,43.009192887693644,924.5999755859375],[-1.1957709398120642,43.00918634980917,924.5999755859375],[-1.1958327144384384,43.009170424193144,924.7999877929688],[-1.1958733666688204,43.00916246138513,924.7999877929688],[-1.1959091573953629,43.00915081053972,924.7999877929688],[-1.1959619633853436,43.00913790240884,924.5999755859375],[-1.1959990113973618,43.00912725739181,924.5999755859375],[-1.1960444413125515,43.009110409766436,924.5999755859375],[-1.1960839200764894,43.00909649580717,924.5999755859375],[-1.1961218900978565,43.00907260738313,924.5999755859375],[-1.1961465328931808,43.009054670110345,924.7999877929688],[-1.1961857602000237,43.00903581082821,925.4000244140625],[-1.1962235625833273,43.009021393954754,925.5999755859375],[-1.1962571740150452,43.009010162204504,925.7999877929688],[-1.1962945573031902,43.008992644026875,925.7999877929688],[-1.196335880085826,43.00897319801152,926],[-1.196369156241417,43.00896255299449,926],[-1.1964285839349031,43.00894537009299,926],[-1.1964891012758017,43.00892642699182,926],[-1.1965414881706238,43.00891284830868,926],[-1.1965992394834757,43.008892983198166,925.5999755859375],[-1.1966563202440739,43.00886683166027,925.4000244140625],[-1.1966942064464092,43.00884872674942,925.4000244140625],[-1.1967362836003304,43.00882869400084,925],[-1.1967812944203615,43.0088066495955,925],[-1.1968142352998257,43.00879407674074,924.7999877929688],[-1.196862431243062,43.0087754689157,924.7999877929688],[-1.196900149807334,43.0087514128536,924.7999877929688],[-1.1969516146928072,43.00873372703791,924.5999755859375],[-1.1970001459121704,43.00872232764959,924.5999755859375],[-1.1970475036650896,43.00870263017714,924.2000122070312],[-1.1971004772931337,43.0086805857718,924],[-1.1971621681004763,43.008648147806525,923.7999877929688],[-1.1972297262400389,43.008623253554106,923.5999755859375],[-1.1972858011722565,43.00860506482422,922.7999877929688],[-1.197352521121502,43.00858285278082,922.4000244140625],[-1.1974141281098127,43.00855695270002,921.4000244140625],[-1.197471208870411,43.008526945486665,920.4000244140625],[-1.1975043173879385,43.00850808620453,920.2000122070312],[-1.1975525971502066,43.00848235376179,919.2000122070312],[-1.1975850351154804,43.00846399739385,919],[-1.1976173892617226,43.008451759815216,918],[-1.1976563651114702,43.00844153389335,917.7999877929688],[-1.1977043095976114,43.00842552445829,917.4000244140625],[-1.197759797796607,43.008404737338424,917],[-1.1978105921298265,43.008385291323066,916.5999755859375],[-1.1978579498827457,43.008364671841264,916.4000244140625],[-1.1979172099381685,43.00834069959819,916],[-1.197981582954526,43.00832292996347,916],[-1.1980343889445066,43.008313961327076,915],[-1.1980962473899126,43.00831069238484,914.4000244140625],[-1.1981671582907438,43.008311530575156,913.7999877929688],[-1.1982192937284708,43.00830524414778,913.4000244140625],[-1.1982485465705395,43.0082920845598,913],[-1.1982788052409887,43.00826660357416,912.5999755859375],[-1.1983166076242924,43.00823927856982,911.7999877929688],[-1.198342926800251,43.00822712481022,911.5999755859375],[-1.1983957327902317,43.008209858089685,911],[-1.198438061401248,43.00818756222725,910.4000244140625],[-1.1984799709171057,43.00816660746932,910.2000122070312],[-1.1985483672469854,43.008130146190524,909.5999755859375],[-1.1986016761511564,43.00810265354812,909.2000122070312],[-1.198639227077365,43.008084297180176,907.5999755859375],[-1.1986934579908848,43.00805990584195,906.5999755859375],[-1.1987422406673431,43.00804045982659,906.2000122070312],[-1.1987754330039024,43.008025120943785,905.2000122070312],[-1.1988162528723478,43.00800525583327,904.7999877929688],[-1.1988382134586573,43.00799410790205,904.7999877929688],[-1.1988654546439648,43.00798044539988,904.2000122070312],[-1.198906609788537,43.00796192139387,904],[-1.1989553924649954,43.00794959999621,903.2000122070312],[-1.1990169156342745,43.00793493166566,902],[-1.199076259508729,43.0079189222306,901.4000244140625],[-1.199122192338109,43.0078845564276,900],[-1.1991671193391085,43.00783585757017,898.7999877929688],[-1.1992185842245817,43.0077875778079,898.4000244140625],[-1.199287986382842,43.007726054638624,897.4000244140625],[-1.1993320751935244,43.00768967717886,897],[-1.1993764154613018,43.00765397027135,896.7999877929688],[-1.1994215101003647,43.00761214457452,896.5999755859375],[-1.1994688678532839,43.00757501274347,896.5999755859375],[-1.1995129566639662,43.00754165276885,896.2000122070312],[-1.1995575483888388,43.00750502385199,895.5999755859375],[-1.1995941773056984,43.007465209811926,895.5999755859375],[-1.1996392719447613,43.00742573104799,895.2000122070312],[-1.199691155925393,43.00738960504532,895],[-1.1997427884489298,43.007357167080045,894.2000122070312],[-1.199804563075304,43.0073250643909,893.7999877929688],[-1.1998364143073559,43.00728575326502,893.4000244140625],[-1.1998696066439152,43.00723772495985,893.2000122070312],[-1.1998981889337301,43.00721660256386,893],[-1.1999365780502558,43.00720486789942,891.7999877929688],[-1.1999918147921562,43.007199838757515,891.2000122070312],[-1.2000771425664425,43.00719564780593,891.2000122070312],[-1.2001374084502459,43.00718969665468,891.2000122070312],[-1.2001924775540829,43.00718626007438,891],[-1.2002432718873024,43.00717452540994,890.5999755859375],[-1.2002985086292028,43.0071625392884,890.4000244140625],[-1.2003535777330399,43.00714300945401,890],[-1.2004154361784458,43.00711752846837,890],[-1.2004702538251877,43.00709456205368,889.7999877929688],[-1.2005265802145004,43.00707947462797,889.4000244140625],[-1.2005663942545652,43.00707050599158,889.4000244140625],[-1.2006232235580683,43.00706187263131,888.4000244140625],[-1.2006876803934574,43.0070642195642,888.2000122070312],[-1.2007452640682459,43.00705776549876,888],[-1.2007999140769243,43.00704033114016,888],[-1.2008457630872726,43.0070348829031,888],[-1.2008763570338488,43.007045192644,888],[-1.200911309570074,43.00704712048173,888],[-1.2009506206959486,43.00704770721495,888.2000122070312],[-1.2009849026799202,43.00705114379525,888.2000122070312],[-1.2010096292942762,43.00705592148006,888.4000244140625],[-1.2010277342051268,43.007057094946504,888.4000244140625],[-1.2010545562952757,43.00705675967038,888.4000244140625],[-1.2010950408875942,43.007051814347506,888.4000244140625],[-1.2011279817670584,43.00704946741462,888.4000244140625],[-1.2011605873703957,43.00705164670944,888.2000122070312],[-1.201215237379074,43.007054161280394,888],[-1.2012643553316593,43.00704804249108,887.4000244140625],[-1.2013154849410057,43.007038151845336,886.4000244140625],[-1.2013701349496841,43.00702951848507,885.5999755859375],[-1.2014240305870771,43.00701434724033,885.4000244140625],[-1.2014690414071083,43.00699532032013,885.2000122070312],[-1.2015046644955873,43.00697394646704,885],[-1.2015402875840664,43.006955087184906,884.5999755859375],[-1.2015837896615267,43.00694008357823,884.5999755859375],[-1.2016258668154478,43.00692650489509,884.4000244140625],[-1.2016562931239605,43.00690161064267,884.2000122070312],[-1.2016736436635256,43.006872525438666,884.2000122070312],[-1.2016874738037586,43.006851486861706,884.2000122070312],[-1.2017079256474972,43.006838243454695,884.2000122070312],[-1.2017339933663607,43.00682860426605,884.2000122070312],[-1.201764838770032,43.00681611523032,884],[-1.2017981987446547,43.006796250119805,884],[-1.201826361939311,43.006782084703445,883.5999755859375],[-1.2018468137830496,43.006765488535166,883.4000244140625],[-1.2018674332648516,43.00675140693784,883.4000244140625],[-1.20188201777637,43.006738079711795,883],[-1.201897356659174,43.00672458484769,882.7999877929688],[-1.2019119411706924,43.006707737222314,882.7999877929688],[-1.2019292078912258,43.00670086406171,882.5999755859375],[-1.2019472289830446,43.00669575110078,882.4000244140625],[-1.201962735503912,43.00668703392148,882.4000244140625],[-1.2019728776067495,43.00667488016188,882],[-1.2019932456314564,43.006665743887424,881.7999877929688],[-1.2020220793783665,43.00664210692048,881.5999755859375],[-1.2020623963326216,43.006617883220315,881.4000244140625],[-1.2021048925817013,43.0065858643502,881],[-1.2021406833082438,43.00655183382332,880],[-1.2021820060908794,43.00653356127441,879.5999755859375],[-1.2022126838564873,43.006513277068734,879.4000244140625],[-1.2022515758872032,43.00649902783334,879.2000122070312],[-1.202284013852477,43.006481593474746,878.7999877929688],[-1.202304046601057,43.00647430121899,878.5999755859375],[-1.202325588092208,43.006468852981925,878.2000122070312],[-1.2023488897830248,43.006461979821324,878],[-1.2023773044347763,43.006455106660724,877.7999877929688],[-1.2024178728461266,43.006464913487434,877.5999755859375],[-1.2024178728461266,43.006464913487434,877.2000122070312],[-1.2024586088955402,43.00647304393351,876.4000244140625],[-1.2025330401957035,43.00646214745939,875.4000244140625],[-1.2025708425790071,43.00644219852984,875.2000122070312],[-1.2026120815426111,43.00642409361899,875.2000122070312],[-1.2026554998010397,43.00640992820263,875],[-1.2026973254978657,43.00639391876757,874.7999877929688],[-1.202738732099533,43.00637279637158,874.7999877929688],[-1.2027809768915176,43.00634656101465,874.4000244140625],[-1.202816516160965,43.006324684247375,874.2000122070312],[-1.202843924984336,43.006306076422334,873.7999877929688],[-1.202863035723567,43.00628922879696,873.7999877929688],[-1.20287979952991,43.006274309009314,873.7999877929688],[-1.2029070407152176,43.00626039505005,873.7999877929688],[-1.2029370479285717,43.00624480471015,873.7999877929688],[-1.2029699888080359,43.00623348914087,874.2000122070312],[-1.203003516420722,43.006225023418665,874.5999755859375],[-1.2030399776995182,43.00622049719095,874.5999755859375],[-1.203085659071803,43.00620323047042,874.5999755859375],[-1.2031196057796478,43.00619409419596,874.7999877929688],[-1.2031548097729683,43.00618437118828,874.5999755859375],[-1.2031944561749697,43.0061696190387,874.5999755859375],[-1.2032207753509283,43.006162997335196,874.5999755859375],[-1.2032452505081892,43.00615386106074,874.4000244140625],[-1.2032693065702915,43.006141036748886,874.4000244140625],[-1.203294787555933,43.00612226128578,874.4000244140625],[-1.2033303268253803,43.006115136668086,874.4000244140625],[-1.2033762596547604,43.00611354410648,874.4000244140625],[-1.2034170795232058,43.006112119182944,874.4000244140625],[-1.203448846936226,43.00611337646842,874.4000244140625],[-1.203495617955923,43.00610541366041,874.4000244140625],[-1.2035248707979918,43.00609485246241,874.5999755859375],[-1.203549848869443,43.006092086434364,874.5999755859375],[-1.2035794369876385,43.0060800164938,874.5999755859375],[-1.2036104500293732,43.00607590936124,874.5999755859375],[-1.203634086996317,43.00607959739864,874.4000244140625],[-1.203687060624361,43.00605537369847,874.4000244140625],[-1.2037242762744427,43.006045650690794,874.4000244140625],[-1.2037503439933062,43.0060366820544,874.4000244140625],[-1.2037737295031548,43.006029138341546,874.4000244140625],[-1.2037939298897982,43.00602192990482,874.4000244140625],[-1.2038153875619173,43.00601623021066,874.4000244140625],[-1.203836677595973,43.00601162016392,874.4000244140625],[-1.2038564588874578,43.0060057528317,874.4000244140625],[-1.2038743123412132,43.0060023162514,874.4000244140625],[-1.2038825266063213,43.006000807508826,874.5999755859375],[-1.2038825266063213,43.006000807508826,874.5999755859375],[-1.2038825266063213,43.006000807508826,874.5999755859375],[-1.2038825266063213,43.006000807508826,874.5999755859375],[-1.2038930039852858,43.005994856357574,874.7999877929688],[-1.2039118632674217,43.005982702597976,874.7999877929688],[-1.2039169762283564,43.00598161295056,874.7999877929688],[-1.2039169762283564,43.00598161295056,875],[-1.2039169762283564,43.00598161295056,875],[-1.2039169762283564,43.00598161295056,875.2000122070312],[-1.2039169762283564,43.00598161295056,875.2000122070312],[-1.2039169762283564,43.00598161295056,875.4000244140625],[-1.2039169762283564,43.00598161295056,875.4000244140625],[-1.203926783055067,43.00596870481968,875.4000244140625],[-1.203930303454399,43.005968537181616,875.4000244140625],[-1.203930303454399,43.005968537181616,875.4000244140625],[-1.203936841338873,43.00596736371517,875.4000244140625],[-1.2039544433355331,43.005966609343886,875.4000244140625],[-1.203958299010992,43.00596619024873,875.2000122070312],[-1.203958299010992,43.00596619024873,875.2000122070312],[-1.2039673514664173,43.0059605743736,875.2000122070312],[-1.2039706204086542,43.005958227440715,875.2000122070312],[-1.2039706204086542,43.005958227440715,875.2000122070312],[-1.2039706204086542,43.005958227440715,875.2000122070312],[-1.2039706204086542,43.005958227440715,875.2000122070312],[-1.2039706204086542,43.005958227440715,875.4000244140625],[-1.2039717938750982,43.00595789216459,875.5999755859375],[-1.203977158293128,43.005956215783954,875.7999877929688],[-1.2039870489388704,43.00594775006175,875.7999877929688],[-1.203998951241374,43.005935763940215,876],[-1.204010434448719,43.00592679530382,876],[-1.2040229234844446,43.00591791048646,876.2000122070312],[-1.20402661152184,43.00591598264873,876.2000122070312],[-1.2040353287011385,43.005913803353906,876.2000122070312],[-1.2040591333061457,43.00591103732586,876.4000244140625],[-1.2040697783231735,43.00589980557561,876.4000244140625],[-1.2040754780173302,43.005885975435376,876.4000244140625],[-1.2040783278644085,43.00588329322636,876.5999755859375],[-1.2040783278644085,43.00588329322636,876.5999755859375],[-1.2040783278644085,43.00588329322636,876.5999755859375],[-1.2040828540921211,43.00587994046509,876.7999877929688],[-1.2040860392153263,43.00587801262736,877],[-1.2040860392153263,43.00587801262736,877],[-1.20408964343369,43.00587776117027,877.2000122070312],[-1.2041060719639063,43.0058762524277,877.2000122070312],[-1.2041254341602325,43.005874240770936,877.2000122070312],[-1.20415267534554,43.00586560741067,877.2000122070312],[-1.2041838560253382,43.005857560783625,877.2000122070312],[-1.2042154558002949,43.005856554955244,876.7999877929688],[-1.2042395118623972,43.00586074590683,876.5999755859375],[-1.20426457375288,43.005860075354576,876.2000122070312],[-1.204293742775917,43.00584800541401,875.5999755859375],[-1.204323498532176,43.005832666531205,874.7999877929688],[-1.204341184347868,43.005821853876114,874.5999755859375],[-1.2043564394116402,43.005813136696815,874.4000244140625],[-1.2043748795986176,43.00580366514623,874.4000244140625],[-1.204390972852707,43.00578991882503,874.4000244140625],[-1.2044097483158112,43.0057758372277,873.7999877929688],[-1.2044272664934397,43.005758402869105,873.5999755859375],[-1.2044429406523705,43.005749601870775,873.4000244140625],[-1.2044727802276611,43.00574239343405,873],[-1.2044757138937712,43.00574105232954,872.5999755859375],[-1.2044757138937712,43.00574105232954,872.2000122070312],[-1.2044757138937712,43.00574105232954,872],[-1.2044757138937712,43.00574105232954,871.7999877929688],[-1.2044757138937712,43.00574105232954,871.4000244140625],[-1.204482251778245,43.00574239343405,871.2000122070312],[-1.2045023683458567,43.00574599765241,871],[-1.2045277655124664,43.0057345982641,870.7999877929688],[-1.2045460380613804,43.0057277251035,870.4000244140625],[-1.2045631371438503,43.005716828629375,869.7999877929688],[-1.204586522653699,43.00570450723171,869.2000122070312],[-1.2046030350029469,43.005686569958925,868.5999755859375],[-1.2046317011117935,43.00566729158163,867.7999877929688],[-1.2046592775732279,43.00564348697662,867.5999755859375],[-1.2046809028834105,43.00561482086778,867.4000244140625],[-1.20469163171947,43.00559436902404,867.4000244140625],[-1.2046926375478506,43.00557525828481,867.2000122070312],[-1.2046897038817406,43.00555841065943,867.2000122070312],[-1.204676628112793,43.00554323941469,867],[-1.2046612054109573,43.00552228465676,866.7999877929688],[-1.2046485487371683,43.005497977137566,866.7999877929688],[-1.2046441063284874,43.00547777675092,866.7999877929688],[-1.2046591937541962,43.00546235404909,867],[-1.2046823278069496,43.0054425727576,867],[-1.2047079764306545,43.005428994074464,867],[-1.2047348823398352,43.005411475896835,867],[-1.204753490164876,43.005391862243414,866],[-1.2047671526670456,43.00537124276161,865.5999755859375],[-1.2047796417027712,43.005348443984985,865.4000244140625],[-1.2047974113374949,43.00532924942672,865],[-1.2048202101141214,43.00531315617263,864.7999877929688],[-1.2048428412526846,43.00529530271888,864.5999755859375],[-1.2048586830496788,43.00527107901871,864.5999755859375],[-1.204873351380229,43.00524442456663,864.4000244140625],[-1.204895144328475,43.00521760247648,864],[-1.2049105670303106,43.005193546414375,864],[-1.2049189489334822,43.00517032854259,863.7999877929688],[-1.2049214635044336,43.005148619413376,863.7999877929688],[-1.204913416877389,43.005128586664796,863.7999877929688],[-1.204899251461029,43.00510729663074,863.7999877929688],[-1.2048782128840685,43.00508583895862,863.7999877929688],[-1.204847451299429,43.00505884923041,863.5999755859375],[-1.2048119958490133,43.00503496080637,863.4000244140625],[-1.2047766242176294,43.005007300525904,863.2000122070312],[-1.2047389894723892,43.004979472607374,863],[-1.204704623669386,43.00495524890721,862.4000244140625],[-1.2046660669147968,43.00493152812123,862.4000244140625],[-1.204630946740508,43.00490948371589,862.2000122070312],[-1.2046028673648834,43.004889115691185,862.2000122070312],[-1.204578811302781,43.00487084314227,862],[-1.204564729705453,43.00485223531723,861.7999877929688],[-1.2045563478022814,43.00483069382608,861.5999755859375],[-1.204547043889761,43.00481158308685,861.5999755859375],[-1.2045420985668898,43.004795741289854,861.5999755859375],[-1.2045395001769066,43.0047897901386,861.5999755859375],[-1.2045395001769066,43.0047897901386,861.5999755859375],[-1.2045395001769066,43.0047897901386,861.5999755859375],[-1.2045395001769066,43.0047897901386,861.7999877929688],[-1.2045395001769066,43.0047897901386,861.7999877929688],[-1.2045395001769066,43.0047897901386,861.7999877929688],[-1.2045395001769066,43.0047897901386,861.7999877929688],[-1.2045395001769066,43.0047897901386,861.7999877929688],[-1.2045395001769066,43.0047897901386,861.5999755859375],[-1.2045395001769066,43.0047897901386,861.5999755859375],[-1.2045395001769066,43.0047897901386,861.5999755859375],[-1.2045301962643862,43.00478249788284,861.5999755859375],[-1.204529944807291,43.00477998331189,861.5999755859375],[-1.204529944807291,43.00477998331189,861.5999755859375],[-1.204520557075739,43.00477998331189,861.5999755859375],[-1.2045086547732353,43.004782078787684,861.5999755859375],[-1.2044918071478605,43.00477839075029,861.4000244140625],[-1.2044897954910994,43.00477562472224,861.4000244140625],[-1.2044897954910994,43.00477562472224,861.2000122070312],[-1.2044897954910994,43.00477562472224,861.2000122070312],[-1.2044897954910994,43.00477562472224,861],[-1.2044897954910994,43.00477562472224,861],[-1.2044897954910994,43.00477562472224,861],[-1.2044897954910994,43.00477562472224,861],[-1.2044897954910994,43.00477562472224,860.7999877929688],[-1.2044796533882618,43.0047673266381,860.7999877929688],[-1.2044675834476948,43.00475659780204,860.7999877929688],[-1.2044546753168106,43.004743438214064,860.7999877929688],[-1.2044447008520365,43.00472910515964,860.5999755859375],[-1.2044356483966112,43.00471108406782,860.5999755859375],[-1.2044302839785814,43.00469390116632,860.5999755859375],[-1.2044349778443575,43.00467537716031,860.5999755859375],[-1.2044395040720701,43.0046690069139,860.5999755859375],[-1.2044329661875963,43.0046637263149,860.7999877929688],[-1.2044207286089659,43.00464604049921,861],[-1.2044140230864286,43.004627181217074,861],[-1.2044095806777477,43.004608573392034,861],[-1.2044049706310034,43.00458636134863,861],[-1.2043981812894344,43.00456456840038,861.2000122070312],[-1.2043913081288338,43.004544619470835,861],[-1.2043778132647276,43.00452819094062,861],[-1.2043531704694033,43.00450966693461,861],[-1.2043236661702394,43.00449994392693,861],[-1.204285528510809,43.00449508242309,860.5999755859375],[-1.2042468041181564,43.00447982735932,860],[-1.2042170483618975,43.004452753812075,859.4000244140625],[-1.2041946686804295,43.004418555647135,858.4000244140625],[-1.204174468293786,43.00437874160707,858],[-1.204155944287777,43.0043373350054,857.5999755859375],[-1.2041453830897808,43.004293916746974,856.5999755859375],[-1.2041396833956242,43.00425074994564,856.4000244140625],[-1.2041385937482119,43.00421118736267,856.4000244140625],[-1.2041292060166597,43.00417413935065,856.4000244140625],[-1.204121494665742,43.00414999946952,856.4000244140625],[-1.20411260984838,43.00413440912962,856.2000122070312],[-1.20409794151783,43.004114627838135,856.2000122070312],[-1.2040846981108189,43.00408638082445,856.2000122070312],[-1.2040721252560616,43.004052098840475,856],[-1.2040646653622389,43.0040146317333,855.5999755859375],[-1.2040544394403696,43.00398311577737,855.5999755859375],[-1.204045806080103,43.00395118072629,855.5999755859375],[-1.204044045880437,43.00392301753163,855.5999755859375],[-1.2040381785482168,43.00389904528856,855.7999877929688],[-1.204029880464077,43.00387398339808,856],[-1.2040292099118233,43.00384917296469,856.2000122070312],[-1.204023091122508,43.00383240915835,856.4000244140625],[-1.2040147930383682,43.00382914021611,856.4000244140625],[-1.203994257375598,43.00381673499942,856.4000244140625],[-1.2039645854383707,43.003799971193075,856.4000244140625],[-1.2039272859692574,43.00377516075969,856.4000244140625],[-1.2038857117295265,43.003745740279555,856.2000122070312],[-1.2038459815084934,43.003712967038155,855.7999877929688],[-1.2038083467632532,43.00367851741612,855.5999755859375],[-1.2037817761301994,43.00364289432764,855],[-1.2037744838744402,43.00361590459943,855],[-1.2037741485983133,43.00359981134534,854.7999877929688],[-1.2037738133221865,43.00359243527055,854.7999877929688],[-1.2037738133221865,43.00359243527055,855],[-1.2037738133221865,43.00359243527055,855],[-1.2037738133221865,43.00359243527055,855],[-1.2037738133221865,43.00359243527055,855],[-1.2037738133221865,43.00359243527055,855],[-1.2037738133221865,43.00359243527055,855],[-1.2037738133221865,43.00359243527055,855],[-1.2037738133221865,43.00359243527055,855],[-1.2037738133221865,43.00359243527055,855],[-1.2037738133221865,43.00359243527055,855],[-1.2037738133221865,43.00359243527055,855],[-1.2037738133221865,43.00359243527055,855],[-1.2037738133221865,43.00359243527055,855.2000122070312],[-1.2037738133221865,43.00359243527055,855.2000122070312],[-1.2037728913128376,43.00358681939542,855.2000122070312],[-1.2037738133221865,43.003572737798095,855.2000122070312],[-1.2037712149322033,43.0035603325814,855.2000122070312],[-1.203767443075776,43.00354759208858,855.2000122070312],[-1.2037675268948078,43.003525296226144,855.2000122070312],[-1.203773058950901,43.00349922850728,855.2000122070312],[-1.203781021758914,43.00346788018942,855],[-1.2037887331098318,43.00343334674835,854.7999877929688],[-1.203793091699481,43.00340359099209,854.4000244140625],[-1.2037967797368765,43.00337601453066,854.2000122070312],[-1.203799545764923,43.003350868821144,854.2000122070312],[-1.203809855505824,43.00331700593233,854.2000122070312],[-1.203818153589964,43.00328356213868,854],[-1.2038288824260235,43.00325162708759,853.5999755859375],[-1.203846987336874,43.00322354771197,853.5999755859375],[-1.203854950144887,43.003195468336344,853.4000244140625],[-1.2038615718483925,43.003164203837514,853.2000122070312],[-1.2038759887218475,43.00313654355705,853],[-1.2039039004594088,43.00310159102082,852.5999755859375],[-1.2039254419505596,43.0030663870275,852.4000244140625],[-1.2039426248520613,43.00302757881582,852.2000122070312],[-1.2039603106677532,43.00298374146223,852],[-1.2039801757782698,43.002946777269244,851],[-1.2040069978684187,43.002903359010816,850.7999877929688],[-1.204024013131857,43.00286681391299,850.5999755859375],[-1.2040196545422077,43.00281744450331,850.5999755859375],[-1.2040277849882841,43.00277930684388,850.5999755859375],[-1.204031640663743,43.002752820029855,850.5999755859375],[-1.2040442135185003,43.00272130407393,850.5999755859375],[-1.2040657550096512,43.002695068717,850.7999877929688],[-1.2040805909782648,43.00266983918846,851],[-1.2041007075458765,43.002642933279276,851],[-1.204130630940199,43.002620385959744,851.2000122070312],[-1.2041655834764242,43.002598928287625,851.2000122070312],[-1.204196009784937,43.002574034035206,851.4000244140625],[-1.204209253191948,43.00254779867828,851.4000244140625],[-1.2042172998189926,43.00252231769264,851.4000244140625],[-1.2042326387017965,43.002482671290636,851.2000122070312],[-1.204241020604968,43.00245635211468,851.2000122070312],[-1.2042505759745836,43.00241603516042,851.2000122070312],[-1.2042566947638988,43.00237974151969,851],[-1.204268429428339,43.00234604626894,851],[-1.204282008111477,43.00231981091201,850.7999877929688],[-1.2042961735278368,43.00229365937412,851],[-1.2043093331158161,43.00226893275976,851],[-1.204320564866066,43.00224537961185,851.2000122070312],[-1.2043311260640621,43.002221658825874,851.4000244140625],[-1.2043366581201553,43.002205146476626,851.5999755859375],[-1.2043410167098045,43.00217983312905,851.7999877929688],[-1.204352080821991,43.002158710733056,852],[-1.2043746281415224,43.00213658250868,852.2000122070312],[-1.204398600384593,43.00212283618748,853],[-1.204423075541854,43.00211101770401,853.5999755859375],[-1.2044488918036222,43.00210414454341,854],[-1.2044715229421854,43.002099031582475,854.4000244140625],[-1.204508738592267,43.00209190696478,854.7999877929688],[-1.2045358959585428,43.002090733498335,855.2000122070312],[-1.2045793142169714,43.00208863802254,855],[-1.204606220126152,43.002083441242576,855],[-1.2046356406062841,43.002077573910356,855.2000122070312],[-1.2046446092426777,43.00207044929266,855.2000122070312],[-1.2046572659164667,43.0020546913147,855.2000122070312],[-1.2046747002750635,43.00204060971737,855.2000122070312],[-1.2047101557254791,43.00202317535877,855.2000122070312],[-1.2047447729855776,43.00201923586428,855.4000244140625],[-1.204762877896428,43.00202636048198,855.4000244140625],[-1.2047745287418365,43.00203390419483,855.5999755859375],[-1.2047745287418365,43.00203390419483,855.7999877929688],[-1.2047745287418365,43.00203390419483,855.7999877929688],[-1.2047745287418365,43.00203390419483,855.7999877929688],[-1.2047745287418365,43.00203390419483,855.7999877929688],[-1.2047731038182974,43.002034490928054,855.7999877929688],[-1.2047701701521873,43.002036502584815,855.7999877929688],[-1.2047701701521873,43.002036502584815,855.7999877929688],[-1.2047701701521873,43.002036502584815,855.5999755859375],[-1.2047701701521873,43.002036502584815,855.5999755859375],[-1.2047701701521873,43.002036502584815,855.5999755859375],[-1.2047744449228048,43.002033149823546,855.4000244140625],[-1.2047781329602003,43.00203046761453,855.4000244140625],[-1.2047781329602003,43.00203046761453,855.4000244140625],[-1.2047781329602003,43.00203046761453,855.4000244140625],[-1.2047781329602003,43.00203046761453,855.2000122070312],[-1.2047783844172955,43.002031641080976,855.2000122070312],[-1.2047875206917524,43.00203775987029,855],[-1.2048030272126198,43.002047734335065,854.7999877929688],[-1.2048233952373266,43.00206181593239,854.7999877929688],[-1.204848289489746,43.002076987177134,854.7999877929688],[-1.2048765365034342,43.002093164250255,854.7999877929688],[-1.2049064598977566,43.00210791639984,855],[-1.2049429211765528,43.00212241709232,855],[-1.2049777898937464,43.0021390132606,855.2000122070312],[-1.2050130777060986,43.00215410068631,855.2000122070312],[-1.2050443422049284,43.00216617062688,855.5999755859375],[-1.2050779536366463,43.00217698328197,855.7999877929688],[-1.205113073810935,43.002188466489315,855.7999877929688],[-1.2051430810242891,43.00220204517245,856.2000122070312],[-1.2051709927618504,43.002214366570115,856.4000244140625],[-1.2051986530423164,43.00222819671035,856.5999755859375],[-1.2052131537348032,43.002246553078294,857.5999755859375],[-1.205209381878376,43.002275386825204,857.5999755859375],[-1.2051954679191113,43.00230740569532,857.7999877929688],[-1.2051771115511656,43.00234059803188,858],[-1.2051620241254568,43.002375634387136,858.2000122070312],[-1.2051539774984121,43.00241100601852,858.4000244140625],[-1.205152217298746,43.002445958554745,858.7999877929688],[-1.2051551509648561,43.002478647977114,859.2000122070312],[-1.2051582522690296,43.00250890664756,859.2000122070312],[-1.205161353573203,43.00253698602319,859.4000244140625],[-1.2051676400005817,43.00256003625691,860],[-1.2051756028085947,43.00258090719581,860.2000122070312],[-1.2051856610924006,43.002598928287625,860.5999755859375],[-1.205196138471365,43.002617452293634,860.7999877929688],[-1.2052066158503294,43.00263773649931,861],[-1.2052129860967398,43.00266019999981,861.2000122070312],[-1.2052168417721987,43.002683920785785,861.4000244140625],[-1.2052217032760382,43.00270579755306,861.5999755859375],[-1.205225894227624,43.002722980454564,861.7999877929688],[-1.2052308395504951,43.00274318084121,862],[-1.2052357848733664,43.002765057608485,862.2000122070312],[-1.2052404787391424,43.0027883592993,862.4000244140625],[-1.2052445020526648,43.00280780531466,862.5999755859375],[-1.205248860642314,43.00283211283386,862.7999877929688],[-1.2052522134035826,43.00286002457142,863],[-1.205254141241312,43.00288223661482,863.2000122070312],[-1.2052577454596758,43.00290344282985,863.4000244140625],[-1.2052616011351347,43.0029231403023,863.5999755859375],[-1.2052636966109276,43.002942921593785,863.7999877929688],[-1.2052635289728642,43.00296379253268,864],[-1.2052635289728642,43.00298474729061,864.2000122070312],[-1.2052645348012447,43.003002097830176,864.2000122070312],[-1.2052660435438156,43.00301877781749,864.5999755859375],[-1.2052662950009108,43.00303654745221,864.5999755859375],[-1.2052641995251179,43.003056328743696,865],[-1.2052640318870544,43.00307460129261,865.2000122070312],[-1.2052657082676888,43.00309421494603,865.5999755859375],[-1.205266546458006,43.00311215221882,865.7999877929688],[-1.2052660435438156,43.00312925130129,865.7999877929688],[-1.2052647024393082,43.00314676947892,866.2000122070312],[-1.2052633613348007,43.00316386856139,866.4000244140625],[-1.2052620202302933,43.00318247638643,866.5999755859375],[-1.2052647024393082,43.003202844411135,866.7999877929688],[-1.2052672170102596,43.00322664901614,867.2000122070312],[-1.2052728328853846,43.00325045362115,867.4000244140625],[-1.2052739225327969,43.003269312903285,867.5999755859375],[-1.2052733357995749,43.003287920728326,868],[-1.205274760723114,43.00330577418208,868.2000122070312],[-1.2052737548947334,43.003322118893266,868.4000244140625],[-1.205277442932129,43.003340642899275,868.5999755859375],[-1.2052793707698584,43.00335807725787,868.7999877929688],[-1.2052772752940655,43.00337601453066,869],[-1.2052750121802092,43.00339403562248,869.2000122070312],[-1.2052750121802092,43.00341063179076,869.4000244140625],[-1.2052715755999088,43.00343091599643,869.5999755859375],[-1.2052670493721962,43.00345120020211,869.7999877929688],[-1.2052611820399761,43.003469640389085,870.2000122070312],[-1.2052564043551683,43.003483302891254,870.4000244140625],[-1.205258583649993,43.00349688157439,870.5999755859375],[-1.205257074907422,43.00351398065686,870.7999877929688],[-1.2052598409354687,43.003526888787746,871.2000122070312],[-1.2052660435438156,43.0035362765193,871.4000244140625],[-1.2052789516746998,43.00354138948023,871.4000244140625],[-1.2052995711565018,43.00353887490928,871.4000244140625],[-1.205321028828621,43.00353107973933,871.4000244140625],[-1.2053449172526598,43.003522949293256,871.4000244140625],[-1.2053724937140942,43.00351624377072,871.4000244140625],[-1.2053993996232748,43.00350501202047,871.4000244140625],[-1.2054268084466457,43.003493528813124,871.4000244140625],[-1.2054528761655092,43.003485314548016,871.4000244140625],[-1.2054734118282795,43.00348028540611,871.4000244140625],[-1.205493863672018,43.00347559154034,871.4000244140625],[-1.2055132258683443,43.0034723225981,871.2000122070312],[-1.205533342435956,43.003474585711956,871.2000122070312],[-1.205553961917758,43.00347953103483,871.2000122070312],[-1.2055729050189257,43.00348397344351,871.2000122070312],[-1.2055883277207613,43.003487242385745,871.2000122070312],[-1.2056062649935484,43.003492187708616,871.2000122070312],[-1.2056299019604921,43.00349528901279,871.4000244140625],[-1.2056454923003912,43.00350308418274,871.4000244140625],[-1.2056612502783537,43.00350962206721,871.4000244140625],[-1.2056752480566502,43.00351574085653,871.4000244140625],[-1.2056931853294373,43.003514651209116,871.5999755859375],[-1.2057153973728418,43.003516998142004,871.7999877929688],[-1.2057361844927073,43.00352018326521,872],[-1.205752193927765,43.00352169200778,872.2000122070312],[-1.2057688739150763,43.00352185964584,872.5999755859375],[-1.205785134807229,43.003523452207446,872.7999877929688],[-1.2058043293654919,43.00352621823549,873],[-1.205824026837945,43.00352739170194,873.4000244140625],[-1.2058438081294298,43.003531666472554,873.7999877929688],[-1.205859063193202,43.00353728234768,873.7999877929688],[-1.2058754079043865,43.00354206003249,874],[-1.2058894895017147,43.00354759208858,874.2000122070312],[-1.205906756222248,43.003549855202436,874.4000244140625],[-1.2059240229427814,43.00355429761112,874.4000244140625],[-1.2059404514729977,43.003562428057194,874.5999755859375],[-1.2059578020125628,43.00356712192297,874.7999877929688],[-1.2059751525521278,43.003571312874556,874.7999877929688],[-1.205989234149456,43.003577096387744,874.7999877929688],[-1.2059987895190716,43.00358380191028,875],[-1.2060076743364334,43.00359645858407,875.2000122070312],[-1.2060182355344296,43.003613725304604,875.4000244140625],[-1.2060267850756645,43.003626046702266,875.7999877929688],[-1.2060354184359312,43.00363937392831,875.7999877929688],[-1.2060428783297539,43.00365261733532,876.2000122070312],[-1.2060471531003714,43.00366636365652,876.4000244140625],[-1.2060443870723248,43.00368094816804,876.7999877929688],[-1.2060453090816736,43.003695448860526,877.2000122070312],[-1.2060511764138937,43.00371380522847,877.4000244140625],[-1.2060588877648115,43.00373802892864,877.4000244140625],[-1.2060603965073824,43.0037553794682,877.5999755859375],[-1.2060669343918562,43.003770131617785,877.7999877929688],[-1.2060757353901863,43.00377935171127,878],[-1.2060800939798355,43.00378245301545,878.4000244140625],[-1.2060829438269138,43.00379661843181,878.4000244140625],[-1.206101132556796,43.00381137058139,878.5999755859375],[-1.2061184830963612,43.00382905639708,878.5999755859375],[-1.2061249371618032,43.003840958699584,878.7999877929688],[-1.2061336543411016,43.00386073999107,879.2000122070312],[-1.2061525974422693,43.00387741997838,879.4000244140625],[-1.2061640806496143,43.00388907082379,879.5999755859375],[-1.2061693612486124,43.00389778800309,879.5999755859375],[-1.2061691097915173,43.0039110314101,879.7999877929688],[-1.2061795871704817,43.00392528064549,879.7999877929688],[-1.206187717616558,43.00394338555634,880.2000122070312],[-1.2061904836446047,43.003965178504586,880.4000244140625],[-1.2061959318816662,43.00397858954966,880.4000244140625],[-1.2062002066522837,43.00399954430759,880.7999877929688],[-1.2062022183090448,43.00401085987687,881],[-1.2062038946896791,43.00401723012328,881.4000244140625],[-1.2062095943838358,43.00401899032295,881.5999755859375],[-1.2062206584960222,43.004027204588056,881.7999877929688],[-1.2062365002930164,43.00403583794832,881.7999877929688],[-1.2062558624893427,43.0040492489934,882],[-1.206269022077322,43.004054529592395,882],[-1.2062873784452677,43.004062827676535,882.2000122070312],[-1.2063111830502748,43.00407581962645,882.4000244140625],[-1.206318475306034,43.0040888953954,882.5999755859375],[-1.2063266895711422,43.00410029478371,882.7999877929688],[-1.2063301261514425,43.00411043688655,882.7999877929688],[-1.206335574388504,43.00411990843713,883],[-1.2063444592058659,43.00412904471159,883.4000244140625],[-1.206360049545765,43.004132648929954,883.5999755859375],[-1.2063779029995203,43.0041335709393,883.7999877929688],[-1.2063939962536097,43.00413633696735,883.7999877929688],[-1.2064094189554453,43.00413675606251,883.7999877929688],[-1.2064225785434246,43.00413507968187,884],[-1.206435738131404,43.004133235663176,884],[-1.2064537592232227,43.004130218178034,884],[-1.2064776476472616,43.00412569195032,884],[-1.2065020389854908,43.00412552431226,884],[-1.206525508314371,43.00412175245583,884],[-1.2065460439771414,43.004117561504245,884],[-1.2065674178302288,43.00410574302077,884],[-1.2065908871591091,43.00409333780408,884],[-1.206616535782814,43.00408470444381,884],[-1.2066389992833138,43.00407774746418,884],[-1.2066602893173695,43.00406978465617,884.4000244140625],[-1.206681914627552,43.00406266003847,884.4000244140625],[-1.206704042851925,43.00405729562044,884.5999755859375],[-1.2067292723804712,43.004054529592395,884.5999755859375],[-1.2067526578903198,43.004050673916936,884.7999877929688],[-1.2067765463143587,43.00405033864081,884.7999877929688],[-1.2068002671003342,43.00403969362378,885],[-1.2068267539143562,43.004030054435134,885],[-1.2068575154989958,43.004021337255836,885],[-1.2068896181881428,43.00401521846652,885],[-1.2069235648959875,43.004008093848825,885],[-1.206957260146737,43.004005914554,885],[-1.2069933023303747,43.00400599837303,885],[-1.2070275843143463,43.00400507636368,885],[-1.2070600222796202,43.00399895757437,885],[-1.2070902809500694,43.003988564014435,885],[-1.2071227189153433,43.003976326435804,885],[-1.20715725235641,43.00395553931594,885],[-1.2071808893233538,43.003938775509596,885],[-1.2072061188519,43.003914719447494,885],[-1.207225900143385,43.003895189613104,885],[-1.2072429154068232,43.00387943163514,885],[-1.2072590924799442,43.00386870279908,885.2000122070312],[-1.2072760239243507,43.00385336391628,885.2000122070312],[-1.2072947155684233,43.00384121015668,885.5999755859375],[-1.2073134910315275,43.003826877102256,885.7999877929688],[-1.207334278151393,43.003811705857515,885.7999877929688],[-1.207355735823512,43.003797121346,886.2000122070312],[-1.2073780316859484,43.003783375024796,886.2000122070312],[-1.2073958851397038,43.00376803614199,886.4000244140625],[-1.2074115592986345,43.003751104697585,886.4000244140625],[-1.2074248027056456,43.00373425707221,886.5999755859375],[-1.2074362859129906,43.00371858291328,886.7999877929688],[-1.207450618967414,43.00369955599308,887],[-1.2074648682028055,43.00367935560644,887],[-1.2074798718094826,43.00365806557238,887],[-1.207491522654891,43.003638200461864,887],[-1.2075040116906166,43.00361456349492,887],[-1.2075178418308496,43.003597632050514,887],[-1.2075299955904484,43.00357902422547,887],[-1.2075375393033028,43.00356133840978,887.2000122070312],[-1.2075377069413662,43.00354373641312,887.4000244140625],[-1.2075375393033028,43.003522446379066,888],[-1.2075371202081442,43.003500401973724,888.4000244140625],[-1.2075385451316833,43.00347148440778,888.5999755859375],[-1.207540389150381,43.00345631316304,888.5999755859375],[-1.207543658092618,43.00343971699476,889],[-1.2075562309473753,43.00341951660812,889],[-1.2075699772685766,43.00339546054602,889.4000244140625],[-1.2075773533433676,43.003375846892595,889.5999755859375],[-1.207582214847207,43.00335908308625,889.5999755859375],[-1.2075848132371902,43.00333653576672,889.5999755859375],[-1.2075930275022984,43.003314323723316,889.5999755859375],[-1.2076014932245016,43.00329093821347,889.5999755859375],[-1.2076091207563877,43.00326948054135,889.5999755859375],[-1.2076256331056356,43.00324995070696,889.5999755859375],[-1.2076428160071373,43.00323058851063,889.7999877929688],[-1.2076578196138144,43.00321131013334,890],[-1.2076747510582209,43.00319538451731,890],[-1.2076990585774183,43.00317736342549,890.2000122070312],[-1.207721270620823,43.003167724236846,890.2000122070312],[-1.2077445723116398,43.00315531902015,890.2000122070312],[-1.207767454907298,43.00314282998443,890.4000244140625],[-1.2078008148819208,43.00312749110162,890.5999755859375],[-1.2078348454087973,43.00311282277107,890.7999877929688],[-1.2078683730214834,43.00310301594436,890.7999877929688],[-1.2079011462628841,43.00309463404119,891],[-1.207930650562048,43.003089521080256,891.2000122070312],[-1.2079561315476894,43.00307937897742,891.4000244140625],[-1.2079842947423458,43.00307082943618,891.7999877929688],[-1.208014553412795,43.0030663870275,892],[-1.2080462370067835,43.00306932069361,892.2000122070312],[-1.2080748192965984,43.00306772813201,892.4000244140625],[-1.2081101909279823,43.00305691547692,892.4000244140625],[-1.2081432156264782,43.003041576594114,892.5999755859375],[-1.2081702053546906,43.00303990021348,892.5999755859375],[-1.2081941775977612,43.00303537398577,892.5999755859375],[-1.208220161497593,43.003035206347704,892.7999877929688],[-1.208241619169712,43.00303654745221,893],[-1.2082748115062714,43.00304174423218,893.2000122070312],[-1.2082980293780565,43.003041576594114,893.2000122070312],[-1.208323510363698,43.00303587689996,893.4000244140625],[-1.2083496619015932,43.003040570765734,893.5999755859375],[-1.2083758134394884,43.003045516088605,893.7999877929688],[-1.208404479548335,43.00304476171732,893.7999877929688],[-1.2084327265620232,43.003048030659556,893.7999877929688],[-1.208457536995411,43.00305322743952,894],[-1.2084817606955767,43.003055322915316,894],[-1.2085054814815521,43.0030579213053,894.4000244140625],[-1.2085422780364752,43.00306429155171,894.5999755859375],[-1.208574129268527,43.00306672230363,894.7999877929688],[-1.2086040526628494,43.003066470846534,894.7999877929688],[-1.208632467314601,43.00306957215071,895],[-1.208664234727621,43.00306873396039,895],[-1.208694325760007,43.00306873396039,895.2000122070312],[-1.208725506439805,43.00306496210396,895.2000122070312],[-1.208750568330288,43.00306010060012,895.4000244140625],[-1.2087715230882168,43.00305155105889,895.5999755859375],[-1.208792980760336,43.003049204126,895.5999755859375],[-1.2088176235556602,43.003050377592444,895.5999755859375],[-1.2088433559983969,43.00305305980146,896],[-1.2088674120604992,43.003050461411476,896.4000244140625],[-1.2088938150554895,43.00304719246924,896.7999877929688],[-1.2089193798601627,43.00305205397308,897.2000122070312],[-1.2089456152170897,43.00305498763919,897.2000122070312],[-1.20897495187819,43.00305641256273,897.4000244140625],[-1.2090021092444658,43.003054317086935,897.5999755859375],[-1.2090258300304413,43.00305515527725,897.7999877929688],[-1.2090478744357824,43.00305649638176,898.2000122070312],[-1.2090735230594873,43.00305741839111,898.2000122070312],[-1.209098920226097,43.0030595138669,898.4000244140625],[-1.2091218028217554,43.00306077115238,898.4000244140625],[-1.2091462779790163,43.003066470846534,898.5999755859375],[-1.2091667298227549,43.00307032652199,898.7999877929688],[-1.2091850861907005,43.00307619385421,899],[-1.2092010956257582,43.00308524630964,899.2000122070312],[-1.2092222180217505,43.00309547223151,899.2000122070312],[-1.2092417478561401,43.00310980528593,899.4000244140625],[-1.2092658877372742,43.00312489271164,899.4000244140625],[-1.209283322095871,43.00313989631832,899.5999755859375],[-1.2092929612845182,43.003158420324326,899.7999877929688],[-1.209309808909893,43.00317727960646,899.7999877929688],[-1.2093241419643164,43.00319789908826,899.7999877929688],[-1.2093377206474543,43.00321977585554,900],[-1.209348114207387,43.00324022769928,900.2000122070312],[-1.2093588430434465,43.00326277501881,900.4000244140625],[-1.2093691527843475,43.003282556310296,900.5999755859375],[-1.2093773670494556,43.00330024212599,900.5999755859375],[-1.2093853298574686,43.00331708975136,900.5999755859375],[-1.209395807236433,43.00333561375737,900.5999755859375],[-1.20941081084311,43.0033549759537,900.5999755859375],[-1.2094268202781677,43.00337542779744,900.5999755859375],[-1.2094431649893522,43.003391940146685,900.7999877929688],[-1.2094676401466131,43.00340409390628,900.7999877929688],[-1.2095002457499504,43.00341515801847,900.7999877929688],[-1.2095294147729874,43.00342999398708,900.7999877929688],[-1.2095532193779945,43.00344726070762,901],[-1.2095727492123842,43.00346586853266,901.2000122070312],[-1.209594625979662,43.00348162651062,901.2000122070312],[-1.2096265610307455,43.00349000841379,901.4000244140625],[-1.2096615135669708,43.003496043384075,901.4000244140625],[-1.2096986453980207,43.00349813885987,901.4000244140625],[-1.2097350228577852,43.003492187708616,901.4000244140625],[-1.2097602523863316,43.00349378027022,901.4000244140625],[-1.20979193598032,43.00349579192698,901.2000122070312],[-1.209822529926896,43.003494115546346,901.2000122070312],[-1.2098545487970114,43.003487745299935,901.2000122070312],[-1.2098877411335707,43.003485817462206,901],[-1.2099145632237196,43.00347592681646,901],[-1.209941217675805,43.00346586853266,901],[-1.2099675368517637,43.003457402810454,901],[-1.2099955324083567,43.003452038392425,901],[-1.2100231926888227,43.0034464225173,901],[-1.2100494280457497,43.00344198010862,901.2000122070312],[-1.2100762501358986,43.003432424739,901.2000122070312],[-1.2101043295115232,43.00342379137874,901.4000244140625],[-1.2101309839636087,43.00341624766588,901.4000244140625],[-1.2101562973111868,43.003408536314964,901.4000244140625],[-1.2101855501532555,43.00340048968792,901.7999877929688],[-1.2102153059095144,43.00339504145086,901.7999877929688],[-1.210245145484805,43.00338992848992,902],[-1.2102686148136854,43.00338137894869,902.2000122070312],[-1.2102966103702784,43.00337852910161,902.2000122070312],[-1.2103265337646008,43.00338037312031,902.4000244140625],[-1.2103588040918112,43.00338355824351,902.5999755859375],[-1.2103866320103407,43.003380289301276,903],[-1.2104196567088366,43.0033843126148,903.2000122070312],[-1.210451340302825,43.00338531844318,903.4000244140625],[-1.2104811798781157,43.00338439643383,903.4000244140625],[-1.210509343072772,43.003385653719306,903.5999755859375],[-1.2105374224483967,43.00338632427156,903.5999755859375],[-1.2105687707662582,43.00338531844318,903.7999877929688],[-1.2105981912463903,43.003388000652194,904],[-1.2106306292116642,43.00338825210929,904.2000122070312],[-1.2106638215482235,43.003387581557035,904.2000122070312],[-1.2106958404183388,43.003388587385416,904.2000122070312],[-1.210733475163579,43.003390934318304,904.4000244140625],[-1.2107732892036438,43.00339235924184,904.4000244140625],[-1.2108172941952944,43.003394873812795,904.4000244140625],[-1.2108674179762602,43.003398729488254,904.4000244140625],[-1.2109240796416998,43.00340426154435,904.4000244140625],[-1.2109841778874397,43.003413481637836,904.2000122070312],[-1.2110457848757505,43.003425719216466,903.5999755859375],[-1.2111110799014568,43.00343879498541,903.4000244140625],[-1.21118257753551,43.00345086492598,902.7999877929688],[-1.2112536560744047,43.003464778885245,901.7999877929688],[-1.2113238126039505,43.00347785465419,901.4000244140625],[-1.2113901134580374,43.003478944301605,901.4000244140625],[-1.211451217532158,43.00347517244518,901.4000244140625],[-1.2115082144737244,43.00347466953099,901.4000244140625],[-1.211560182273388,43.00347433425486,901.5999755859375],[-1.2116153351962566,43.0034741666168,901.4000244140625],[-1.2116777803748846,43.00347324460745,901.5999755859375],[-1.2117441650480032,43.00346804782748,901.5999755859375],[-1.21182463131845,43.00346301868558,901.2000122070312],[-1.2119146529585123,43.00346368923783,900.7999877929688],[-1.212005177512765,43.003473496064544,900.2000122070312],[-1.2120882421731949,43.003483889624476,899.7999877929688],[-1.212166864424944,43.00347181968391,899.5999755859375],[-1.2122377753257751,43.00346737727523,899.4000244140625],[-1.2122981250286102,43.00348648801446,899.4000244140625],[-1.2123463209718466,43.00351439975202,899.4000244140625],[-1.212394181638956,43.003539964556694,899.4000244140625],[-1.212442209944129,43.003547340631485,899.4000244140625],[-1.21249258518219,43.003562511876225,899.5999755859375],[-1.2125356681644917,43.003567876294255,899.7999877929688],[-1.2125713750720024,43.00356142222881,900],[-1.2125990353524685,43.00354943610728,900],[-1.2126235105097294,43.00352621823549,900.2000122070312],[-1.2126316409558058,43.00352278165519,900.2000122070312],[-1.2126316409558058,43.00352278165519,900.4000244140625],[-1.2126316409558058,43.00352278165519,900.4000244140625],[-1.2126316409558058,43.00352278165519,900.4000244140625],[-1.2126316409558058,43.00352278165519,900.4000244140625],[-1.2126316409558058,43.00352278165519,900.4000244140625],[-1.2126316409558058,43.00352278165519,900.4000244140625],[-1.2126316409558058,43.00352278165519,900.4000244140625],[-1.2126316409558058,43.00352278165519,900.4000244140625],[-1.2126316409558058,43.00352278165519,900.4000244140625],[-1.2126316409558058,43.00352278165519,900.4000244140625],[-1.212634826079011,43.00351926125586,900.4000244140625],[-1.2126428727060556,43.00351255573332,900.4000244140625],[-1.2126469798386097,43.00351079553366,900.4000244140625],[-1.2126469798386097,43.00351079553366,900.2000122070312],[-1.2126469798386097,43.00351079553366,900.2000122070312],[-1.2126469798386097,43.00351079553366,900],[-1.2126469798386097,43.00351079553366,900],[-1.2126469798386097,43.00351079553366,900],[-1.2126469798386097,43.00351079553366,900],[-1.2126469798386097,43.00351079553366,899.7999877929688],[-1.2126469798386097,43.00351079553366,899.7999877929688],[-1.2126469798386097,43.00351079553366,899.7999877929688],[-1.2126469798386097,43.00351079553366,899.7999877929688],[-1.2126469798386097,43.00351079553366,899.7999877929688],[-1.2126469798386097,43.00351079553366,899.7999877929688],[-1.2126469798386097,43.00351079553366,899.5999755859375],[-1.2126469798386097,43.00351079553366,899.5999755859375],[-1.2126469798386097,43.00351079553366,899.5999755859375],[-1.2126469798386097,43.00351079553366,899.5999755859375],[-1.2126469798386097,43.00351079553366,899.5999755859375],[-1.2126469798386097,43.00351079553366,899.5999755859375],[-1.2126469798386097,43.00351079553366,899.5999755859375],[-1.2126496620476246,43.003510208800435,899.4000244140625],[-1.2126501649618149,43.003512639552355,899.4000244140625],[-1.2126501649618149,43.003512639552355,899.4000244140625],[-1.2126529309898615,43.00351104699075,899.4000244140625],[-1.2126511707901955,43.003508700057864,899.4000244140625],[-1.2126511707901955,43.003508700057864,899.4000244140625],[-1.2126511707901955,43.003508700057864,899.2000122070312],[-1.2126511707901955,43.003508700057864,899.2000122070312],[-1.2126511707901955,43.003508700057864,899.2000122070312],[-1.2126511707901955,43.003508700057864,899],[-1.2126511707901955,43.003508700057864,899],[-1.2126540206372738,43.00350459292531,899],[-1.2126644141972065,43.0034947860986,899],[-1.2126789148896933,43.003478022292256,899],[-1.2126924097537994,43.003456480801105,898.7999877929688],[-1.2127062398940325,43.00343225710094,898.5999755859375],[-1.2127188127487898,43.00340484827757,898.5999755859375],[-1.2127335648983717,43.00338054075837,898.4000244140625],[-1.212746137753129,43.00335464067757,898.4000244140625],[-1.2127583753317595,43.00332345999777,898.2000122070312],[-1.212775306776166,43.00329202786088,898.2000122070312],[-1.2128022126853466,43.003261936828494,898.2000122070312],[-1.2128255143761635,43.003230253234506,898.2000122070312],[-1.2128551863133907,43.003206783905625,898.4000244140625],[-1.2128820922225714,43.00319027155638,898.4000244140625],[-1.2129141949117184,43.00317225046456,898.4000244140625],[-1.2129525002092123,43.00315129570663,898.5999755859375],[-1.212982339784503,43.00312925130129,898.7999877929688],[-1.213002372533083,43.003109050914645,898.7999877929688],[-1.2130130175501108,43.00308817997575,898.7999877929688],[-1.2130165379494429,43.0030663870275,898.7999877929688],[-1.213023578748107,43.003039145842195,898.7999877929688],[-1.213028272613883,43.00301073119044,898.7999877929688],[-1.2130188010632992,43.00298164598644,898.7999877929688],[-1.2130094971507788,43.002955578267574,898.7999877929688],[-1.2130019534379244,43.002929762005806,899],[-1.2129937391728163,43.00290017388761,899],[-1.212989715859294,43.002869579941034,899.2000122070312],[-1.212988793849945,43.002836387604475,899.2000122070312],[-1.2129861116409302,43.00279858522117,899.4000244140625],[-1.2129951640963554,43.00275885500014,899.4000244140625],[-1.2130196392536163,43.002725411206484,899.4000244140625],[-1.2130554299801588,43.00269800238311,899.4000244140625],[-1.2130967527627945,43.00267545506358,899.5999755859375],[-1.2131384946405888,43.00265667960048,899.7999877929688],[-1.213182583451271,43.00264645367861,900],[-1.2132299412041903,43.0026400834322,900.4000244140625],[-1.2132772989571095,43.002638993784785,900.5999755859375],[-1.2133203819394112,43.0026400834322,900.5999755859375],[-1.2133599445223808,43.002635138109326,900.7999877929688],[-1.213399674743414,43.002632204443216,900.7999877929688],[-1.21343026868999,43.0026313662529,901],[-1.2134710047394037,43.002623319625854,901.4000244140625],[-1.213512159883976,43.002622397616506,901.5999755859375],[-1.2135622836649418,43.00262030214071,901.5999755859375],[-1.2135988287627697,43.00262122415006,901.5999755859375],[-1.2136460188776255,43.00262541510165,901.5999755859375],[-1.2136999145150185,43.0026382394135,901.5999755859375],[-1.2137378845363855,43.00264620222151,901.5999755859375],[-1.2137832306325436,43.002655087038875,901.4000244140625],[-1.2138312589377165,43.00266179256141,901.4000244140625],[-1.2138840649276972,43.002666402608156,901.2000122070312],[-1.213933601975441,43.00267201848328,901],[-1.2139791995286942,43.00267386250198,900.7999877929688],[-1.2140204384922981,43.00267428159714,900.7999877929688],[-1.2140579894185066,43.00267729908228,900.7999877929688],[-1.214102329686284,43.00268358550966,900.5999755859375],[-1.2141576502472162,43.002680987119675,900.5999755859375],[-1.2142029125243425,43.00266791135073,900.5999755859375],[-1.2142436485737562,43.00264846533537,900.5999755859375],[-1.214288743212819,43.0026295222342,900.5999755859375],[-1.2143257912248373,43.002615524455905,900.5999755859375],[-1.21437038294971,43.002603370696306,900.5999755859375],[-1.2144045811146498,43.00259658135474,900.5999755859375],[-1.2144402042031288,43.00258073955774,900.5999755859375],[-1.214474318549037,43.00256405957043,900.7999877929688],[-1.2145077623426914,43.00255081616342,900.7999877929688],[-1.2145369313657284,43.00253598019481,900.7999877929688],[-1.2145639210939407,43.00251787528396,900.7999877929688],[-1.2145845405757427,43.00249516032636,900.7999877929688],[-1.2146191578358412,43.002476803958416,900.5999755859375],[-1.2146541941910982,43.002462638542056,900.5999755859375],[-1.21468897908926,43.002437660470605,900.4000244140625],[-1.2147229257971048,43.002414694055915,900.4000244140625],[-1.2147577106952667,43.00239793024957,900.5999755859375],[-1.2147627398371696,43.00239533185959,900.4000244140625],[-1.2147627398371696,43.00239533185959,900.5999755859375],[-1.2147627398371696,43.00239533185959,900.7999877929688],[-1.2147627398371696,43.00239533185959,900.7999877929688],[-1.2147627398371696,43.00239533185959,900.7999877929688],[-1.2147627398371696,43.00239533185959,900.7999877929688],[-1.2147627398371696,43.00239533185959,900.7999877929688],[-1.214763829484582,43.002395583316684,900.7999877929688],[-1.2147625721991062,43.00239784643054,900.7999877929688],[-1.2147625721991062,43.00239784643054,900.7999877929688],[-1.2147625721991062,43.00239784643054,900.7999877929688],[-1.2147625721991062,43.00239784643054,900.7999877929688],[-1.2147625721991062,43.00239784643054,900.7999877929688],[-1.2147625721991062,43.00239784643054,900.7999877929688],[-1.2147625721991062,43.00239784643054,900.7999877929688],[-1.2147625721991062,43.00239784643054,900.7999877929688],[-1.2147625721991062,43.00239784643054,900.7999877929688],[-1.2147625721991062,43.00239784643054,900.7999877929688],[-1.2147625721991062,43.00239784643054,900.7999877929688],[-1.2147625721991062,43.00239784643054,900.7999877929688],[-1.2147625721991062,43.00239784643054,900.7999877929688],[-1.2147625721991062,43.00239784643054,900.7999877929688],[-1.2147659249603748,43.00240069627762,900.7999877929688],[-1.2147680204361677,43.00240321084857,900.7999877929688],[-1.2147680204361677,43.00240321084857,900.7999877929688],[-1.2147680204361677,43.00240321084857,900.7999877929688],[-1.2147641647607088,43.00240430049598,900.7999877929688],[-1.2147555314004421,43.00240321084857,900.7999877929688],[-1.2147512566298246,43.00240086391568,900.7999877929688],[-1.2147512566298246,43.00240086391568,900.7999877929688],[-1.2147512566298246,43.00240086391568,900.7999877929688],[-1.2147512566298246,43.00240086391568,900.7999877929688],[-1.2147512566298246,43.00240086391568,900.7999877929688],[-1.2147512566298246,43.00240086391568,900.7999877929688],[-1.2147512566298246,43.00240086391568,900.7999877929688],[-1.2147512566298246,43.00240086391568,900.7999877929688],[-1.2147512566298246,43.00240086391568,900.7999877929688],[-1.2147512566298246,43.00240086391568,900.7999877929688],[-1.2147512566298246,43.00240086391568,900.7999877929688],[-1.2147512566298246,43.00240086391568,900.7999877929688],[-1.2147512566298246,43.00240086391568,900.7999877929688],[-1.2147512566298246,43.00240086391568,900.7999877929688],[-1.2147512566298246,43.00240086391568,900.7999877929688],[-1.2147512566298246,43.00240086391568,900.7999877929688],[-1.2147512566298246,43.00240086391568,900.7999877929688],[-1.2147512566298246,43.00240086391568,900.7999877929688],[-1.2147512566298246,43.00240086391568,900.7999877929688],[-1.2147512566298246,43.00240086391568,900.7999877929688],[-1.2147512566298246,43.00240086391568,900.7999877929688],[-1.2147512566298246,43.00240086391568,900.7999877929688],[-1.2147512566298246,43.00240086391568,900.7999877929688],[-1.2147512566298246,43.00240086391568,900.7999877929688],[-1.2147512566298246,43.00240086391568,900.7999877929688],[-1.2147512566298246,43.00240086391568,900.7999877929688],[-1.214753771200776,43.00239969044924,900.7999877929688],[-1.2147551961243153,43.00239675678313,900.7999877929688],[-1.2147574592381716,43.00239440985024,900.7999877929688],[-1.214761147275567,43.002393152564764,900.7999877929688],[-1.2147616501897573,43.00239147618413,900.7999877929688],[-1.214762320742011,43.002389715984464,900.7999877929688],[-1.214762320742011,43.002389715984464,900.7999877929688],[-1.214762320742011,43.002389715984464,900.7999877929688],[-1.214762320742011,43.002389715984464,900.7999877929688],[-1.214762320742011,43.002389715984464,900.7999877929688],[-1.2147612310945988,43.00238753668964,900.7999877929688],[-1.214765254408121,43.00238133408129,898.5999755859375],[-1.2147748935967684,43.00237496383488,898.4000244140625],[-1.2147930823266506,43.002367839217186,898.4000244140625],[-1.214816216379404,43.00235811620951,898.4000244140625],[-1.2148435413837433,43.00234504044056,898.4000244140625],[-1.2148720398545265,43.00233137793839,898.2000122070312],[-1.214902214705944,43.002316541969776,898.2000122070312],[-1.214932557195425,43.002302795648575,898],[-1.214964659884572,43.002291144803166,898],[-1.2149983551353216,43.00227656029165,897.7999877929688],[-1.2150307092815638,43.002258287742734,897.7999877929688],[-1.215068930760026,43.00224546343088,897.5999755859375],[-1.2151143606752157,43.00223272293806,897.5999755859375],[-1.2151666637510061,43.002219228073955,897.4000244140625],[-1.215223241597414,43.002212438732386,897],[-1.215283591300249,43.00220933742821,896.7999877929688],[-1.215345449745655,43.002213360741735,896.5999755859375],[-1.215409655123949,43.00222400575876,896.4000244140625],[-1.2154797278344631,43.00223766826093,895.7999877929688],[-1.2155519798398018,43.00225418061018,895.5999755859375],[-1.2156238965690136,43.00227656029165,894.7999877929688],[-1.2156912870705128,43.00230790860951,894.7999877929688],[-1.2157559115439653,43.002342442050576,894.2000122070312],[-1.2158221285790205,43.00237890332937,893.2000122070312],[-1.2158883456140757,43.00241838209331,892.5999755859375],[-1.2159649562090635,43.00247420556843,892.2000122070312],[-1.2160173431038857,43.0025190487504,892],[-1.2160829734057188,43.00257168710232,891.5999755859375],[-1.2161564826965332,43.002622313797474,890.5999755859375],[-1.2162249628454447,43.00267595797777,890.2000122070312],[-1.2162917666137218,43.00273253582418,889.7999877929688],[-1.216357983648777,43.00279171206057,889.4000244140625],[-1.2164243683218956,43.002854995429516,888.4000244140625],[-1.2164895795285702,43.00291542895138,888],[-1.2165619153529406,43.002974605187774,887.5999755859375],[-1.2166329100728035,43.00302967429161,887.2000122070312],[-1.2166971154510975,43.003085581585765,886.7999877929688],[-1.2167602311819792,43.00312573090196,886.2000122070312],[-1.216818317770958,43.003143668174744,886.4000244140625],[-1.216869531199336,43.00313922576606,886.4000244140625],[-1.2169043999165297,43.00312388688326,886.7999877929688],[-1.216925522312522,43.00309614278376,887],[-1.2169389333575964,43.003057669848204,887.5999755859375],[-1.2169476505368948,43.00301433540881,887.5999755859375],[-1.2169562000781298,43.002964379265904,887.5999755859375],[-1.2169704493135214,43.002907298505306,887.5999755859375],[-1.216985285282135,43.0028591863811,887.2000122070312],[-1.2170045636594296,43.00281057134271,887],[-1.2170266918838024,43.00275516696274,887],[-1.2170349899679422,43.00271971151233,886.7999877929688],[-1.217051837593317,43.00265776924789,886.5999755859375],[-1.2170603033155203,43.002619883045554,886.5999755859375],[-1.2170711159706116,43.00257042981684,886.2000122070312],[-1.2170837726444006,43.002516869455576,886],[-1.2170972675085068,43.00246573984623,885.5999755859375],[-1.217107241973281,43.002402037382126,885.4000244140625],[-1.2171158753335476,43.002341939136386,885.4000244140625],[-1.2171209882944822,43.00230388529599,885.4000244140625],[-1.217134315520525,43.00224839709699,885.2000122070312],[-1.2171476427465677,43.002190394327044,885],[-1.2171718664467335,43.00213800743222,885],[-1.2172000296413898,43.002084866166115,884.5999755859375],[-1.2172252591699362,43.002036502584815,884.5999755859375],[-1.2172529194504023,43.00198746845126,884.4000244140625],[-1.2172756344079971,43.00194933079183,884.2000122070312],[-1.2173032108694315,43.001915384083986,884.2000122070312],[-1.217331625521183,43.001873306930065,884.2000122070312],[-1.2173641473054886,43.001827793195844,884.2000122070312],[-1.2173871137201786,43.00180021673441,884.2000122070312],[-1.2174260895699263,43.001761827617884,884.2000122070312],[-1.2174564320594072,43.00173383206129,884.4000244140625],[-1.2175016105175018,43.00170508213341,884.4000244140625],[-1.2175533268600702,43.0016865581274,884.4000244140625],[-1.2176135927438736,43.00167331472039,884.4000244140625],[-1.2176788877695799,43.001661244779825,884.2000122070312],[-1.2177605275064707,43.00165076740086,883.5999755859375],[-1.217814339324832,43.00164733082056,883],[-1.2178790476173162,43.001647079363465,882.7999877929688],[-1.2179416604340076,43.00165160559118,882.5999755859375],[-1.2180015072226524,43.00166057422757,882.4000244140625],[-1.2180600129067898,43.00167373381555,882],[-1.2181174289435148,43.00168882124126,882],[-1.2181749287992716,43.00170248374343,881.7999877929688],[-1.2182320095598698,43.00171849317849,881.7999877929688],[-1.2182890065014362,43.00173525698483,881.4000244140625],[-1.2183490209281445,43.00175487063825,881.2000122070312],[-1.2184104602783918,43.001778004691005,880.7999877929688],[-1.2184744980186224,43.001802396029234,880.2000122070312],[-1.2185383681207895,43.00182620063424,880.2000122070312],[-1.2186017353087664,43.00185159780085,880],[-1.2186633422970772,43.00187833607197,879.7999877929688],[-1.2187223508954048,43.00190968438983,879.5999755859375],[-1.2187818624079227,43.0019423738122,879.5999755859375],[-1.2188384402543306,43.001974392682314,879.5999755859375],[-1.2188937608152628,43.002007249742746,879.5999755859375],[-1.2189573794603348,43.00204589031637,879.4000244140625],[-1.2190155498683453,43.00207665190101,879.4000244140625],[-1.2190807610750198,43.002102887257934,879.4000244140625],[-1.2191348243504763,43.00212359055877,879],[-1.2192028015851974,43.00214814953506,878.7999877929688],[-1.2192728742957115,43.00217128358781,878.5999755859375],[-1.2193421088159084,43.00219307653606,878.4000244140625],[-1.2194063980132341,43.00221411511302,878.2000122070312],[-1.219470938667655,43.00223263911903,878.4000244140625],[-1.2195340543985367,43.00224688835442,878.4000244140625],[-1.2195944879204035,43.00225610844791,878.4000244140625],[-1.2196519877761602,43.00225610844791,878.2000122070312],[-1.219701860100031,43.002245211973786,878.2000122070312],[-1.2197436019778252,43.002228029072285,878.2000122070312],[-1.2197833321988583,43.0022064037621,878.4000244140625],[-1.2198125012218952,43.00219148397446,878.5999755859375],[-1.2198435980826616,43.00217455253005,878.5999755859375],[-1.2198739405721426,43.0021546036005,878.7999877929688],[-1.2199017684906721,43.0021358281374,880],[-1.2199325300753117,43.002118142321706,880.2000122070312],[-1.2199644651263952,43.00210037268698,880.2000122070312],[-1.2200002558529377,43.00208134576678,880.2000122070312],[-1.220039315521717,43.00206550396979,880.2000122070312],[-1.2200824823230505,43.00205184146762,879.7999877929688],[-1.2201300077140331,43.00203675404191,878.5999755859375],[-1.2201711628586054,43.00202552229166,878],[-1.2202303390949965,43.00201194360852,878],[-1.2202960532158613,43.001999370753765,877.7999877929688],[-1.22036537155509,43.00198679789901,877.5999755859375],[-1.2204394675791264,43.00197715871036,877.5999755859375],[-1.2205151561647654,43.00197581760585,877.5999755859375],[-1.220593610778451,43.001981265842915,877.2000122070312],[-1.2206932716071606,43.00199585035443,876.5999755859375],[-1.2207758333534002,43.00201429054141,876.2000122070312],[-1.2208561319857836,43.002036921679974,874.7999877929688],[-1.220932574942708,43.0020650010556,874],[-1.2209872249513865,43.00209341570735,873.2000122070312],[-1.221055956557393,43.00213071517646,873],[-1.2211215030401945,43.0021738819778,872.5999755859375],[-1.2211996223777533,43.00222668796778,872.5999755859375],[-1.22125125490129,43.0022634845227,872.5999755859375],[-1.2213115207850933,43.00230857916176,872.5999755859375],[-1.2213847786188126,43.0023636482656,872.4000244140625],[-1.2214333098381758,43.00240220502019,871.2000122070312],[-1.2214963417500257,43.002450820058584,871],[-1.221561636775732,43.00250010564923,870.7999877929688],[-1.2216282729059458,43.00255064852536,870.5999755859375],[-1.221695663407445,43.00260320305824,870.4000244140625],[-1.2217637244611979,43.00265693105757,870.2000122070312],[-1.22183321043849,43.002709401771426,869.4000244140625],[-1.2219016067683697,43.00276044756174,868.4000244140625],[-1.2219671532511711,43.00281182862818,867.5999755859375],[-1.2220318615436554,43.002863293513656,867],[-1.2221062928438187,43.00292666070163,866.5999755859375],[-1.2221666425466537,43.00297988578677,866.2000122070312],[-1.222225483506918,43.00303311087191,865.7999877929688],[-1.2222825642675161,43.0030854139477,864.7999877929688],[-1.2223352026194334,43.00313713029027,864.4000244140625],[-1.2223822250962257,43.003187673166394,863.5999755859375],[-1.2224212009459734,43.00323645584285,863.4000244140625],[-1.2224522978067398,43.00328163430095,863.4000244140625],[-1.2224809639155865,43.003325052559376,863.2000122070312],[-1.2225160002708435,43.003370985388756,863],[-1.2225469294935465,43.00341725349426,863],[-1.2225725781172514,43.00346192903817,863],[-1.2226032558828592,43.003502832725644,862.7999877929688],[-1.2226329278200865,43.00354164093733,862.4000244140625],[-1.222655475139618,43.00358220934868,862.2000122070312],[-1.222678441554308,43.0036192573607,862.2000122070312],[-1.2226995639503002,43.00365370698273,861.7999877929688],[-1.2227195128798485,43.00368773750961,861.7999877929688],[-1.2227374501526356,43.003723695874214,861.5999755859375],[-1.2227542977780104,43.00376057624817,861.5999755859375],[-1.2227694690227509,43.00379812717438,861.4000244140625],[-1.2227819580584764,43.00383249297738,861.4000244140625],[-1.222795033827424,43.00386627204716,861],[-1.222809450700879,43.00390290096402,860.7999877929688],[-1.2228239513933659,43.003944559022784,860.2000122070312],[-1.2228402122855186,43.00398990511894,859.7999877929688],[-1.2228587362915277,43.004035502672195,859.2000122070312],[-1.2228862289339304,43.0040785856545,858.7999877929688],[-1.2229244504123926,43.004120076075196,858.5999755859375],[-1.222976166754961,43.00415343604982,858],[-1.2230402883142233,43.00418277271092,857.4000244140625],[-1.2231068406254053,43.004211857914925,856.7999877929688],[-1.2231743149459362,43.00423851236701,856.2000122070312],[-1.2232436332851648,43.004256784915924,855.2000122070312],[-1.2233159691095352,43.00426131114364,855.2000122070312],[-1.2233910709619522,43.004260221496224,855],[-1.2234625685960054,43.004263155162334,854.7999877929688],[-1.2235235888510942,43.004276901483536,854.7999877929688],[-1.2235727068036795,43.00430347211659,854.7999877929688],[-1.2236146163195372,43.00433440133929,854.7999877929688],[-1.2236566934734583,43.00437086261809,854.5999755859375],[-1.2237020395696163,43.004409838467836,854.4000244140625],[-1.2237479723989964,43.00445116125047,854.4000244140625],[-1.2237932346761227,43.00449667498469,853.7999877929688],[-1.2238397542387247,43.00454202108085,853.2000122070312],[-1.2238878663629293,43.004587199538946,853],[-1.2239354755729437,43.004633048549294,852.7999877929688],[-1.2239835038781166,43.004678562283516,852.4000244140625],[-1.2240285985171795,43.00472466275096,852.4000244140625],[-1.2240734416991472,43.0047707632184,852.2000122070312],[-1.22411853633821,43.0048209708184,851.7999877929688],[-1.2241644691675901,43.004868580028415,851.4000244140625],[-1.224213419482112,43.004913590848446,851],[-1.2242620345205069,43.004959523677826,850.7999877929688],[-1.2243072967976332,43.00500746816397,850.5999755859375],[-1.2243493739515543,43.0050540715456,850.5999755859375],[-1.224389187991619,43.00509891472757,850.2000122070312],[-1.224431348964572,43.00514476373792,850],[-1.22447376139462,43.00518943928182,849.7999877929688],[-1.2245148327201605,43.00523243844509,849.5999755859375],[-1.2245539762079716,43.00527619197965,849],[-1.224592449143529,43.00532371737063,848.7999877929688],[-1.2246299162507057,43.00537149421871,848.7999877929688],[-1.2246662937104702,43.00541818141937,848.5999755859375],[-1.224701665341854,43.00546512007713,848.5999755859375],[-1.2247380428016186,43.00551624968648,848.4000244140625],[-1.2247723247855902,43.00556905567646,848.4000244140625],[-1.2248016614466906,43.00562513060868,848.4000244140625],[-1.2248276453465223,43.005685564130545,848],[-1.2248535454273224,43.005746165290475,847.4000244140625],[-1.2248785234987736,43.00581254996359,846.7999877929688],[-1.2249035853892565,43.005881030112505,846.5999755859375],[-1.2249268032610416,43.00594381056726,846.5999755859375],[-1.2249516975134611,43.005996365100145,846.5999755859375],[-1.2249740771949291,43.00604464486241,846.7999877929688],[-1.2249949481338263,43.00609325990081,846.7999877929688],[-1.2250143103301525,43.00614614970982,846.7999877929688],[-1.2250331696122885,43.00620515830815,846.7999877929688],[-1.225053956732154,43.00626819022,846.7999877929688],[-1.2250744085758924,43.006331557407975,846.7999877929688],[-1.2250953633338213,43.00640028901398,845.5999755859375],[-1.2251164019107819,43.00647262483835,844.7999877929688],[-1.2251391168683767,43.00654638558626,844.4000244140625],[-1.2251624185591936,43.006621235981584,843],[-1.2251862231642008,43.006699020043015,841.5999755859375],[-1.2252105306833982,43.006780659779906,840.7999877929688],[-1.22523651458323,43.00686481408775,840.2000122070312],[-1.2252638395875692,43.00694829784334,839.7999877929688],[-1.2252959422767162,43.007032284513116,839.4000244140625],[-1.2253319844603539,43.00711710937321,839],[-1.2253767438232899,43.00720151513815,838.5999755859375],[-1.2254274543374777,43.007284328341484,838.2000122070312],[-1.225482439622283,43.007365046069026,838],[-1.2255366705358028,43.007443668320775,837.7999877929688],[-1.2255865428596735,43.007519943639636,837.5999755859375],[-1.2256318889558315,43.00759479403496,837.4000244140625],[-1.225673547014594,43.00767115317285,837.2000122070312],[-1.2257158756256104,43.00774600356817,837.4000244140625],[-1.2257580365985632,43.007818926125765,837.4000244140625],[-1.2257935758680105,43.00789310596883,837.2000122070312],[-1.225822325795889,43.00796468742192,837],[-1.2258530873805285,43.00804113037884,837],[-1.2258830945938826,43.00811707042158,836.7999877929688],[-1.2259088270366192,43.00818856805563,836.4000244140625],[-1.2259225733578205,43.008265597745776,836],[-1.2259237468242645,43.0083541944623,835.5999755859375],[-1.2259170413017273,43.00845234654844,835.4000244140625],[-1.2259024567902088,43.00855401903391,832.5999755859375],[-1.225895332172513,43.00865242257714,830],[-1.2259043008089066,43.008744455873966,829],[-1.2259431090205908,43.00882492214441,828.4000244140625],[-1.2260032072663307,43.00889616832137,828.2000122070312],[-1.2260769680142403,43.00896355882287,827.7999877929688],[-1.226163050159812,43.00902902148664,826.7999877929688],[-1.2262586876749992,43.00909071229398,824.7999877929688],[-1.2263554148375988,43.0091483797878,823.2000122070312],[-1.2264513038098812,43.00919791683555,821.5999755859375],[-1.2265478633344173,43.00923722796142,821.5999755859375],[-1.2266445066779852,43.00926488824189,821.2000122070312],[-1.2267398927360773,43.00928173586726,820.5999755859375],[-1.2268315069377422,43.009290704503655,820.4000244140625],[-1.2269186787307262,43.009295063093305,820],[-1.227002078667283,43.00929732620716,819.7999877929688],[-1.2270802818238735,43.00930134952068,819.5999755859375],[-1.2271439004689455,43.00930797122419,819.4000244140625],[-1.2271963711827993,43.00931300036609,819.4000244140625],[-1.2272433936595917,43.00931484438479,819.5999755859375],[-1.2272796873003244,43.00931576639414,819.5999755859375],[-1.2273049168288708,43.00931585021317,819.5999755859375],[-1.2273123767226934,43.0093161854893,819.7999877929688],[-1.2273123767226934,43.0093161854893,820.2000122070312],[-1.2273123767226934,43.0093161854893,820.2000122070312],[-1.2273123767226934,43.0093161854893,820.2000122070312],[-1.2273123767226934,43.0093161854893,820.2000122070312],[-1.2273123767226934,43.0093161854893,820.2000122070312],[-1.2273123767226934,43.0093161854893,820],[-1.2273123767226934,43.0093161854893,820],[-1.2273123767226934,43.0093161854893,820],[-1.2273123767226934,43.0093161854893,819.7999877929688],[-1.2273123767226934,43.0093161854893,819.7999877929688],[-1.2273123767226934,43.0093161854893,819.7999877929688],[-1.2273123767226934,43.0093161854893,819.5999755859375],[-1.2273123767226934,43.0093161854893,819.5999755859375],[-1.2273123767226934,43.0093161854893,819.5999755859375],[-1.2273123767226934,43.0093161854893,819.5999755859375],[-1.2273123767226934,43.0093161854893,819.5999755859375],[-1.2273123767226934,43.0093161854893,819.5999755859375],[-1.2273123767226934,43.0093161854893,819.5999755859375],[-1.2273123767226934,43.0093161854893,819.5999755859375],[-1.2273123767226934,43.0093161854893,819.5999755859375],[-1.2273123767226934,43.0093161854893,819.5999755859375],[-1.2273123767226934,43.0093161854893,819.5999755859375],[-1.2273123767226934,43.0093161854893,819.4000244140625],[-1.2273123767226934,43.0093161854893,819.5999755859375],[-1.2273123767226934,43.0093161854893,819.4000244140625],[-1.2273123767226934,43.0093161854893,819.4000244140625],[-1.2273123767226934,43.0093161854893,819.4000244140625],[-1.2273123767226934,43.0093161854893,819.5999755859375],[-1.2273123767226934,43.0093161854893,819.4000244140625],[-1.2273123767226934,43.0093161854893,819.4000244140625],[-1.2273123767226934,43.0093161854893,819.4000244140625],[-1.2273123767226934,43.0093161854893,819.4000244140625],[-1.2273123767226934,43.0093161854893,819.4000244140625],[-1.2273123767226934,43.0093161854893,819.4000244140625],[-1.2273147236555815,43.009316101670265,819.4000244140625],[-1.2273181602358818,43.00931568257511,819.4000244140625],[-1.2273181602358818,43.00931568257511,819.4000244140625],[-1.2273181602358818,43.00931568257511,819.4000244140625],[-1.2273181602358818,43.00931568257511,819.4000244140625],[-1.2273181602358818,43.00931568257511,819.4000244140625],[-1.2273181602358818,43.00931568257511,819.4000244140625],[-1.2273181602358818,43.00931568257511,819.4000244140625],[-1.2273181602358818,43.00931568257511,819.4000244140625],[-1.2273181602358818,43.00931568257511,819.4000244140625],[-1.2273181602358818,43.00931568257511,819.4000244140625],[-1.2273194175213575,43.009316604584455,819.4000244140625],[-1.2273259554058313,43.00932180136442,819.4000244140625],[-1.2273377738893032,43.0093299318105,819.4000244140625],[-1.2273568008095026,43.00933588296175,819.2000122070312],[-1.2273702956736088,43.00934418104589,819.2000122070312],[-1.2273821979761124,43.00935549661517,819.2000122070312],[-1.22739527374506,43.009367398917675,819.2000122070312],[-1.227404661476612,43.00938030704856,819.2000122070312],[-1.2274131271988153,43.00939396955073,819.2000122070312],[-1.2274201679974794,43.00940687768161,819],[-1.227429723367095,43.009419199079275,819],[-1.2274403683841228,43.00943101756275,819],[-1.2274496722966433,43.00944275222719,819],[-1.2274587247520685,43.00945507362485,819],[-1.2274689506739378,43.00946689210832,819],[-1.227480350062251,43.009480806067586,819],[-1.2274882290512323,43.00949555821717,819.2000122070312],[-1.227496275678277,43.009506622329354,819.2000122070312],[-1.2275063339620829,43.00951483659446,819.4000244140625],[-1.2275147158652544,43.00952581688762,819.4000244140625],[-1.2275189068168402,43.0095352884382,819.4000244140625],[-1.227522511035204,43.00954551436007,819.4000244140625],[-1.2275270372629166,43.009554566815495,819.4000244140625],[-1.2275375984609127,43.00956076942384,819.4000244140625],[-1.2275493331253529,43.00956898368895,819.4000244140625],[-1.2275580503046513,43.00957426428795,819.4000244140625],[-1.2275609839707613,43.00957786850631,819.4000244140625],[-1.2275609839707613,43.00957786850631,819.4000244140625],[-1.2275598105043173,43.00957971252501,819.2000122070312],[-1.2275579664856195,43.00958122126758,819.2000122070312],[-1.2275579664856195,43.00958122126758,819.2000122070312],[-1.2275579664856195,43.00958122126758,819.2000122070312],[-1.2275579664856195,43.00958122126758,819.2000122070312],[-1.2275579664856195,43.00958122126758,819.2000122070312],[-1.2275579664856195,43.00958122126758,819.2000122070312],[-1.2275594752281904,43.00958055071533,819.2000122070312],[-1.227556373924017,43.00958063453436,819.2000122070312],[-1.227556373924017,43.00958063453436,819.2000122070312],[-1.227556373924017,43.00958063453436,819.2000122070312],[-1.227556373924017,43.00958063453436,819],[-1.227556373924017,43.00958063453436,819],[-1.227556373924017,43.00958063453436,819],[-1.227556373924017,43.00958063453436,819],[-1.227556373924017,43.00958063453436,819],[-1.227556373924017,43.00958063453436,819],[-1.227556373924017,43.00958063453436,819],[-1.227556373924017,43.00958063453436,819],[-1.227556373924017,43.00958063453436,819],[-1.227556373924017,43.00958063453436,819],[-1.227556373924017,43.00958063453436,819],[-1.227556373924017,43.00958063453436,819],[-1.227556373924017,43.00958063453436,819],[-1.227556373924017,43.00958063453436,819],[-1.227556373924017,43.00958063453436,818.7999877929688],[-1.2275520991533995,43.00957988016307,818.7999877929688],[-1.2275456450879574,43.00957929342985,818.7999877929688],[-1.2275456450879574,43.00957929342985,818.7999877929688],[-1.2275456450879574,43.00957929342985,818.5999755859375],[-1.2275456450879574,43.00957929342985,818.5999755859375],[-1.2275456450879574,43.00957929342985,818.5999755859375],[-1.2275456450879574,43.00957929342985,818.4000244140625],[-1.2275456450879574,43.00957929342985,818.4000244140625],[-1.2275456450879574,43.00957929342985,818.4000244140625],[-1.2275456450879574,43.00957929342985,818.5999755859375],[-1.2275456450879574,43.00957929342985,818.7999877929688],[-1.2275456450879574,43.00957929342985,818.7999877929688],[-1.2275456450879574,43.00957929342985,818.7999877929688],[-1.2275456450879574,43.00957929342985,818.7999877929688],[-1.2275456450879574,43.00957929342985,818.7999877929688],[-1.2275456450879574,43.00957929342985,818.7999877929688],[-1.2275456450879574,43.00957929342985,818.7999877929688],[-1.2275456450879574,43.00957929342985,818.5999755859375],[-1.2275456450879574,43.00957929342985,818.4000244140625],[-1.2275456450879574,43.00957929342985,818.4000244140625],[-1.2275456450879574,43.00957929342985,818.2000122070312],[-1.2275456450879574,43.00957929342985,818.2000122070312],[-1.2275456450879574,43.00957929342985,818.2000122070312],[-1.2275456450879574,43.00957929342985,818.2000122070312],[-1.2275456450879574,43.00957929342985,818.2000122070312],[-1.2275456450879574,43.00957929342985,818.2000122070312],[-1.2275456450879574,43.00957929342985,818.2000122070312],[-1.2275456450879574,43.00957929342985,818.2000122070312],[-1.2275456450879574,43.00957929342985,818.2000122070312],[-1.2275456450879574,43.00957929342985,818.2000122070312],[-1.2275456450879574,43.00957929342985,818.2000122070312],[-1.2275456450879574,43.00957929342985,818.2000122070312],[-1.2275502551347017,43.009575018659234,818.2000122070312],[-1.2275496684014797,43.009570157155395,818.4000244140625],[-1.2275496684014797,43.009570157155395,818.4000244140625],[-1.2275496684014797,43.009570157155395,819],[-1.2275496684014797,43.009570157155395,819.4000244140625],[-1.2275496684014797,43.009570157155395,819.4000244140625],[-1.2275496684014797,43.009570157155395,819.4000244140625],[-1.2275496684014797,43.009570157155395,819.4000244140625],[-1.2275496684014797,43.009570157155395,819.4000244140625],[-1.2275496684014797,43.009570157155395,819.4000244140625],[-1.2275496684014797,43.009570157155395,819.4000244140625],[-1.2275496684014797,43.009570157155395,819.4000244140625],[-1.2275496684014797,43.009570157155395,819.4000244140625],[-1.2275496684014797,43.009570157155395,819.4000244140625],[-1.2275496684014797,43.009570157155395,819.4000244140625],[-1.2275496684014797,43.009570157155395,819.4000244140625],[-1.2275496684014797,43.009570157155395,819.4000244140625],[-1.2275496684014797,43.009570157155395,819.4000244140625],[-1.2275496684014797,43.009570157155395,819.4000244140625],[-1.2275496684014797,43.009570157155395,819.4000244140625],[-1.2275496684014797,43.009570157155395,819.4000244140625],[-1.2275496684014797,43.009570157155395,819.4000244140625],[-1.2275496684014797,43.009570157155395,819.4000244140625],[-1.2275496684014797,43.009570157155395,819.4000244140625],[-1.2275496684014797,43.009570157155395,819.4000244140625],[-1.2275535240769386,43.009569151327014,819.4000244140625],[-1.227556960657239,43.00956705585122,819.4000244140625],[-1.227556960657239,43.00956705585122,819.4000244140625],[-1.227556960657239,43.00956705585122,819.4000244140625],[-1.227556960657239,43.00956705585122,819.4000244140625],[-1.2275533564388752,43.00956177525222,819.4000244140625],[-1.2275503389537334,43.0095593445003,819.4000244140625],[-1.2275503389537334,43.0095593445003,819.4000244140625],[-1.2275503389537334,43.0095593445003,819.4000244140625],[-1.2275493331253529,43.009556997567415,819.4000244140625],[-1.22754723764956,43.00955481827259,819.4000244140625],[-1.22754723764956,43.00955481827259,819.4000244140625],[-1.22754723764956,43.00955481827259,819.4000244140625],[-1.22754723764956,43.00955481827259,819.4000244140625],[-1.22754723764956,43.00955481827259,819.4000244140625],[-1.22754723764956,43.00955481827259,819.4000244140625],[-1.22754723764956,43.00955481827259,819.4000244140625],[-1.22754723764956,43.00955481827259,819.4000244140625],[-1.22754723764956,43.00955481827259,819.4000244140625],[-1.22754723764956,43.00955481827259,819.4000244140625],[-1.22754723764956,43.00955481827259,819.4000244140625],[-1.22754723764956,43.00955481827259,819.4000244140625],[-1.22754723764956,43.00955481827259,819.4000244140625],[-1.2275469861924648,43.00955439917743,819.4000244140625],[-1.227543130517006,43.0095561593771,819.4000244140625],[-1.227543130517006,43.0095561593771,819.4000244140625],[-1.227538101375103,43.00955724902451,819.4000244140625],[-1.2275346647948027,43.00955859012902,819.4000244140625],[-1.2275346647948027,43.00955859012902,819.4000244140625],[-1.2275346647948027,43.00955859012902,819.4000244140625],[-1.2275346647948027,43.00955859012902,819.4000244140625],[-1.2275346647948027,43.00955859012902,819.4000244140625],[-1.2275346647948027,43.00955859012902,819.4000244140625],[-1.2275346647948027,43.00955859012902,819.4000244140625],[-1.2275346647948027,43.00955859012902,819.4000244140625],[-1.2275346647948027,43.00955859012902,819.4000244140625],[-1.2275346647948027,43.00955859012902,819.4000244140625],[-1.2275346647948027,43.00955859012902,819.4000244140625],[-1.2275346647948027,43.00955859012902,819.4000244140625],[-1.2275346647948027,43.00955859012902,819.4000244140625],[-1.2275346647948027,43.00955859012902,819.4000244140625],[-1.2275346647948027,43.00955859012902,819.4000244140625],[-1.2275346647948027,43.00955859012902,819.4000244140625],[-1.2275346647948027,43.00955859012902,819.4000244140625],[-1.2275346647948027,43.00955859012902,819.4000244140625],[-1.2275346647948027,43.00955859012902,819.4000244140625],[-1.2275346647948027,43.00955859012902,819.4000244140625],[-1.2275346647948027,43.00955859012902,819.4000244140625],[-1.2275346647948027,43.00955859012902,819.4000244140625],[-1.2275346647948027,43.00955859012902,819.4000244140625],[-1.2275346647948027,43.00955859012902,819.4000244140625],[-1.2275346647948027,43.00955859012902,819.4000244140625],[-1.2275346647948027,43.00955859012902,819.4000244140625],[-1.2275346647948027,43.00955859012902,819.4000244140625],[-1.227532234042883,43.009559428319335,819.4000244140625],[-1.227524857968092,43.0095577519387,819.4000244140625],[-1.2275204993784428,43.009555991739035,819.4000244140625],[-1.2275204993784428,43.009555991739035,819.4000244140625],[-1.2275204993784428,43.009555991739035,819.4000244140625],[-1.2275204993784428,43.00955532118678,819.4000244140625],[-1.227516308426857,43.00955465063453,819.4000244140625],[-1.2275123689323664,43.00955674611032,819.4000244140625],[-1.2275123689323664,43.00955674611032,819.5999755859375],[-1.2275137100368738,43.00955465063453,819.5999755859375],[-1.2275173142552376,43.0095490347594,819.4000244140625],[-1.227519577369094,43.00954643636942,819.4000244140625],[-1.227519577369094,43.00954643636942,819.4000244140625],[-1.2275256961584091,43.009539395570755,819.2000122070312],[-1.2275330722332,43.009529169648886,819.2000122070312],[-1.2275353353470564,43.009526738896966,819],[-1.2275353353470564,43.009526738896966,819],[-1.2275353353470564,43.009526738896966,819],[-1.2275353353470564,43.009526738896966,819],[-1.2275353353470564,43.009526738896966,818.7999877929688],[-1.2275353353470564,43.009526738896966,818.7999877929688],[-1.2275353353470564,43.009526738896966,818.5999755859375],[-1.2275353353470564,43.009526738896966,818.5999755859375],[-1.2275353353470564,43.009526738896966,818.5999755859375],[-1.2275353353470564,43.009526738896966,818.4000244140625],[-1.2275353353470564,43.009526738896966,818.4000244140625],[-1.2275353353470564,43.009526738896966,818.4000244140625],[-1.2275353353470564,43.009526738896966,818.4000244140625],[-1.2275353353470564,43.009526738896966,818.4000244140625],[-1.2275353353470564,43.009526738896966,818.4000244140625],[-1.2275353353470564,43.009526738896966,818.4000244140625],[-1.2275294680148363,43.00952883437276,818.5999755859375],[-1.2275300547480583,43.00953092984855,818.5999755859375],[-1.2275261990725994,43.00953294150531,818.5999755859375],[-1.2275238521397114,43.0095336958766,819],[-1.2275238521397114,43.0095336958766,819],[-1.2275202479213476,43.00953512080014,819],[-1.2275193259119987,43.00953780300915,819],[-1.2275215052068233,43.00953579135239,818.7999877929688],[-1.227524857968092,43.00953361205757,818.7999877929688],[-1.227524857968092,43.00953361205757,818.7999877929688],[-1.227524857968092,43.00953361205757,818.7999877929688],[-1.227524857968092,43.00953361205757,819],[-1.227524857968092,43.00953361205757,819],[-1.227524857968092,43.00953361205757,819],[-1.227524857968092,43.00953361205757,819],[-1.227524857968092,43.00953361205757,819],[-1.227524857968092,43.00953361205757,818.7999877929688],[-1.227524857968092,43.00953361205757,818.7999877929688],[-1.227524857968092,43.00953361205757,818.7999877929688],[-1.227524857968092,43.00953361205757,818.7999877929688],[-1.227524857968092,43.00953361205757,818.7999877929688],[-1.227524857968092,43.00953361205757,818.7999877929688],[-1.227524857968092,43.00953361205757,818.7999877929688],[-1.227524857968092,43.00953361205757,818.7999877929688],[-1.227524857968092,43.00953361205757,818.7999877929688],[-1.2275332398712635,43.00952942110598,818.7999877929688],[-1.2275374308228493,43.00953612662852,818.7999877929688],[-1.2275372631847858,43.00954115577042,818.7999877929688],[-1.2275343295186758,43.00953998230398,818.7999877929688],[-1.2275312282145023,43.00954442471266,818.7999877929688],[-1.2275312282145023,43.00954442471266,818.7999877929688],[-1.2275312282145023,43.00954442471266,818.7999877929688],[-1.2275312282145023,43.00954442471266,818.5999755859375],[-1.2275312282145023,43.00954442471266,818.5999755859375],[-1.2275312282145023,43.00954442471266,818.5999755859375],[-1.2275312282145023,43.00954442471266,818.5999755859375],[-1.2275312282145023,43.00954442471266,818.5999755859375],[-1.2275312282145023,43.00954442471266,818.5999755859375],[-1.2275312282145023,43.00954442471266,818.5999755859375],[-1.2275312282145023,43.00954442471266,818.5999755859375],[-1.2275312282145023,43.00954442471266,818.5999755859375],[-1.2275312282145023,43.00954442471266,818.5999755859375],[-1.2275312282145023,43.00954442471266,818.5999755859375],[-1.2275312282145023,43.00954442471266,818.7999877929688],[-1.2275312282145023,43.00954442471266,818.7999877929688],[-1.2275312282145023,43.00954442471266,819],[-1.2275312282145023,43.00954442471266,819],[-1.2275312282145023,43.00954442471266,819],[-1.2275312282145023,43.00954442471266,819],[-1.2275312282145023,43.00954442471266,819],[-1.2275312282145023,43.00954442471266,819],[-1.2275312282145023,43.00954442471266,819],[-1.2275312282145023,43.00954442471266,819.2000122070312],[-1.2275312282145023,43.00954442471266,819.2000122070312],[-1.2275312282145023,43.00954442471266,819.2000122070312],[-1.2275312282145023,43.00954442471266,819.2000122070312],[-1.2275312282145023,43.00954442471266,819.2000122070312],[-1.2275312282145023,43.00954442471266,819.2000122070312],[-1.2275312282145023,43.00954442471266,819.2000122070312],[-1.2275312282145023,43.00954442471266,819],[-1.2275312282145023,43.00954442471266,819],[-1.227531060576439,43.009545765817165,819],[-1.2275276239961386,43.00954878330231,819],[-1.2275276239961386,43.00954878330231,819],[-1.2275276239961386,43.00954878330231,819],[-1.2275276239961386,43.00954878330231,819],[-1.2275276239961386,43.00954878330231,819],[-1.2275276239961386,43.00954878330231,819],[-1.2275276239961386,43.00954878330231,819],[-1.2275276239961386,43.00954878330231,819],[-1.2275276239961386,43.00954878330231,819],[-1.2275276239961386,43.00954878330231,819],[-1.2275276239961386,43.00954878330231,819],[-1.2275276239961386,43.00954878330231,819],[-1.2275276239961386,43.00954878330231,819],[-1.2275276239961386,43.00954878330231,819],[-1.2275276239961386,43.00954878330231,819],[-1.2275276239961386,43.00954878330231,819],[-1.2275276239961386,43.00954878330231,819],[-1.2275276239961386,43.00954878330231,819],[-1.2275276239961386,43.00954878330231,819],[-1.2275265343487263,43.00954660400748,819],[-1.2275184877216816,43.00954811275005,819],[-1.2275184877216816,43.00954811275005,819],[-1.2275184877216816,43.00954811275005,819],[-1.2275184877216816,43.00954811275005,819],[-1.2275184877216816,43.00954811275005,819],[-1.2275137100368738,43.00955054350197,819],[-1.227503651753068,43.0095527227968,819.2000122070312],[-1.227497449144721,43.009550124406815,819.2000122070312],[-1.227492420002818,43.00954802893102,819.2000122070312],[-1.2274946831166744,43.00954836420715,819.4000244140625],[-1.2274930905550718,43.00955238752067,819.4000244140625],[-1.2274929229170084,43.00955574028194,819.4000244140625],[-1.2275074236094952,43.0095527227968,819.4000244140625],[-1.2275085970759392,43.00955188460648,819.4000244140625],[-1.227511027827859,43.00954350270331,819.4000244140625],[-1.2275153864175081,43.0095421615988,819.4000244140625],[-1.2275153864175081,43.0095421615988,819.4000244140625],[-1.227516308426857,43.00953721627593,819.4000244140625],[-1.2275215052068233,43.009536042809486,819.4000244140625],[-1.227523935958743,43.009537467733026,819.4000244140625],[-1.2275181524455547,43.009538892656565,819.4000244140625],[-1.2275200802832842,43.00953763537109,819.4000244140625],[-1.2275200802832842,43.00953763537109,819.4000244140625],[-1.227508680894971,43.0095336958766,819.5999755859375],[-1.227508680894971,43.00953126512468,819.4000244140625],[-1.227508680894971,43.00953126512468,819.4000244140625],[-1.227508680894971,43.00953126512468,819.4000244140625],[-1.227508680894971,43.00953126512468,819.4000244140625],[-1.227508680894971,43.00953126512468,819.4000244140625],[-1.227508680894971,43.00953126512468,819.4000244140625],[-1.227508680894971,43.00953126512468,819.4000244140625],[-1.227508680894971,43.00953126512468,819.4000244140625],[-1.227508680894971,43.00953126512468,819.4000244140625],[-1.227508680894971,43.00953126512468,819.4000244140625],[-1.227508680894971,43.00953126512468,819.4000244140625],[-1.227508680894971,43.00953126512468,819.4000244140625],[-1.227508680894971,43.00953126512468,819.4000244140625],[-1.227508680894971,43.00953126512468,819.4000244140625],[-1.227508680894971,43.00953126512468,819.4000244140625],[-1.227508680894971,43.00953126512468,819.4000244140625],[-1.227508680894971,43.00953126512468,819.5999755859375],[-1.227508680894971,43.00953126512468,819.5999755859375],[-1.227508680894971,43.00953126512468,819.5999755859375],[-1.227508680894971,43.00953126512468,819.5999755859375],[-1.227508680894971,43.00953126512468,819.5999755859375],[-1.227508680894971,43.00953126512468,819.5999755859375],[-1.227508680894971,43.00953126512468,819.5999755859375],[-1.227508680894971,43.00953126512468,819.5999755859375],[-1.227508680894971,43.00953126512468,819.5999755859375],[-1.227508680894971,43.00953126512468,819.5999755859375],[-1.227508680894971,43.00953126512468,819.5999755859375],[-1.227508680894971,43.00953126512468,819.5999755859375],[-1.227508680894971,43.00953126512468,819.5999755859375],[-1.227508680894971,43.00953126512468,819.5999755859375],[-1.227508680894971,43.00953126512468,819.5999755859375],[-1.227508680894971,43.00953126512468,819.5999755859375],[-1.227508680894971,43.00953126512468,819.5999755859375],[-1.227508680894971,43.00953126512468,819.4000244140625],[-1.227508680894971,43.00953126512468,819.4000244140625],[-1.227508680894971,43.00953126512468,819.4000244140625],[-1.227508680894971,43.00953126512468,819.4000244140625],[-1.227508680894971,43.00953126512468,819.4000244140625],[-1.227508680894971,43.00953126512468,819.4000244140625],[-1.227508680894971,43.00953126512468,819.4000244140625],[-1.227508680894971,43.00953126512468,819.4000244140625],[-1.227508680894971,43.00953126512468,819.4000244140625],[-1.227508680894971,43.00953126512468,819.5999755859375],[-1.227508680894971,43.00953126512468,819.5999755859375],[-1.227508680894971,43.00953126512468,819.5999755859375],[-1.227508680894971,43.00953126512468,819.5999755859375],[-1.227508680894971,43.00953126512468,819.5999755859375],[-1.227508680894971,43.00953126512468,819.5999755859375],[-1.227508680894971,43.00953126512468,819.5999755859375],[-1.227508680894971,43.00953126512468,819.5999755859375],[-1.227508680894971,43.00953126512468,819.5999755859375],[-1.227508680894971,43.00953126512468,819.5999755859375],[-1.227508680894971,43.00953126512468,819.5999755859375],[-1.227508680894971,43.00953126512468,819.7999877929688],[-1.227508680894971,43.00953126512468,819.7999877929688],[-1.227508680894971,43.00953126512468,819.7999877929688],[-1.227508680894971,43.00953126512468,819.7999877929688],[-1.227508680894971,43.00953126512468,819.7999877929688],[-1.227508680894971,43.00953126512468,819.7999877929688],[-1.227508680894971,43.00953126512468,819.7999877929688],[-1.227508680894971,43.00953126512468,819.7999877929688],[-1.227508680894971,43.00953126512468,819.7999877929688],[-1.227508680894971,43.00953126512468,819.7999877929688],[-1.227508680894971,43.00953126512468,819.7999877929688],[-1.227508680894971,43.00953126512468,819.7999877929688],[-1.227508680894971,43.00953126512468,819.7999877929688],[-1.227508680894971,43.00953126512468,819.7999877929688],[-1.227508680894971,43.00953126512468,819.7999877929688],[-1.227508680894971,43.00953126512468,819.7999877929688],[-1.227508680894971,43.00953126512468,819.7999877929688],[-1.227508680894971,43.00953126512468,819.7999877929688],[-1.227508680894971,43.00953126512468,819.7999877929688],[-1.227508680894971,43.00953126512468,819.5999755859375],[-1.227508680894971,43.00953126512468,819.5999755859375],[-1.227508680894971,43.00953126512468,819.5999755859375],[-1.227508680894971,43.00953126512468,819.5999755859375],[-1.227508680894971,43.00953126512468,819.5999755859375],[-1.227508680894971,43.00953126512468,819.5999755859375],[-1.227508680894971,43.00953126512468,819.4000244140625],[-1.227508680894971,43.00953126512468,819.4000244140625],[-1.227508680894971,43.00953126512468,819.5999755859375],[-1.227508680894971,43.00953126512468,819.5999755859375],[-1.227508680894971,43.00953126512468,819.5999755859375],[-1.227508680894971,43.00953126512468,819.5999755859375],[-1.227508680894971,43.00953126512468,819.5999755859375],[-1.227508680894971,43.00953126512468,819.5999755859375],[-1.227508680894971,43.00953126512468,819.5999755859375],[-1.227508680894971,43.00953126512468,819.5999755859375],[-1.227508680894971,43.00953126512468,819.5999755859375],[-1.227508680894971,43.00953126512468,819.5999755859375],[-1.227508680894971,43.00953126512468,819.5999755859375],[-1.2275185715407133,43.0095302592963,819.5999755859375],[-1.2275218404829502,43.00953319296241,819.5999755859375],[-1.2275218404829502,43.00953319296241,819.4000244140625],[-1.2275275401771069,43.009538892656565,819.4000244140625],[-1.2275285460054874,43.00953537225723,819.4000244140625],[-1.2275285460054874,43.00953537225723,819.4000244140625],[-1.2275285460054874,43.00953537225723,819.4000244140625],[-1.2275285460054874,43.00953537225723,819.4000244140625],[-1.2275285460054874,43.00953537225723,819.4000244140625],[-1.2275285460054874,43.00953537225723,819.5999755859375],[-1.2275287974625826,43.00953704863787,819.5999755859375],[-1.22753013856709,43.009539395570755,819.5999755859375],[-1.22753013856709,43.009539395570755,819.5999755859375],[-1.22753013856709,43.009539395570755,819.5999755859375],[-1.22753013856709,43.009539395570755,819.7999877929688],[-1.22753013856709,43.009539395570755,819.7999877929688],[-1.22753013856709,43.009539395570755,819.7999877929688],[-1.22753013856709,43.009539395570755,819.7999877929688],[-1.22753013856709,43.009539395570755,819.7999877929688],[-1.22753013856709,43.009539395570755,819.7999877929688],[-1.22753013856709,43.009539395570755,819.7999877929688],[-1.22753013856709,43.009539395570755,819.7999877929688],[-1.22753013856709,43.009539395570755,819.7999877929688],[-1.22753013856709,43.009539395570755,820],[-1.22753013856709,43.009539395570755,820],[-1.22753013856709,43.009539395570755,820],[-1.22753013856709,43.009539395570755,819.7999877929688],[-1.22753013856709,43.009539395570755,819.7999877929688],[-1.22753013856709,43.009539395570755,819.7999877929688],[-1.22753013856709,43.009539395570755,819.7999877929688],[-1.22753013856709,43.009539395570755,819.7999877929688],[-1.22753013856709,43.009539395570755,819.7999877929688],[-1.22753013856709,43.009539395570755,819.7999877929688],[-1.22753013856709,43.009539395570755,819.7999877929688],[-1.22753013856709,43.009539395570755,819.7999877929688],[-1.22753013856709,43.009539395570755,819.7999877929688],[-1.22753013856709,43.009539395570755,819.7999877929688],[-1.22753013856709,43.009539395570755,819.7999877929688],[-1.22753013856709,43.009539395570755,819.7999877929688],[-1.22753013856709,43.009539395570755,819.7999877929688],[-1.22753013856709,43.009539395570755,819.7999877929688],[-1.22753013856709,43.009539395570755,819.7999877929688],[-1.22753013856709,43.009539395570755,819.7999877929688],[-1.22753013856709,43.009539395570755,819.7999877929688],[-1.22753013856709,43.009539395570755,819.7999877929688],[-1.22753013856709,43.009539395570755,819.7999877929688],[-1.22753013856709,43.009539395570755,819.7999877929688],[-1.22753013856709,43.009539395570755,819.7999877929688],[-1.2275350838899612,43.009543251246214,819.7999877929688],[-1.227534245699644,43.00954543054104,819.7999877929688],[-1.227534245699644,43.00954543054104,819.7999877929688],[-1.227534245699644,43.00954543054104,819.7999877929688],[-1.227534245699644,43.00954543054104,819.7999877929688],[-1.227534245699644,43.00954543054104,819.7999877929688],[-1.227534245699644,43.00954543054104,819.7999877929688],[-1.227534245699644,43.00954543054104,819.7999877929688],[-1.227534245699644,43.00954543054104,819.7999877929688],[-1.227534245699644,43.00954543054104,819.7999877929688],[-1.2275429628789425,43.00954509526491,819.7999877929688],[-1.2275601457804441,43.0095490347594,819.7999877929688],[-1.2275845371186733,43.009552052244544,819.7999877929688],[-1.2276077549904585,43.00955389626324,819.7999877929688],[-1.2276334874331951,43.009560434147716,819.7999877929688],[-1.2276576273143291,43.00957242026925,819.7999877929688],[-1.2276767380535603,43.009574599564075,819.7999877929688],[-1.2276950106024742,43.00956940278411,819.7999877929688],[-1.2277152948081493,43.00956202670932,819.7999877929688],[-1.2277379259467125,43.00954978913069,819.7999877929688],[-1.2277673464268446,43.00953227095306,819.7999877929688],[-1.2277905642986298,43.0095318518579,819.7999877929688],[-1.2278074119240046,43.009538389742374,819.7999877929688],[-1.227819649502635,43.00953880883753,819.7999877929688],[-1.2278323899954557,43.009541323408484,819.7999877929688],[-1.2278496567159891,43.009544759988785,819.7999877929688],[-1.2278711143881083,43.009546687826514,819.7999877929688],[-1.2278931587934494,43.00955171696842,819.5999755859375],[-1.227919226512313,43.00955565646291,819.5999755859375],[-1.2279463838785887,43.00955875776708,819.4000244140625],[-1.2279758881777525,43.00956060178578,819.4000244140625],[-1.2280065659433603,43.009562864899635,819.4000244140625],[-1.228035232052207,43.00956797786057,819.4000244140625],[-1.2280670832842588,43.009573174640536,819.5999755859375],[-1.2280999403446913,43.009581472724676,819.5999755859375],[-1.2281331326812506,43.00959186628461,819.5999755859375],[-1.228159200400114,43.009603936225176,819.5999755859375],[-1.2281818315386772,43.009618017822504,819.7999877929688],[-1.228204295039177,43.00962941721082,819.5999755859375],[-1.2282311171293259,43.00964182242751,819.5999755859375],[-1.2282635550945997,43.00965121015906,819.7999877929688],[-1.2282990105450153,43.00966043025255,819.7999877929688],[-1.228326503187418,43.0096700694412,819.7999877929688],[-1.2283673230558634,43.009692868217826,819.5999755859375],[-1.2284038681536913,43.0097131524235,819.4000244140625],[-1.2284334562718868,43.009730419144034,819.2000122070312],[-1.2284782156348228,43.00975321792066,819.2000122070312],[-1.228519706055522,43.00977258011699,819],[-1.2285616155713797,43.00979210995138,819],[-1.2285985797643661,43.009807616472244,819.2000122070312],[-1.2286513019353151,43.009832091629505,819.2000122070312],[-1.2286968156695366,43.009852543473244,819],[-1.2287460174411535,43.0098719894886,819.2000122070312],[-1.228797398507595,43.00989001058042,819.2000122070312],[-1.2288534734398127,43.00990610383451,819.2000122070312],[-1.2289106380194426,43.009924460202456,819.2000122070312],[-1.2289550621062517,43.00994373857975,819],[-1.2290131486952305,43.00997693091631,819],[-1.2290720734745264,43.01001565530896,818.5999755859375],[-1.2291399668902159,43.01006284542382,817],[-1.2291854806244373,43.01009142771363,815.5999755859375],[-1.2292507756501436,43.01011464558542,815],[-1.2293205969035625,43.01012059673667,814.2000122070312],[-1.2293963693082333,43.01012026146054,813.7999877929688],[-1.2294533662497997,43.010125793516636,813.7999877929688],[-1.2294915039092302,43.01014171913266,813.7999877929688],[-1.2295232713222504,43.01017030142248,813.4000244140625],[-1.2295481655746698,43.010199051350355,813.4000244140625],[-1.2295742332935333,43.01022503525019,813.4000244140625],[-1.229610526934266,43.01025168970227,813.4000244140625],[-1.2296318169683218,43.01027214154601,813.5999755859375],[-1.22965176589787,43.010297706350684,813.7999877929688],[-1.2296663504093885,43.01032528281212,814],[-1.2296772468835115,43.01035478711128,814],[-1.229687388986349,43.01038730889559,814.2000122070312],[-1.2296978663653135,43.01042050123215,814.2000122070312],[-1.229708008468151,43.010455621406436,814.2000122070312],[-1.2297140434384346,43.0104904063046,814.2000122070312],[-1.2297199945896864,43.010524017736316,814.2000122070312],[-1.2297294661402702,43.01055729389191,814.2000122070312],[-1.22974069789052,43.010590402409434,814.2000122070312],[-1.2297543603926897,43.01063013263047,814.2000122070312],[-1.2297642510384321,43.0106577090919,814.4000244140625],[-1.2297779973596334,43.010691069066525,814.4000244140625],[-1.229795515537262,43.01073004491627,814.4000244140625],[-1.2298059090971947,43.01075736992061,814.5999755859375],[-1.2298195715993643,43.010790310800076,814.5999755859375],[-1.2298411130905151,43.01082174293697,814.7999877929688],[-1.2298718746751547,43.01084864884615,815],[-1.2299093417823315,43.010865496471524,815],[-1.2299505807459354,43.01086817868054,815.4000244140625],[-1.2299908138811588,43.01087245345116,815.7999877929688],[-1.230036411434412,43.01087471656501,816],[-1.2300653290003538,43.01087614148855,816.4000244140625],[-1.2301043048501015,43.010880751535296,816.5999755859375],[-1.230129199102521,43.01088435575366,817],[-1.2301667500287294,43.01088779233396,817.5999755859375],[-1.2301915604621172,43.01088888198137,817.7999877929688],[-1.230220478028059,43.01089357584715,818.2000122070312],[-1.2302482221275568,43.010898772627115,818.4000244140625],[-1.2302747089415789,43.01090204156935,818.7999877929688],[-1.2303062248975039,43.01090304739773,819],[-1.2303279340267181,43.01090179011226,819.4000244140625],[-1.230353331193328,43.01090329885483,820],[-1.2303795665502548,43.01090338267386,820],[-1.230410998687148,43.010904556140304,820.4000244140625],[-1.2304402515292168,43.010912435129285,820.5999755859375],[-1.2304638884961605,43.01091545261443,820.7999877929688],[-1.23049171641469,43.01091805100441,821],[-1.2305230647325516,43.010922744870186,821.2000122070312],[-1.2305551674216986,43.010914446786046,821.4000244140625],[-1.2305820733308792,43.01091553643346,821.5999755859375],[-1.2306073866784573,43.010911513119936,822],[-1.230639237910509,43.01091176457703,822.2000122070312],[-1.2306727655231953,43.01091318950057,822.2000122070312],[-1.230704030022025,43.010913357138634,822.4000244140625],[-1.2307334505021572,43.01091318950057,822.7999877929688],[-1.2307637091726065,43.01091251894832,823],[-1.2307936325669289,43.01091126166284,823],[-1.2308176886290312,43.01091159693897,823.2000122070312],[-1.2308418285101652,43.01090866327286,823.5999755859375],[-1.2308692373335361,43.01090883091092,823.5999755859375],[-1.230900501832366,43.010919224470854,823.7999877929688],[-1.2309214565902948,43.01092634908855,824],[-1.2309469375759363,43.010931462049484,824],[-1.2309719994664192,43.010934898629785,824.2000122070312],[-1.2309987377375364,43.01093556918204,824.4000244140625],[-1.231026565656066,43.01093582063913,824.5999755859375],[-1.2310525495558977,43.01094017922878,824.7999877929688],[-1.2310735881328583,43.01094353199005,825.2000122070312],[-1.2310961354523897,43.01094654947519,825.2000122070312],[-1.2311187665909529,43.01095023751259,825.4000244140625],[-1.2311409786343575,43.01095141097903,825.7999877929688],[-1.2311627715826035,43.01095308735967,825.7999877929688],[-1.2311864085495472,43.01095183007419,826.2000122070312],[-1.231207698583603,43.01095560193062,826.4000244140625],[-1.2312298268079758,43.01095602102578,826.5999755859375],[-1.231250697746873,43.01096012815833,826.7999877929688],[-1.2312699761241674,43.01096364855766,826.7999877929688],[-1.2312920205295086,43.01096398383379,827.2000122070312],[-1.2313137296587229,43.0109650734812,827.4000244140625],[-1.2313137296587229,43.0109650734812,827.5999755859375],[-1.2313546333462,43.01097571849823,828],[-1.2313781026750803,43.010982340201735,828.4000244140625],[-1.2314010690897703,43.0109893810004,828.4000244140625],[-1.2314234487712383,43.010994493961334,828.5999755859375],[-1.2314443197101355,43.010998433455825,828.7999877929688],[-1.2314661126583815,43.01100614480674,829],[-1.2314862292259932,43.01101251505315,829.2000122070312],[-1.2315080221742392,43.011008240282536,829.4000244140625],[-1.2315293960273266,43.01100882701576,829.7999877929688],[-1.2315506022423506,43.01101720891893,830.2000122070312],[-1.2315707188099623,43.01102257333696,830.4000244140625],[-1.2315945234149694,43.011025255545974,830.5999755859375],[-1.2316195853054523,43.011027770116925,830.5999755859375],[-1.231640037149191,43.01102994941175,830.7999877929688],[-1.2316584773361683,43.011032631620765,831],[-1.2316777557134628,43.0110361520201,831],[-1.231696279719472,43.01103740930557,831.2000122070312],[-1.2317137140780687,43.01104017533362,831.4000244140625],[-1.231733076274395,43.0110430251807,831.5999755859375],[-1.2317561265081167,43.01104654558003,831.7999877929688],[-1.2317794281989336,43.011047802865505,831.7999877929688],[-1.2318018916994333,43.01104704849422,832],[-1.2318227626383305,43.01105232909322,832.2000122070312],[-1.2318448070436716,43.01105635240674,832.4000244140625],[-1.2318674381822348,43.011058028787374,832.5999755859375],[-1.2318904884159565,43.011062387377024,832.7999877929688],[-1.2319158017635345,43.0110652372241,833],[-1.2319406121969223,43.01107085309923,833],[-1.2319625727832317,43.01106959581375,833.2000122070312],[-1.2319817673414946,43.01107185892761,833.5999755859375],[-1.2320049852132797,43.01107889972627,833.5999755859375],[-1.2320256885141134,43.011080576106906,833.5999755859375],[-1.2320445477962494,43.011081498116255,833.7999877929688],[-1.2320660054683685,43.01108552142978,834],[-1.2320910673588514,43.011086443439126,834.4000244140625],[-1.2321152072399855,43.01108309067786,834.5999755859375],[-1.2321359943598509,43.011083425953984,834.7999877929688],[-1.2321563623845577,43.011085437610745,835],[-1.232176898047328,43.01108728162944,835],[-1.2321921531111002,43.01108996383846,835.4000244140625],[-1.2322085816413164,43.01109189167619,835.4000244140625],[-1.2322248425334692,43.01109314896166,835.5999755859375],[-1.2322437018156052,43.01109675318003,835.7999877929688],[-1.232261722907424,43.01109893247485,836],[-1.2322787381708622,43.01109884865582,836.2000122070312],[-1.2323005311191082,43.01109935157001,836.4000244140625],[-1.2323209829628468,43.01109842956066,836.5999755859375],[-1.2323380820453167,43.01109775900841,836.7999877929688],[-1.232353923842311,43.011099100112915,836.7999877929688],[-1.2323737889528275,43.011102033779025,837.2000122070312],[-1.2323938217014074,43.01110127940774,837.4000244140625],[-1.2324139382690191,43.011103039607406,837.5999755859375],[-1.2324344739317894,43.01110454834998,838],[-1.2324577756226063,43.01110270433128,838.2000122070312],[-1.2324804067611694,43.011101530864835,838.2000122070312],[-1.232504965737462,43.011100105941296,838.4000244140625],[-1.2325256690382957,43.01109977066517,838.5999755859375],[-1.2325436063110828,43.01110194995999,838.7999877929688],[-1.232561795040965,43.01110614091158,838.7999877929688],[-1.2325825821608305,43.01110806874931,839],[-1.2325998488813639,43.0111048836261,839.2000122070312],[-1.2326203007251024,43.011104045435786,839.4000244140625],[-1.232645194977522,43.011104967445135,839.5999755859375],[-1.2326658982783556,43.011103039607406,840.2000122070312],[-1.2326803151518106,43.01109775900841,840.4000244140625],[-1.2326954863965511,43.01109449006617,840.5999755859375],[-1.232712585479021,43.01108946092427,840.7999877929688],[-1.2327332887798548,43.01108183339238,840.7999877929688],[-1.2327513936907053,43.01107185892761,841],[-1.2327651400119066,43.011066326871514,841.2000122070312],[-1.2327817361801863,43.011065404862165,841.4000244140625],[-1.2328010983765125,43.01106900908053,841.4000244140625],[-1.2328255735337734,43.01107303239405,841.5999755859375],[-1.2328513897955418,43.01106951199472,841.7999877929688],[-1.2328738532960415,43.011063896119595,841.7999877929688],[-1.2328932154923677,43.0110586155206,842.2000122070312],[-1.2329095602035522,43.01105844788253,842.2000122070312],[-1.232929676771164,43.01106305792928,842.4000244140625],[-1.232949374243617,43.01106791943312,842.5999755859375],[-1.2329690717160702,43.01107781007886,842.7999877929688],[-1.232993295416236,43.01107135601342,842.7999877929688],[-1.2330134119838476,43.01107378676534,843],[-1.2330337800085545,43.01107261329889,843.2000122070312],[-1.2330552376806736,43.011071188375354,843.4000244140625],[-1.233078707009554,43.01107152365148,843.5999755859375],[-1.2331031821668148,43.01107261329889,843.7999877929688],[-1.2331326864659786,43.01107546314597,844],[-1.2331599276512861,43.01107873208821,844],[-1.2331809662282467,43.01107822917402,844.4000244140625],[-1.2332092132419348,43.01107973791659,844.4000244140625],[-1.2332351133227348,43.011085940524936,844.7999877929688],[-1.2332667130976915,43.01109365187585,844.7999877929688],[-1.2333039287477732,43.01109289750457,845],[-1.2333373725414276,43.011092310771346,845],[-1.2333698943257332,43.0110998544842,845],[-1.2334013264626265,43.01109968684614,845.2000122070312],[-1.2334253825247288,43.01109264604747,845.2000122070312],[-1.2334517017006874,43.01109901629388,845.4000244140625],[-1.233484223484993,43.01109197549522,845.4000244140625],[-1.2335152365267277,43.01109608262777,845.4000244140625],[-1.2335386220365763,43.01109239459038,845.5999755859375],[-1.2335712276399136,43.011093232780695,845.7999877929688],[-1.2335989717394114,43.01109834574163,846],[-1.2336267158389091,43.01110312342644,846.2000122070312],[-1.2336507719010115,43.01110764965415,846.2000122070312],[-1.2336773425340652,43.01111100241542,846.2000122070312],[-1.2337034940719604,43.011109409853816,846.4000244140625],[-1.2337338365614414,43.011109828948975,846.5999755859375],[-1.233764598146081,43.01111401990056,846.7999877929688],[-1.2337959464639425,43.011115780100226,846.7999877929688],[-1.2338271271437407,43.01111904904246,846.7999877929688],[-1.233858224004507,43.011121060699224,847],[-1.2338910810649395,43.01112131215632,847],[-1.2339252792298794,43.01111997105181,847.2000122070312],[-1.2339570466428995,43.01111921668053,847.4000244140625],[-1.233989903703332,43.01112198270857,847.4000244140625],[-1.2340205814689398,43.01112667657435,847.4000244140625],[-1.2340532708913088,43.01112776622176,847.4000244140625],[-1.2340860441327095,43.0111275985837,847.4000244140625],[-1.2341157160699368,43.01113053224981,847.4000244140625],[-1.2341446336358786,43.01113145425916,847.5999755859375],[-1.2341768201440573,43.01113028079271,847.7999877929688],[-1.2342080846428871,43.0111307837069,847.7999877929688],[-1.2342357449233532,43.01112785004079,847.7999877929688],[-1.2342615611851215,43.01112583838403,848],[-1.234291149303317,43.011125754565,848],[-1.2343266885727644,43.011122988536954,848.2000122070312],[-1.2343598809093237,43.011120557785034,848.2000122070312],[-1.2343926541507244,43.01111510954797,848.4000244140625],[-1.2344285286962986,43.01111008040607,848.4000244140625],[-1.2344663310796022,43.011109912768006,848.4000244140625],[-1.2345027085393667,43.0111085716635,848.5999755859375],[-1.2345386669039726,43.011108823120594,848.5999755859375],[-1.2345720268785954,43.01110563799739,848.5999755859375],[-1.2346075661480427,43.01110521890223,848.5999755859375],[-1.234641931951046,43.01110530272126,848.7999877929688],[-1.234680823981762,43.01110706292093,848.7999877929688],[-1.2347181234508753,43.0111067276448,849],[-1.2347566802054644,43.01110572181642,849],[-1.2347939796745777,43.01110228523612,849],[-1.234831614419818,43.011098178103566,849.2000122070312],[-1.234868410974741,43.01109256222844,849.2000122070312],[-1.2349060457199812,43.01109507679939,849.2000122070312],[-1.23494116589427,43.011096585541964,849.4000244140625],[-1.2349736038595438,43.01109348423779,849.5999755859375],[-1.2350083887577057,43.01108853891492,849.5999755859375],[-1.2350389827042818,43.011076133698225,849.5999755859375],[-1.2350752763450146,43.011072780936956,849.7999877929688],[-1.2351020146161318,43.011063896119595,849.7999877929688],[-1.2351271603256464,43.01106699742377,850],[-1.2351634539663792,43.0110705178231,850],[-1.2351971492171288,43.0110792350024,850],[-1.2352293357253075,43.01107915118337,850],[-1.2352637015283108,43.01108015701175,850.4000244140625],[-1.2352938763797283,43.01108225248754,850.5999755859375],[-1.2353237997740507,43.011087365448475,850.7999877929688],[-1.2353544775396585,43.01108040846884,851],[-1.2353859934955835,43.011075714603066,851],[-1.2354187667369843,43.01107328385115,851.2000122070312],[-1.2354512885212898,43.01106959581375,851.2000122070312],[-1.235482720658183,43.011062974110246,851.4000244140625],[-1.2355209421366453,43.011061465367675,851.5999755859375],[-1.2355533801019192,43.01105744205415,851.7999877929688],[-1.2355785258114338,43.0110549274832,852],[-1.2356112152338028,43.01105442456901,852],[-1.235645329579711,43.01105199381709,852.2000122070312],[-1.235679779201746,43.011051155626774,852.4000244140625],[-1.2357152346521616,43.01105107180774,852.5999755859375],[-1.2357515282928944,43.01103732548654,852.5999755859375],[-1.2357878219336271,43.01102735102177,852.7999877929688],[-1.2358251214027405,43.011018466204405,853],[-1.2358636781573296,43.01100882701576,853.2000122070312],[-1.23590181581676,43.01100245676935,853.2000122070312],[-1.235940121114254,43.01099734380841,853.4000244140625],[-1.235974570736289,43.010993571951985,853.4000244140625],[-1.2360080983489752,43.01099189557135,853.4000244140625],[-1.2360384408384562,43.01099147647619,853.5999755859375],[-1.2360716331750154,43.01098544150591,853.5999755859375],[-1.2361003831028938,43.01098217256367,853.7999877929688],[-1.2361332401633263,43.01097965799272,853.7999877929688],[-1.236164253205061,43.01097462885082,853.7999877929688],[-1.2362013012170792,43.010968174785376,854],[-1.2362277880311012,43.01097094081342,854],[-1.236261399462819,43.010970521718264,854.2000122070312],[-1.2363016325980425,43.0109653249383,854.4000244140625],[-1.236336836591363,43.010956943035126,854.4000244140625],[-1.236371286213398,43.01094923168421,854.7999877929688],[-1.2364083342254162,43.01094437018037,854.7999877929688],[-1.2364362459629774,43.01094336435199,855],[-1.236477568745613,43.0109428614378,855.2000122070312],[-1.2365121021866798,43.010946046561,855.4000244140625],[-1.236545043066144,43.01094822585583,855.5999755859375],[-1.2365762237459421,43.010947555303574,855.7999877929688],[-1.2366070691496134,43.01094495691359,856.2000122070312],[-1.236633388325572,43.01094554364681,856.2000122070312],[-1.2366736214607954,43.010949064046144,856.4000244140625],[-1.2367093283683062,43.01095359027386,856.4000244140625],[-1.236748220399022,43.01095962524414,856.4000244140625],[-1.2367827538400888,43.010965744033456,856.4000244140625],[-1.2368420977145433,43.01098116673529,856.4000244140625],[-1.2369008548557758,43.01099767908454,856.2000122070312],[-1.2369650602340698,43.0110134370625,855.5999755859375],[-1.2370191235095263,43.01103439182043,854.7999877929688],[-1.2370883580297232,43.01106356084347,854],[-1.2371629569679499,43.01108703017235,853.4000244140625],[-1.2372438423335552,43.01110362634063,852.7999877929688],[-1.237327829003334,43.011112259700894,852.2000122070312],[-1.2374137435108423,43.01111334934831,851.7999877929688],[-1.237501334398985,43.011108823120594,851.5999755859375],[-1.2375871650874615,43.01110220141709,851.5999755859375],[-1.2376688048243523,43.01109792664647,851.4000244140625],[-1.2377473432570696,43.011094741523266,851.4000244140625],[-1.2378197629004717,43.011090299114585,851.4000244140625],[-1.2378900032490492,43.011085856705904,851.2000122070312],[-1.2379552144557238,43.011080073192716,851],[-1.238024951890111,43.0110721103847,851],[-1.238096198067069,43.01106498576701,851],[-1.2381643429398537,43.01106724888086,850.5999755859375],[-1.238236427307129,43.011072780936956,850.4000244140625],[-1.2383160553872585,43.0110689252615,850.4000244140625],[-1.2384007964283228,43.011062890291214,850.2000122070312],[-1.2384945899248123,43.011062471196055,849.4000244140625],[-1.238593328744173,43.011061465367675,848.4000244140625],[-1.2386900559067726,43.011062471196055,847.4000244140625],[-1.2387877888977528,43.011045875027776,846.7999877929688],[-1.2388885393738747,43.01103791221976,846],[-1.238978561013937,43.01102911122143,845.2000122070312],[-1.2390648107975721,43.01101729273796,844.5999755859375],[-1.2391491327434778,43.01098544150591,844.5999755859375],[-1.239233035594225,43.01094981841743,844.4000244140625],[-1.2393176928162575,43.010911010205746,843.2000122070312],[-1.2393968179821968,43.01086910068989,842.4000244140625],[-1.2394678127020597,43.01082509569824,842.2000122070312],[-1.2395281624048948,43.010777151212096,842],[-1.2395763583481312,43.010721830651164,841.7999877929688],[-1.2396113947033882,43.0106611456722,841.4000244140625],[-1.2396377138793468,43.01060029305518,841.4000244140625],[-1.2396549805998802,43.01053633913398,841.2000122070312],[-1.2396620213985443,43.01046408712864,841.2000122070312],[-1.2396667152643204,43.01039091311395,840.5999755859375],[-1.239664200693369,43.010325115174055,840],[-1.2396473530679941,43.010260155424476,839.7999877929688],[-1.2396393064409494,43.01019896753132,839.4000244140625],[-1.2396440003067255,43.01013174466789,839],[-1.2396505381911993,43.01007776521146,839],[-1.2396686431020498,43.010025545954704,839],[-1.239700661972165,43.00997014157474,838.5999755859375],[-1.2397500313818455,43.00992328673601,838.2000122070312],[-1.2398112192749977,43.00988129340112,838.2000122070312],[-1.2398774363100529,43.00984541885555,838.2000122070312],[-1.2399306613951921,43.00981775857508,838.2000122070312],[-1.2400095351040363,43.00978288985789,838.4000244140625],[-1.240067034959793,43.009770484641194,838.4000244140625],[-1.240148339420557,43.00975749269128,838.7999877929688],[-1.2402092758566141,43.00975430756807,839],[-1.2402674462646246,43.00976235419512,839.4000244140625],[-1.2403245270252228,43.009772915393114,839.7999877929688],[-1.24037716537714,43.00979210995138,840],[-1.2404236011207104,43.00982220098376,840.2000122070312],[-1.2404641695320606,43.009844832122326,840.5999755859375],[-1.2405040673911572,43.00985807552934,840.7999877929688],[-1.2405410315841436,43.009874587878585,841.4000244140625],[-1.2405755650252104,43.00989227369428,841.5999755859375],[-1.2406049016863108,43.00990560092032,841.5999755859375],[-1.2406468112021685,43.009920101612806,841.7999877929688],[-1.2406778242439032,43.009933680295944,842.2000122070312],[-1.2407042272388935,43.00994658842683,842.4000244140625],[-1.2407358270138502,43.0099634360522,842.5999755859375],[-1.2407761439681053,43.009978188201785,842.7999877929688],[-1.2408069893717766,43.0099911801517,843],[-1.2408377509564161,43.01000467501581,843.2000122070312],[-1.24086432158947,43.01001942716539,843.4000244140625],[-1.2408907245844603,43.01003518514335,843.5999755859375],[-1.2409189715981483,43.01005127839744,844],[-1.2409473862498999,43.010067623108625,844.4000244140625],[-1.2409736216068268,43.01008690148592,844.5999755859375],[-1.240996504202485,43.010108694434166,844.7999877929688],[-1.2410226557403803,43.01013300195336,845.2000122070312],[-1.241050399839878,43.01015429198742,845.4000244140625],[-1.2410747073590755,43.01017499528825,845.4000244140625],[-1.2410989310592413,43.01019980572164,845.5999755859375],[-1.2411201372742653,43.01022905856371,845.5999755859375],[-1.241146121174097,43.01025638356805,845.5999755859375],[-1.2411695905029774,43.01028328947723,845.7999877929688],[-1.2411932274699211,43.010309441015124,845.7999877929688],[-1.2412217259407043,43.01033668220043,846],[-1.2412484642118216,43.01036476157606,846],[-1.2412803992629051,43.01039468497038,846.2000122070312],[-1.241311328485608,43.010428044945,846.2000122070312],[-1.241332534700632,43.010452687740326,846.2000122070312],[-1.2413622066378593,43.01048906520009,846.4000244140625],[-1.2413912918418646,43.010515719652176,846.4000244140625],[-1.2414259929209948,43.01053893752396,846.4000244140625],[-1.2414639629423618,43.01056089811027,846.4000244140625],[-1.2415043637156487,43.01058302633464,846.5999755859375],[-1.2415458541363478,43.01060297526419,846.5999755859375],[-1.2415900267660618,43.01062007434666,846.5999755859375],[-1.2416342832148075,43.01063608378172,846.5999755859375],[-1.2416802160441875,43.01064915955067,846.7999877929688],[-1.241725729778409,43.01066047511995,847],[-1.2417720817029476,43.01066894084215,847],[-1.2418222054839134,43.010671539232135,847.2000122070312],[-1.24186503700912,43.0106664262712,847.2000122070312],[-1.2419290747493505,43.01065821200609,847.2000122070312],[-1.241982216015458,43.01065041683614,847.2000122070312],[-1.242032926529646,43.01064337603748,847.2000122070312],[-1.2420881632715464,43.01062728278339,847.2000122070312],[-1.2421317491680384,43.01062233746052,847],[-1.2421855609863997,43.01061353646219,846.7999877929688],[-1.2422448210418224,43.01060238853097,846.7999877929688],[-1.242293855175376,43.010594341903925,846.4000244140625],[-1.2423435598611832,43.010584032163024,846.4000244140625],[-1.2423854693770409,43.0105784162879,846.4000244140625],[-1.242446405813098,43.010575734078884,846.4000244140625],[-1.2424938473850489,43.01057791337371,846.2000122070312],[-1.242528548464179,43.01057992503047,846.2000122070312],[-1.2425837013870478,43.01057271659374,846.2000122070312],[-1.2426196597516537,43.010573890060186,846.4000244140625],[-1.242674058303237,43.0105715431273,846.4000244140625],[-1.2427098490297794,43.01057053729892,846.4000244140625],[-1.2427534349262714,43.0105696991086,846.5999755859375],[-1.2427978590130806,43.01056726835668,846.5999755859375],[-1.242849575355649,43.01056517288089,846.7999877929688],[-1.2428810074925423,43.01056290976703,847],[-1.2429288681596518,43.010561065748334,847.2000122070312],[-1.2429681792855263,43.01056274212897,847.5999755859375],[-1.2429990246891975,43.01056534051895,847.7999877929688],[-1.2430397607386112,43.01056827418506,848.2000122070312],[-1.2430716957896948,43.010571375489235,848.5999755859375],[-1.2430964224040508,43.01057397387922,849],[-1.2431251723319292,43.01057900302112,849.4000244140625],[-1.2431604601442814,43.01058202050626,849.5999755859375],[-1.2431860249489546,43.010585121810436,850.2000122070312],[-1.243225084617734,43.010590989142656,850.5999755859375],[-1.2432576064020395,43.01059652119875,850.7999877929688],[-1.2432850152254105,43.01059987396002,850.7999877929688],[-1.2433203868567944,43.010600712150335,851],[-1.2433526571840048,43.010601634159684,851.4000244140625],[-1.2433874420821667,43.010602137073874,851.7999877929688],[-1.2434224784374237,43.010602220892906,851.7999877929688],[-1.2434578500688076,43.010600628331304,852],[-1.243493976071477,43.010599790140986,852.2000122070312],[-1.2435302697122097,43.010600209236145,852.4000244140625],[-1.243566982448101,43.010601215064526,852.5999755859375],[-1.2436072155833244,43.010602220892906,852.7999877929688],[-1.2436420004814863,43.01060180179775,853],[-1.243673013523221,43.01060347817838,853.2000122070312],[-1.2437036912888288,43.01060599274933,853.2000122070312],[-1.2437341175973415,43.010610016062856,853.2000122070312],[-1.2437671422958374,43.0106127820909,853.4000244140625],[-1.2437989097088575,43.0106111895293,853.5999755859375],[-1.2438284140080214,43.010610938072205,853.5999755859375],[-1.2438572477549314,43.010612362995744,853.7999877929688],[-1.2438905239105225,43.01061412319541,854],[-1.2439266499131918,43.01061496138573,854],[-1.243957495316863,43.01061948761344,854.2000122070312],[-1.2439865805208683,43.01062795333564,854.4000244140625],[-1.244013151153922,43.0106354970485,854.5999755859375],[-1.244043242186308,43.0106386821717,854.7999877929688],[-1.244077105075121,43.010643627494574,855.2000122070312],[-1.2441098783165216,43.01065184175968,855.4000244140625],[-1.2441417295485735,43.010657876729965,855.5999755859375],[-1.2441735807806253,43.01066340878606,855.7999877929688],[-1.2442036718130112,43.01066692918539,856],[-1.2442282307893038,43.01067187450826,856],[-1.24425052665174,43.01068310625851,856],[-1.244272654876113,43.010695008561015,856.2000122070312],[-1.2442975491285324,43.01070699468255,856.2000122070312],[-1.244317665696144,43.0107182264328,856.2000122070312],[-1.244345996528864,43.01073239184916,856.2000122070312],[-1.244371561333537,43.0107441265136,856.4000244140625],[-1.244397209957242,43.010758962482214,856.2000122070312],[-1.2444202601909637,43.010775139555335,856.2000122070312],[-1.2444468308240175,43.01079332828522,856.4000244140625],[-1.2444723956286907,43.010811349377036,856.4000244140625],[-1.244498211890459,43.010833729058504,856.5999755859375],[-1.2445212621241808,43.01085401326418,856.7999877929688],[-1.2445416301488876,43.010873878374696,856.7999877929688],[-1.244557136669755,43.01089458167553,857],[-1.2445752415806055,43.01091612316668,857.2000122070312],[-1.2445965316146612,43.01093716174364,857.4000244140625],[-1.2446210067719221,43.01096012815833,857.4000244140625],[-1.2446453981101513,43.010983848944306,857.5999755859375],[-1.2446665205061436,43.011008156463504,857.5999755859375],[-1.2446942646056414,43.01103078760207,857.7999877929688],[-1.2447225116193295,43.0110514909029,857.7999877929688],[-1.2447483278810978,43.01107185892761,857.7999877929688],[-1.2447769939899445,43.01109189167619,858],[-1.24480951577425,43.011111337691545,858],[-1.2448391877114773,43.01112969405949,858.2000122070312],[-1.244871960952878,43.011149475350976,858.2000122070312],[-1.2448992021381855,43.011166574433446,858.4000244140625],[-1.2449303828179836,43.011181158944964,858.4000244140625],[-1.24496441334486,43.011194318532944,858.5999755859375],[-1.2450032215565443,43.01121074706316,858.7999877929688],[-1.2450447957962751,43.01122331991792,858.7999877929688],[-1.245077820494771,43.01123354583979,858.7999877929688],[-1.2451158743351698,43.01125131547451,858.7999877929688],[-1.2451608013361692,43.01126221194863,858.5999755859375],[-1.245214780792594,43.01127277314663,858.5999755859375],[-1.2452587857842445,43.01127713173628,858.5999755859375],[-1.2453282717615366,43.01129423081875,858.5999755859375],[-1.2453706003725529,43.011313593015075,858.5999755859375],[-1.2454119231551886,43.01132842898369,858.5999755859375],[-1.2454596161842346,43.011343851685524,858.7999877929688],[-1.2455063033849,43.01135583780706,858.7999877929688],[-1.2455524876713753,43.011367907747626,859],[-1.2455969117581844,43.011381067335606,859],[-1.2456455267965794,43.011393221095204,859],[-1.2456941418349743,43.011409817263484,859],[-1.2457397393882275,43.01142909564078,859],[-1.245784666389227,43.01145222969353,859],[-1.2458283361047506,43.011476872488856,858.7999877929688],[-1.2458678148686886,43.01150059327483,858.4000244140625],[-1.2459078803658485,43.01152724772692,858.2000122070312],[-1.2459473591297865,43.011553063988686,858],[-1.2459855806082487,43.01158147864044,857.7999877929688],[-1.2460254784673452,43.011609390378,857.5999755859375],[-1.2460678908973932,43.01163914613426,857.5999755859375],[-1.2461134884506464,43.011668818071485,857.5999755859375],[-1.2461533024907112,43.011702010408044,857.4000244140625],[-1.2461903505027294,43.011734280735254,857.2000122070312],[-1.2462224531918764,43.01177174784243,857.2000122070312],[-1.2462513707578182,43.01181365735829,856.7999877929688],[-1.2462760135531425,43.01185875199735,856.5999755859375],[-1.246303841471672,43.01190351136029,856.4000244140625],[-1.2463432364165783,43.01194475032389,856.2000122070312],[-1.2463900074362755,43.01197442226112,856.2000122070312],[-1.2464471720159054,43.011989844962955,856.2000122070312],[-1.246505593881011,43.0119944550097,856.2000122070312],[-1.24655538238585,43.01199168898165,856.4000244140625],[-1.2465944420546293,43.01198171451688,856.7999877929688],[-1.2466212641447783,43.01197165623307,857.4000244140625],[-1.2466526962816715,43.01195975393057,857.7999877929688],[-1.2466885708272457,43.01194475032389,858.4000244140625],[-1.2467117886990309,43.01193594932556,858.5999755859375],[-1.2467412929981947,43.01192429848015,859],[-1.2467667739838362,43.01191356964409,859.2000122070312],[-1.246790662407875,43.01190250553191,859.7999877929688],[-1.2468168139457703,43.011899488046765,860],[-1.2468541134148836,43.01189923658967,860.2000122070312],[-1.2468883115798235,43.011897476390004,860.7999877929688],[-1.2469153851270676,43.0118961352855,861],[-1.2469448894262314,43.01189680583775,861.2000122070312],[-1.246981518343091,43.01189529709518,861.4000244140625],[-1.2470128666609526,43.01189529709518,861.5999755859375],[-1.2470400240272284,43.01189546473324,861.5999755859375],[-1.2470611464232206,43.01189546473324,862],[-1.2470915727317333,43.011891189962626,862.2000122070312],[-1.2471191491931677,43.01188909448683,862.4000244140625],[-1.2471548561006784,43.011893117800355,862.7999877929688],[-1.247186791151762,43.01190032623708,862.7999877929688],[-1.247223922982812,43.011900912970304,863],[-1.2472553551197052,43.011903343722224,863.4000244140625],[-1.2472885474562645,43.01190476864576,863.7999877929688],[-1.2473291158676147,43.01189077086747,864],[-1.2473722826689482,43.01186939701438,864.2000122070312],[-1.2474060617387295,43.011868642643094,864.5999755859375],[-1.2474466301500797,43.01186981610954,864.5999755859375],[-1.2474790681153536,43.011869229376316,864.5999755859375],[-1.2475100811570883,43.01186881028116,864.7999877929688],[-1.2475561816245317,43.01186788827181,864.7999877929688],[-1.2475972529500723,43.011865708976984,864.7999877929688],[-1.2476348876953125,43.011859338730574,865],[-1.247672438621521,43.0118512082845,865],[-1.2477075587958097,43.01185565069318,865],[-1.2477420084178448,43.01185028627515,865.2000122070312],[-1.2477850075811148,43.01185380667448,865.2000122070312],[-1.2478272523730993,43.01185053773224,865.4000244140625],[-1.2478681560605764,43.01184902898967,865.5999755859375],[-1.2479119095951319,43.01185187883675,865.5999755859375],[-1.247957507148385,43.01185037009418,865.7999877929688],[-1.2479956448078156,43.011836456134915,865.7999877929688],[-1.2480379734188318,43.011834947392344,865.7999877929688],[-1.2480805534869432,43.011836875230074,865.7999877929688],[-1.248121540993452,43.01183997653425,865.7999877929688],[-1.2481564097106457,43.0118372105062,865.7999877929688],[-1.2481928709894419,43.01183067262173,865.7999877929688],[-1.2482261471450329,43.01182447001338,866],[-1.2482625246047974,43.01182312890887,866],[-1.2482898496091366,43.01182136870921,866],[-1.248325975611806,43.01181600429118,866.2000122070312],[-1.2483733333647251,43.011800330132246,866.4000244140625],[-1.2484089564532042,43.01179513335228,866.5999755859375],[-1.2484462559223175,43.011796390637755,866.5999755859375],[-1.248489087447524,43.011798821389675,866.5999755859375],[-1.248537115752697,43.011800330132246,866.5999755859375],[-1.2485807854682207,43.01180477254093,866.5999755859375],[-1.248622527346015,43.01180887967348,866.5999755859375],[-1.248670555651188,43.011809634044766,866.4000244140625],[-1.2487080227583647,43.01180426962674,866.4000244140625],[-1.2487658578902483,43.01179706119001,866.2000122070312],[-1.248822184279561,43.01179370842874,866],[-1.2488844618201256,43.01178817637265,865.7999877929688],[-1.2489495892077684,43.01177619025111,865.4000244140625],[-1.2490184046328068,43.01176428794861,865],[-1.2490843702107668,43.01175959408283,864.4000244140625],[-1.2491474859416485,43.011756325140595,864.2000122070312],[-1.2492090091109276,43.01175314001739,864],[-1.2492536846548319,43.01174148917198,864],[-1.2493030540645123,43.0117182713002,864],[-1.2493459694087505,43.01167778670788,864.4000244140625],[-1.249364074319601,43.01164694130421,864.5999755859375],[-1.2493916507810354,43.01160377450287,864.7999877929688],[-1.24941973015666,43.01157175563276,864.7999877929688],[-1.2494451273232698,43.01154652610421,864.7999877929688],[-1.2494708597660065,43.01151802763343,864.7999877929688],[-1.2494972627609968,43.011490451171994,864.7999877929688],[-1.2495173793286085,43.01145943813026,865],[-1.2495345622301102,43.01142515614629,865.4000244140625],[-1.2495501525700092,43.01140026189387,865.4000244140625],[-1.2495835963636637,43.01136698573828,865.5999755859375],[-1.2496189679950476,43.011346869170666,865.5999755859375],[-1.249648304656148,43.0113279260695,865.7999877929688],[-1.24967479147017,43.011312084272504,866.2000122070312],[-1.2496923096477985,43.011296493932605,866.4000244140625],[-1.249713934957981,43.011278975754976,867],[-1.2497376557439566,43.01126120612025,867.2000122070312],[-1.2497626338154078,43.01124460995197,867.4000244140625],[-1.249788785353303,43.01122969016433,867.5999755859375],[-1.2498130090534687,43.01121552474797,867.7999877929688],[-1.2498384062200785,43.01120303571224,868],[-1.249860618263483,43.011187026277184,868.2000122070312],[-1.2498860154300928,43.01117311231792,868.5999755859375],[-1.249913927167654,43.01115953363478,868.7999877929688],[-1.2499439343810081,43.01114729605615,869.2000122070312],[-1.2499743606895208,43.01113195717335,869.2000122070312],[-1.2500042002648115,43.01111452281475,869.2000122070312],[-1.250032028183341,43.011096585541964,869.4000244140625],[-1.2500669807195663,43.011076636612415,869.4000244140625],[-1.2500936351716518,43.0110620521009,869.4000244140625],[-1.2501367181539536,43.01104067824781,869.4000244140625],[-1.250178124755621,43.01101963967085,869.2000122070312],[-1.2502189446240664,43.010996421799064,868.7999877929688],[-1.2502681463956833,43.010976472869515,868.5999755859375],[-1.250318018719554,43.01095585338771,868.4000244140625],[-1.250366885215044,43.01093607209623,868],[-1.2504117283970118,43.01091712899506,867.7999877929688],[-1.250456152483821,43.01090246066451,867.7999877929688],[-1.250499989837408,43.01088863052428,867.7999877929688],[-1.2505431566387415,43.01087697967887,867.7999877929688],[-1.2505874130874872,43.010865999385715,867.7999877929688],[-1.2506354413926601,43.010861556977034,867.7999877929688],[-1.2506802007555962,43.01085401326418,868],[-1.2507261335849762,43.010852336883545,868],[-1.2507610861212015,43.01085552200675,868.2000122070312],[-1.2508127186447382,43.0108580365777,868.4000244140625],[-1.2508582323789597,43.01086273044348,868.5999755859375],[-1.2509037461131811,43.01086951978505,868.7999877929688],[-1.2509496789425611,43.010877734050155,869],[-1.2509960308670998,43.01088586449623,869],[-1.251046909019351,43.01089223474264,869],[-1.251101391389966,43.01089374348521,869.2000122070312],[-1.2511540297418833,43.01089164800942,869.2000122070312],[-1.251201806589961,43.01088133826852,869.4000244140625],[-1.2512438837438822,43.01086004823446,869.5999755859375],[-1.2512775789946318,43.01083255559206,869.7999877929688],[-1.2513014674186707,43.01080673933029,870],[-1.2513206619769335,43.01078352145851,870],[-1.2513310555368662,43.01076114177704,870.2000122070312],[-1.2513371743261814,43.01073758862913,870.5999755859375],[-1.251342874020338,43.01071688532829,871],[-1.2513468135148287,43.010693583637476,871.2000122070312],[-1.2513525132089853,43.010672461241484,871.4000244140625],[-1.2513553630560637,43.01065175794065,871.5999755859375],[-1.2513592187315226,43.010636921972036,872],[-1.2513713724911213,43.01061353646219,872.2000122070312],[-1.251379083842039,43.01060347817838,872.5999755859375],[-1.2513867113739252,43.010593336075544,873],[-1.2513999547809362,43.0105784162879,873.2000122070312],[-1.2514092586934566,43.01055989228189,873.5999755859375],[-1.2514174729585648,43.010543966665864,873.7999877929688],[-1.2514277826994658,43.0105316452682,874.2000122070312],[-1.2514407746493816,43.01051940768957,874.2000122070312],[-1.2514565326273441,43.01050708629191,874.4000244140625],[-1.2514762300997972,43.010496608912945,874.5999755859375],[-1.2514959275722504,43.01048705354333,875],[-1.2515121046453714,43.010477581992745,875.4000244140625],[-1.2515255995094776,43.010465344414115,875.4000244140625],[-1.25153842382133,43.01045386120677,875.7999877929688],[-1.2515540141612291,43.01044413819909,876],[-1.251571448519826,43.01043106243014,876.2000122070312],[-1.2515861168503761,43.01041983067989,876.4000244140625],[-1.2516001146286726,43.01041186787188,876.7999877929688],[-1.251617046073079,43.010404324159026,877],[-1.2516357377171516,43.01039518788457,877.4000244140625],[-1.2516535073518753,43.0103849619627,877.5999755859375],[-1.2516737077385187,43.01038102246821,878],[-1.251693069934845,43.01037766970694,878.2000122070312],[-1.251711342483759,43.01037322729826,878.4000244140625],[-1.2517287768423557,43.01037029363215,879],[-1.2517462950199842,43.010364174842834,879.2000122070312],[-1.25176758505404,43.01035453565419,879.4000244140625],[-1.251786695793271,43.01034539937973,879.5999755859375],[-1.2518063094466925,43.0103384424001,880],[-1.2518260907381773,43.01033626310527,880.5999755859375],[-1.2518467102199793,43.01033349707723,880.7999877929688],[-1.2518654018640518,43.010329557582736,881],[-1.2518831714987755,43.010325534269214,881.4000244140625],[-1.2519006058573723,43.01032243296504,881.4000244140625],[-1.2519208900630474,43.01032042130828,881.7999877929688],[-1.2519374024122953,43.010317320004106,882],[-1.2519559264183044,43.010317739099264,882.2000122070312],[-1.251973696053028,43.01032033748925,882.4000244140625],[-1.2519984226673841,43.010328551754355,882.5999755859375],[-1.2520208023488522,43.01033450290561,882.5999755859375],[-1.2520432658493519,43.01033995114267,882.7999877929688],[-1.252062376588583,43.01034489646554,882.7999877929688],[-1.2520974967628717,43.010356882587075,882.7999877929688],[-1.2521290965378284,43.01036928780377,882.7999877929688],[-1.2521637976169586,43.01038110628724,882.7999877929688],[-1.2522025220096111,43.01039535552263,882.5999755859375],[-1.252244096249342,43.01041362807155,882.4000244140625],[-1.2522871792316437,43.01043181680143,882.2000122070312],[-1.2523328606039286,43.01044983789325,882],[-1.252382481470704,43.01046651788056,881.5999755859375],[-1.2524362932890654,43.010483365505934,881.2000122070312],[-1.2524921167641878,43.01050138659775,881],[-1.2525520473718643,43.01052141934633,880.4000244140625],[-1.2526170071214437,43.01053902134299,880],[-1.2526825536042452,43.01055402494967,879.7999877929688],[-1.2527467589825392,43.01056634634733,879.5999755859375],[-1.252795374020934,43.01057246513665,879.2000122070312],[-1.252855807542801,43.010573890060186,879],[-1.2529164925217628,43.01057162694633,879],[-1.252975082024932,43.01057179458439,879],[-1.2530322466045618,43.010570369660854,879],[-1.2530987989157438,43.010566011071205,879.2000122070312],[-1.2531518563628197,43.01056190393865,879.2000122070312],[-1.2532072607427835,43.010556707158685,879.2000122070312],[-1.2532606534659863,43.01054866053164,879.2000122070312],[-1.2533133756369352,43.01053734496236,879.2000122070312],[-1.2533634155988693,43.010522006079555,879.2000122070312],[-1.2534028943628073,43.010506834834814,879.2000122070312],[-1.2534525990486145,43.0104851257056,879.2000122070312],[-1.2534990347921848,43.01046324893832,879.2000122070312],[-1.2535418663173914,43.01043760031462,879.4000244140625],[-1.2535836920142174,43.01041480153799,879.4000244140625],[-1.2536260206252337,43.01039418205619,879.4000244140625],[-1.253663320094347,43.01037171855569,879.5999755859375],[-1.2537047266960144,43.010350093245506,879.5999755859375],[-1.2537458818405867,43.01032913848758,880.2000122070312],[-1.2537868693470955,43.010310949757695,880.4000244140625],[-1.2538289465010166,43.01029494032264,880.5999755859375],[-1.2538767233490944,43.0102726444602,880.5999755859375],[-1.2539068143814802,43.01025898195803,881],[-1.2539449520409107,43.01024615764618,881.4000244140625],[-1.2539827544242144,43.01023283042014,881.4000244140625],[-1.2540218140929937,43.01021631807089,881.7999877929688],[-1.2540644779801369,43.01020424813032,882.2000122070312],[-1.2541057169437408,43.01019745878875,882.2000122070312],[-1.2541486322879791,43.010188741609454,882.4000244140625],[-1.2541914638131857,43.010183963924646,882.5999755859375],[-1.254232283681631,43.01018429920077,882.5999755859375],[-1.254275618121028,43.01018849015236,882.7999877929688],[-1.2543230596929789,43.010191759094596,882.7999877929688],[-1.254372177645564,43.01019670441747,882.7999877929688],[-1.2544223014265299,43.0102036613971,882.7999877929688],[-1.2544721737504005,43.010211708024144,882.5999755859375],[-1.2545212917029858,43.01022042520344,882.5999755859375],[-1.2545787915587425,43.01022947765887,882.5999755859375],[-1.2546239700168371,43.010238613933325,882.5999755859375],[-1.2546570785343647,43.0102449003607,882.5999755859375],[-1.2546983174979687,43.01025294698775,882.7999877929688],[-1.2547386344522238,43.01026149652898,883],[-1.2547779455780983,43.01027004607022,883.2000122070312],[-1.254816921427846,43.01027742214501,883.4000244140625],[-1.2548543885350227,43.01028043963015,883.5999755859375],[-1.254888502880931,43.01027876324952,884],[-1.2549242097884417,43.01027599722147,884.2000122070312],[-1.2549565639346838,43.010272812098265,884.5999755859375],[-1.2549983896315098,43.010274823755026,885],[-1.255031330510974,43.01027155481279,885],[-1.2550656963139772,43.0102657712996,885.2000122070312],[-1.2551001459360123,43.01026124507189,885.5999755859375],[-1.255128476768732,43.010257221758366,885.5999755859375],[-1.2551606632769108,43.010249342769384,885.7999877929688],[-1.2551954481750727,43.01023945212364,886.2000122070312],[-1.2552294787019491,43.01023014821112,886.4000244140625],[-1.2552742380648851,43.01021640188992,886.5999755859375],[-1.255313716828823,43.01020408049226,886.5999755859375],[-1.2553433887660503,43.01019343547523,886.5999755859375],[-1.2553790118545294,43.01017826423049,886.5999755859375],[-1.2554139643907547,43.01016158424318,886.7999877929688],[-1.2554495874792337,43.010139456018806,886.7999877929688],[-1.2554824445396662,43.010122356936336,886.7999877929688],[-1.2555218394845724,43.010103749111295,886.7999877929688],[-1.2555563729256392,43.01008488982916,886.7999877929688],[-1.255585877224803,43.010062677785754,886.7999877929688],[-1.2556194886565208,43.010043231770396,887],[-1.2556508369743824,43.01002671942115,887],[-1.2556799221783876,43.01000869832933,887],[-1.2557064089924097,43.00999067723751,887.2000122070312],[-1.2557293754070997,43.00998413935304,887.4000244140625],[-1.255764327943325,43.00997014157474,887.5999755859375],[-1.2557935807853937,43.00995538942516,887.5999755859375],[-1.2558236718177795,43.00994273275137,887.7999877929688],[-1.25585300847888,43.009929740801454,888],[-1.2558814231306314,43.009916665032506,888.2000122070312],[-1.2559096701443195,43.00990057177842,888.4000244140625],[-1.2559397611767054,43.00988456234336,888.5999755859375],[-1.2559664156287909,43.009870732203126,888.7999877929688],[-1.2559920642524958,43.0098548065871,889],[-1.2560175452381372,43.009838461875916,889.2000122070312],[-1.2560471333563328,43.00982412882149,889.2000122070312],[-1.2560752127319574,43.00981197506189,889.4000244140625],[-1.256103040650487,43.0098011624068,889.4000244140625],[-1.2561299465596676,43.009788086637855,889.5999755859375],[-1.2561608757823706,43.00977509468794,889.7999877929688],[-1.2561897095292807,43.00975866615772,890.2000122070312],[-1.256219381466508,43.009741734713316,890.4000244140625],[-1.2562486343085766,43.009727569296956,890.5999755859375],[-1.2562768813222647,43.00971214659512,890.7999877929688],[-1.2563069723546505,43.009698735550046,891],[-1.2563343811780214,43.00968088209629,891],[-1.25635776668787,43.00966311246157,891.4000244140625],[-1.2563861813396215,43.00964274443686,891.4000244140625],[-1.256417529657483,43.00962606444955,891.5999755859375],[-1.2564459443092346,43.00961039029062,891.7999877929688],[-1.2564812321215868,43.00959379412234,891.7999877929688],[-1.2565065454691648,43.00958113744855,892.2000122070312],[-1.2565379776060581,43.00956420600414,892.4000244140625],[-1.2565699126571417,43.009552136063576,892.4000244140625],[-1.256599584594369,43.00953964702785,892.5999755859375],[-1.2566302623599768,43.00952405668795,892.7999877929688],[-1.2566630356013775,43.00950821489096,893],[-1.256694132462144,43.00949237309396,893.2000122070312],[-1.2567244749516249,43.00947896204889,893.4000244140625],[-1.2567588407546282,43.009460186585784,893.4000244140625],[-1.2567903567105532,43.009443674236536,893.4000244140625],[-1.2568178493529558,43.009431352838874,893.5999755859375],[-1.2568505387753248,43.00941173918545,893.5999755859375],[-1.2568797077983618,43.009393298998475,894],[-1.2569061946123838,43.009371338412166,894.2000122070312],[-1.2569328490644693,43.0093489587307,894.2000122070312],[-1.2569636106491089,43.00931987352669,894.4000244140625],[-1.2569880858063698,43.00929472781718,894.4000244140625],[-1.2570090405642986,43.009266313165426,894.4000244140625],[-1.2570322584360838,43.009238401427865,894.5999755859375],[-1.2570544704794884,43.00921015441418,894.5999755859375],[-1.2570726592093706,43.009184170514345,894.5999755859375],[-1.2570919375866652,43.009161623194814,894.5999755859375],[-1.2571094557642937,43.00913714803755,895],[-1.2571250461041927,43.009110912680626,895],[-1.2571404688060284,43.00908409059048,895.2000122070312],[-1.257155891507864,43.009058525785804,895.2000122070312],[-1.2571775168180466,43.00903405062854,895.4000244140625],[-1.2572001479566097,43.00901158712804,895.5999755859375],[-1.2572265509516,43.008991135284305,895.7999877929688],[-1.2572523672133684,43.00897043198347,896],[-1.2572765909135342,43.00894998013973,896],[-1.2573071010410786,43.00893438979983,896.2000122070312],[-1.257339371368289,43.00892449915409,896.4000244140625],[-1.2573751620948315,43.00891402177513,896.4000244140625],[-1.2574104499071836,43.00890346057713,896.4000244140625],[-1.257449509575963,43.008889546617866,896.4000244140625],[-1.2574904132634401,43.008876387029886,896.4000244140625],[-1.2575352564454079,43.008862221613526,896.4000244140625],[-1.2575800996273756,43.00885258242488,896.4000244140625],[-1.2576246913522482,43.00883891992271,896.4000244140625],[-1.2576745636761189,43.00883213058114,896.4000244140625],[-1.2577237654477358,43.008824503049254,896.4000244140625],[-1.2577721290290356,43.008813271299005,896.2000122070312],[-1.2578216660767794,43.008797680959105,896.2000122070312],[-1.2578704487532377,43.008783012628555,896.2000122070312],[-1.2579181417822838,43.00876532681286,896.4000244140625],[-1.257964326068759,43.008744455873966,896.4000244140625],[-1.2580078281462193,43.00872257910669,896.4000244140625],[-1.2580478098243475,43.00870028324425,896.4000244140625],[-1.258087707683444,43.00867681391537,896.4000244140625],[-1.2581268511712551,43.00865233875811,896.4000244140625],[-1.2581601273268461,43.008623169735074,896.5999755859375],[-1.2581887934356928,43.0085923243314,896.5999755859375],[-1.2582152802497149,43.00856089219451,896.5999755859375],[-1.2582385819405317,43.00852711312473,896.5999755859375],[-1.2582684215158224,43.008488807827234,896.7999877929688],[-1.2582896277308464,43.00846324302256,896.7999877929688],[-1.2583143543452024,43.008429212495685,896.4000244140625],[-1.2583409249782562,43.008395517244935,896.4000244140625],[-1.2583603709936142,43.0083592236042,896.4000244140625],[-1.258374871686101,43.008321253582835,896.4000244140625],[-1.2583944015204906,43.008277751505375,896.4000244140625],[-1.2584119196981192,43.00824246369302,896.4000244140625],[-1.258432287722826,43.00820675678551,896.4000244140625],[-1.2584498897194862,43.008168786764145,896.5999755859375],[-1.2584666535258293,43.00813240930438,896.5999755859375],[-1.2584857642650604,43.00809569656849,896.7999877929688],[-1.2585030309855938,43.00805755890906,897],[-1.2585196271538734,43.00801791250706,897],[-1.2585364747792482,43.00797834992409,897],[-1.2585456110537052,43.007945995777845,897],[-1.2585629615932703,43.00789930857718,897],[-1.2585787195712328,43.007869301363826,897.2000122070312],[-1.2586005963385105,43.00783292390406,897.2000122070312],[-1.2586265802383423,43.00778841599822,897.2000122070312],[-1.2586463615298271,43.00775086507201,897],[-1.258662035688758,43.00771029666066,897],[-1.2586721777915955,43.007674338296056,897],[-1.2586918752640486,43.007634272798896,896.7999877929688],[-1.2587113212794065,43.00759429112077,896.7999877929688],[-1.2587261572480202,43.007553052157164,896.7999877929688],[-1.2587417475879192,43.00750150345266,896.7999877929688],[-1.2587474472820759,43.0074527207762,896.5999755859375],[-1.2587495427578688,43.00741181708872,896.5999755859375],[-1.2587559968233109,43.00735389813781,896.5999755859375],[-1.258761528879404,43.0073092225939,896.4000244140625],[-1.258771838620305,43.00726278685033,896.4000244140625],[-1.2587788794189692,43.00721685402095,896.4000244140625],[-1.2587817292660475,43.00718005746603,896.4000244140625],[-1.2587870098650455,43.00712741911411,896.2000122070312],[-1.2587902788072824,43.00708492286503,896.2000122070312],[-1.258791284635663,43.00704997032881,896.4000244140625],[-1.2587928771972656,43.007000433281064,896.4000244140625],[-1.2587907817214727,43.00695776939392,896.4000244140625],[-1.2587887700647116,43.006923235952854,896.5999755859375],[-1.2587818130850792,43.00687453709543,896.5999755859375],[-1.2587738502770662,43.006843104958534,896.5999755859375],[-1.2587639596313238,43.00680127926171,896.7999877929688],[-1.2587564997375011,43.00675945356488,896.7999877929688],[-1.2587501294910908,43.006717627868056,896.7999877929688],[-1.2587450165301561,43.006670689210296,896.7999877929688],[-1.2587476149201393,43.0066291987896,896.7999877929688],[-1.2587496265769005,43.00658334977925,896.7999877929688],[-1.258751219138503,43.00653959624469,896.7999877929688],[-1.2587505485862494,43.00650422461331,896.7999877929688],[-1.258752392604947,43.006452759727836,896.7999877929688],[-1.2587554939091206,43.00641093403101,896.7999877929688],[-1.2587554100900888,43.00637380219996,896.7999877929688],[-1.2587602715939283,43.00632049329579,897],[-1.2587735150009394,43.00627707503736,896.7999877929688],[-1.2587921228259802,43.00623591989279,897],[-1.2588092219084501,43.00619116052985,897],[-1.25882632099092,43.00614908337593,897],[-1.258845515549183,43.00611203536391,897],[-1.258870493620634,43.006077418103814,897.2000122070312],[-1.2588983215391636,43.00604414194822,897.2000122070312],[-1.2589273229241371,43.006009524688125,897.5999755859375],[-1.258955067023635,43.00597323104739,897.7999877929688],[-1.2589745968580246,43.00593551248312,897.7999877929688],[-1.2589927017688751,43.005907349288464,898],[-1.2590199429541826,43.005873151123524,898.2000122070312],[-1.2590538058429956,43.005833672359586,898.4000244140625],[-1.259083142504096,43.00580115057528,898.4000244140625],[-1.2591118086129427,43.005768628790975,898.5999755859375],[-1.259138798341155,43.00573568791151,898.5999755859375],[-1.2591627705842257,43.005705093964934,898.7999877929688],[-1.259184731170535,43.0056756734848,899],[-1.2592082843184471,43.00564482808113,899.2000122070312],[-1.2592311669141054,43.00561415031552,899.4000244140625],[-1.259255139157176,43.00558615475893,899.5999755859375],[-1.2592857331037521,43.005563942715526,899.7999877929688],[-1.2593157403171062,43.005544831976295,900],[-1.259343819692731,43.00552521832287,900.2000122070312],[-1.2593739945441484,43.00550568848848,900.4000244140625],[-1.2593990564346313,43.00549076870084,900.5999755859375],[-1.2594325002282858,43.00546386279166,900.7999877929688],[-1.2594628427177668,43.00544927828014,900.7999877929688],[-1.2595073506236076,43.0054253898561,900.7999877929688],[-1.2595380283892155,43.00541114062071,900.7999877929688],[-1.2595825362950563,43.00539647229016,900.7999877929688],[-1.2596301455050707,43.00538247451186,900.7999877929688],[-1.2596753239631653,43.005367051810026,900.7999877929688],[-1.2597186584025621,43.005351126194,900.7999877929688],[-1.2597617413848639,43.005334697663784,900.7999877929688],[-1.259810272604227,43.00531215034425,900.7999877929688],[-1.2598434649407864,43.00529781728983,900.7999877929688],[-1.259886883199215,43.005279963836074,901],[-1.2599299661815166,43.00525884144008,901],[-1.2599747255444527,43.005236964672804,901],[-1.2600169703364372,43.00521827302873,900.7999877929688],[-1.2600582093000412,43.005196982994676,900.7999877929688],[-1.2600972689688206,43.00517468713224,900.7999877929688],[-1.2601333111524582,43.00515859387815,901],[-1.2601741310209036,43.00514107570052,901],[-1.2602072395384312,43.0051196180284,901.4000244140625],[-1.2602399289608002,43.00510327331722,901.7999877929688],[-1.2602677568793297,43.00508583895862,901.7999877929688],[-1.2602903880178928,43.005073769018054,902],[-1.2603195570409298,43.0050611961633,902.5999755859375],[-1.260348055511713,43.00504912622273,902.7999877929688],[-1.260375715792179,43.00503546372056,903],[-1.2604039628058672,43.00502414815128,903.2000122070312],[-1.2604337185621262,43.00501744262874,903.2000122070312],[-1.260461714118719,43.00501308403909,903.5999755859375],[-1.2604928109794855,43.00501090474427,903.7999877929688],[-1.2605299428105354,43.00500579178333,904],[-1.2605561781674623,43.005001936107874,904.2000122070312],[-1.2605908792465925,43.0049988348037,904.5999755859375],[-1.2606248259544373,43.00499782897532,904.7999877929688],[-1.2606580182909966,43.004997074604034,904.7999877929688],[-1.260689366608858,43.00499573349953,904.7999877929688],[-1.2607284262776375,43.00499263219535,905],[-1.260752147063613,43.00498894415796,905.2000122070312],[-1.2607799749821424,43.00498617812991,905.4000244140625],[-1.2608047854155302,43.004981484264135,905.5999755859375],[-1.2608256563544273,43.004975533112884,905.7999877929688],[-1.260851388797164,43.00497000105679,906],[-1.2608748581260443,43.00496740266681,906.2000122070312],[-1.2608953937888145,43.00496463663876,906.4000244140625],[-1.2609259877353907,43.004962624982,906.7999877929688],[-1.2609516363590956,43.004959942772985,906.7999877929688],[-1.260970328003168,43.004956087097526,907],[-1.260991282761097,43.00495156086981,907],[-1.2610163446515799,43.00494502298534,907.2000122070312],[-1.2610419932752848,43.00494066439569,907.4000244140625],[-1.2610621936619282,43.00493739545345,907.7999877929688],[-1.2610821425914764,43.00493286922574,908],[-1.2610999960452318,43.00492901355028,908.2000122070312],[-1.2611243035644293,43.0049298517406,908.5999755859375],[-1.2611521314829588,43.004927169531584,908.5999755859375],[-1.2611818872392178,43.00491970963776,908.7999877929688],[-1.2611988186836243,43.004913004115224,908.7999877929688],[-1.2612214498221874,43.004909148439765,909.2000122070312],[-1.261244835332036,43.00490353256464,909.2000122070312],[-1.261261599138379,43.00489573739469,909.5999755859375],[-1.2612797878682613,43.00488785840571,909.7999877929688],[-1.2613006588071585,43.00488316453993,910.2000122070312],[-1.261324966326356,43.00488014705479,910.4000244140625],[-1.2613492738455534,43.00488257780671,910.5999755859375],[-1.2613769341260195,43.004885260015726,910.7999877929688],[-1.2614036723971367,43.00488987006247,910.7999877929688],[-1.261427728459239,43.004889534786344,911],[-1.261455724015832,43.00488534383476,911.2000122070312],[-1.2614826299250126,43.00488551147282,911.4000244140625],[-1.2615082785487175,43.00488433800638,911.5999755859375],[-1.2615339271724224,43.00487729720771,911.7999877929688],[-1.2615585699677467,43.00487268716097,912.2000122070312],[-1.2615874037146568,43.00487126223743,912.4000244140625],[-1.261615315452218,43.004867071285844,912.5999755859375],[-1.261643897742033,43.004868160933256,912.7999877929688],[-1.2616722285747528,43.00486447289586,913],[-1.2617008946835995,43.004863215610385,913.2000122070312],[-1.2617261242121458,43.00486296415329,913.4000244140625],[-1.2617527786642313,43.00486153922975,913.5999755859375],[-1.261780522763729,43.00485994666815,913.5999755859375],[-1.2618065904825926,43.00485793501139,913.7999877929688],[-1.2618294730782509,43.00485416315496,913.7999877929688],[-1.2618546187877655,43.00485307350755,914],[-1.2618826981633902,43.00485131330788,914.2000122070312],[-1.2619091849774122,43.00484745763242,914.4000244140625],[-1.2619326543062925,43.00484360195696,914.5999755859375],[-1.2619548663496971,43.00484083592892,914.7999877929688],[-1.2619749829173088,43.004839746281505,915],[-1.2619967758655548,43.004836896434426,915],[-1.2620186526328325,43.004835303872824,915.2000122070312],[-1.2620437145233154,43.00483203493059,915.5999755859375],[-1.2620687764137983,43.00482641905546,915.5999755859375],[-1.2620932515710592,43.004822228103876,915.7999877929688],[-1.262113032862544,43.00481862388551,916.4000244140625],[-1.2621327303349972,43.004815271124244,916.5999755859375],[-1.2621568702161312,43.00481426529586,916.7999877929688],[-1.262181680649519,43.0048106610775,917.4000244140625],[-1.2622050661593676,43.004807056859136,917.5999755859375],[-1.262229373678565,43.004800686612725,918],[-1.262255609035492,43.00479590892792,918.4000244140625],[-1.2622802518308163,43.004792807623744,918.7999877929688],[-1.2623005360364914,43.004790460690856,919.4000244140625],[-1.2623240053653717,43.00478576682508,919.7999877929688],[-1.2623463850468397,43.004779731854796,920],[-1.262365411967039,43.00477646291256,920.4000244140625],[-1.2623874563723803,43.00477319397032,920.5999755859375],[-1.2624130211770535,43.00476950593293,921],[-1.262436155229807,43.00476330332458,921.2000122070312],[-1.2624582834541798,43.00475760363042,921.4000244140625],[-1.262479741126299,43.004753747954965,921.7999877929688],[-1.262499438598752,43.00475249066949,922],[-1.2625236622989178,43.00475047901273,922.4000244140625],[-1.2625452037900686,43.0047467071563,922.5999755859375],[-1.2625681702047586,43.00474083982408,922.7999877929688],[-1.2625927291810513,43.004733296111226,922.7999877929688],[-1.2626176234334707,43.00472566857934,923],[-1.2626413442194462,43.00471778959036,923],[-1.2626664899289608,43.00470747984946,923.2000122070312],[-1.2626878637820482,43.00469432026148,923.2000122070312],[-1.262708818539977,43.00468166358769,923.2000122070312],[-1.2627299409359694,43.00467227585614,923.2000122070312],[-1.2627472914755344,43.0046621337533,923.5999755859375],[-1.2627622950822115,43.004650231450796,923.5999755859375],[-1.262779226526618,43.004636988043785,924],[-1.2627990916371346,43.00462550483644,924],[-1.2628161907196045,43.00461410544813,924.2000122070312],[-1.262829015031457,43.00459943711758,924.4000244140625],[-1.2628452759236097,43.004591558128595,924.5999755859375],[-1.2628612015396357,43.00457823090255,924.7999877929688],[-1.26287997700274,43.00456523895264,924.7999877929688],[-1.2628989201039076,43.004555432125926,925.2000122070312],[-1.2629174441099167,43.004546631127596,925.2000122070312],[-1.2629361357539892,43.004536824300885,925.4000244140625],[-1.2629538215696812,43.004523161798716,925.5999755859375],[-1.262976536527276,43.004516288638115,926],[-1.263002771884203,43.00451369024813,926.2000122070312],[-1.2630246486514807,43.004511343315244,926.4000244140625],[-1.2630449328571558,43.00450958311558,926.5999755859375],[-1.263064043596387,43.004508493468165,926.7999877929688],[-1.2630876805633307,43.004506565630436,927],[-1.2631028518080711,43.00450447015464,927.4000244140625],[-1.2631228845566511,43.00450187176466,927.5999755859375],[-1.2631447613239288,43.004498267546296,928],[-1.2631683144718409,43.00449709407985,928.2000122070312],[-1.2631895206868649,43.004497177898884,928.4000244140625],[-1.263210391625762,43.00449709407985,928.5999755859375],[-1.2632325198501348,43.00449592061341,928.7999877929688],[-1.2632526364177465,43.004495250061154,929],[-1.263272501528263,43.00449374131858,929.2000122070312],[-1.2632924504578114,43.004496758803725,929.4000244140625],[-1.2633114773780107,43.00449709407985,929.5999755859375],[-1.2633317615836859,43.00450078211725,929.7999877929688],[-1.2633513752371073,43.00450421869755,930.2000122070312],[-1.263370905071497,43.00450530834496,930.4000244140625],[-1.2633906863629818,43.0045048892498,930.4000244140625],[-1.2634122278541327,43.004506565630436,930.5999755859375],[-1.2634344398975372,43.004510924220085,931],[-1.2634534668177366,43.00451394170523,931.2000122070312],[-1.2634780257940292,43.00452006049454,931.4000244140625],[-1.2635026685893536,43.00452156923711,931.5999755859375],[-1.2635247129946947,43.00452299416065,931.7999877929688],[-1.2635450810194016,43.00452810712159,932],[-1.2635633535683155,43.0045310407877,932.2000122070312],[-1.263582380488515,43.00453548319638,932.5999755859375],[-1.2636006530374289,43.00453900359571,932.7999877929688],[-1.2636193446815014,43.00453984178603,933],[-1.2636407185345888,43.00454252399504,933.2000122070312],[-1.2636648584157228,43.00455115735531,933.4000244140625],[-1.2636862322688103,43.004558868706226,933.5999755859375],[-1.2637087795883417,43.004563730210066,934],[-1.2637284770607948,43.00456331111491,934],[-1.2637489289045334,43.00456875935197,934.4000244140625],[-1.263770218938589,43.00457823090255,934.4000244140625],[-1.2637942750006914,43.0045897141099,934.5999755859375],[-1.2638163194060326,43.00459566526115,934.7999877929688],[-1.263835933059454,43.00459776073694,934.7999877929688],[-1.2638578098267317,43.0046000238508,935],[-1.2638816144317389,43.00460337661207,935.2000122070312],[-1.2639040779322386,43.00460438244045,935.4000244140625],[-1.263924865052104,43.004604298621416,935.4000244140625],[-1.2639481667429209,43.00460144877434,935.5999755859375],[-1.2639681156724691,43.004600275307894,935.5999755859375],[-1.2639891542494297,43.00460102967918,935.7999877929688],[-1.264007342979312,43.004594994708896,936],[-1.264024693518877,43.004589043557644,936.2000122070312],[-1.2640403676778078,43.00458217039704,936.4000244140625],[-1.2640602327883244,43.004575381055474,936.5999755859375],[-1.264085378497839,43.00457378849387,936.5999755859375],[-1.2641073390841484,43.004571441560984,936.7999877929688],[-1.2641258630901575,43.00456641241908,937],[-1.2641444709151983,43.00455995835364,937.2000122070312],[-1.2641644198447466,43.0045566894114,937.2000122070312],[-1.2641867157071829,43.00455459393561,937.4000244140625],[-1.2642057426273823,43.00455082207918,937.5999755859375],[-1.2642266973853111,43.00454445183277,937.7999877929688],[-1.264248238876462,43.00453657284379,938],[-1.264267349615693,43.00452869385481,938.4000244140625],[-1.2642841972410679,43.00452693365514,938.4000244140625],[-1.264303307980299,43.00452223978937,938.5999755859375],[-1.2643220834434032,43.0045154504478,938.5999755859375],[-1.2643446307629347,43.00451067276299,938.7999877929688],[-1.2643660884350538,43.004507487639785,939],[-1.2643914856016636,43.00450530834496,939.2000122070312],[-1.2644117698073387,43.00450229085982,939.4000244140625],[-1.2644319701939821,43.00449952483177,939.5999755859375],[-1.2644495721906424,43.00449466332793,939.5999755859375],[-1.2644680123776197,43.00448829308152,939.7999877929688],[-1.2644858658313751,43.0044808331877,940],[-1.2644991092383862,43.004471864551306,940.4000244140625],[-1.264512436464429,43.00446473993361,940.5999755859375],[-1.2645286973565817,43.00445459783077,940.5999755859375],[-1.2645470537245274,43.00444554537535,940.7999877929688],[-1.2645658291876316,43.00443531945348,941],[-1.2645855266600847,43.00442651845515,941.2000122070312],[-1.2646069005131721,43.004419477656484,941.5999755859375],[-1.2646283581852913,43.00441101193428,941.5999755859375],[-1.2646497320383787,43.00440791063011,942],[-1.2646721117198467,43.00440556369722,942.2000122070312],[-1.2646934017539024,43.00440070219338,942.4000244140625],[-1.264716787263751,43.00439533777535,942.4000244140625],[-1.2647443637251854,43.00439324229956,942.7999877929688],[-1.2647704314440489,43.00439206883311,942.7999877929688],[-1.2647896260023117,43.00438662059605,943],[-1.2648122571408749,43.00438310019672,943.2000122070312],[-1.2648384924978018,43.00438201054931,943.4000244140625],[-1.2648648116737604,43.0043806694448,943.7999877929688],[-1.2648871075361967,43.00437865778804,943.7999877929688],[-1.264913510531187,43.00438167527318,944],[-1.2649408355355263,43.00438519567251,944.2000122070312],[-1.2649660650640726,43.00438611768186,944.5999755859375],[-1.2649881094694138,43.0043859500438,944.7999877929688],[-1.2650116626173258,43.00438947044313,945],[-1.265035467222333,43.004392739385366,945],[-1.2650587689131498,43.004397517070174,945.2000122070312],[-1.2650798074901104,43.004399444907904,945.4000244140625],[-1.2651000078767538,43.00439349375665,945.4000244140625],[-1.2651233933866024,43.00439240410924,945.5999755859375],[-1.265151221305132,43.004395170137286,945.7999877929688],[-1.26517946831882,43.00439567305148,946],[-1.2652025185525417,43.00440229475498,946.2000122070312],[-1.2652225513011217,43.004408832639456,946.2000122070312],[-1.2652418296784163,43.00441671162844,946.4000244140625],[-1.2652653828263283,43.00442760810256,946.7999877929688],[-1.2652883492410183,43.00443699583411,946.7999877929688],[-1.2653114832937717,43.004441102966666,947],[-1.2653397303074598,43.00444680266082,947.2000122070312],[-1.2653677258640528,43.004457196220756,947.2000122070312],[-1.2653896026313305,43.004459124058485,947.4000244140625],[-1.2654097191989422,43.00445895642042,947.7999877929688],[-1.2654293328523636,43.00445904023945,948],[-1.265447186306119,43.00446909852326,948.2000122070312],[-1.2654712423682213,43.00447588786483,948.5999755859375],[-1.2654921133071184,43.00448661670089,948.7999877929688],[-1.265510804951191,43.00449667498469,949],[-1.265530502423644,43.004504134878516,949],[-1.2655513733625412,43.004515869542956,949.4000244140625],[-1.2655745074152946,43.004526011645794,949.4000244140625],[-1.265596803277731,43.004535399377346,949.5999755859375],[-1.265617422759533,43.004539255052805,949.7999877929688],[-1.2656384613364935,43.004541685804725,950],[-1.2656660377979279,43.004533387720585,950.2000122070312],[-1.2656928598880768,43.00453112460673,950.4000244140625],[-1.2657153233885765,43.004532381892204,950.5999755859375],[-1.2657374516129494,43.00453372299671,951],[-1.2657639384269714,43.004536824300885,951],[-1.2657868210226297,43.004537746310234,951.2000122070312],[-1.2658115476369858,43.00453322008252,951.4000244140625],[-1.2658345978707075,43.00453397445381,951.7999877929688],[-1.2658581510186195,43.004528442397714,952],[-1.2658772617578506,43.004521736875176,952],[-1.2658954504877329,43.00451343879104,952.2000122070312],[-1.2659125495702028,43.004500111564994,952.4000244140625],[-1.2659276369959116,43.00448661670089,952.5999755859375],[-1.2659487593919039,43.00447504967451,952.7999877929688],[-1.2659691274166107,43.00446272827685,952.7999877929688],[-1.2659900821745396,43.00445300526917,953],[-1.2660124618560076,43.004440013319254,953],[-1.2660318240523338,43.00442769192159,953.2000122070312],[-1.266049426048994,43.00441436469555,953.2000122070312],[-1.2660661060363054,43.004401456564665,953.4000244140625],[-1.2660827860236168,43.00438762642443,953.4000244140625],[-1.2661004718393087,43.004374131560326,953.5999755859375],[-1.2661173194646835,43.00435971468687,953.7999877929688],[-1.2661339156329632,43.00434613600373,953.7999877929688],[-1.266152523458004,43.00433767028153,954],[-1.2661652639508247,43.004327192902565,954.2000122070312],[-1.2661709636449814,43.00430967472494,954.4000244140625],[-1.266181692481041,43.00429458729923,954.5999755859375],[-1.2661932595074177,43.00428058952093,954.5999755859375],[-1.2662020605057478,43.00426541827619,954.7999877929688],[-1.266212034970522,43.00425158813596,954.7999877929688],[-1.2662234343588352,43.004233818501234,955.2000122070312],[-1.2662372644990683,43.004220155999064,955.4000244140625],[-1.266253273934126,43.004206493496895,955.4000244140625],[-1.2662660144269466,43.004192328080535,955.5999755859375],[-1.2662754859775305,43.00417933613062,955.7999877929688],[-1.2662825267761946,43.00416232086718,956],[-1.2662919145077467,43.004145976155996,956.2000122070312],[-1.2663013860583305,43.004132648929954,956.4000244140625],[-1.2663064152002335,43.004118986427784,956.5999755859375],[-1.2663132045418024,43.004107251763344,957],[-1.2663193233311176,43.00409350544214,957.2000122070312],[-1.2663257773965597,43.00407967530191,957.4000244140625],[-1.2663338240236044,43.00406391732395,957.5999755859375],[-1.2663411162793636,43.004049165174365,958],[-1.2663471512496471,43.004032988101244,958],[-1.266349833458662,43.00402158871293,958.4000244140625],[-1.2663582153618336,43.00400633364916,958.5999755859375],[-1.2663621548563242,43.00398889929056,958.7999877929688],[-1.2663643341511488,43.00397029146552,959.2000122070312],[-1.2663666810840368,43.00395168364048,959.4000244140625],[-1.2663711234927177,43.00393475219607,959.7999877929688],[-1.2663790863007307,43.003921676427126,960],[-1.2663930840790272,43.00390432588756,960.2000122070312],[-1.2664056569337845,43.003889322280884,960.4000244140625],[-1.2664230912923813,43.00387498922646,960.5999755859375],[-1.2664344906806946,43.00386459566653,961],[-1.2664509192109108,43.00385135225952,961.2000122070312],[-1.2664640787988901,43.00384121015668,961.4000244140625],[-1.2664864584803581,43.00382905639708,961.7999877929688],[-1.2665066588670015,43.003817489370704,962],[-1.2665287032723427,43.00380650907755,962.2000122070312],[-1.266546305269003,43.003795528784394,962.4000244140625],[-1.2665590457618237,43.003789242357016,962.7999877929688],[-1.266576899215579,43.00377985462546,962.7999877929688],[-1.2665991950780153,43.00377080217004,963.2000122070312],[-1.2666230835020542,43.003760324791074,963.4000244140625],[-1.2666375003755093,43.00375437363982,963.5999755859375],[-1.266653761267662,43.00374557264149,963.7999877929688],[-1.2666740454733372,43.00373568199575,964],[-1.2666918989270926,43.0037331674248,964],[-1.266709417104721,43.003725707530975,964.2000122070312],[-1.2667322158813477,43.003714894875884,964.4000244140625],[-1.2667600437998772,43.00370408222079,964.5999755859375],[-1.2667772267013788,43.00369813106954,964.7999877929688],[-1.2667970918118954,43.00369184464216,965],[-1.266814861446619,43.00368723459542,965.2000122070312],[-1.2668357323855162,43.00368161872029,965.4000244140625],[-1.2668561842292547,43.00367524847388,965.5999755859375],[-1.2668795697391033,43.00366912968457,965.7999877929688],[-1.2668998539447784,43.00366200506687,966],[-1.266920305788517,43.00365563482046,966],[-1.2669410929083824,43.00364968366921,966],[-1.2669629696756601,43.00364197231829,966.2000122070312],[-1.2669832538813353,43.003635853528976,966.4000244140625],[-1.2670056335628033,43.00362981855869,966.5999755859375],[-1.2670056335628033,43.00362981855869,966.5999755859375],[-1.2670542486011982,43.00361908972263,966.7999877929688],[-1.2670707609504461,43.00361439585686,967],[-1.2670873571187258,43.00360634922981,967.2000122070312],[-1.267112586647272,43.0035983864218,967.4000244140625],[-1.2671303562819958,43.00359352491796,967.4000244140625],[-1.2671496346592903,43.00358816049993,967.5999755859375],[-1.2671736907213926,43.00358564592898,967.7999877929688],[-1.2671948969364166,43.0035793595016,968],[-1.267217779532075,43.0035740789026,968.2000122070312],[-1.2672462780028582,43.00357022322714,968.2000122070312],[-1.267267232760787,43.00356804393232,968.4000244140625],[-1.267291959375143,43.003565361723304,968.4000244140625],[-1.2673213798552752,43.00356259569526,968.5999755859375],[-1.2673419155180454,43.00356167368591,968.5999755859375],[-1.2673678994178772,43.00355639308691,968.7999877929688],[-1.2673887703567743,43.00355035811663,969],[-1.2674165144562721,43.0035465862602,969.2000122070312],[-1.2674452643841505,43.003543401136994,969.2000122070312],[-1.267476612702012,43.00354063510895,969.2000122070312],[-1.2675062008202076,43.003538036718965,969.2000122070312],[-1.2675342801958323,43.003534181043506,969.4000244140625],[-1.2675622757524252,43.00352797843516,969.4000244140625],[-1.2675908580422401,43.00352076999843,969.4000244140625],[-1.267617428675294,43.00351473502815,969.5999755859375],[-1.2676492799073458,43.003510208800435,969.7999877929688],[-1.2676763534545898,43.00350367091596,969.7999877929688],[-1.2677008286118507,43.00350115634501,970],[-1.2677292432636023,43.00349730066955,970],[-1.2677629385143518,43.00349076278508,970.2000122070312],[-1.2677850667387247,43.00348564982414,970.2000122070312],[-1.2678110506385565,43.00347710028291,970.4000244140625],[-1.2678437400609255,43.003471065312624,970.4000244140625],[-1.2678661197423935,43.00346494652331,970.4000244140625],[-1.2678983062505722,43.0034585762769,970.5999755859375],[-1.2679226137697697,43.00345589406788,970.5999755859375],[-1.2679493520408869,43.00345321185887,970.7999877929688],[-1.2679727375507355,43.00345069728792,970.7999877929688],[-1.2680033314973116,43.00344432704151,971],[-1.268026465550065,43.00344021990895,971.2000122070312],[-1.268053874373436,43.00343569368124,971.4000244140625],[-1.2680794391781092,43.00343259237707,971.4000244140625],[-1.2681028246879578,43.003428066149354,971.5999755859375],[-1.2681288924068213,43.00342530012131,971.5999755859375],[-1.2681568041443825,43.00342085771263,971.7999877929688],[-1.2681854702532291,43.00341750495136,971.7999877929688],[-1.2682112865149975,43.00340987741947,972],[-1.2682349234819412,43.003403339535,972.4000244140625],[-1.2682631704956293,43.00339839421213,972.5999755859375],[-1.26829594373703,43.00339319743216,972.7999877929688],[-1.2683248613029718,43.00339009612799,973],[-1.268351348116994,43.00338892266154,973],[-1.2683774158358574,43.00338540226221,973.2000122070312],[-1.2684057466685772,43.00338397733867,973.4000244140625],[-1.2684357538819313,43.00338489934802,973.5999755859375],[-1.2684650905430317,43.003384564071894,973.7999877929688],[-1.2684948462992907,43.00337752327323,974],[-1.2685236800462008,43.003373416140676,974],[-1.2685564532876015,43.00336888991296,974.2000122070312],[-1.2685892265290022,43.00336922518909,974.2000122070312],[-1.2686194013804197,43.00336570478976,974.5999755859375],[-1.2686450500041246,43.00336034037173,974.5999755859375],[-1.2686763145029545,43.00335464067757,975],[-1.2687061540782452,43.003348940983415,975.2000122070312],[-1.2687344010919333,43.00334818661213,975.4000244140625],[-1.2687628157436848,43.00334634259343,975.5999755859375],[-1.2687914818525314,43.003343157470226,975.7999877929688],[-1.268818974494934,43.003342151641846,976],[-1.2688460480421782,43.00333997234702,976],[-1.2688806653022766,43.00333402119577,976.2000122070312],[-1.2689116783440113,43.00332949496806,976.2000122070312],[-1.2689378298819065,43.003327399492264,976.4000244140625],[-1.2689699325710535,43.00332589074969,976.4000244140625],[-1.269001616165042,43.00332387909293,976.5999755859375],[-1.2690375745296478,43.003322537988424,976.5999755859375],[-1.269058445468545,43.00332144834101,976.5999755859375],[-1.2690861895680428,43.00331843085587,977],[-1.2691154424101114,43.003318766132,977],[-1.2691448628902435,43.003316754475236,977.2000122070312],[-1.2691752053797245,43.003317676484585,977.2000122070312],[-1.2692046258598566,43.00331801176071,977.5999755859375],[-1.2692342977970839,43.00331491045654,978],[-1.26926489174366,43.00331264734268,978.2000122070312],[-1.2692972458899021,43.00331214442849,978.4000244140625],[-1.2693263310939074,43.003311809152365,978.5999755859375],[-1.2693560030311346,43.0033153295517,978.7999877929688],[-1.2693854235112667,43.003318598493934,979],[-1.2694201245903969,43.00331708975136,979.4000244140625],[-1.2694472819566727,43.00331826321781,979.7999877929688],[-1.2694840785115957,43.00332270562649,980],[-1.2695206236094236,43.00332932732999,980],[-1.2695597670972347,43.00333444029093,980],[-1.2695994973182678,43.00333469174802,980],[-1.2696401495486498,43.00333167426288,979.7999877929688],[-1.2696838192641735,43.003323124721646,979.7999877929688],[-1.2697236333042383,43.00330761820078,979.5999755859375],[-1.2697612680494785,43.00328750163317,979.5999755859375],[-1.269791778177023,43.00326260738075,979.5999755859375],[-1.2698179297149181,43.00323201343417,979.5999755859375],[-1.2698255572468042,43.00320938229561,979.5999755859375],[-1.269833603873849,43.0031805485487,979.5999755859375],[-1.2698393035680056,43.00315213389695,980],[-1.2698442488908768,43.00312589854002,980.2000122070312],[-1.2698530498892069,43.00310351885855,980.4000244140625],[-1.269860090687871,43.00307761877775,980.4000244140625],[-1.2698735017329454,43.003052389249206,980.4000244140625],[-1.2698914390057325,43.003027914091945,980.5999755859375],[-1.2699161656200886,43.00300679169595,980.7999877929688],[-1.269947262480855,43.002987429499626,981],[-1.2699785269796848,43.002965385094285,981.2000122070312],[-1.2700112164020538,43.002948286011815,981.4000244140625],[-1.2700437381863594,43.002931606024504,981.5999755859375],[-1.2700810376554728,43.002912076190114,981.7999877929688],[-1.2701072730123997,43.0029025208205,981.7999877929688],[-1.2701426446437836,43.0028887744993,982.2000122070312],[-1.270180195569992,43.00287947058678,982.2000122070312],[-1.2702207639813423,43.00287033431232,982.4000244140625],[-1.2702620029449463,43.00286295823753,982.5999755859375],[-1.270310366526246,43.002853486686945,982.5999755859375],[-1.2703503482043743,43.002846194431186,982.7999877929688],[-1.2704279646277428,43.00282984972,982.7999877929688],[-1.2704662699252367,43.00281761214137,982.7999877929688],[-1.2704989593476057,43.00280864350498,982.7999877929688],[-1.2705485802143812,43.002798333764076,982.7999877929688],[-1.2705868855118752,43.0027917958796,982.7999877929688],[-1.2706205807626247,43.00278450362384,982.7999877929688],[-1.27065846696496,43.0027730204165,982.7999877929688],[-1.2706939224153757,43.00276178866625,982.7999877929688],[-1.2707291264086962,43.002748880535364,982.7999877929688],[-1.270765084773302,43.00273605622351,983],[-1.2707997858524323,43.002723567187786,983.2000122070312],[-1.2708346545696259,43.00271141342819,983.2000122070312],[-1.2708709482103586,43.00270143896341,983.4000244140625],[-1.2709063198417425,43.00268794409931,983.5999755859375],[-1.2709407694637775,43.002678137272596,983.7999877929688],[-1.2709744647145271,43.00267310813069,983.7999877929688],[-1.271003382280469,43.00266615115106,984],[-1.271032216027379,43.002660451456904,984.2000122070312],[-1.2710628937929869,43.002655087038875,984.2000122070312],[-1.2710957508534193,43.00264997407794,984.4000244140625],[-1.271130032837391,43.002646369859576,984.5999755859375],[-1.2711614649742842,43.00264368765056,984.5999755859375],[-1.2711949925869703,43.00264494493604,984.7999877929688],[-1.2712252512574196,43.00264611840248,984.7999877929688],[-1.271251067519188,43.00264444202185,985],[-1.2712807394564152,43.002642430365086,985.2000122070312],[-1.2713139317929745,43.0026400834322,985.4000244140625],[-1.2713472917675972,43.00263782031834,986],[-1.2713793106377125,43.00263564102352,986.4000244140625],[-1.2714125029742718,43.002632204443216,986.7999877929688],[-1.2714470364153385,43.00262642093003,987.2000122070312],[-1.2714812345802784,43.00262440927327,987.4000244140625],[-1.271512247622013,43.002622900530696,987.5999755859375],[-1.2715412490069866,43.00261862576008,987.5999755859375],[-1.271574441343546,43.00261468626559,988],[-1.2716075498610735,43.00261292606592,988.2000122070312],[-1.2716414127498865,43.00260990858078,988.4000244140625],[-1.271671922877431,43.00260756164789,988.5999755859375],[-1.2717018462717533,43.00260437652469,988.7999877929688],[-1.2717339489609003,43.00260161049664,988.7999877929688],[-1.2717670574784279,43.002599431201816,988.7999877929688],[-1.271804692223668,43.00259632989764,989],[-1.2718325201421976,43.00259197130799,989],[-1.2718585040420294,43.00258727744222,989.2000122070312],[-1.2718914449214935,43.002583337947726,989.2000122070312],[-1.271922793239355,43.00258149392903,989.2000122070312],[-1.2719547282904387,43.00258006900549,989.5999755859375],[-1.271986998617649,43.00257671624422,989.7999877929688],[-1.2720154970884323,43.00257001072168,990],[-1.2720450013875961,43.00256934016943,990.2000122070312],[-1.2720719911158085,43.00256548449397,990.4000244140625],[-1.2720985617488623,43.00256012007594,990.7999877929688],[-1.2721242103725672,43.00255467183888,991],[-1.272150194272399,43.002551067620516,991.4000244140625],[-1.2721788603812456,43.00254603847861,991.5999755859375],[-1.2722169980406761,43.00254344008863,991.7999877929688],[-1.272248513996601,43.002543691545725,992],[-1.2722739111632109,43.002542769536376,992.2000122070312],[-1.2723048403859138,43.002542685717344,992.4000244140625],[-1.2723351828753948,43.00254042260349,992.5999755859375],[-1.2723641842603683,43.002535393461585,992.7999877929688],[-1.2724003102630377,43.00253061577678,993],[-1.272431742399931,43.00252525135875,993.2000122070312],[-1.2724556308239698,43.00252189859748,993.2000122070312],[-1.2724846322089434,43.002517372369766,993.4000244140625],[-1.272513633593917,43.0025137681514,993.5999755859375],[-1.2725414615124464,43.00251184031367,993.7999877929688],[-1.2725717201828957,43.002509912475944,994],[-1.2726011406630278,43.002505553886294,994],[-1.2726282142102718,43.00250144675374,994.2000122070312],[-1.2726619094610214,43.00249717198312,994.4000244140625],[-1.272689402103424,43.00249423831701,994.5999755859375],[-1.2727179005742073,43.00249013118446,995],[-1.2727401964366436,43.00248493440449,995.2000122070312],[-1.2727683596313,43.002482084557414,995.4000244140625],[-1.2727932538837194,43.00247839652002,995.4000244140625],[-1.272817561402917,43.002473283559084,995.5999755859375],[-1.2728430423885584,43.00247169099748,995.7999877929688],[-1.2728668469935656,43.002469846978784,996.2000122070312],[-1.272893249988556,43.00246423110366,996.4000244140625],[-1.272919401526451,43.00245752558112,996.7999877929688],[-1.272947397083044,43.002453334629536,997],[-1.2729717046022415,43.002452831715345,997.2000122070312],[-1.2729974370449781,43.00245073623955,997.4000244140625],[-1.273023085668683,43.00244964659214,997.4000244140625],[-1.2730488181114197,43.00244755111635,997.5999755859375],[-1.2730727065354586,43.002443527802825,997.5999755859375],[-1.27310112118721,43.0024397559464,997.7999877929688],[-1.273130876943469,43.00243833102286,998],[-1.2731555197387934,43.00243824720383,998.2000122070312],[-1.2731796596199274,43.002436738461256,998.4000244140625],[-1.273206900805235,43.002434223890305,998.5999755859375],[-1.2732348963618279,43.0024326313287,999],[-1.2732608802616596,43.00243246369064,999.2000122070312],[-1.2732873670756817,43.00243363715708,999.2000122070312],[-1.273313518613577,43.0024344753474,999.4000244140625],[-1.2733392510563135,43.00243539735675,999.4000244140625],[-1.273367078974843,43.002433804795146,999.5999755859375],[-1.2733951583504677,43.00243355333805,999.5999755859375],[-1.2734220642596483,43.00243657082319,999.7999877929688],[-1.27344804815948,43.00243875011802,1000],[-1.2734739482402802,43.00244126468897,1000.2000122070312],[-1.2735015247017145,43.00244327634573,1000.4000244140625],[-1.2735312804579735,43.00244780257344,1000.5999755859375],[-1.2735600303858519,43.00245073623955,1000.7999877929688],[-1.273588528856635,43.00245308317244,1000.7999877929688],[-1.2736172787845135,43.0024550948292,1000.7999877929688],[-1.2736483756452799,43.002458196133375,1001],[-1.2736793048679829,43.00246180035174,1001],[-1.2737120781093836,43.00246423110366,1000.7999877929688],[-1.2737450189888477,43.002467416226864,1000.7999877929688],[-1.273779971525073,43.00247018225491,1000.5999755859375],[-1.2738131638616323,43.002473786473274,1000.5999755859375],[-1.2738457694649696,43.002476720139384,1000.5999755859375],[-1.2738781236112118,43.002482168376446,1000.7999877929688],[-1.2739090528339148,43.00248644314706,1001],[-1.273939311504364,43.002488957718015,1001.2000122070312],[-1.2739680614322424,43.00249004736543,1001.2000122070312],[-1.2739974819123745,43.0024913046509,1001.7999877929688],[-1.274028830230236,43.00249105319381,1001.7999877929688],[-1.2740619387477636,43.00249163992703,1002],[-1.2740947119891644,43.00249264575541,1002.2000122070312],[-1.2741293292492628,43.00249549560249,1002.4000244140625],[-1.2741600070148706,43.00249398685992,1002.5999755859375],[-1.2741890083998442,43.00248879007995,1002.7999877929688],[-1.2742222845554352,43.00248535349965,1002.7999877929688],[-1.2742553930729628,43.002482671290636,1003],[-1.274287411943078,43.00247906707227,1003.2000122070312],[-1.274321274831891,43.00247663632035,1003.5999755859375],[-1.274358406662941,43.00247504375875,1003.7999877929688],[-1.2743897549808025,43.00247604958713,1004],[-1.2744246236979961,43.00247797742486,1004.2000122070312],[-1.2744475062936544,43.002480240538716,1004.4000244140625],[-1.2744767591357231,43.002481581643224,1004.5999755859375],[-1.2745094485580921,43.00248292274773,1005],[-1.2745429761707783,43.00248543731868,1005.2000122070312],[-1.274573653936386,43.00249013118446,1005.4000244140625],[-1.2746044993400574,43.00249172374606,1005.5999755859375],[-1.2746351771056652,43.00248887389898,1005.5999755859375],[-1.2746668606996536,43.00247990526259,1005.7999877929688],[-1.2746941857039928,43.00247244536877,1006],[-1.274727713316679,43.00245928578079,1006.4000244140625],[-1.2747564632445574,43.00243900157511,1006.4000244140625],[-1.2747713830322027,43.002422992140055,1006.5999755859375],[-1.2747852131724358,43.00239935517311,1006.5999755859375],[-1.274790745228529,43.00237538293004,1006.7999877929688],[-1.2747912481427193,43.0023499019444,1006.7999877929688],[-1.274788649752736,43.002322325482965,1007],[-1.2747868057340384,43.00229902379215,1007.4000244140625],[-1.2747847102582455,43.00226943567395,1007.4000244140625],[-1.2747760768979788,43.00224931910634,1007.7999877929688],[-1.2747697904706001,43.00222618505359,1008],[-1.2747641745954752,43.002201206982136,1008.2000122070312],[-1.2747520208358765,43.0021736305207,1008.4000244140625],[-1.2747367657721043,43.002147478982806,1008.5999755859375],[-1.2747361790388823,43.002126356586814,1009],[-1.2747325748205185,43.00211059860885,1009.2000122070312],[-1.274733580648899,43.00209475681186,1009.5999755859375],[-1.2747301440685987,43.002077490091324,1009.7999877929688],[-1.2747344188392162,43.00205963663757,1010.2000122070312],[-1.2747360114008188,43.0020441301167,1010.4000244140625],[-1.2747373525053263,43.002028707414865,1010.5999755859375],[-1.2747378554195166,43.00201512873173,1010.7999877929688],[-1.2747401185333729,43.00199802964926,1011.2000122070312],[-1.2747447285801172,43.00197958946228,1011.4000244140625],[-1.2747498415410519,43.00196098163724,1011.5999755859375],[-1.2747543677687645,43.00194203853607,1011.7999877929688],[-1.2747600674629211,43.00192351453006,1011.7999877929688],[-1.2747676111757755,43.001905493438244,1012.2000122070312],[-1.2747754901647568,43.001887472346425,1012.2000122070312],[-1.2747847940772772,43.001869451254606,1012.4000244140625],[-1.274793092161417,43.001850340515375,1012.5999755859375],[-1.274799881502986,43.001830726861954,1012.7999877929688],[-1.2748126219958067,43.00181589089334,1012.7999877929688],[-1.2748267035931349,43.00180180929601,1013],[-1.2748333252966404,43.001784794032574,1013.2000122070312],[-1.2748380191624165,43.00176744349301,1013.2000122070312],[-1.2748468201607466,43.00174749456346,1013.2000122070312],[-1.2748525198549032,43.0017317365855,1013.4000244140625],[-1.2748601473867893,43.00171019509435,1013.5999755859375],[-1.2748683616518974,43.00168722867966,1013.7999877929688],[-1.2748688645660877,43.00167088396847,1013.7999877929688],[-1.2748710438609123,43.0016505997628,1014],[-1.2748745642602444,43.00163123756647,1014],[-1.2748783361166716,43.00161170773208,1014.2000122070312],[-1.274882610887289,43.00158865749836,1014.4000244140625],[-1.2748893164098263,43.001562086865306,1014.4000244140625],[-1.2748919986188412,43.00154264084995,1014.5999755859375],[-1.2748989555984735,43.00152260810137,1014.5999755859375],[-1.2749063316732645,43.00150374881923,1014.7999877929688],[-1.2749143783003092,43.001485308632255,1014.7999877929688],[-1.2749177310615778,43.00146418623626,1015],[-1.274930639192462,43.00144515931606,1015.2000122070312],[-1.274942709133029,43.00142630003393,1015.2000122070312],[-1.274953605607152,43.001408614218235,1015.4000244140625],[-1.2749658431857824,43.001391934230924,1015.7999877929688],[-1.2749820202589035,43.00137156620622,1016],[-1.2749926652759314,43.001357736065984,1016.2000122070312],[-1.2750076688826084,43.00134105607867,1016.5999755859375],[-1.2750258576124907,43.00132194533944,1016.7999877929688],[-1.2750313896685839,43.00130560062826,1016.7999877929688],[-1.2750414479523897,43.00128506496549,1017],[-1.2750552780926228,43.001265954226255,1017.2000122070312],[-1.2750736344605684,43.00124759785831,1017.2000122070312],[-1.275095259770751,43.00123552791774,1017.5999755859375],[-1.2751168850809336,43.001223877072334,1017.7999877929688],[-1.2751371692866087,43.001209711655974,1018],[-1.2751546874642372,43.00119537860155,1018.2000122070312],[-1.2751717027276754,43.001184314489365,1018.4000244140625],[-1.2751898914575577,43.001172160729766,1018.7999877929688],[-1.2752108462154865,43.001160845160484,1018.7999877929688],[-1.27523104660213,43.00114852376282,1019],[-1.2752520851790905,43.001138465479016,1019.2000122070312],[-1.2752732075750828,43.00112874247134,1019.5999755859375],[-1.2752911448478699,43.00111717544496,1019.5999755859375],[-1.2753115128725767,43.001106111332774,1019.7999877929688],[-1.2753344792872667,43.001097813248634,1019.7999877929688],[-1.2753550987690687,43.00108834169805,1020],[-1.275376807898283,43.001079792156816,1020.2000122070312],[-1.2754011154174805,43.00107358954847,1020.4000244140625],[-1.2754216510802507,43.00106713548303,1020.4000244140625],[-1.2754388339817524,43.001058250665665,1020.5999755859375],[-1.275459285825491,43.00105070695281,1020.7999877929688],[-1.2754821684211493,43.00104232504964,1020.7999877929688],[-1.2755068950355053,43.00103251822293,1021],[-1.275530280545354,43.001023130491376,1021.2000122070312],[-1.2755549233406782,43.001016760244966,1021.4000244140625],[-1.2755800690501928,43.00100955180824,1021.4000244140625],[-1.2756046280264854,43.00100343301892,1021.5999755859375],[-1.2756257504224777,43.000995302572846,1021.7999877929688],[-1.2756477948278189,43.00098926760256,1022.2000122070312],[-1.2756723538041115,43.00098164007068,1022.4000244140625],[-1.2756997626274824,43.00097392871976,1022.4000244140625],[-1.2757257465273142,43.000968899577856,1022.5999755859375],[-1.275751395151019,43.00096278078854,1022.7999877929688],[-1.2757780496031046,43.000957667827606,1023.2000122070312],[-1.2758047878742218,43.00095490179956,1023.4000244140625],[-1.2758298497647047,43.000951716676354,1023.5999755859375],[-1.275856252759695,43.00094651989639,1024],[-1.2758828233927488,43.00094014964998,1024],[-1.2759046163409948,43.000936042517424,1024],[-1.275935461744666,43.00093092955649,1024],[-1.2759567517787218,43.00092690624297,1024.199951171875],[-1.2759836576879025,43.000922966748476,1024.199951171875],[-1.2760095577687025,43.00091911107302,1024.4000244140625],[-1.2760378047823906,43.000916596502066,1024.5999755859375],[-1.2760663870722055,43.00091391429305,1025],[-1.2760958913713694,43.00091207027435,1025.4000244140625],[-1.2761259824037552,43.0009095557034,1025.5999755859375],[-1.2761588394641876,43.000907292589545,1025.5999755859375],[-1.2761895172297955,43.00090326927602,1025.5999755859375],[-1.2762210331857204,43.000900419428945,1026.199951171875],[-1.2762511242181063,43.00090125761926,1026.199951171875],[-1.276280377060175,43.00090276636183,1026.4000244140625],[-1.276312479749322,43.0009061191231,1026.4000244140625],[-1.2763468455523252,43.00091349519789,1026.4000244140625],[-1.2763798702508211,43.00092263147235,1026.4000244140625],[-1.2764127273112535,43.00093771889806,1026.4000244140625],[-1.2764401361346245,43.00095087848604,1026.5999755859375],[-1.2764636892825365,43.0009650439024,1026.5999755859375],[-1.2764913495630026,43.00098759122193,1026.5999755859375],[-1.2765173334628344,43.00100871361792,1026.5999755859375],[-1.2765516992658377,43.00103176385164,1026.5999755859375],[-1.2765754200518131,43.00104743801057,1026.5999755859375],[-1.2766086962074041,43.00106696784496,1026.5999755859375],[-1.2766412179917097,43.00108691677451,1026.5999755859375],[-1.2766731530427933,43.00110770389438,1026],[-1.2767046689987183,43.00112932920456,1025.4000244140625],[-1.2767354305833578,43.001147266477346,1025.199951171875],[-1.2767678685486317,43.00116520375013,1025.199951171875],[-1.2767997197806835,43.001184398308396,1025],[-1.2768303975462914,43.00120568834245,1025],[-1.2768619135022163,43.00122622400522,1025],[-1.2768902443349361,43.00124474801123,1025.199951171875],[-1.2769200839102268,43.00126436166465,1025.199951171875],[-1.2769515998661518,43.00128229893744,1025.199951171875],[-1.276983618736267,43.00130023621023,1025.199951171875],[-1.2770168110728264,43.001318760216236,1025.4000244140625],[-1.2770507577806711,43.00133753567934,1025.5999755859375],[-1.277081687003374,43.001355137676,1025.5999755859375],[-1.277113789692521,43.001372404396534,1025.800048828125],[-1.2771486584097147,43.001387659460306,1026],[-1.2771822698414326,43.00140576437116,1026.199951171875],[-1.2772131990641356,43.00142194144428,1026.4000244140625],[-1.2772457208484411,43.00143577158451,1026.5999755859375],[-1.2772795837372541,43.00144876353443,1026.800048828125],[-1.2773121893405914,43.00146125257015,1027.199951171875],[-1.2773451302200556,43.00147575326264,1027.4000244140625],[-1.2773779034614563,43.001489751040936,1027.5999755859375],[-1.2774119339883327,43.001504419371486,1027.800048828125],[-1.2774464674293995,43.001519590616226,1028],[-1.2774846889078617,43.001533672213554,1028],[-1.2775254249572754,43.00154867582023,1028.199951171875],[-1.2775669991970062,43.0015641823411,1028.4000244140625],[-1.2776063941419125,43.00158228725195,1028.4000244140625],[-1.2776467110961676,43.00160030834377,1028.4000244140625],[-1.2776975892484188,43.001619670540094,1028.5999755859375],[-1.2777342181652784,43.00163350068033,1028.5999755859375],[-1.2777778878808022,43.001650935038924,1028.5999755859375],[-1.2778210546821356,43.001669542863965,1028.800048828125],[-1.2778655625879765,43.001690497621894,1028.800048828125],[-1.2779135908931494,43.00171623006463,1028.800048828125],[-1.2779412511736155,43.001733077690005,1028.800048828125],[-1.2779845017939806,43.00175319425762,1028.800048828125],[-1.278030602261424,43.001772137358785,1028.800048828125],[-1.278076870366931,43.001791751012206,1029],[-1.2781249824911356,43.001811783760786,1029],[-1.2781704124063253,43.00183139741421,1028.800048828125],[-1.278215255588293,43.00185159780085,1029],[-1.2782613560557365,43.001873306930065,1029],[-1.2783075403422117,43.00189308822155,1029],[-1.2783538922667503,43.001912785694,1029],[-1.278399070724845,43.00193130970001,1029],[-1.2784415669739246,43.00195125862956,1029],[-1.2784854881465435,43.00197238102555,1029.199951171875],[-1.2785281520336866,43.001994425430894,1029.199951171875],[-1.2785705644637346,43.00201672129333,1029.199951171875],[-1.2786156591027975,43.00203809514642,1029.4000244140625],[-1.2786584068089724,43.002061396837234,1029.4000244140625],[-1.278699729591608,43.00208528526127,1029.4000244140625],[-1.2787402141839266,43.002108838409185,1029.4000244140625],[-1.2787784356623888,43.002133732661605,1029.4000244140625],[-1.2788143940269947,43.00216097384691,1029.4000244140625],[-1.2788484245538712,43.00218670628965,1029.4000244140625],[-1.2788811139762402,43.002215875312686,1029.4000244140625],[-1.2789161503314972,43.00224722363055,1029.4000244140625],[-1.2789500132203102,43.00227622501552,1029.4000244140625],[-1.2789875641465187,43.002305226400495,1029.4000244140625],[-1.279027797281742,43.00233221612871,1029.800048828125],[-1.2790676951408386,43.002356104552746,1029.800048828125],[-1.279106754809618,43.00237915478647,1030],[-1.279145646840334,43.002405473962426,1030],[-1.2791833654046059,43.00243246369064,1030.199951171875],[-1.2792251072824001,43.00245744176209,1030.4000244140625],[-1.2792676873505116,43.00247747451067,1030.4000244140625],[-1.2793189007788897,43.00250035710633,1030.5999755859375],[-1.279352931305766,43.00251527689397,1030.5999755859375],[-1.279396265745163,43.00253271125257,1030.5999755859375],[-1.2794407736510038,43.002548133954406,1030.800048828125],[-1.2794885504990816,43.00256104208529,1030.800048828125],[-1.2795381713658571,43.00257336348295,1031],[-1.2795893009752035,43.00258048810065,1031.199951171875],[-1.2796358205378056,43.00259096547961,1031.4000244140625],[-1.279682507738471,43.00260093994439,1031.5999755859375],[-1.2797265965491533,43.00260554999113,1031.800048828125],[-1.2797670811414719,43.00260613672435,1032],[-1.279804715886712,43.00260353833437,1032.4000244140625],[-1.2798410095274448,43.002598425373435,1032.5999755859375],[-1.2798754591494799,43.00259624607861,1032.800048828125],[-1.2799081485718489,43.002595910802484,1033.4000244140625],[-1.2799414247274399,43.00259339623153,1033.5999755859375],[-1.2799705937504768,43.00258937291801,1034],[-1.2800015229731798,43.0025864392519,1034.199951171875],[-1.2800358887761831,43.00258216448128,1034.5999755859375],[-1.2800691649317741,43.002579398453236,1035],[-1.2801006808876991,43.00257571041584,1035.4000244140625],[-1.2801326997578144,43.00257361494005,1035.800048828125],[-1.2801656406372786,43.002572525292635,1036.199951171875],[-1.2802031077444553,43.00257001072168,1036.199951171875],[-1.2802355457097292,43.00256984308362,1036.5999755859375],[-1.2802704144269228,43.00257093273103,1036.5999755859375],[-1.2803020980209112,43.002574453130364,1036.5999755859375],[-1.2803314346820116,43.00257805734873,1036.800048828125],[-1.280363705009222,43.00258216448128,1036.800048828125],[-1.2803989090025425,43.002587696537375,1037],[-1.2804330233484507,43.0025951564312,1037.199951171875],[-1.2804669700562954,43.00260596908629,1037.800048828125],[-1.2805005814880133,43.00261963158846,1038],[-1.280538970604539,43.002637568861246,1038],[-1.28056394867599,43.00265139900148,1038.199951171875],[-1.2805963028222322,43.002666318789124,1038.199951171875],[-1.2806273996829987,43.00268257968128,1038.199951171875],[-1.2806572392582893,43.0027021933347,1038.4000244140625],[-1.28069001249969,43.002720633521676,1038.4000244140625],[-1.2807241268455982,43.00273898988962,1038.4000244140625],[-1.2807597499340773,43.00276153720915,1038.5999755859375],[-1.2807968817651272,43.00278089940548,1038.5999755859375],[-1.2808330077677965,43.002800764515996,1038.5999755859375],[-1.2808682955801487,43.00282389856875,1038.800048828125],[-1.2809051759541035,43.0028454400599,1038.800048828125],[-1.2809407152235508,43.00286740064621,1038.800048828125],[-1.2809770088642836,43.00288936123252,1038.800048828125],[-1.2810138054192066,43.00291375257075,1039],[-1.2810480874031782,43.002939485013485,1039.199951171875],[-1.2810817826539278,43.002965888008475,1039.199951171875],[-1.2811206746846437,43.00299706868827,1039.199951171875],[-1.28115420229733,43.00302414223552,1039],[-1.2811800185590982,43.00304811447859,1039],[-1.2812097743153572,43.003078289330006,1038.800048828125],[-1.2812433019280434,43.003114918246865,1038.4000244140625],[-1.2812697049230337,43.003141824156046,1038.4000244140625],[-1.2812901567667723,43.00316412001848,1038.4000244140625],[-1.28131790086627,43.003199994564056,1038.5999755859375],[-1.281342376023531,43.00323092378676,1038.5999755859375],[-1.2813619058579206,43.00325355492532,1038.800048828125],[-1.281383279711008,43.003284987062216,1038.800048828125],[-1.2814034800976515,43.003315664827824,1039],[-1.2814222555607557,43.003345085307956,1039],[-1.2814437970519066,43.00337995402515,1039.199951171875],[-1.2814605608582497,43.00340929068625,1039.4000244140625],[-1.2814750615507364,43.00344021990895,1039.4000244140625],[-1.281489646062255,43.003470143303275,1039.5999755859375],[-1.2815060745924711,43.00350216217339,1039.800048828125],[-1.2815242633223534,43.00353325903416,1039.800048828125],[-1.2815439607948065,43.003560584038496,1040],[-1.2815642450004816,43.00359352491796,1040],[-1.2815799191594124,43.00362227484584,1040.199951171875],[-1.2815991137176752,43.00365068949759,1040.5999755859375],[-1.28162182867527,43.00367985852063,1040.5999755859375],[-1.2816512491554022,43.00370525568724,1041],[-1.281692823395133,43.003728557378054,1041.4000244140625],[-1.281723752617836,43.00374339334667,1041.4000244140625],[-1.2817601300776005,43.003757894039154,1041.5999755859375],[-1.2817984353750944,43.00376946106553,1041.5999755859375],[-1.2818404287099838,43.003780357539654,1042],[-1.2818825896829367,43.0037936847657,1042],[-1.2819281872361898,43.00380173139274,1042.199951171875],[-1.2819763831794262,43.00380935892463,1043],[-1.2820160295814276,43.00381891429424,1043.4000244140625],[-1.2820511497557163,43.00382863730192,1043.800048828125],[-1.2820851802825928,43.00383978523314,1044],[-1.2821270897984505,43.00384774804115,1044.4000244140625],[-1.2821683287620544,43.00385990180075,1044.5999755859375],[-1.2822084780782461,43.00387406721711,1044.800048828125],[-1.2822502199560404,43.003887981176376,1044.800048828125],[-1.2822948954999447,43.003900637850165,1044.800048828125],[-1.282340157777071,43.003912875428796,1044.800048828125],[-1.2823863420635462,43.003925113007426,1045],[-1.2824313528835773,43.00394028425217,1045],[-1.28247887827456,43.00395512022078,1044.800048828125],[-1.2825247272849083,43.003969956189394,1044.800048828125],[-1.2825711630284786,43.00398387014866,1044.5999755859375],[-1.282618772238493,43.00399946048856,1044.5999755859375],[-1.2826667167246342,43.00401454791427,1044.5999755859375],[-1.2827166728675365,43.00402921624482,1044.4000244140625],[-1.2827679701149464,43.0040439683944,1044.4000244140625],[-1.282820189371705,43.00405922345817,1044.4000244140625],[-1.28287173807621,43.00407632254064,1044.4000244140625],[-1.282925633713603,43.00409157760441,1044.199951171875],[-1.2829802837222815,43.00410959869623,1044.199951171875],[-1.283038705587387,43.004127787426114,1044.199951171875],[-1.2830949481576681,43.00414354540408,1044.199951171875],[-1.283150352537632,43.00415754318237,1044.199951171875],[-1.2832037452608347,43.00417061895132,1044.199951171875],[-1.28325579687953,43.004184532910585,1044.199951171875],[-1.283308770507574,43.004198614507914,1044.4000244140625],[-1.2833592295646667,43.00421303138137,1044.4000244140625],[-1.2834075931459665,43.004227448254824,1044.5999755859375],[-1.2834593933075666,43.004242116585374,1044.800048828125],[-1.283512031659484,43.004253851249814,1044.800048828125],[-1.2835637480020523,43.00426784902811,1044.800048828125],[-1.2836143746972084,43.00428058952093,1045],[-1.283665169030428,43.0042926594615,1045],[-1.2837158795446157,43.00430498085916,1045.199951171875],[-1.2837682664394379,43.00431805662811,1045.199951171875],[-1.2838195636868477,43.004332054406404,1045.4000244140625],[-1.2838727049529552,43.004347728565335,1045.5999755859375],[-1.283927271142602,43.00436197780073,1045.5999755859375],[-1.2839844357222319,43.00437932834029,1045.5999755859375],[-1.2840410973876715,43.00439634360373,1045.5999755859375],[-1.2840967532247305,43.00441302359104,1045.5999755859375],[-1.2841506488621235,43.004432218149304,1045.5999755859375],[-1.2842021975666285,43.00445258617401,1045.5999755859375],[-1.2842525728046894,43.00447169691324,1045.5999755859375],[-1.284301858395338,43.00449097529054,1045.5999755859375],[-1.2843503057956696,43.00451025366783,1045.800048828125],[-1.2843963224440813,43.00452777184546,1045.800048828125],[-1.2844415847212076,43.004544619470835,1045.800048828125],[-1.284485924988985,43.004561718553305,1046.199951171875],[-1.2845326960086823,43.00457948818803,1046.5999755859375],[-1.2845787964761257,43.004598431289196,1046.800048828125],[-1.2846263218671083,43.00461804494262,1046.800048828125],[-1.2846716679632664,43.004638412967324,1046.800048828125],[-1.2847132422029972,43.00466070882976,1046.800048828125],[-1.2847556546330452,43.004683842882514,1046.800048828125],[-1.2848035153001547,43.00470764748752,1046.800048828125],[-1.2848535552620888,43.004733296111226,1046.5999755859375],[-1.284899991005659,43.00475827418268,1046.5999755859375],[-1.2849494442343712,43.004782916978,1046.5999755859375],[-1.2849999032914639,43.00480730831623,1046.5999755859375],[-1.2850463390350342,43.00483228638768,1046.5999755859375],[-1.285081123933196,43.00485424697399,1046.5999755859375],[-1.2851345166563988,43.004890540614724,1046.4000244140625],[-1.2851796951144934,43.004922308027744,1046.4000244140625],[-1.2852243706583977,43.00495256669819,1046.4000244140625],[-1.2852710578590631,43.0049834959209,1046.4000244140625],[-1.2853153143078089,43.005015179514885,1046.4000244140625],[-1.2853565532714128,43.0050456058234,1046.199951171875],[-1.285401564091444,43.005075780674815,1046.199951171875],[-1.2854500114917755,43.0051058717072,1046],[-1.2854977045208216,43.00513613037765,1046],[-1.2855458166450262,43.0051663890481,1045.800048828125],[-1.2855930905789137,43.00520016811788,1045.4000244140625],[-1.2856366764754057,43.005238473415375,1045],[-1.2856876384466887,43.00527602434158,1044.5999755859375],[-1.2857363373041153,43.00531600601971,1044.4000244140625],[-1.2857846170663834,43.005356406793,1043.800048828125],[-1.2858370877802372,43.00539898686111,1043.5999755859375],[-1.2858902290463448,43.00544114783406,1043.4000244140625],[-1.2859412748366594,43.00548439845443,1043],[-1.2859909795224667,43.00552940927446,1042.4000244140625],[-1.286042109131813,43.00557970069349,1041.800048828125],[-1.2860794086009264,43.0056360270828,1041.199951171875],[-1.286114864051342,43.005703669041395,1040.4000244140625],[-1.2861392553895712,43.00577818416059,1039.800048828125],[-1.2861604616045952,43.0058553814888,1038.5999755859375],[-1.2861799914389849,43.00593266263604,1037.4000244140625],[-1.2862032931298018,43.006006591022015,1036.800048828125],[-1.2862384133040905,43.006071634590626,1036.4000244140625],[-1.286293650045991,43.006125362589955,1035.199951171875],[-1.28635223954916,43.00617070868611,1034.800048828125],[-1.286421474069357,43.006193256005645,1034.4000244140625],[-1.2864960730075836,43.006197111681104,1034],[-1.2865599431097507,43.00618093460798,1033.800048828125],[-1.2866130005568266,43.00615394487977,1033.5999755859375],[-1.2866563349962234,43.00611832179129,1033.5999755859375],[-1.2866850011050701,43.006084794178605,1033.4000244140625],[-1.2867073807865381,43.006050093099475,1033.5999755859375],[-1.2867308501154184,43.00601413473487,1033.5999755859375],[-1.2867509666830301,43.00597817637026,1033.5999755859375],[-1.2867737654596567,43.00594272091985,1034],[-1.286796648055315,43.0059090256691,1034.199951171875],[-1.2868141662329435,43.0058762524277,1034.4000244140625],[-1.286826403811574,43.00584155134857,1034.5999755859375],[-1.286844341084361,43.005806263536215,1034.800048828125],[-1.2868703249841928,43.00577466376126,1035],[-1.2868916150182486,43.005742309615016,1035.199951171875],[-1.28690829500556,43.00570718944073,1035.4000244140625],[-1.2869261484593153,43.005670979619026,1035.5999755859375],[-1.2869431637227535,43.005633847787976,1035.5999755859375],[-1.2869562394917011,43.005593782290816,1036],[-1.2869741767644882,43.00555530935526,1036.199951171875],[-1.286996304988861,43.00552446395159,1036.4000244140625],[-1.2870174273848534,43.00549076870084,1036.5999755859375],[-1.2870309222489595,43.00545606762171,1036.800048828125],[-1.2870460096746683,43.005421701818705,1037],[-1.2870590016245842,43.00538591109216,1037.199951171875],[-1.2870704848319292,43.00534777343273,1037.4000244140625],[-1.28708615899086,43.005306869745255,1037.5999755859375],[-1.2870951276272535,43.00527183339,1037.5999755859375],[-1.2871027551591396,43.005236964672804,1037.800048828125],[-1.2871074490249157,43.00520067103207,1038],[-1.287114406004548,43.00516747869551,1038.199951171875],[-1.2871224526315928,43.00513914786279,1038.4000244140625],[-1.2871301639825106,43.00511056557298,1038.4000244140625],[-1.2871301639825106,43.00507561303675,1038.4000244140625],[-1.2871296610683203,43.00504141487181,1038.4000244140625],[-1.2871310021728277,43.00500654615462,1038.4000244140625],[-1.2871310859918594,43.00497326999903,1038.5999755859375],[-1.28713502548635,43.004941921681166,1038.800048828125],[-1.2871417310088873,43.00491074100137,1038.800048828125],[-1.287145083770156,43.00488316453993,1038.800048828125],[-1.287145670503378,43.00485039129853,1039],[-1.287147430703044,43.00481803715229,1039.5999755859375],[-1.287152711302042,43.00479012541473,1040],[-1.2871563155204058,43.00475777126849,1040],[-1.2871634401381016,43.004722064360976,1040.199951171875],[-1.2871672958135605,43.004688285291195,1040.5999755859375],[-1.2871697265654802,43.00465383566916,1040.5999755859375],[-1.2871729116886854,43.00461729057133,1040.5999755859375],[-1.287175677716732,43.004580745473504,1041],[-1.2871778570115566,43.00454403273761,1041],[-1.2871833890676498,43.004508409649134,1041.199951171875],[-1.2871917709708214,43.004477145150304,1041.199951171875],[-1.2872006557881832,43.0044478084892,1041.4000244140625],[-1.2872184254229069,43.00442023202777,1041.5999755859375],[-1.2872452475130558,43.00439156591892,1041.5999755859375],[-1.2872836366295815,43.004370192065835,1041.800048828125],[-1.2873207684606314,43.004358038306236,1042],[-1.2873621750622988,43.00435543991625,1042],[-1.287405425682664,43.00436172634363,1042.199951171875],[-1.2874443177133799,43.00437639467418,1042.199951171875],[-1.2874791026115417,43.004396595060825,1042.4000244140625],[-1.2875098641961813,43.00441788509488,1042.800048828125],[-1.287538781762123,43.004440516233444,1043],[-1.287563843652606,43.00446088425815,1043.4000244140625],[-1.2875876482576132,43.00448175519705,1043.5999755859375],[-1.2876117881387472,43.004504134878516,1043.5999755859375],[-1.2876380234956741,43.00452483817935,1043.800048828125],[-1.2876645103096962,43.00454520620406,1044],[-1.2876858841627836,43.004565155133605,1044.199951171875],[-1.2877082638442516,43.004585690796375,1044.199951171875],[-1.287731397897005,43.004607232287526,1044.4000244140625],[-1.2877547834068537,43.00462734885514,1044.5999755859375],[-1.2877763248980045,43.00464587286115,1045],[-1.2877981178462505,43.00466506741941,1045.4000244140625],[-1.2878176476806402,43.004684429615736,1045.5999755859375],[-1.2878349144011736,43.00470286980271,1045.800048828125],[-1.2878532707691193,43.0047208070755,1046.199951171875],[-1.2878694478422403,43.00473975017667,1046.199951171875],[-1.287888390943408,43.004758609458804,1046.199951171875],[-1.2879123631864786,43.004775289446115,1046.5999755859375],[-1.2879377603530884,43.00479079596698,1047],[-1.2879625707864761,43.00480487756431,1047.4000244140625],[-1.2879924941807985,43.00481786951423,1047.5999755859375],[-1.2880331464111805,43.00482348538935,1047.5999755859375],[-1.2880557775497437,43.00483714789152,1047.800048828125],[-1.2880829349160194,43.00485013984144,1048],[-1.2881084997206926,43.00486363470554,1048.199951171875],[-1.2881351541727781,43.00487763248384,1048.4000244140625],[-1.288161724805832,43.0048899538815,1048.5999755859375],[-1.2881896365433931,43.00490587949753,1048.5999755859375],[-1.2882148660719395,43.00492054782808,1049],[-1.2882472202181816,43.00493446178734,1049.199951171875],[-1.2882786523550749,43.00494644790888,1049.199951171875],[-1.288305725902319,43.00495566800237,1049.4000244140625],[-1.288329279050231,43.00496254116297,1049.5999755859375],[-1.2883512396365404,43.00496849231422,1049.5999755859375],[-1.2883809115737677,43.00497729331255,1049.800048828125],[-1.2884109187871218,43.00498718395829,1049.800048828125],[-1.2884379923343658,43.00499590113759,1049.800048828125],[-1.288466490805149,43.00500419922173,1050],[-1.2884978391230106,43.005011826753616,1050.199951171875],[-1.2885296065360308,43.00501895137131,1050.199951171875],[-1.288566654548049,43.00502213649452,1050.4000244140625],[-1.2886021099984646,43.00501559861004,1050.4000244140625],[-1.2886350508779287,43.00500654615462,1050.4000244140625],[-1.2886715959757566,43.00499305129051,1050.4000244140625],[-1.2886945623904467,43.00497092306614,1050.4000244140625],[-1.2887034472078085,43.004937982186675,1050.4000244140625],[-1.2887006811797619,43.00490638241172,1050.4000244140625],[-1.288692969828844,43.004876375198364,1050.4000244140625],[-1.2886855937540531,43.00484913401306,1050.4000244140625],[-1.288679139688611,43.00482432357967,1050.4000244140625],[-1.2886714283376932,43.004798758774996,1050.5999755859375],[-1.2886659801006317,43.00477369688451,1050.5999755859375],[-1.2886598613113165,43.004755172878504,1051],[-1.2886569276452065,43.004732206463814,1051.199951171875],[-1.2886471208184958,43.00470379181206,1051.4000244140625],[-1.288639660924673,43.004675628617406,1051.5999755859375],[-1.2886353861540556,43.004646711051464,1051.5999755859375],[-1.288627926260233,43.00462014041841,1051.800048828125],[-1.2886292673647404,43.00458921119571,1052],[-1.2886294350028038,43.004557862877846,1052],[-1.2886394932866096,43.00452483817935,1052],[-1.2886427622288465,43.00449466332793,1052],[-1.2886426784098148,43.00446473993361,1052],[-1.288638487458229,43.00443674437702,1052.199951171875],[-1.2886432651430368,43.00441059283912,1052.199951171875],[-1.2886500544846058,43.004382848739624,1052],[-1.2886631302535534,43.004353092983365,1052.199951171875],[-1.2886796426028013,43.004325684159994,1052.4000244140625],[-1.2886919640004635,43.0042976886034,1052.5999755859375],[-1.2887104880064726,43.004273883998394,1052.5999755859375],[-1.28872892819345,43.00425083376467,1052.800048828125],[-1.2887447699904442,43.00422929227352,1052.800048828125],[-1.2887624558061361,43.00420615822077,1053.199951171875],[-1.2887823209166527,43.00418118014932,1053.4000244140625],[-1.2888027727603912,43.00415460951626,1053.4000244140625],[-1.288824649527669,43.00413114018738,1053.4000244140625],[-1.2888487055897713,43.00411437638104,1053.5999755859375],[-1.2888689059764147,43.00409342162311,1053.800048828125],[-1.2888893578201532,43.00406861118972,1054],[-1.2889087200164795,43.00404304638505,1054.4000244140625],[-1.2889290880411863,43.00401865504682,1054.4000244140625],[-1.2889498751610518,43.00399485044181,1054.4000244140625],[-1.2889717519283295,43.003972973674536,1054.4000244140625],[-1.2889919523149729,43.003952438011765,1054.4000244140625],[-1.2890140805393457,43.00393223762512,1054.4000244140625],[-1.2890362925827503,43.00391128286719,1054.4000244140625],[-1.2890585884451866,43.00388814881444,1054.5999755859375],[-1.2890804652124643,43.003864428028464,1054.800048828125],[-1.2891031801700592,43.00384162925184,1055],[-1.2891308404505253,43.0038195848465,1055],[-1.2891585007309914,43.00379888154566,1055.4000244140625],[-1.2891862448304892,43.00377977080643,1055.4000244140625],[-1.2892180122435093,43.003758899867535,1055.800048828125],[-1.2892478518188,43.00373853184283,1056.4000244140625],[-1.2892792839556932,43.00372403115034,1057],[-1.289312057197094,43.00370684824884,1057.199951171875],[-1.289347093552351,43.00368916243315,1057.199951171875],[-1.2893876619637012,43.0036708060652,1057.199951171875],[-1.2894324213266373,43.00365563482046,1057.199951171875],[-1.2894781026989222,43.003638200461864,1057.199951171875],[-1.289524706080556,43.00362227484584,1056.800048828125],[-1.289572985842824,43.00360961817205,1056.800048828125],[-1.2896247021853924,43.003597212955356,1056],[-1.2896812800318003,43.003587406128645,1055.800048828125],[-1.2897433899343014,43.003581035882235,1055.800048828125],[-1.2898078467696905,43.00357650965452,1055.800048828125],[-1.289871633052826,43.00357206724584,1055.800048828125],[-1.289937263354659,43.00357013940811,1055.5999755859375],[-1.29000473767519,43.00356963649392,1055.4000244140625],[-1.2900755647569895,43.003570307046175,1055.4000244140625],[-1.290149325504899,43.00357391126454,1055.199951171875],[-1.2902245111763477,43.00358036532998,1055],[-1.2903007864952087,43.00358874723315,1054.800048828125],[-1.2903800792992115,43.00359830260277,1054.800048828125],[-1.2904633954167366,43.00360928289592,1054.5999755859375],[-1.2905512377619743,43.00361950881779,1054.199951171875],[-1.2906440254300833,43.00363065674901,1054],[-1.2907458655536175,43.00364138558507,1053.199951171875],[-1.290855249390006,43.00365102477372,1052.800048828125],[-1.2909689918160439,43.00365563482046,1051.5999755859375],[-1.2910804711282253,43.003650438040495,1051],[-1.2911925371736288,43.00362738780677,1050.5999755859375],[-1.291296724230051,43.003584472462535,1049.800048828125],[-1.291384818032384,43.00352999009192,1049.5999755859375],[-1.291446341201663,43.00346645526588,1049.4000244140625],[-1.2914897594600916,43.003403339535,1049.5999755859375],[-1.2915246281772852,43.00333879888058,1049.5999755859375],[-1.2915419787168503,43.003273671492934,1049.5999755859375],[-1.2915442418307066,43.003204269334674,1049.800048828125],[-1.2915407214313745,43.0031321849674,1049.800048828125],[-1.2915346026420593,43.00305658020079,1049.800048828125],[-1.2915300764143467,43.00297846086323,1049.5999755859375],[-1.291520856320858,43.00289640203118,1048.800048828125],[-1.2915095407515764,43.00280772149563,1048.199951171875],[-1.291495207697153,43.00271501764655,1046.199951171875],[-1.2914824672043324,43.00262063741684,1044],[-1.29146964289248,43.002526592463255,1043.5999755859375],[-1.2914602551609278,43.00243170931935,1043],[-1.2914535496383905,43.00233783200383,1041.4000244140625],[-1.291444581001997,43.00224588252604,1040.199951171875],[-1.291442820802331,43.0021649133414,1038.5999755859375],[-1.2914545554667711,43.00209400244057,1037.800048828125],[-1.2914755102247,43.00202485173941,1037.4000244140625],[-1.2915089540183544,43.00196701660752,1037.199951171875],[-1.291552959010005,43.00191605463624,1036.5999755859375],[-1.2916025798767805,43.00186852924526,1034.5999755859375],[-1.2916639354079962,43.001833241432905,1034.199951171875],[-1.2917369417846203,43.00182024948299,1033.800048828125],[-1.2918141391128302,43.001827877014875,1033.199951171875],[-1.2918894924223423,43.00184799358249,1032.5999755859375],[-1.2919625826179981,43.00187095999718,1032.5999755859375],[-1.2920237705111504,43.00189509987831,1032.5999755859375],[-1.2920779176056385,43.0019217543304,1032.5999755859375],[-1.292133154347539,43.00194690003991,1032.800048828125],[-1.292187888175249,43.0019680224359,1033.199951171875],[-1.2922387663275003,43.00198771990836,1033.5999755859375],[-1.2922893092036247,43.00200942903757,1033.5999755859375],[-1.292339013889432,43.0020322278142,1033.5999755859375],[-1.2923898920416832,43.00205326639116,1033.4000244140625],[-1.2924401834607124,43.00207304768264,1033.4000244140625],[-1.2924930732697248,43.002091739326715,1033.4000244140625],[-1.2925498187541962,43.002113280817866,1033.4000244140625],[-1.2926074862480164,43.00213700160384,1033.4000244140625],[-1.2926705181598663,43.00216030329466,1033.4000244140625],[-1.2927369866520166,43.00218377262354,1033.199951171875],[-1.2928086519241333,43.002207577228546,1033],[-1.2928846757858992,43.00222777761519,1032.800048828125],[-1.2929622922092676,43.002246133983135,1032.4000244140625],[-1.2930451892316341,43.00225401297212,1031.199951171875],[-1.2931277509778738,43.002252420410514,1031],[-1.2932184431701899,43.002242194488645,1030.199951171875],[-1.293309386819601,43.00222693942487,1029.199951171875],[-1.2933979835361242,43.002202631905675,1028.5999755859375],[-1.2934804614633322,43.00216726027429,1028.5999755859375],[-1.2935580778867006,43.0021255183965,1028.5999755859375],[-1.2936250492930412,43.00207824446261,1028.4000244140625],[-1.2936859019100666,43.0020251031965,1028.4000244140625],[-1.2937433179467916,43.001969614997506,1028.4000244140625],[-1.293795369565487,43.001908930018544,1028],[-1.2938439007848501,43.00184665247798,1027.5999755859375],[-1.293890755623579,43.00178370438516,1026.800048828125],[-1.2939376942813396,43.00172260031104,1026.4000244140625],[-1.2939858064055443,43.00166141241789,1026.199951171875],[-1.294036516919732,43.00160374492407,1026],[-1.294089574366808,43.001551777124405,1025.800048828125],[-1.294148163869977,43.001503916457295,1025.800048828125],[-1.2942121177911758,43.001462426036596,1025.800048828125],[-1.2942826095968485,43.001428227871656,1025.5999755859375],[-1.294356370344758,43.00139863975346,1025.199951171875],[-1.294434405863285,43.00137517042458,1024.800048828125],[-1.2945167999714613,43.00135807134211,1024.4000244140625],[-1.2946007028222084,43.001346001401544,1024],[-1.294670356437564,43.001338206231594,1024],[-1.2947597913444042,43.00133166834712,1023.7999877929688],[-1.2948509026318789,43.00132965669036,1023.7999877929688],[-1.2949457857757807,43.00132689066231,1023.5999755859375],[-1.295060534030199,43.00132521428168,1023.4000244140625],[-1.295155081897974,43.001327058300376,1023.4000244140625],[-1.2952515576034784,43.00132915377617,1023],[-1.2953498773276806,43.00133175216615,1022.7999877929688],[-1.2954505439847708,43.00133837386966,1022.2000122070312],[-1.2955489475280046,43.001341139897704,1021],[-1.2956470157951117,43.00134239718318,1020.2000122070312],[-1.295745000243187,43.00134331919253,1019.4000244140625],[-1.2958431523293257,43.00134013406932,1018.7999877929688],[-1.2959413882344961,43.00133669748902,1018.4000244140625],[-1.2960331700742245,43.001329908147454,1016.5999755859375],[-1.296123443171382,43.001317251473665,1016.5999755859375],[-1.2962096091359854,43.0013014934957,1016.5999755859375],[-1.2962899077683687,43.00128439441323,1016.4000244140625],[-1.296364339068532,43.00126679241657,1016.4000244140625],[-1.2964319810271263,43.00125044770539,1016.2000122070312],[-1.2964946776628494,43.001235108822584,1016],[-1.2965496629476547,43.0012222006917,1016.2000122070312],[-1.2965934164822102,43.00120811909437,1016.4000244140625],[-1.29662761464715,43.00118900835514,1016.4000244140625],[-1.2966513354331255,43.00116847269237,1016.2000122070312],[-1.296666506677866,43.00114751793444,1016.2000122070312],[-1.2966774869710207,43.0011270660907,1016.2000122070312],[-1.2966893054544926,43.001104267314076,1015.7999877929688],[-1.2966994475573301,43.00107560120523,1015.5999755859375],[-1.2967082485556602,43.0010409001261,1015.4000244140625],[-1.2967183906584978,43.00100661814213,1015.2000122070312],[-1.2967302091419697,43.000975186005235,1015],[-1.2967411056160927,43.000945933163166,1014.7999877929688],[-1.296745715662837,43.00092204473913,1014.7999877929688],[-1.29673657938838,43.00089782103896,1014.5999755859375],[-1.2967219948768616,43.00086756236851,1014.4000244140625],[-1.2967088352888823,43.000824647024274,1014.4000244140625],[-1.2967110145837069,43.00077603198588,1014.2000122070312],[-1.2967218272387981,43.00072465091944,1013.7999877929688],[-1.2967421114444733,43.00067896954715,1011.7999877929688],[-1.296771029010415,43.000638987869024,1011.5999755859375],[-1.2968038022518158,43.000608729198575,1011.5999755859375],[-1.296837329864502,43.00058417022228,1011.5999755859375],[-1.2968716956675053,43.000564724206924,1012],[-1.2969053070992231,43.00055022351444,1013.2000122070312],[-1.2969348952174187,43.00052968785167,1013.4000244140625],[-1.2969619687646627,43.0005073081702,1013.5999755859375],[-1.2969923112541437,43.00048685632646,1013.5999755859375],[-1.2970250006765127,43.00046858377755,1013.7999877929688],[-1.2970529962331057,43.00044905394316,1014],[-1.2970780581235886,43.00043061375618,1014.5999755859375],[-1.2970963306725025,43.00041485577822,1015],[-1.2971177883446217,43.00039255991578,1015.2000122070312],[-1.2971360608935356,43.00037504173815,1015.2000122070312],[-1.297156261280179,43.00035618245602,1015.2000122070312],[-1.2971798982471228,43.0003413464874,1015.4000244140625],[-1.2972017750144005,43.000321397557855,1015.4000244140625],[-1.2972190417349339,43.0003069806844,1015.4000244140625],[-1.2972452770918608,43.00028502009809,1015.4000244140625],[-1.2972650583833456,43.00027244724333,1015.4000244140625],[-1.2972972448915243,43.00025048665702,1015.4000244140625],[-1.2973149307072163,43.000237913802266,1015.5999755859375],[-1.2973355501890182,43.00021964125335,1015.5999755859375],[-1.297356840223074,43.000202123075724,1015.7999877929688],[-1.2973844166845083,43.00018401816487,1016.5999755859375],[-1.2974083051085472,43.0001706071198,1017.4000244140625],[-1.297432193532586,43.00016038119793,1017.4000244140625],[-1.297451388090849,43.000151328742504,1017.5999755859375],[-1.2974713370203972,43.00013850443065,1017.7999877929688],[-1.2974969018250704,43.00012023188174,1018],[-1.2975186947733164,43.00010908395052,1018.4000244140625],[-1.2975497916340828,43.00009969621897,1018.7999877929688],[-1.2975799664855003,43.00009005703032,1019],[-1.2976104766130447,43.00007790327072,1019],[-1.2976416572928429,43.00006072036922,1019],[-1.2976717483252287,43.00004253163934,1019],[-1.2976998277008533,43.00002568401396,1019.2000122070312],[-1.2977291643619537,43.000010093674064,1019.2000122070312],[-1.2977574951946735,42.99999509006739,1019.4000244140625],[-1.2977815512567759,42.99998000264168,1019.7999877929688],[-1.297804182395339,42.99996675923467,1020.2000122070312],[-1.2978231254965067,42.9999546892941,1020.4000244140625],[-1.297839554026723,42.99994002096355,1021],[-1.2978553120046854,42.99992493353784,1021],[-1.297876937314868,42.99991169013083,1021],[-1.2978964671492577,42.99989802762866,1021.2000122070312],[-1.2979159969836473,42.999881180003285,1021.4000244140625],[-1.2979359459131956,42.9998613987118,1021.4000244140625],[-1.2979501113295555,42.999838683754206,1021.4000244140625],[-1.2979667913168669,42.99981605261564,1021.4000244140625],[-1.297984728589654,42.99979006871581,1021.4000244140625],[-1.2980062700808048,42.99976182170212,1021.4000244140625],[-1.2980325892567635,42.99973726272583,1021.2000122070312],[-1.2980594113469124,42.99971295520663,1021.2000122070312],[-1.2980882450938225,42.9996869713068,1020.7999877929688],[-1.298120180144906,42.99966241233051,1020.7999877929688],[-1.2981536239385605,42.99963802099228,1020.5999755859375],[-1.2981865648180246,42.999616144225,1020.4000244140625],[-1.2982158176600933,42.99959594383836,1020.2000122070312],[-1.2982449028640985,42.999575743451715,1019.7999877929688],[-1.2982723116874695,42.9995540343225,1019.7999877929688],[-1.2982967868447304,42.99953492358327,1019.7999877929688],[-1.298318663612008,42.99951656721532,1019.5999755859375],[-1.2983428873121738,42.999492762610316,1019.4000244140625],[-1.2983710505068302,42.99946895800531,1019.4000244140625],[-1.2983995489776134,42.99944456666708,1019],[-1.2984275445342064,42.999422857537866,1018.5999755859375],[-1.298453276976943,42.99940098077059,1018.2000122070312],[-1.2984909117221832,42.999379271641374,1018],[-1.2985148839652538,42.99936988390982,1017.5999755859375],[-1.2985500879585743,42.99935999326408,1017.5999755859375],[-1.2985879741609097,42.999354964122176,1017.4000244140625],[-1.2986224237829447,42.999354880303144,1017.2000122070312],[-1.2986593879759312,42.99935697577894,1017.2000122070312],[-1.298697693273425,42.9993587359786,1017],[-1.2987355794757605,42.99935907125473,1017],[-1.2987702805548906,42.99936200492084,1017],[-1.2988069094717503,42.99935990944505,1016.7999877929688],[-1.298836162313819,42.9993555508554,1016.5999755859375],[-1.2988662533462048,42.99935010261834,1016.4000244140625],[-1.2988946679979563,42.99934750422835,1016.2000122070312],[-1.29891537129879,42.99934549257159,1016.2000122070312],[-1.2989410199224949,42.999342223629355,1016],[-1.2989690154790878,42.99933887086809,1015.7999877929688],[-1.29899550229311,42.99933937378228,1015.7999877929688],[-1.299012852832675,42.99934591166675,1015.5999755859375],[-1.2990282755345106,42.99935119226575,1015.5999755859375],[-1.2990421894937754,42.99935840070248,1015.4000244140625],[-1.2990459613502026,42.9993658605963,1015.4000244140625],[-1.2990462966263294,42.99936837516725,1015.4000244140625],[-1.2990475539118052,42.999369045719504,1015.4000244140625],[-1.2990459613502026,42.99937130883336,1015.4000244140625],[-1.2990457098931074,42.99937038682401,1015.4000244140625],[-1.299044955521822,42.99937332049012,1015.2000122070312],[-1.299044955521822,42.99937332049012,1015.2000122070312],[-1.299044955521822,42.99937332049012,1015.2000122070312],[-1.299044955521822,42.99937332049012,1015],[-1.299044955521822,42.99937332049012,1015],[-1.299044955521822,42.99937332049012,1015],[-1.299044955521822,42.99937332049012,1015],[-1.299044955521822,42.99937332049012,1015],[-1.299044955521822,42.99937332049012,1015],[-1.2990475539118052,42.99937080591917,1015],[-1.2990518286824226,42.99937072210014,1015],[-1.2990518286824226,42.99937072210014,1015],[-1.2990518286824226,42.99937072210014,1015],[-1.2990518286824226,42.99937072210014,1015],[-1.2990518286824226,42.99937072210014,1015],[-1.2990518286824226,42.99937072210014,1015],[-1.2990518286824226,42.99937072210014,1015],[-1.2990518286824226,42.99937072210014,1015.2000122070312],[-1.2990518286824226,42.99937072210014,1015.2000122070312],[-1.2990518286824226,42.99937072210014,1015.2000122070312],[-1.2990518286824226,42.99937072210014,1015.2000122070312],[-1.2990518286824226,42.99937072210014,1015.2000122070312],[-1.2990518286824226,42.99937072210014,1015],[-1.2990518286824226,42.99937072210014,1015],[-1.2990518286824226,42.99937072210014,1015],[-1.2990518286824226,42.99937072210014,1015],[-1.2990518286824226,42.99937072210014,1015],[-1.2990518286824226,42.99937072210014,1015],[-1.2990518286824226,42.99937072210014,1015],[-1.2990518286824226,42.99937072210014,1015],[-1.2990518286824226,42.99937072210014,1014.7999877929688],[-1.2990518286824226,42.99937072210014,1014.7999877929688],[-1.2990518286824226,42.99937072210014,1014.7999877929688],[-1.2990518286824226,42.99937072210014,1014.5999755859375],[-1.2990518286824226,42.99937072210014,1014.5999755859375],[-1.2990518286824226,42.99937072210014,1014.5999755859375],[-1.2990518286824226,42.99937072210014,1014.5999755859375],[-1.2990518286824226,42.99937072210014,1014.4000244140625],[-1.2990518286824226,42.99937072210014,1014.4000244140625],[-1.2990518286824226,42.99937072210014,1014.4000244140625],[-1.2990518286824226,42.99937072210014,1014.4000244140625],[-1.2990518286824226,42.99937072210014,1014.4000244140625],[-1.2990518286824226,42.99937072210014,1014.4000244140625],[-1.2990518286824226,42.99937072210014,1014.4000244140625],[-1.2990518286824226,42.99937072210014,1014.4000244140625],[-1.2990518286824226,42.99937072210014,1014.4000244140625],[-1.2990518286824226,42.99937072210014,1014.2000122070312],[-1.2990518286824226,42.99937072210014,1014.2000122070312],[-1.2990518286824226,42.99937072210014,1014.2000122070312],[-1.2990518286824226,42.99937072210014,1014.2000122070312],[-1.2990518286824226,42.99937072210014,1014.2000122070312],[-1.2990518286824226,42.99937072210014,1014.2000122070312],[-1.2990518286824226,42.99937072210014,1014.2000122070312],[-1.2990518286824226,42.99937072210014,1014],[-1.2990518286824226,42.99937072210014,1014],[-1.2990518286824226,42.99937072210014,1014],[-1.2990518286824226,42.99937072210014,1014],[-1.2990518286824226,42.99937072210014,1014],[-1.2990518286824226,42.99937072210014,1014],[-1.2990518286824226,42.99937072210014,1014],[-1.2990518286824226,42.99937072210014,1014],[-1.2990518286824226,42.99937072210014,1014],[-1.2990518286824226,42.99937072210014,1014],[-1.2990518286824226,42.99937072210014,1014],[-1.2990518286824226,42.99937072210014,1014],[-1.2990518286824226,42.99937072210014,1014],[-1.2990518286824226,42.99937072210014,1014],[-1.2990518286824226,42.99937072210014,1013.7999877929688],[-1.2990518286824226,42.99937072210014,1013.7999877929688],[-1.2990518286824226,42.99937072210014,1013.7999877929688],[-1.2990518286824226,42.99937072210014,1013.7999877929688],[-1.2990518286824226,42.99937072210014,1013.7999877929688],[-1.2990518286824226,42.99937072210014,1013.7999877929688],[-1.2990518286824226,42.99937072210014,1013.7999877929688],[-1.2990518286824226,42.99937072210014,1013.7999877929688],[-1.2990518286824226,42.99937072210014,1013.7999877929688],[-1.2990518286824226,42.99937072210014,1013.5999755859375],[-1.2990518286824226,42.99937072210014,1013.5999755859375],[-1.2990518286824226,42.99937072210014,1013.5999755859375],[-1.2990518286824226,42.99937072210014,1013.5999755859375],[-1.2990518286824226,42.99937072210014,1013.5999755859375],[-1.2990518286824226,42.99937072210014,1013.4000244140625],[-1.2990518286824226,42.99937072210014,1013.4000244140625],[-1.2990518286824226,42.99937072210014,1013.4000244140625],[-1.2990518286824226,42.99937072210014,1013.4000244140625],[-1.2990518286824226,42.99937072210014,1013.4000244140625],[-1.2990518286824226,42.99937072210014,1013.4000244140625],[-1.2990518286824226,42.99937072210014,1013.4000244140625],[-1.2990518286824226,42.99937072210014,1013.4000244140625],[-1.2990518286824226,42.99937072210014,1013.4000244140625],[-1.2990518286824226,42.99937072210014,1013.4000244140625],[-1.2990518286824226,42.99937072210014,1013.4000244140625],[-1.2990518286824226,42.99937072210014,1013.4000244140625],[-1.2990518286824226,42.99937072210014,1013.4000244140625],[-1.2990518286824226,42.99937072210014,1013.4000244140625],[-1.299060294404626,42.99936787225306,1013.2000122070312],[-1.299064066261053,42.99936971627176,1013.2000122070312],[-1.2990698497742414,42.999367704615,1013.2000122070312],[-1.299084685742855,42.99936686642468,1013.2000122070312],[-1.2991018686443567,42.99936334602535,1013.2000122070312],[-1.2991228234022856,42.99935664050281,1013.2000122070312],[-1.299142437055707,42.999349012970924,1013],[-1.2991600390523672,42.99934197217226,1013],[-1.2991778086870909,42.99933887086809,1013],[-1.2991909682750702,42.99933560192585,1013],[-1.2992018647491932,42.999330908060074,1013],[-1.299218712374568,42.999318754300475,1012.7999877929688],[-1.2992458697408438,42.999301152303815,1012.7999877929688],[-1.299287024885416,42.99928120337427,1012.7999877929688],[-1.2993377353996038,42.99926536157727,1012.5999755859375],[-1.2994013540446758,42.99926368519664,1012.2000122070312],[-1.2994717620313168,42.999270893633366,1011.7999877929688],[-1.2995440140366554,42.9992709774524,1011.5999755859375],[-1.2996198702603579,42.99927240237594,1010.7999877929688],[-1.2997169326990843,42.99927391111851,1010.2000122070312],[-1.2998170126229525,42.99927701242268,1010],[-1.299921702593565,42.99927508458495,1009],[-1.3000258058309555,42.99926921725273,1008.2000122070312],[-1.3001086190342903,42.999267373234034,1007.7999877929688],[-1.3002024125307798,42.99926611594856,1007.5999755859375],[-1.3002763409167528,42.99926083534956,1006.5999755859375],[-1.300367284566164,42.99926871433854,1005.7999877929688],[-1.3004631735384464,42.99928422085941,1005.2000122070312],[-1.3005614094436169,42.99930123612285,1004.7999877929688],[-1.3006654288619757,42.99931598827243,1003.7999877929688],[-1.300773387774825,42.99933006986976,1003],[-1.300880927592516,42.999340211972594,1001.7999877929688],[-1.3009987771511078,42.9993365239352,1001.2000122070312],[-1.30110003054142,42.999347085133195,1000.7999877929688],[-1.301209582015872,42.999360328540206,1000.2000122070312],[-1.3013104163110256,42.99936988390982,999.7999877929688],[-1.3014156091958284,42.999408692121506,999.5999755859375],[-1.3014982547610998,42.99942595884204,999.2000122070312],[-1.3015895336866379,42.999439872801304,999],[-1.3016896974295378,42.999452194198966,997.5999755859375],[-1.301791537553072,42.999458564445376,997],[-1.3019068725407124,42.99944615922868,997],[-1.3020010013133287,42.99946133047342,996.5999755859375],[-1.3020962197333574,42.99948723055422,996.2000122070312],[-1.3022045977413654,42.999519081786275,995.7999877929688],[-1.302317501977086,42.99952528439462,994.7999877929688],[-1.3024249579757452,42.99952796660364,994],[-1.3025284744799137,42.99952134490013,993.7999877929688],[-1.3026353437453508,42.999511705711484,993.4000244140625],[-1.3027459848672152,42.999508772045374,993],[-1.3028593081980944,42.99950893968344,992.4000244140625],[-1.3029706198722124,42.99950893968344,991.5999755859375],[-1.3030833564698696,42.99951011314988,990],[-1.3031929079443216,42.99950500018895,989.5999755859375],[-1.3033030461519957,42.99950080923736,989.4000244140625],[-1.3034135196357965,42.99949309788644,988.7999877929688],[-1.3035230711102486,42.99948521889746,988],[-1.3036294374614954,42.99947088584304,986.7999877929688],[-1.3037380669265985,42.99945026636124,986],[-1.3038311898708344,42.99942897632718,985.2000122070312],[-1.3039182778447866,42.99941682256758,984],[-1.3039982412010431,42.99941665492952,983.5999755859375],[-1.304068984463811,42.9994142241776,982.7999877929688],[-1.3041407335549593,42.99941816367209,982.4000244140625],[-1.304218601435423,42.99941908568144,981.4000244140625],[-1.3043073657900095,42.999413972720504,980.5999755859375],[-1.3043796177953482,42.99941631965339,979.4000244140625],[-1.304448852315545,42.99940508790314,979.2000122070312],[-1.304510124027729,42.999386228621006,978.2000122070312],[-1.3045843038707972,42.999368123710155,977.2000122070312],[-1.3046709727495909,42.999342223629355,976.4000244140625],[-1.3047664426267147,42.99933216534555,976],[-1.3048355095088482,42.999314395710826,975],[-1.304917735978961,42.999297296628356,974],[-1.3049827795475721,42.9992812871933,973.4000244140625],[-1.3050548639148474,42.99928246065974,973.4000244140625],[-1.3051314745098352,42.99929260276258,973],[-1.3052062410861254,42.99929268658161,972.5999755859375],[-1.3052709493786097,42.999280616641045,972.4000244140625],[-1.3053304608911276,42.99926100298762,972.2000122070312],[-1.305388044565916,42.99922529608011,972],[-1.3054486457258463,42.99920165911317,971.4000244140625],[-1.3055039662867785,42.99920509569347,970.7999877929688],[-1.3055416010320187,42.999205850064754,969],[-1.3055774755775928,42.99920040182769,968.5999755859375],[-1.305620139464736,42.999187828972936,968.5999755859375],[-1.3056712690740824,42.99917349591851,967.7999877929688],[-1.3057116698473692,42.99915958195925,966],[-1.30577034316957,42.99912831746042,965.7999877929688],[-1.305819544941187,42.99910266883671,965.5999755859375],[-1.3058620411902666,42.99908112734556,965.4000244140625],[-1.3059227261692286,42.999053886160254,965.2000122070312],[-1.3059774599969387,42.99904391169548,965],[-1.3060522265732288,42.99904324114323,965],[-1.306135542690754,42.999043157324195,964.4000244140625],[-1.3062214571982622,42.99903561361134,963],[-1.3062979001551867,42.99901214428246,961.7999877929688],[-1.306369062513113,42.99897702410817,961],[-1.3064436614513397,42.99894358031452,960.5999755859375],[-1.3065241277217865,42.99890862777829,960.4000244140625],[-1.3065983075648546,42.998875100165606,960],[-1.306693023070693,42.99883763305843,959.5999755859375],[-1.3067717291414738,42.99880360253155,959],[-1.306844986975193,42.99876814708114,958.4000244140625],[-1.3069273810833693,42.99873855896294,958],[-1.307014049962163,42.998718777671456,957.7999877929688],[-1.3070951867848635,42.99868516623974,957.5999755859375],[-1.3071915786713362,42.998642502352595,956.5999755859375],[-1.3072805106639862,42.99860562197864,955.5999755859375],[-1.3073867093771696,42.99857008270919,954.2000122070312],[-1.3074951712042093,42.9985473677516,953.5999755859375],[-1.3076075725257397,42.99853437580168,953.2000122070312],[-1.3077147770673037,42.99851853400469,952.7999877929688],[-1.307821897789836,42.99849355593324,952.4000244140625],[-1.3079364784061909,42.99846824258566,950.7999877929688],[-1.3080389890819788,42.99843362532556,950.4000244140625],[-1.3081380631774664,42.998392302542925,949.4000244140625],[-1.3082274980843067,42.99833874218166,949.2000122070312],[-1.3083111494779587,42.99830756150186,948.5999755859375],[-1.3083845749497414,42.998271686956286,948.2000122070312],[-1.3084604311734438,42.998226676136255,948],[-1.3085320126265287,42.998162135481834,947.2000122070312],[-1.3085983972996473,42.998090386390686,945.5999755859375],[-1.3086728285998106,42.998030204325914,943.4000244140625],[-1.3087497744709253,42.99798008054495,942.5999755859375],[-1.3088314980268478,42.99793900921941,941.7999877929688],[-1.3089097011834383,42.997889555990696,941],[-1.3090064283460379,42.997849490493536,940.4000244140625],[-1.3090733159333467,42.997804060578346,939.7999877929688],[-1.3091257866472006,42.99776114523411,939.4000244140625],[-1.309160403907299,42.997713619843125,938.5999755859375],[-1.3091826159507036,42.997655952349305,937.5999755859375],[-1.3092019781470299,42.997593926265836,936],[-1.3092282973229885,42.997531900182366,935.5999755859375],[-1.3092669378966093,42.99747406505048,935.4000244140625],[-1.309320330619812,42.99742612056434,934.7999877929688],[-1.3093803450465202,42.9973797686398,934.2000122070312],[-1.3094342406839132,42.997337356209755,933.7999877929688],[-1.3094701152294874,42.997296368703246,931.7999877929688],[-1.3094826880842447,42.997258650138974,931.7999877929688],[-1.3094810117036104,42.99721833318472,931.2000122070312],[-1.3094869628548622,42.99717960879207,931],[-1.309515293687582,42.99712931737304,930.4000244140625],[-1.3095767330378294,42.99708070233464,930.2000122070312],[-1.3096445426344872,42.997043654322624,929.5999755859375],[-1.3097105082124472,42.99700333736837,929.4000244140625],[-1.3097678404301405,42.996965451166034,928],[-1.309819221496582,42.99692169763148,927.5999755859375],[-1.309876637533307,42.9968636110425,927.2000122070312],[-1.3099395018070936,42.996818935498595,927],[-1.310012424364686,42.99677258357406,926.5999755859375],[-1.3100773841142654,42.99673235043883,926.4000244140625],[-1.310144942253828,42.99668532796204,925.7999877929688],[-1.3102088123559952,42.996630342677236,925.4000244140625],[-1.3102644681930542,42.9965871758759,924.7999877929688],[-1.3103145081549883,42.996534034609795,924.4000244140625],[-1.3103651348501444,42.99647661857307,924],[-1.3104022666811943,42.99642523750663,923.4000244140625],[-1.3104304298758507,42.996366899460554,923.4000244140625],[-1.310452725738287,42.99631836824119,923.4000244140625],[-1.3104913663119078,42.996267657727,923.2000122070312],[-1.310536377131939,42.99621175043285,923.2000122070312],[-1.3105818070471287,42.996163135394454,922.7999877929688],[-1.310634110122919,42.99612633883953,922.2000122070312],[-1.3106814678758383,42.996073281392455,921.2000122070312],[-1.3107287418097258,42.99601628445089,921],[-1.3107678852975368,42.99595291726291,920.7999877929688],[-1.3108074478805065,42.995890052989125,920.5999755859375],[-1.3108534645289183,42.995831882581115,920.2000122070312],[-1.310903923586011,42.995776729658246,920.2000122070312],[-1.3109546341001987,42.99572920426726,920.2000122070312],[-1.3110020756721497,42.995696095749736,920.2000122070312],[-1.3110382854938507,42.99567321315408,920.2000122070312],[-1.311062928289175,42.99565435387194,920.7999877929688],[-1.3110884930938482,42.99563750624657,921.2000122070312],[-1.3111141417175531,42.995621748268604,921.4000244140625],[-1.3111388683319092,42.99560624174774,921.4000244140625],[-1.3111620862036943,42.99559509381652,921.4000244140625],[-1.3111847173422575,42.99558151513338,921.2000122070312],[-1.311208438128233,42.995568020269275,920.7999877929688],[-1.3112267944961786,42.99555695615709,920.7999877929688],[-1.3112469110637903,42.995550921186805,920.7999877929688],[-1.3112675305455923,42.9955477360636,920.7999877929688],[-1.3112815283238888,42.99553759396076,920.7999877929688],[-1.3112892396748066,42.99552242271602,920.7999877929688],[-1.3112887367606163,42.99549945630133,921.2000122070312],[-1.311287060379982,42.995473304763436,921.5999755859375],[-1.31128940731287,42.99544648267329,921.5999755859375],[-1.3112899102270603,42.99541840329766,921.5999755859375],[-1.3112871441990137,42.995387222617865,921.5999755859375],[-1.311283204704523,42.99535872414708,921.7999877929688],[-1.3112764153629541,42.99533139914274,922],[-1.311269961297512,42.99530013464391,922],[-1.31125763989985,42.99526484683156,922.2000122070312],[-1.311248503625393,42.99523031339049,922.4000244140625],[-1.3112552091479301,42.99520038999617,922.4000244140625],[-1.3112701289355755,42.99517340026796,922.4000244140625],[-1.3113000523298979,42.99515588209033,922.4000244140625],[-1.3113134633749723,42.99513383768499,922.4000244140625],[-1.3113249465823174,42.995111122727394,922.4000244140625],[-1.3113331608474255,42.99508564174175,922.5999755859375],[-1.3113499246537685,42.99506024457514,922.5999755859375],[-1.3113747350871563,42.99503417685628,922.7999877929688],[-1.3114049937576056,42.99501221626997,923.2000122070312],[-1.311433743685484,42.99498941749334,923.7999877929688],[-1.3114656787365675,42.99496628344059,924],[-1.3114927522838116,42.99494901672006,924],[-1.3115287944674492,42.994926888495684,924],[-1.3115700334310532,42.994907945394516,924],[-1.3115700334310532,42.994907945394516,924],[-1.3116545230150223,42.994873160496354,924],[-1.3116969354450703,42.994856061413884,924],[-1.31174236536026,42.99484181217849,924],[-1.3117848616093397,42.99482513219118,924],[-1.311827776953578,42.99480887129903,924],[-1.311882259324193,42.99478556960821,924],[-1.3119204808026552,42.99477224238217,924],[-1.3119686767458916,42.99475422129035,923.5999755859375],[-1.3120183814316988,42.99473620019853,923.2000122070312],[-1.3120689243078232,42.99471801146865,923.2000122070312],[-1.3121179584413767,42.99469764344394,923.2000122070312],[-1.3121744524687529,42.99467199482024,923.2000122070312],[-1.3122109975665808,42.99465514719486,923.2000122070312],[-1.3122545834630728,42.994635282084346,923.2000122070312],[-1.312296325340867,42.994616255164146,923.5999755859375],[-1.312339073047042,42.99459848552942,923.7999877929688],[-1.3123827427625656,42.994579961523414,925.2000122070312],[-1.312433872371912,42.994556073099375,925.4000244140625],[-1.3124672323465347,42.99454014748335,925.5999755859375],[-1.3125129137188196,42.994520366191864,925.7999877929688],[-1.312559600919485,42.9945011716336,926.4000244140625],[-1.3126043602824211,42.99448491074145,927],[-1.312662111595273,42.994466219097376,927],[-1.3127099722623825,42.99445029348135,927],[-1.3127581682056189,42.99443705007434,926.7999877929688],[-1.3128087110817432,42.994424644857645,926.2000122070312],[-1.3128584995865822,42.994411904364824,926],[-1.3129123114049435,42.99440092407167,926],[-1.3129679672420025,42.99439011141658,926],[-1.3130225334316492,42.9943785443902,926],[-1.313067376613617,42.99436856992543,925.7999877929688],[-1.3131223618984222,42.994353817775846,925.7999877929688],[-1.3131873216480017,42.99434023909271,925.7999877929688],[-1.313245240598917,42.99432967789471,925.5999755859375],[-1.3133068475872278,42.994315177202225,925.4000244140625],[-1.3133728131651878,42.994301933795214,925.2000122070312],[-1.3134447298943996,42.99428793601692,925],[-1.313522094860673,42.994274189695716,925],[-1.3136029802262783,42.99425843171775,924.5999755859375],[-1.3136876374483109,42.99424409866333,923.7999877929688],[-1.3137705344706774,42.994225323200226,922.7999877929688],[-1.3138576224446297,42.994208727031946,922.5999755859375],[-1.3139445427805185,42.99419489689171,922.5999755859375],[-1.3140293676406145,42.994178887456656,922.5999755859375],[-1.3141105882823467,42.994159776717424,922.5999755859375],[-1.3141842652112246,42.99413915723562,922.2000122070312],[-1.3142529129981995,42.99411619082093,922],[-1.3143156934529543,42.994090458378196,922.2000122070312],[-1.3143724389374256,42.9940627142787,922.5999755859375],[-1.3144216407090425,42.99403455108404,923],[-1.3144668191671371,42.9940056335181,923.2000122070312],[-1.3145092315971851,42.99397688359022,923.5999755859375],[-1.3145544938743114,42.993947295472026,923.5999755859375],[-1.3145997561514378,42.99391376785934,923.5999755859375],[-1.3146398216485977,42.99387864768505,923.7999877929688],[-1.3146805576980114,42.993845120072365,923.7999877929688],[-1.3147213775664568,42.99381310120225,923.7999877929688],[-1.3147630356252193,42.99378032796085,924],[-1.3148068729788065,42.99375099129975,924],[-1.3148497883230448,42.99371897242963,924.5999755859375],[-1.3148943800479174,42.99368695355952,924.5999755859375],[-1.3149382174015045,42.993654012680054,924.5999755859375],[-1.3149794563651085,42.99362207762897,924.5999755859375],[-1.3150118943303823,42.99359726719558,924.5999755859375],[-1.315060593187809,42.993560303002596,924.4000244140625],[-1.3151025027036667,42.993530966341496,924.4000244140625],[-1.315145082771778,42.99350347369909,924.4000244140625],[-1.3151942007243633,42.993474807590246,924.2000122070312],[-1.3152468390762806,42.993448907509446,924],[-1.3152992259711027,42.99342476762831,924.2000122070312],[-1.3153501879423857,42.993399454280734,924.2000122070312],[-1.3154073525220156,42.99337740987539,924.2000122070312],[-1.315463175997138,42.99335218034685,924.2000122070312],[-1.3155144732445478,42.993324184790254,924.2000122070312],[-1.3155707158148289,42.99329778179526,924.2000122070312],[-1.315627796575427,42.99327112734318,924.2000122070312],[-1.3156832847744226,42.99324438907206,924],[-1.3157372642308474,42.99321781843901,923.5999755859375],[-1.3157920818775892,42.993191331624985,923.2000122070312],[-1.3158482406288385,42.99316576682031,923],[-1.3159045670181513,42.99314045347273,923],[-1.3159630727022886,42.99311497248709,923],[-1.3160232547670603,42.99308999441564,923],[-1.31608285009861,42.99306551925838,923],[-1.3161439541727304,42.993043810129166,923],[-1.3162081595510244,42.99302704632282,923.2000122070312],[-1.3162734545767307,42.993011958897114,923.4000244140625],[-1.3163410127162933,42.992998296394944,923.4000244140625],[-1.3164125941693783,42.99298597499728,923.4000244140625],[-1.316482750698924,42.99297356978059,923.4000244140625],[-1.3165526557713747,42.99296141602099,923.4000244140625],[-1.3166231475770473,42.9929506033659,923.4000244140625],[-1.3166922144591808,42.99293979071081,923.4000244140625],[-1.316764298826456,42.99293073825538,923.4000244140625],[-1.3168392330408096,42.992922607809305,923.4000244140625],[-1.3169088866561651,42.99291514791548,923.2000122070312],[-1.3169762771576643,42.992907017469406,923.2000122070312],[-1.3170410692691803,42.99289947375655,923.2000122070312],[-1.3171017542481422,42.99289201386273,922.7999877929688],[-1.3171596731990576,42.99288438633084,922.4000244140625],[-1.3172173406928778,42.99287583678961,922.4000244140625],[-1.3172756787389517,42.992861503735185,922.4000244140625],[-1.3173346873372793,42.99284482374787,922.4000244140625],[-1.3173941988497972,42.99282948486507,922.4000244140625],[-1.31745345890522,42.99281230196357,922.4000244140625],[-1.3175122160464525,42.99279252067208,922.4000244140625],[-1.3175605796277523,42.9927759245038,922.2000122070312],[-1.3176362682133913,42.992753544822335,921.5999755859375],[-1.3176996354013681,42.99273770302534,921],[-1.3177636731415987,42.99272588454187,920.7999877929688],[-1.3178263697773218,42.99271892756224,920.5999755859375],[-1.3178863003849983,42.99271775409579,920.4000244140625],[-1.317944722250104,42.99272043630481,920.4000244140625],[-1.3180016353726387,42.99272638745606,920.2000122070312],[-1.3180505018681288,42.992730075493455,920],[-1.3181168865412474,42.99273577518761,919.7999877929688],[-1.3181974366307259,42.99274147488177,919.5999755859375],[-1.3182681798934937,42.99274549819529,919.4000244140625],[-1.3183425273746252,42.99274927005172,918.7999877929688],[-1.3184180483222008,42.99275488592684,918.4000244140625],[-1.318494575098157,42.99276142381132,917],[-1.3185727782547474,42.99276754260063,916.2000122070312],[-1.318655340000987,42.99277315847576,916],[-1.3187411706894636,42.9927796125412,915.7999877929688],[-1.318828258663416,42.99278765916824,915.5999755859375],[-1.318913921713829,42.992795035243034,915.5999755859375],[-1.3190032728016376,42.992800902575254,915.4000244140625],[-1.3190959766507149,42.992806853726506,915],[-1.3191916141659021,42.992815151810646,913.7999877929688],[-1.319292113184929,42.992823868989944,912.4000244140625],[-1.3193984795361757,42.992834094911814,912],[-1.319506773725152,42.99284406937659,911.4000244140625],[-1.319616911932826,42.99285504966974,911],[-1.3197060953825712,42.99286309629679,910.7999877929688],[-1.319844564422965,42.99287390895188,910.4000244140625],[-1.3199608214199543,42.99288371577859,909.4000244140625],[-1.3200764078646898,42.992895366624,909],[-1.320187384262681,42.99290634691715,908.5999755859375],[-1.3202947564423084,42.99291707575321,908.4000244140625],[-1.3204008713364601,42.99292738549411,907.7999877929688],[-1.320502795279026,42.99293752759695,907.5999755859375],[-1.3205804117023945,42.992945993319154,907.5999755859375],[-1.3206928130239248,42.99295655451715,907.5999755859375],[-1.3207856845110655,42.99296426586807,907.7999877929688],[-1.3208762928843498,42.99297164194286,908.5999755859375],[-1.3209642190486193,42.99297859892249,908.7999877929688],[-1.3210483733564615,42.99298538826406,908.7999877929688],[-1.3211211282759905,42.993004163727164,908.7999877929688],[-1.3211914524435997,42.99303459003568,908.4000244140625],[-1.3212535623461008,42.993069794029,908.2000122070312],[-1.3213101401925087,42.993107261136174,907.2000122070312],[-1.3213596772402525,42.993144476786256,906.7999877929688],[-1.3214088790118694,42.99318085424602,906.4000244140625],[-1.3214559853076935,42.99321748316288,906.2000122070312],[-1.3215077016502619,42.99325310625136,906],[-1.3215621840208769,42.99328587949276,905.7999877929688],[-1.3216153252869844,42.993319407105446,905.5999755859375],[-1.3216669578105211,42.99334983341396,905.5999755859375],[-1.3217243738472462,42.99337824806571,905.4000244140625],[-1.321783885359764,42.993408087641,905],[-1.3218480069190264,42.99343524500728,904.7999877929688],[-1.3219162356108427,42.99346114508808,904.7999877929688],[-1.3219893258064985,42.993488889187574,905],[-1.322065433487296,42.99351898021996,904.7999877929688],[-1.3221415411680937,42.993548149243,904.7999877929688],[-1.3222196605056524,42.99358008429408,905],[-1.3223000429570675,42.99360975623131,905],[-1.3223806768655777,42.99363540485501,904.7999877929688],[-1.3224632386118174,42.993655605241656,904.7999877929688],[-1.3225498236715794,42.99366272985935,904.5999755859375],[-1.3226400129497051,42.99365283921361,904],[-1.3227274361997843,42.99362593330443,903.5999755859375],[-1.3228016160428524,42.99358494579792,903],[-1.3228611275553703,42.993535408750176,902.4000244140625],[-1.322905970737338,42.993477741256356,901.4000244140625],[-1.3229459524154663,42.99341630190611,901.2000122070312],[-1.3229756243526936,42.993367183953524,900.7999877929688],[-1.323017030954361,42.99330784007907,900.4000244140625],[-1.3230677414685488,42.99324790947139,899.7999877929688],[-1.3231264147907495,42.99319108016789,899],[-1.3232066296041012,42.993128802627325,897.4000244140625],[-1.3232839107513428,42.993085803464055,896.7999877929688],[-1.3233653828501701,42.99304934218526,896.4000244140625],[-1.3234468549489975,42.99301631748676,896.2000122070312],[-1.3235272374004126,42.99298161640763,896.2000122070312],[-1.323606949299574,42.992947585880756,896],[-1.3236871641129255,42.99291456118226,895.7999877929688],[-1.3237679656594992,42.99288338050246,895.7999877929688],[-1.3238487672060728,42.99285555258393,895.7999877929688],[-1.323929401114583,42.99282747320831,895.7999877929688],[-1.3240064308047295,42.9927952028811,896],[-1.3240832090377808,42.9927640222013,896],[-1.3241616636514664,42.99273535609245,896.2000122070312],[-1.3242446444928646,42.99271130003035,896],[-1.3243275415152311,42.992689507082105,896],[-1.3244027271866798,42.992661679163575,896],[-1.3244660943746567,42.99262588843703,896],[-1.324518984183669,42.992583559826016,896],[-1.3245622348040342,42.99253678880632,896],[-1.3245974387973547,42.99248456954956,896],[-1.3246282003819942,42.99242874607444,896.2000122070312],[-1.3246598839759827,42.992370994761586,896.2000122070312],[-1.324694836512208,42.99231735058129,896.2000122070312],[-1.3247301243245602,42.99226462841034,896.2000122070312],[-1.3247737940400839,42.99221274442971,895],[-1.3248235825449228,42.99216161482036,894.7999877929688],[-1.3248832616955042,42.992117777466774,894.7999877929688],[-1.3249505683779716,42.9920819029212,894.5999755859375],[-1.325024999678135,42.99205348826945,894.5999755859375],[-1.3251041248440742,42.99202976748347,894.5999755859375],[-1.3251833338290453,42.99200872890651,894.5999755859375],[-1.3252631295472383,42.991989785805345,894.5999755859375],[-1.3253440987318754,42.99197285436094,893.4000244140625],[-1.325421966612339,42.99195625819266,892.5999755859375],[-1.325500002130866,42.99193982966244,892.5999755859375],[-1.3255756068974733,42.99192214384675,892.5999755859375],[-1.3256523851305246,42.9919058829546,892.5999755859375],[-1.325730001553893,42.99189046025276,892.7999877929688],[-1.3258071150630713,42.9918747022748,892.5999755859375],[-1.3258804567158222,42.99185701645911,892.5999755859375],[-1.3259501103311777,42.99184142611921,893],[-1.326021272689104,42.991823740303516,893],[-1.326091680675745,42.99180923961103,893.2000122070312],[-1.326160915195942,42.99179415218532,893.2000122070312],[-1.3262322451919317,42.99177537672222,893.4000244140625],[-1.3262982945889235,42.991756265982985,893.4000244140625],[-1.3263677805662155,42.99173740670085,893.5999755859375],[-1.3264363445341587,42.99172064289451,893.5999755859375],[-1.3265047408640385,42.99170287325978,893.5999755859375],[-1.3265752326697111,42.99168619327247,893.5999755859375],[-1.32664505392313,42.991672698408365,893.7999877929688],[-1.326712528243661,42.99166163429618,894],[-1.3267807569354773,42.99165040254593,894],[-1.3268517516553402,42.991640008985996,894],[-1.326909502968192,42.99163271673024,894.2000122070312],[-1.3269986864179373,42.991629699245095,894.2000122070312],[-1.327071776613593,42.991630621254444,894.2000122070312],[-1.3271430227905512,42.99163623712957,894.2000122070312],[-1.3272130116820335,42.99164621159434,894.2000122070312],[-1.3272789772599936,42.99166817218065,894],[-1.3273229822516441,42.99169532954693,893.7999877929688],[-1.3273711781948805,42.99174754880369,893.5999755859375],[-1.3273955695331097,42.99179809167981,893.4000244140625],[-1.3274114113301039,42.99183857627213,893.4000244140625],[-1.3274286780506372,42.9919024463743,893.4000244140625],[-1.3274459447711706,42.99195374362171,893.5999755859375],[-1.3274641335010529,42.99200613051653,894],[-1.3274822384119034,42.992058265954256,894],[-1.3274979963898659,42.99211157485843,894.2000122070312],[-1.327513586729765,42.99216345883906,894.2000122070312],[-1.3275295961648226,42.99221542663872,894.2000122070312],[-1.3275454379618168,42.992267813533545,894.2000122070312],[-1.3275629561394453,42.992317182943225,894.4000244140625],[-1.3275822345167398,42.992364037781954,894.4000244140625],[-1.3276041951030493,42.99241114407778,894.4000244140625],[-1.327626071870327,42.992459926754236,894.4000244140625],[-1.32765113376081,42.99250694923103,894.5999755859375],[-1.3276741001755,42.99255405552685,894.5999755859375],[-1.3277081307023764,42.99260141327977,894.5999755859375],[-1.3277464359998703,42.99264592118561,894.7999877929688],[-1.3277900218963623,42.992688082158566,894.7999877929688],[-1.3278372958302498,42.99272730946541,894.7999877929688],[-1.3278901856392622,42.99276159144938,895],[-1.327945925295353,42.99279126338661,895.2000122070312],[-1.3280070293694735,42.99281540326774,895.2000122070312],[-1.328073162585497,42.992831245064735,895.2000122070312],[-1.3281413912773132,42.992835603654385,895.2000122070312],[-1.3282096199691296,42.99283250235021,895.4000244140625],[-1.3282715622335672,42.99282621592283,895.5999755859375],[-1.3283345941454172,42.99281288869679,895.5999755859375],[-1.3283844664692879,42.99279922619462,895.5999755859375],[-1.328460993245244,42.99277869053185,895.7999877929688],[-1.3285254500806332,42.992760920897126,895.7999877929688],[-1.3285900745540857,42.99274097196758,896],[-1.3286519329994917,42.99272010102868,896],[-1.328712534159422,42.992697888985276,896],[-1.328775566071272,42.99267265945673,896],[-1.3288375083357096,42.99264617264271,895.7999877929688],[-1.328899785876274,42.99262002110481,895.7999877929688],[-1.3289618119597435,42.99259261228144,895.7999877929688],[-1.3290214911103249,42.992562018334866,895.7999877929688],[-1.329082092270255,42.99253385514021,895.7999877929688],[-1.329142777249217,42.99250309355557,896],[-1.3292031269520521,42.99247291870415,896],[-1.3292636442929506,42.99244249239564,896.2000122070312],[-1.329323323443532,42.99241608940065,896.4000244140625],[-1.3293868582695723,42.99239127896726,896.4000244140625],[-1.3294520694762468,42.992367474362254,896.5999755859375],[-1.3295186217874289,42.99234341830015,896.5999755859375],[-1.3295847550034523,42.9923202842474,896.5999755859375],[-1.3296504691243172,42.99229790456593,896.5999755859375],[-1.329717105254531,42.992276111617684,896.4000244140625],[-1.3297839928418398,42.99225389957428,896.4000244140625],[-1.3298497907817364,42.9922322742641,896.2000122070312],[-1.3299154210835695,42.992210732772946,896.2000122070312],[-1.3299816381186247,42.992191622033715,896.4000244140625],[-1.3300491962581873,42.992174020037055,896.2000122070312],[-1.330116167664528,42.99215767532587,896.2000122070312],[-1.3301811274141073,42.99214652739465,896.2000122070312],[-1.3302453327924013,42.9921371396631,896],[-1.3303129747509956,42.99212825484574,896],[-1.3303769286721945,42.99211869947612,895.7999877929688],[-1.3304419722408056,42.992106545716524,895.5999755859375],[-1.3305073510855436,42.9920922126621,895.4000244140625],[-1.3305735681205988,42.99207150936127,895.2000122070312],[-1.330626206472516,42.992049381136894,894.7999877929688],[-1.3306962791830301,42.99200277775526,894.5999755859375],[-1.3307494204491377,42.991958018392324,894.5999755859375],[-1.330789066851139,42.991920970380306,894.5999755859375],[-1.3308374304324389,42.99187587574124,894.4000244140625],[-1.330893924459815,42.99182097427547,894.4000244140625],[-1.3309415336698294,42.99177587963641,894.4000244140625],[-1.330982856452465,42.99174101091921,894],[-1.3310343213379383,42.99169750884175,893.7999877929688],[-1.3310934975743294,42.99164461903274,893.5999755859375],[-1.3311423640698195,42.99160145223141,893.5999755859375],[-1.3311945833265781,42.99156012944877,893.5999755859375],[-1.331245880573988,42.99151847139001,893.4000244140625],[-1.3313005305826664,42.99147949554026,893.4000244140625],[-1.3313549291342497,42.99143976531923,893.4000244140625],[-1.3314095791429281,42.99140020273626,893.4000244140625],[-1.3314643129706383,42.99135963432491,893.4000244140625],[-1.331507982686162,42.9913271125406,893.5999755859375],[-1.33157042786479,42.99127941951156,893.4000244140625],[-1.3316194619983435,42.99123952165246,893.5999755859375],[-1.331660533323884,42.991210436448455,894],[-1.3317225594073534,42.99116584472358,894],[-1.3317741081118584,42.991128796711564,894],[-1.3318184483796358,42.99109820276499,893.4000244140625],[-1.3318835757672787,42.99105185084045,892.4000244140625],[-1.3319383095949888,42.99101379700005,892.4000244140625],[-1.3319928757846355,42.9909750726074,892.4000244140625],[-1.3320491183549166,42.990937270224094,892.2000122070312],[-1.3321056123822927,42.99089904874563,892.4000244140625],[-1.332160932943225,42.990860575810075,892.4000244140625],[-1.3322173431515694,42.99082377925515,892.4000244140625],[-1.3322735857218504,42.99078404903412,892.4000244140625],[-1.332329660654068,42.99074314534664,892.7999877929688],[-1.3323741685599089,42.99070886336267,892.5999755859375],[-1.3324301596730947,42.99066846258938,892.5999755859375],[-1.3324841391295195,42.990629905834794,892.4000244140625],[-1.3325522001832724,42.990586403757334,892.4000244140625],[-1.332596456632018,42.990558072924614,892.2000122070312],[-1.3326608296483755,42.99051498994231,891.7999877929688],[-1.332701062783599,42.990484898909926,891.5999755859375],[-1.3327615801244974,42.990439888089895,891.5999755859375],[-1.3328099437057972,42.99040208570659,891.5999755859375],[-1.3328613247722387,42.99036864191294,891.5999755859375],[-1.3329119514673948,42.9903360363096,891.7999877929688],[-1.3329509273171425,42.990308376029134,892],[-1.3329974468797445,42.99027652479708,892],[-1.3330502528697252,42.990240985527635,892],[-1.3330935034900904,42.99021449871361,892],[-1.333125103265047,42.990180468186736,892],[-1.3331412803381681,42.99014249816537,891.4000244140625],[-1.3331349939107895,42.990099247545004,891],[-1.3331163860857487,42.99006496556103,891],[-1.333076236769557,42.990016769617796,890.7999877929688],[-1.3330433797091246,42.9899718426168,890.7999877929688],[-1.3330221734941006,42.98991769552231,890.7999877929688],[-1.3330213353037834,42.98986346460879,890.7999877929688],[-1.333041787147522,42.98981317318976,890.7999877929688],[-1.3330740574747324,42.98976732417941,890.5999755859375],[-1.3331109378486872,42.98972038552165,890.4000244140625],[-1.3331440463662148,42.98966699279845,890],[-1.3331783283501863,42.98961477354169,889.7999877929688],[-1.3332059048116207,42.989573031663895,889.5999755859375],[-1.3332387618720531,42.98952089622617,889.4000244140625],[-1.3332804199308157,42.98945928923786,889.4000244140625],[-1.3333151210099459,42.98941092565656,889.2000122070312],[-1.3333401829004288,42.98937337473035,889],[-1.3333658315241337,42.98932735808194,889],[-1.333392234519124,42.989273965358734,888.7999877929688],[-1.3334148656576872,42.989232391119,888.7999877929688],[-1.3334365747869015,42.98919266089797,888.7999877929688],[-1.3334541767835617,42.98916080966592,888.7999877929688],[-1.3334851898252964,42.989115715026855,888.7999877929688],[-1.3335084915161133,42.98907984048128,888.5999755859375],[-1.3335367385298014,42.98904455266893,888.4000244140625],[-1.333576301112771,42.98902410082519,888.4000244140625],[-1.3336205575615168,42.98901739530265,888.4000244140625],[-1.3336618803441525,42.98902066424489,888.4000244140625],[-1.3337005209177732,42.98902611248195,888.4000244140625],[-1.3337368983775377,42.989029716700315,888.5999755859375],[-1.3337700068950653,42.98902946524322,888.7999877929688],[-1.3337974157184362,42.98902569338679,888.7999877929688]]]},"properties":{"name":"Fabrica Armas de Orbaitzeta desde Burguete por Argalain y senderos hasta Ar","type":"e_bike_fitness"}}
]}
