<?xml version="1.0" encoding="UTF-8"?><gpx version="1.1" creator="Garmin Explore App" xmlns="http://www.topografix.com/GPX/1/1" xmlns:adv="http://www.garmin.com/xmlschemas/AdventuresExtensions/v1" xmlns:gpxtpx="http://www.garmin.com/xmlschemas/TrackPointExtension/v1" xmlns:gpxtrx="http://www.garmin.com/xmlschemas/GpxExtensions/v3" xmlns:gpxx="http://www.garmin.com/xmlschemas/GpxExtensions/v3" xmlns:trp="http://www.garmin.com/xmlschemas/TripExtensions/v1" xmlns:wptx1="http://www.garmin.com/xmlschemas/WaypointExtension/v1" xmlns:xsi="http://www.w3.org/2001/XMLSchema-instance" xsi:schemaLocation="http://www.topografix.com/GPX/1/1 http://www.topografix.com/GPX/1/1/gpx.xsd http://www.garmin.com/xmlschemas/WaypointExtension/v1 http://www8.garmin.com/xmlschemas/WaypointExtensionv1.xsd http://www.garmin.com/xmlschemas/TrackPointExtension/v1 http://www.garmin.com/xmlschemas/TrackPointExtensionv1.xsd http://www.garmin.com/xmlschemas/GpxExtensions/v3 http://www8.garmin.com/xmlschemas/GpxExtensionsv3.xsd http://www.garmin.com/xmlschemas/ActivityExtension/v1 http://www8.garmin.com/xmlschemas/ActivityExtensionv1.xsd http://www.garmin.com/xmlschemas/AdventuresExtensions/v1 http://www8.garmin.com/xmlschemas/AdventuresExtensionv1.xsd http://www.garmin.com/xmlschemas/PressureExtension/v1 http://www.garmin.com/xmlschemas/PressureExtensionv1.xsd"><metadata><name>Urkulu desde Burguete en eBike.gpx</name><link href="http://www.garmin.com"><text>Garmin International</text></link><time>2026-08-22T18:22:46.449Z</time></metadata><trk><name>Urkulu desde Burguete en eBike</name><extensions><gpxx:TrackExtension xmlns:gpxx="http://www.garmin.com/xmlschemas/GpxExtensions/v3"><gpxx:DisplayColor>Magenta</gpxx:DisplayColor></gpxx:TrackExtension></extensions><trkseg><trkpt lat="42.99084180034697" lon="-1.3347506057471037"><ele>886.5999755859375</ele><time>2026-08-11T06:10:40.000Z</time><extensions/></trkpt><trkpt lat="42.990841884166" lon="-1.3347507733851671"><ele>886.5999755859375</ele><time>2026-08-11T06:10:41.000Z</time><extensions/></trkpt><trkpt lat="42.990808775648475" lon="-1.3347405474632978"><ele>886.5999755859375</ele><time>2026-08-11T06:10:47.000Z</time><extensions/></trkpt><trkpt lat="42.99080307595432" lon="-1.3346584886312485"><ele>886.800048828125</ele><time>2026-08-11T06:10:51.000Z</time><extensions/></trkpt><trkpt lat="42.99089586362243" lon="-1.3344879169017076"><ele>886.4000244140625</ele><time>2026-08-11T06:10:56.000Z</time><extensions/></trkpt><trkpt lat="42.990967528894544" lon="-1.3343469332903624"><ele>886.0</ele><time>2026-08-11T06:10:59.000Z</time><extensions/></trkpt><trkpt lat="42.991014970466495" lon="-1.3342458475381136"><ele>885.800048828125</ele><time>2026-08-11T06:11:01.000Z</time><extensions/></trkpt><trkpt lat="42.99106249585748" lon="-1.3341298419982195"><ele>885.5999755859375</ele><time>2026-08-11T06:11:03.000Z</time><extensions/></trkpt><trkpt lat="42.99119107425213" lon="-1.333770090714097"><ele>885.0</ele><time>2026-08-11T06:11:09.000Z</time><extensions/></trkpt><trkpt lat="42.99132585525513" lon="-1.333471778780222"><ele>885.199951171875</ele><time>2026-08-11T06:11:14.000Z</time><extensions/></trkpt><trkpt lat="42.99146977253258" lon="-1.333166090771556"><ele>884.4000244140625</ele><time>2026-08-11T06:11:19.000Z</time><extensions/></trkpt><trkpt lat="42.99163489602506" lon="-1.3327975384891033"><ele>884.4000244140625</ele><time>2026-08-11T06:11:25.000Z</time><extensions/></trkpt><trkpt lat="42.99166113138199" lon="-1.3327382784336805"><ele>884.4000244140625</ele><time>2026-08-11T06:11:26.000Z</time><extensions/></trkpt><trkpt lat="42.991916025057435" lon="-1.332126734778285"><ele>884.0</ele><time>2026-08-11T06:11:36.000Z</time><extensions/></trkpt><trkpt lat="42.9919904563576" lon="-1.3319331966340542"><ele>884.0</ele><time>2026-08-11T06:11:39.000Z</time><extensions/></trkpt><trkpt lat="42.99212582409382" lon="-1.3316183723509312"><ele>884.5999755859375</ele><time>2026-08-11T06:11:44.000Z</time><extensions/></trkpt><trkpt lat="42.99223344773054" lon="-1.3313835114240646"><ele>885.5999755859375</ele><time>2026-08-11T06:11:48.000Z</time><extensions/></trkpt><trkpt lat="42.992342580109835" lon="-1.3311685156077147"><ele>886.800048828125</ele><time>2026-08-11T06:11:52.000Z</time><extensions/></trkpt><trkpt lat="42.99243503250182" lon="-1.3310210779309273"><ele>887.5999755859375</ele><time>2026-08-11T06:11:55.000Z</time><extensions/></trkpt><trkpt lat="42.99250761978328" lon="-1.3309368398040533"><ele>888.0</ele><time>2026-08-11T06:11:57.000Z</time><extensions/></trkpt><trkpt lat="42.992545338347554" lon="-1.3308985345065594"><ele>888.0</ele><time>2026-08-11T06:11:58.000Z</time><extensions/></trkpt><trkpt lat="42.992767207324505" lon="-1.3306712172925472"><ele>889.0</ele><time>2026-08-11T06:12:04.000Z</time><extensions/></trkpt><trkpt lat="42.99287801608443" lon="-1.3305585645139217"><ele>889.199951171875</ele><time>2026-08-11T06:12:07.000Z</time><extensions/></trkpt><trkpt lat="42.99291590228677" lon="-1.3305203430354595"><ele>889.4000244140625</ele><time>2026-08-11T06:12:08.000Z</time><extensions/></trkpt><trkpt lat="42.99307230859995" lon="-1.330367960035801"><ele>890.199951171875</ele><time>2026-08-11T06:12:12.000Z</time><extensions/></trkpt><trkpt lat="42.993264086544514" lon="-1.330182133242488"><ele>891.199951171875</ele><time>2026-08-11T06:12:17.000Z</time><extensions/></trkpt><trkpt lat="42.99330071546137" lon="-1.3301452528685331"><ele>891.4000244140625</ele><time>2026-08-11T06:12:18.000Z</time><extensions/></trkpt><trkpt lat="42.993447817862034" lon="-1.3299999106675386"><ele>892.199951171875</ele><time>2026-08-11T06:12:22.000Z</time><extensions/></trkpt><trkpt lat="42.9935965128243" lon="-1.3298532273620367"><ele>892.800048828125</ele><time>2026-08-11T06:12:26.000Z</time><extensions/></trkpt><trkpt lat="42.99366650171578" lon="-1.3297903630882502"><ele>892.800048828125</ele><time>2026-08-11T06:12:28.000Z</time><extensions/></trkpt><trkpt lat="42.99375551752746" lon="-1.329774186015129"><ele>893.0</ele><time>2026-08-11T06:12:30.000Z</time><extensions/></trkpt><trkpt lat="42.99379952251911" lon="-1.3297805562615395"><ele>893.199951171875</ele><time>2026-08-11T06:12:31.000Z</time><extensions/></trkpt><trkpt lat="42.99384595826268" lon="-1.3297787122428417"><ele>893.199951171875</ele><time>2026-08-11T06:12:32.000Z</time><extensions/></trkpt><trkpt lat="42.99392759799957" lon="-1.3297404907643795"><ele>893.5999755859375</ele><time>2026-08-11T06:12:34.000Z</time><extensions/></trkpt><trkpt lat="42.99396204762161" lon="-1.3297114055603743"><ele>893.800048828125</ele><time>2026-08-11T06:12:35.000Z</time><extensions/></trkpt><trkpt lat="42.99410814419389" lon="-1.329642003402114"><ele>894.4000244140625</ele><time>2026-08-11T06:12:39.000Z</time><extensions/></trkpt><trkpt lat="42.99415030516684" lon="-1.329657007008791"><ele>894.4000244140625</ele><time>2026-08-11T06:12:40.000Z</time><extensions/></trkpt><trkpt lat="42.99419372342527" lon="-1.3296856731176376"><ele>894.4000244140625</ele><time>2026-08-11T06:12:41.000Z</time><extensions/></trkpt><trkpt lat="42.99426614306867" lon="-1.3297619484364986"><ele>894.4000244140625</ele><time>2026-08-11T06:12:43.000Z</time><extensions/></trkpt><trkpt lat="42.994304951280355" lon="-1.3297989126294851"><ele>894.5999755859375</ele><time>2026-08-11T06:12:44.000Z</time><extensions/></trkpt><trkpt lat="42.99434769898653" lon="-1.329822801053524"><ele>894.5999755859375</ele><time>2026-08-11T06:12:45.000Z</time><extensions/></trkpt><trkpt lat="42.9944805521518" lon="-1.329862866550684"><ele>894.5999755859375</ele><time>2026-08-11T06:12:48.000Z</time><extensions/></trkpt><trkpt lat="42.994863856583834" lon="-1.3299764413386583"><ele>894.4000244140625</ele><time>2026-08-11T06:12:56.000Z</time><extensions/></trkpt><trkpt lat="42.995186476036906" lon="-1.3300644513219595"><ele>893.199951171875</ele><time>2026-08-11T06:13:02.000Z</time><extensions/></trkpt><trkpt lat="42.995304157957435" lon="-1.3301000744104385"><ele>892.5999755859375</ele><time>2026-08-11T06:13:04.000Z</time><extensions/></trkpt><trkpt lat="42.995364256203175" lon="-1.330117592588067"><ele>892.199951171875</ele><time>2026-08-11T06:13:05.000Z</time><extensions/></trkpt><trkpt lat="42.99584973603487" lon="-1.3302439916878939"><ele>891.800048828125</ele><time>2026-08-11T06:13:13.000Z</time><extensions/></trkpt><trkpt lat="42.99602550454438" lon="-1.3302921876311302"><ele>892.199951171875</ele><time>2026-08-11T06:13:16.000Z</time><extensions/></trkpt><trkpt lat="42.99628224223852" lon="-1.3303584046661854"><ele>893.199951171875</ele><time>2026-08-11T06:13:21.000Z</time><extensions/></trkpt><trkpt lat="42.996328845620155" lon="-1.330368798226118"><ele>893.4000244140625</ele><time>2026-08-11T06:13:22.000Z</time><extensions/></trkpt><trkpt lat="42.99650503322482" lon="-1.3303855620324612"><ele>894.199951171875</ele><time>2026-08-11T06:13:26.000Z</time><extensions/></trkpt><trkpt lat="42.99654124304652" lon="-1.330359997227788"><ele>894.4000244140625</ele><time>2026-08-11T06:13:27.000Z</time><extensions/></trkpt><trkpt lat="42.996565299108624" lon="-1.330318171530962"><ele>894.5999755859375</ele><time>2026-08-11T06:13:28.000Z</time><extensions/></trkpt><trkpt lat="42.996627828106284" lon="-1.330198310315609"><ele>895.199951171875</ele><time>2026-08-11T06:13:31.000Z</time><extensions/></trkpt><trkpt lat="42.99668189138174" lon="-1.3300603441894054"><ele>895.800048828125</ele><time>2026-08-11T06:13:34.000Z</time><extensions/></trkpt><trkpt lat="42.996733440086246" lon="-1.3299455121159554"><ele>896.4000244140625</ele><time>2026-08-11T06:13:37.000Z</time><extensions/></trkpt><trkpt lat="42.996764201670885" lon="-1.3298741821199656"><ele>896.800048828125</ele><time>2026-08-11T06:13:39.000Z</time><extensions/></trkpt><trkpt lat="42.996800914406776" lon="-1.3297996670007706"><ele>897.199951171875</ele><time>2026-08-11T06:13:41.000Z</time><extensions/></trkpt><trkpt lat="42.99691733904183" lon="-1.329524153843522"><ele>897.800048828125</ele><time>2026-08-11T06:13:47.000Z</time><extensions/></trkpt><trkpt lat="42.99693494103849" lon="-1.3294767960906029"><ele>898.0</ele><time>2026-08-11T06:13:48.000Z</time><extensions/></trkpt><trkpt lat="42.9970639385283" lon="-1.3292336370795965"><ele>899.0</ele><time>2026-08-11T06:13:54.000Z</time><extensions/></trkpt><trkpt lat="42.99717960879207" lon="-1.328940438106656"><ele>900.199951171875</ele><time>2026-08-11T06:14:01.000Z</time><extensions/></trkpt><trkpt lat="42.99728480167687" lon="-1.3286884780973196"><ele>901.199951171875</ele><time>2026-08-11T06:14:07.000Z</time><extensions/></trkpt><trkpt lat="42.99746559932828" lon="-1.3285129610449076"><ele>902.0</ele><time>2026-08-11T06:14:13.000Z</time><extensions/></trkpt><trkpt lat="42.99752318300307" lon="-1.3284534495323896"><ele>902.4000244140625</ele><time>2026-08-11T06:14:15.000Z</time><extensions/></trkpt><trkpt lat="42.99765553325415" lon="-1.3283453229814768"><ele>902.5999755859375</ele><time>2026-08-11T06:14:19.000Z</time><extensions/></trkpt><trkpt lat="42.99785342998803" lon="-1.3281797803938389"><ele>903.0</ele><time>2026-08-11T06:14:25.000Z</time><extensions/></trkpt><trkpt lat="42.997882599011064" lon="-1.328162346035242"><ele>903.0</ele><time>2026-08-11T06:14:26.000Z</time><extensions/></trkpt><trkpt lat="42.99792878329754" lon="-1.328147342428565"><ele>903.0</ele><time>2026-08-11T06:14:27.000Z</time><extensions/></trkpt><trkpt lat="42.998015116900206" lon="-1.3281017448753119"><ele>903.0</ele><time>2026-08-11T06:14:29.000Z</time><extensions/></trkpt><trkpt lat="42.99828845076263" lon="-1.3279577437788248"><ele>903.5999755859375</ele><time>2026-08-11T06:14:36.000Z</time><extensions/></trkpt><trkpt lat="42.99839833751321" lon="-1.3279012497514486"><ele>904.0</ele><time>2026-08-11T06:14:39.000Z</time><extensions/></trkpt><trkpt lat="42.99854317680001" lon="-1.32782899774611"><ele>904.4000244140625</ele><time>2026-08-11T06:14:43.000Z</time><extensions/></trkpt><trkpt lat="42.99875054508448" lon="-1.3277065381407738"><ele>905.0</ele><time>2026-08-11T06:14:49.000Z</time><extensions/></trkpt><trkpt lat="42.99895246513188" lon="-1.3276303466409445"><ele>905.5999755859375</ele><time>2026-08-11T06:14:55.000Z</time><extensions/></trkpt><trkpt lat="42.99913527444005" lon="-1.3275926280766726"><ele>906.199951171875</ele><time>2026-08-11T06:15:00.000Z</time><extensions/></trkpt><trkpt lat="42.99916788004339" lon="-1.3275855872780085"><ele>906.4000244140625</ele><time>2026-08-11T06:15:01.000Z</time><extensions/></trkpt><trkpt lat="42.99933015368879" lon="-1.3275013491511345"><ele>907.199951171875</ele><time>2026-08-11T06:15:06.000Z</time><extensions/></trkpt><trkpt lat="42.999368123710155" lon="-1.3274961523711681"><ele>907.199951171875</ele><time>2026-08-11T06:15:07.000Z</time><extensions/></trkpt><trkpt lat="42.99948253668845" lon="-1.3275111559778452"><ele>907.4000244140625</ele><time>2026-08-11T06:15:10.000Z</time><extensions/></trkpt><trkpt lat="42.99973466433585" lon="-1.3274795562028885"><ele>906.5999755859375</ele><time>2026-08-11T06:15:16.000Z</time><extensions/></trkpt><trkpt lat="42.999826446175575" lon="-1.3274401612579823"><ele>906.199951171875</ele><time>2026-08-11T06:15:18.000Z</time><extensions/></trkpt><trkpt lat="42.99991898238659" lon="-1.327372519299388"><ele>905.800048828125</ele><time>2026-08-11T06:15:20.000Z</time><extensions/></trkpt><trkpt lat="43.00001143477857" lon="-1.3272990100085735"><ele>905.4000244140625</ele><time>2026-08-11T06:15:22.000Z</time><extensions/></trkpt><trkpt lat="43.00006759352982" lon="-1.3271963316947222"><ele>905.4000244140625</ele><time>2026-08-11T06:15:24.000Z</time><extensions/></trkpt><trkpt lat="43.00018468871713" lon="-1.3268938288092613"><ele>906.4000244140625</ele><time>2026-08-11T06:15:30.000Z</time><extensions/></trkpt><trkpt lat="43.00029776059091" lon="-1.3266393542289734"><ele>907.199951171875</ele><time>2026-08-11T06:15:35.000Z</time><extensions/></trkpt><trkpt lat="43.000315111130476" lon="-1.326592918485403"><ele>907.4000244140625</ele><time>2026-08-11T06:15:36.000Z</time><extensions/></trkpt><trkpt lat="43.00034520216286" lon="-1.3265023939311504"><ele>907.800048828125</ele><time>2026-08-11T06:15:38.000Z</time><extensions/></trkpt><trkpt lat="43.00039356574416" lon="-1.3263557944446802"><ele>908.4000244140625</ele><time>2026-08-11T06:15:41.000Z</time><extensions/></trkpt><trkpt lat="43.00051175057888" lon="-1.3261470012366772"><ele>909.0</ele><time>2026-08-11T06:15:46.000Z</time><extensions/></trkpt><trkpt lat="43.00069305114448" lon="-1.3258461747318506"><ele>909.4000244140625</ele><time>2026-08-11T06:15:53.000Z</time><extensions/></trkpt><trkpt lat="43.000851552933455" lon="-1.3255873415619135"><ele>909.4000244140625</ele><time>2026-08-11T06:15:59.000Z</time><extensions/></trkpt><trkpt lat="43.000875944271684" lon="-1.3255431689321995"><ele>909.5999755859375</ele><time>2026-08-11T06:16:00.000Z</time><extensions/></trkpt><trkpt lat="43.001020196825266" lon="-1.3253331184387207"><ele>910.4000244140625</ele><time>2026-08-11T06:16:06.000Z</time><extensions/></trkpt><trkpt lat="43.00119428895414" lon="-1.3251503929495811"><ele>910.199951171875</ele><time>2026-08-11T06:16:11.000Z</time><extensions/></trkpt><trkpt lat="43.00125941634178" lon="-1.3250595331192017"><ele>910.199951171875</ele><time>2026-08-11T06:16:13.000Z</time><extensions/></trkpt><trkpt lat="43.00132982432842" lon="-1.324926344677806"><ele>910.5999755859375</ele><time>2026-08-11T06:16:16.000Z</time><extensions/></trkpt><trkpt lat="43.00144976936281" lon="-1.3246986083686352"><ele>911.0</ele><time>2026-08-11T06:16:21.000Z</time><extensions/></trkpt><trkpt lat="43.00153576768935" lon="-1.3243913277983665"><ele>911.5999755859375</ele><time>2026-08-11T06:16:27.000Z</time><extensions/></trkpt><trkpt lat="43.0016022361815" lon="-1.3241490069776773"><ele>912.4000244140625</ele><time>2026-08-11T06:16:32.000Z</time><extensions/></trkpt><trkpt lat="43.00163593143225" lon="-1.3240511063486338"><ele>912.5999755859375</ele><time>2026-08-11T06:16:34.000Z</time><extensions/></trkpt><trkpt lat="43.001705165952444" lon="-1.3238099589943886"><ele>913.4000244140625</ele><time>2026-08-11T06:16:39.000Z</time><extensions/></trkpt><trkpt lat="43.00173567607999" lon="-1.3237184286117554"><ele>913.800048828125</ele><time>2026-08-11T06:16:41.000Z</time><extensions/></trkpt><trkpt lat="43.001797115430236" lon="-1.3236215338110924"><ele>914.0</ele><time>2026-08-11T06:16:44.000Z</time><extensions/></trkpt><trkpt lat="43.00189694389701" lon="-1.3234740123152733"><ele>914.0</ele><time>2026-08-11T06:16:48.000Z</time><extensions/></trkpt><trkpt lat="43.00194346345961" lon="-1.3232642132788897"><ele>914.0</ele><time>2026-08-11T06:16:52.000Z</time><extensions/></trkpt><trkpt lat="43.00199274905026" lon="-1.3229203037917614"><ele>914.199951171875</ele><time>2026-08-11T06:16:58.000Z</time><extensions/></trkpt><trkpt lat="43.00203239545226" lon="-1.3226395938545465"><ele>914.199951171875</ele><time>2026-08-11T06:17:03.000Z</time><extensions/></trkpt><trkpt lat="43.00206709653139" lon="-1.3224166352301836"><ele>914.4000244140625</ele><time>2026-08-11T06:17:07.000Z</time><extensions/></trkpt><trkpt lat="43.002188969403505" lon="-1.3222093507647514"><ele>914.5999755859375</ele><time>2026-08-11T06:17:12.000Z</time><extensions/></trkpt><trkpt lat="43.00238217227161" lon="-1.3220235239714384"><ele>914.800048828125</ele><time>2026-08-11T06:17:18.000Z</time><extensions/></trkpt><trkpt lat="43.00250236876309" lon="-1.3218087796121836"><ele>915.5999755859375</ele><time>2026-08-11T06:17:23.000Z</time><extensions/></trkpt><trkpt lat="43.002543691545725" lon="-1.321733258664608"><ele>916.0</ele><time>2026-08-11T06:17:25.000Z</time><extensions/></trkpt><trkpt lat="43.002632204443216" lon="-1.3215935323387384"><ele>917.199951171875</ele><time>2026-08-11T06:17:29.000Z</time><extensions/></trkpt><trkpt lat="43.002664810046554" lon="-1.3215253874659538"><ele>917.800048828125</ele><time>2026-08-11T06:17:31.000Z</time><extensions/></trkpt><trkpt lat="43.00270814448595" lon="-1.3214553147554398"><ele>918.4000244140625</ele><time>2026-08-11T06:17:33.000Z</time><extensions/></trkpt><trkpt lat="43.00281593576074" lon="-1.3212977349758148"><ele>919.5999755859375</ele><time>2026-08-11T06:17:38.000Z</time><extensions/></trkpt><trkpt lat="43.00293931737542" lon="-1.3211418315768242"><ele>920.5999755859375</ele><time>2026-08-11T06:17:43.000Z</time><extensions/></trkpt><trkpt lat="43.00296479836106" lon="-1.3211052864789963"><ele>920.800048828125</ele><time>2026-08-11T06:17:44.000Z</time><extensions/></trkpt><trkpt lat="43.003102680668235" lon="-1.3209250755608082"><ele>921.199951171875</ele><time>2026-08-11T06:17:50.000Z</time><extensions/></trkpt><trkpt lat="43.00322396680713" lon="-1.3207782246172428"><ele>921.4000244140625</ele><time>2026-08-11T06:17:55.000Z</time><extensions/></trkpt><trkpt lat="43.00328507088125" lon="-1.3207172881811857"><ele>921.5999755859375</ele><time>2026-08-11T06:17:57.000Z</time><extensions/></trkpt><trkpt lat="43.00341222435236" lon="-1.3206145260483027"><ele>921.800048828125</ele><time>2026-08-11T06:18:01.000Z</time><extensions/></trkpt><trkpt lat="43.00357734784484" lon="-1.320549314841628"><ele>922.199951171875</ele><time>2026-08-11T06:18:06.000Z</time><extensions/></trkpt><trkpt lat="43.0037659406662" lon="-1.3204352371394634"><ele>922.5999755859375</ele><time>2026-08-11T06:18:12.000Z</time><extensions/></trkpt><trkpt lat="43.003796115517616" lon="-1.32041210308671"><ele>922.5999755859375</ele><time>2026-08-11T06:18:13.000Z</time><extensions/></trkpt><trkpt lat="43.00394631922245" lon="-1.3202944211661816"><ele>923.199951171875</ele><time>2026-08-11T06:18:18.000Z</time><extensions/></trkpt><trkpt lat="43.00412217155099" lon="-1.320166178047657"><ele>923.5999755859375</ele><time>2026-08-11T06:18:24.000Z</time><extensions/></trkpt><trkpt lat="43.004154274240136" lon="-1.3201427925378084"><ele>923.800048828125</ele><time>2026-08-11T06:18:25.000Z</time><extensions/></trkpt><trkpt lat="43.00424689427018" lon="-1.3201234303414822"><ele>924.0</ele><time>2026-08-11T06:18:28.000Z</time><extensions/></trkpt><trkpt lat="43.00444127060473" lon="-1.3200156390666962"><ele>924.5999755859375</ele><time>2026-08-11T06:18:34.000Z</time><extensions/></trkpt><trkpt lat="43.004602286964655" lon="-1.3199271261692047"><ele>924.800048828125</ele><time>2026-08-11T06:18:39.000Z</time><extensions/></trkpt><trkpt lat="43.00466573797166" lon="-1.3198853004723787"><ele>925.0</ele><time>2026-08-11T06:18:41.000Z</time><extensions/></trkpt><trkpt lat="43.00485131330788" lon="-1.3197444844990969"><ele>925.5999755859375</ele><time>2026-08-11T06:18:47.000Z</time><extensions/></trkpt><trkpt lat="43.00495399162173" lon="-1.3196853082627058"><ele>925.800048828125</ele><time>2026-08-11T06:18:50.000Z</time><extensions/></trkpt><trkpt lat="43.005048958584666" lon="-1.3196188397705555"><ele>926.0</ele><time>2026-08-11T06:18:53.000Z</time><extensions/></trkpt><trkpt lat="43.0052821431309" lon="-1.3194750063121319"><ele>926.5999755859375</ele><time>2026-08-11T06:19:00.000Z</time><extensions/></trkpt><trkpt lat="43.00536973401904" lon="-1.3194123934954405"><ele>926.800048828125</ele><time>2026-08-11T06:19:03.000Z</time><extensions/></trkpt><trkpt lat="43.00544483587146" lon="-1.3193928636610508"><ele>927.0</ele><time>2026-08-11T06:19:05.000Z</time><extensions/></trkpt><trkpt lat="43.0056672077626" lon="-1.3193358667194843"><ele>927.5999755859375</ele><time>2026-08-11T06:19:11.000Z</time><extensions/></trkpt><trkpt lat="43.00574071705341" lon="-1.319325976073742"><ele>927.800048828125</ele><time>2026-08-11T06:19:13.000Z</time><extensions/></trkpt><trkpt lat="43.00581959076226" lon="-1.3193108886480331"><ele>928.0</ele><time>2026-08-11T06:19:15.000Z</time><extensions/></trkpt><trkpt lat="43.00588723272085" lon="-1.31932538934052"><ele>928.199951171875</ele><time>2026-08-11T06:19:17.000Z</time><extensions/></trkpt><trkpt lat="43.006066270172596" lon="-1.3193420693278313"><ele>928.800048828125</ele><time>2026-08-11T06:19:22.000Z</time><extensions/></trkpt><trkpt lat="43.00610398873687" lon="-1.3193319272249937"><ele>929.0</ele><time>2026-08-11T06:19:23.000Z</time><extensions/></trkpt><trkpt lat="43.00620775669813" lon="-1.3193376269191504"><ele>929.5999755859375</ele><time>2026-08-11T06:19:26.000Z</time><extensions/></trkpt><trkpt lat="43.00627623684704" lon="-1.3193434104323387"><ele>930.0</ele><time>2026-08-11T06:19:28.000Z</time><extensions/></trkpt><trkpt lat="43.006413113325834" lon="-1.319370735436678"><ele>930.800048828125</ele><time>2026-08-11T06:19:32.000Z</time><extensions/></trkpt><trkpt lat="43.00661285407841" lon="-1.3193911034613848"><ele>931.199951171875</ele><time>2026-08-11T06:19:38.000Z</time><extensions/></trkpt><trkpt lat="43.00691870972514" lon="-1.3194305822253227"><ele>931.800048828125</ele><time>2026-08-11T06:19:47.000Z</time><extensions/></trkpt><trkpt lat="43.007134376093745" lon="-1.319459667429328"><ele>932.4000244140625</ele><time>2026-08-11T06:19:53.000Z</time><extensions/></trkpt><trkpt lat="43.00731358118355" lon="-1.3194772694259882"><ele>933.4000244140625</ele><time>2026-08-11T06:19:59.000Z</time><extensions/></trkpt><trkpt lat="43.00737828947604" lon="-1.3194922730326653"><ele>933.5999755859375</ele><time>2026-08-11T06:20:01.000Z</time><extensions/></trkpt><trkpt lat="43.0075803771615" lon="-1.319539463147521"><ele>934.4000244140625</ele><time>2026-08-11T06:20:07.000Z</time><extensions/></trkpt><trkpt lat="43.00761289894581" lon="-1.3195457495748997"><ele>934.5999755859375</ele><time>2026-08-11T06:20:08.000Z</time><extensions/></trkpt><trkpt lat="43.0078568123281" lon="-1.3195957895368338"><ele>935.5999755859375</ele><time>2026-08-11T06:20:16.000Z</time><extensions/></trkpt><trkpt lat="43.0078879930079" lon="-1.3196053449064493"><ele>935.800048828125</ele><time>2026-08-11T06:20:17.000Z</time><extensions/></trkpt><trkpt lat="43.00812738016248" lon="-1.3196806982159615"><ele>936.5999755859375</ele><time>2026-08-11T06:20:25.000Z</time><extensions/></trkpt><trkpt lat="43.008156046271324" lon="-1.3196899183094501"><ele>936.800048828125</ele><time>2026-08-11T06:20:26.000Z</time><extensions/></trkpt><trkpt lat="43.008384788408875" lon="-1.3197973743081093"><ele>937.5999755859375</ele><time>2026-08-11T06:20:34.000Z</time><extensions/></trkpt><trkpt lat="43.008414041250944" lon="-1.3198076002299786"><ele>937.800048828125</ele><time>2026-08-11T06:20:35.000Z</time><extensions/></trkpt><trkpt lat="43.00850138068199" lon="-1.3198475819081068"><ele>938.0</ele><time>2026-08-11T06:20:38.000Z</time><extensions/></trkpt><trkpt lat="43.00854781642556" lon="-1.319905249401927"><ele>938.0</ele><time>2026-08-11T06:20:40.000Z</time><extensions/></trkpt><trkpt lat="43.00857866182923" lon="-1.319913463667035"><ele>938.199951171875</ele><time>2026-08-11T06:20:41.000Z</time><extensions/></trkpt><trkpt lat="43.00861285999417" lon="-1.3198611605912447"><ele>938.5999755859375</ele><time>2026-08-11T06:20:43.000Z</time><extensions/></trkpt><trkpt lat="43.00864395685494" lon="-1.3197955302894115"><ele>939.0</ele><time>2026-08-11T06:20:45.000Z</time><extensions/></trkpt><trkpt lat="43.00872936844826" lon="-1.3197619188576937"><ele>939.4000244140625</ele><time>2026-08-11T06:20:48.000Z</time><extensions/></trkpt><trkpt lat="43.008851828053594" lon="-1.3197713065892458"><ele>940.0</ele><time>2026-08-11T06:20:52.000Z</time><extensions/></trkpt><trkpt lat="43.00895090214908" lon="-1.319768624380231"><ele>940.4000244140625</ele><time>2026-08-11T06:20:55.000Z</time><extensions/></trkpt><trkpt lat="43.00920302979648" lon="-1.319743562489748"><ele>941.0</ele><time>2026-08-11T06:21:03.000Z</time><extensions/></trkpt><trkpt lat="43.00923580303788" lon="-1.3197426404803991"><ele>941.199951171875</ele><time>2026-08-11T06:21:04.000Z</time><extensions/></trkpt><trkpt lat="43.00949187017977" lon="-1.3197253737598658"><ele>941.800048828125</ele><time>2026-08-11T06:21:12.000Z</time><extensions/></trkpt><trkpt lat="43.0096491985023" lon="-1.319709699600935"><ele>942.199951171875</ele><time>2026-08-11T06:21:17.000Z</time><extensions/></trkpt><trkpt lat="43.009751960635185" lon="-1.3197006471455097"><ele>942.4000244140625</ele><time>2026-08-11T06:21:20.000Z</time><extensions/></trkpt><trkpt lat="43.009907864034176" lon="-1.3197192549705505"><ele>942.800048828125</ele><time>2026-08-11T06:21:24.000Z</time><extensions/></trkpt><trkpt lat="43.01002001389861" lon="-1.319725876674056"><ele>943.4000244140625</ele><time>2026-08-11T06:21:28.000Z</time><extensions/></trkpt><trkpt lat="43.01003359258175" lon="-1.3197317440062761"><ele>943.5999755859375</ele><time>2026-08-11T06:21:29.000Z</time><extensions/></trkpt><trkpt lat="43.01006301306188" lon="-1.3197302352637053"><ele>944.4000244140625</ele><time>2026-08-11T06:21:32.000Z</time><extensions/></trkpt><trkpt lat="43.01010785624385" lon="-1.3196474220603704"><ele>944.0</ele><time>2026-08-11T06:21:35.000Z</time><extensions/></trkpt><trkpt lat="43.01017642021179" lon="-1.3195902574807405"><ele>943.4000244140625</ele><time>2026-08-11T06:21:37.000Z</time><extensions/></trkpt><trkpt lat="43.010309021919966" lon="-1.3195161614567041"><ele>942.800048828125</ele><time>2026-08-11T06:21:41.000Z</time><extensions/></trkpt><trkpt lat="43.01045034080744" lon="-1.3195155747234821"><ele>943.5999755859375</ele><time>2026-08-11T06:21:46.000Z</time><extensions/></trkpt><trkpt lat="43.010519072413445" lon="-1.3194966316223145"><ele>943.800048828125</ele><time>2026-08-11T06:21:48.000Z</time><extensions/></trkpt><trkpt lat="43.01053365692496" lon="-1.3194610085338354"><ele>944.0</ele><time>2026-08-11T06:21:49.000Z</time><extensions/></trkpt><trkpt lat="43.010540530085564" lon="-1.3194245472550392"><ele>944.0</ele><time>2026-08-11T06:21:50.000Z</time><extensions/></trkpt><trkpt lat="43.01055100746453" lon="-1.3192838989198208"><ele>943.800048828125</ele><time>2026-08-11T06:21:53.000Z</time><extensions/></trkpt><trkpt lat="43.010566430166364" lon="-1.3191635347902775"><ele>942.800048828125</ele><time>2026-08-11T06:21:55.000Z</time><extensions/></trkpt><trkpt lat="43.01059551537037" lon="-1.3191066216677427"><ele>942.199951171875</ele><time>2026-08-11T06:21:56.000Z</time><extensions/></trkpt><trkpt lat="43.01063767634332" lon="-1.3190536480396986"><ele>941.4000244140625</ele><time>2026-08-11T06:21:57.000Z</time><extensions/></trkpt><trkpt lat="43.0106820166111" lon="-1.3190075475722551"><ele>940.800048828125</ele><time>2026-08-11T06:21:58.000Z</time><extensions/></trkpt><trkpt lat="43.0107354093343" lon="-1.3189718406647444"><ele>940.0</ele><time>2026-08-11T06:21:59.000Z</time><extensions/></trkpt><trkpt lat="43.01079693250358" lon="-1.3189536519348621"><ele>939.199951171875</ele><time>2026-08-11T06:22:00.000Z</time><extensions/></trkpt><trkpt lat="43.01086247898638" lon="-1.3189451862126589"><ele>938.4000244140625</ele><time>2026-08-11T06:22:01.000Z</time><extensions/></trkpt><trkpt lat="43.01092634908855" lon="-1.3189332000911236"><ele>937.800048828125</ele><time>2026-08-11T06:22:02.000Z</time><extensions/></trkpt><trkpt lat="43.01107311621308" lon="-1.3189107365906239"><ele>937.4000244140625</ele><time>2026-08-11T06:22:05.000Z</time><extensions/></trkpt><trkpt lat="43.0111672449857" lon="-1.3188525661826134"><ele>938.0</ele><time>2026-08-11T06:22:09.000Z</time><extensions/></trkpt><trkpt lat="43.01117202267051" lon="-1.3188496325165033"><ele>938.199951171875</ele><time>2026-08-11T06:22:13.000Z</time><extensions/></trkpt><trkpt lat="43.01118250004947" lon="-1.3188659772276878"><ele>938.4000244140625</ele><time>2026-08-11T06:22:20.000Z</time><extensions/></trkpt><trkpt lat="43.01118241623044" lon="-1.3188660610467196"><ele>938.4000244140625</ele><time>2026-08-11T06:22:30.000Z</time><extensions/></trkpt><trkpt lat="43.01118518225849" lon="-1.3188699167221785"><ele>938.4000244140625</ele><time>2026-08-11T06:22:37.000Z</time><extensions/></trkpt><trkpt lat="43.01121460273862" lon="-1.3188937213271856"><ele>938.4000244140625</ele><time>2026-08-11T06:22:39.000Z</time><extensions/></trkpt><trkpt lat="43.01123756915331" lon="-1.3188893627375364"><ele>938.4000244140625</ele><time>2026-08-11T06:22:40.000Z</time><extensions/></trkpt><trkpt lat="43.01132004708052" lon="-1.3188564218580723"><ele>938.199951171875</ele><time>2026-08-11T06:22:43.000Z</time><extensions/></trkpt><trkpt lat="43.01138701848686" lon="-1.318825576454401"><ele>938.0</ele><time>2026-08-11T06:22:45.000Z</time><extensions/></trkpt><trkpt lat="43.01155289635062" lon="-1.3187586888670921"><ele>937.800048828125</ele><time>2026-08-11T06:22:50.000Z</time><extensions/></trkpt><trkpt lat="43.011688850820065" lon="-1.3187043741345406"><ele>938.199951171875</ele><time>2026-08-11T06:22:54.000Z</time><extensions/></trkpt><trkpt lat="43.01185037009418" lon="-1.3186260033398867"><ele>938.4000244140625</ele><time>2026-08-11T06:22:59.000Z</time><extensions/></trkpt><trkpt lat="43.0120893381536" lon="-1.3185261748731136"><ele>937.800048828125</ele><time>2026-08-11T06:23:05.000Z</time><extensions/></trkpt><trkpt lat="43.01238622516394" lon="-1.318434476852417"><ele>938.0</ele><time>2026-08-11T06:23:12.000Z</time><extensions/></trkpt><trkpt lat="43.01265469752252" lon="-1.3184504862874746"><ele>937.800048828125</ele><time>2026-08-11T06:23:18.000Z</time><extensions/></trkpt><trkpt lat="43.01274404861033" lon="-1.3184364046901464"><ele>937.800048828125</ele><time>2026-08-11T06:23:20.000Z</time><extensions/></trkpt><trkpt lat="43.01291084848344" lon="-1.3184034638106823"><ele>938.0</ele><time>2026-08-11T06:23:24.000Z</time><extensions/></trkpt><trkpt lat="43.013032637536526" lon="-1.318364404141903"><ele>938.4000244140625</ele><time>2026-08-11T06:23:27.000Z</time><extensions/></trkpt><trkpt lat="43.01315560005605" lon="-1.318311095237732"><ele>938.800048828125</ele><time>2026-08-11T06:23:30.000Z</time><extensions/></trkpt><trkpt lat="43.01323279738426" lon="-1.3182581216096878"><ele>939.0</ele><time>2026-08-11T06:23:32.000Z</time><extensions/></trkpt><trkpt lat="43.01333916373551" lon="-1.318175308406353"><ele>939.4000244140625</ele><time>2026-08-11T06:23:35.000Z</time><extensions/></trkpt><trkpt lat="43.013369757682085" lon="-1.3181413616985083"><ele>939.4000244140625</ele><time>2026-08-11T06:23:36.000Z</time><extensions/></trkpt><trkpt lat="43.0135415866971" lon="-1.3179936725646257"><ele>940.0</ele><time>2026-08-11T06:23:41.000Z</time><extensions/></trkpt><trkpt lat="43.01364166662097" lon="-1.317894933745265"><ele>940.4000244140625</ele><time>2026-08-11T06:23:44.000Z</time><extensions/></trkpt><trkpt lat="43.01384978927672" lon="-1.317725032567978"><ele>941.199951171875</ele><time>2026-08-11T06:23:50.000Z</time><extensions/></trkpt><trkpt lat="43.01394903101027" lon="-1.3176429737359285"><ele>941.5999755859375</ele><time>2026-08-11T06:23:53.000Z</time><extensions/></trkpt><trkpt lat="43.01406880840659" lon="-1.317540965974331"><ele>942.4000244140625</ele><time>2026-08-11T06:23:57.000Z</time><extensions/></trkpt><trkpt lat="43.014094876125455" lon="-1.3175164069980383"><ele>942.5999755859375</ele><time>2026-08-11T06:23:58.000Z</time><extensions/></trkpt><trkpt lat="43.0141425691545" lon="-1.3174592424184084"><ele>943.199951171875</ele><time>2026-08-11T06:24:00.000Z</time><extensions/></trkpt><trkpt lat="43.014171151444316" lon="-1.3174439035356045"><ele>943.4000244140625</ele><time>2026-08-11T06:24:01.000Z</time><extensions/></trkpt><trkpt lat="43.01430241204798" lon="-1.3174187578260899"><ele>944.199951171875</ele><time>2026-08-11T06:24:05.000Z</time><extensions/></trkpt><trkpt lat="43.01433049142361" lon="-1.3174138125032187"><ele>944.4000244140625</ele><time>2026-08-11T06:24:06.000Z</time><extensions/></trkpt><trkpt lat="43.01440458744764" lon="-1.3173993956297636"><ele>945.5999755859375</ele><time>2026-08-11T06:24:09.000Z</time><extensions/></trkpt><trkpt lat="43.01445311866701" lon="-1.3174004014581442"><ele>946.4000244140625</ele><time>2026-08-11T06:24:11.000Z</time><extensions/></trkpt><trkpt lat="43.01447658799589" lon="-1.3174046762287617"><ele>946.800048828125</ele><time>2026-08-11T06:24:12.000Z</time><extensions/></trkpt><trkpt lat="43.01451782695949" lon="-1.3174117170274258"><ele>947.5999755859375</ele><time>2026-08-11T06:24:14.000Z</time><extensions/></trkpt><trkpt lat="43.01453869789839" lon="-1.3174221105873585"><ele>948.0</ele><time>2026-08-11T06:24:15.000Z</time><extensions/></trkpt><trkpt lat="43.014576667919755" lon="-1.3174336776137352"><ele>948.5999755859375</ele><time>2026-08-11T06:24:17.000Z</time><extensions/></trkpt><trkpt lat="43.01459586247802" lon="-1.3174426462501287"><ele>949.0</ele><time>2026-08-11T06:24:18.000Z</time><extensions/></trkpt><trkpt lat="43.01461321301758" lon="-1.3174560572952032"><ele>949.199951171875</ele><time>2026-08-11T06:24:19.000Z</time><extensions/></trkpt><trkpt lat="43.014666521921754" lon="-1.3174866512417793"><ele>950.199951171875</ele><time>2026-08-11T06:24:22.000Z</time><extensions/></trkpt><trkpt lat="43.01471371203661" lon="-1.3175245374441147"><ele>951.0</ele><time>2026-08-11T06:24:25.000Z</time><extensions/></trkpt><trkpt lat="43.01472779363394" lon="-1.3175385352224112"><ele>951.4000244140625</ele><time>2026-08-11T06:24:26.000Z</time><extensions/></trkpt><trkpt lat="43.01478604786098" lon="-1.3175978790968657"><ele>952.4000244140625</ele><time>2026-08-11T06:24:30.000Z</time><extensions/></trkpt><trkpt lat="43.0148352496326" lon="-1.3176253717392683"><ele>953.4000244140625</ele><time>2026-08-11T06:24:33.000Z</time><extensions/></trkpt><trkpt lat="43.01485251635313" lon="-1.317636352032423"><ele>953.5999755859375</ele><time>2026-08-11T06:24:34.000Z</time><extensions/></trkpt><trkpt lat="43.01492921076715" lon="-1.3177089393138885"><ele>954.800048828125</ele><time>2026-08-11T06:24:39.000Z</time><extensions/></trkpt><trkpt lat="43.01500012166798" lon="-1.3177457358688116"><ele>956.0</ele><time>2026-08-11T06:24:43.000Z</time><extensions/></trkpt><trkpt lat="43.01503172144294" lon="-1.317755626514554"><ele>956.800048828125</ele><time>2026-08-11T06:24:45.000Z</time><extensions/></trkpt><trkpt lat="43.015062315389514" lon="-1.3177751563489437"><ele>957.4000244140625</ele><time>2026-08-11T06:24:47.000Z</time><extensions/></trkpt><trkpt lat="43.01512761041522" lon="-1.3178108632564545"><ele>958.4000244140625</ele><time>2026-08-11T06:24:51.000Z</time><extensions/></trkpt><trkpt lat="43.015220649540424" lon="-1.317871967330575"><ele>959.5999755859375</ele><time>2026-08-11T06:24:57.000Z</time><extensions/></trkpt><trkpt lat="43.015237329527736" lon="-1.3178858812898397"><ele>959.800048828125</ele><time>2026-08-11T06:24:58.000Z</time><extensions/></trkpt><trkpt lat="43.01531377248466" lon="-1.317954696714878"><ele>960.5999755859375</ele><time>2026-08-11T06:25:03.000Z</time><extensions/></trkpt><trkpt lat="43.01532601006329" lon="-1.3179704546928406"><ele>960.5999755859375</ele><time>2026-08-11T06:25:04.000Z</time><extensions/></trkpt><trkpt lat="43.01538644358516" lon="-1.3180705346167088"><ele>961.5999755859375</ele><time>2026-08-11T06:25:09.000Z</time><extensions/></trkpt><trkpt lat="43.01542508415878" lon="-1.3181363325566053"><ele>962.5999755859375</ele><time>2026-08-11T06:25:12.000Z</time><extensions/></trkpt><trkpt lat="43.01543556153774" lon="-1.3181572034955025"><ele>963.0</ele><time>2026-08-11T06:25:13.000Z</time><extensions/></trkpt><trkpt lat="43.01549155265093" lon="-1.3182353228330612"><ele>964.0</ele><time>2026-08-11T06:25:17.000Z</time><extensions/></trkpt><trkpt lat="43.01551753655076" lon="-1.3182617258280516"><ele>964.5999755859375</ele><time>2026-08-11T06:25:19.000Z</time><extensions/></trkpt><trkpt lat="43.015548549592495" lon="-1.3183038029819727"><ele>965.0</ele><time>2026-08-11T06:25:21.000Z</time><extensions/></trkpt><trkpt lat="43.01560789346695" lon="-1.3183718640357256"><ele>966.4000244140625</ele><time>2026-08-11T06:25:25.000Z</time><extensions/></trkpt><trkpt lat="43.015621388331056" lon="-1.318385861814022"><ele>966.800048828125</ele><time>2026-08-11T06:25:26.000Z</time><extensions/></trkpt><trkpt lat="43.01565156318247" lon="-1.318416791036725"><ele>967.4000244140625</ele><time>2026-08-11T06:25:28.000Z</time><extensions/></trkpt><trkpt lat="43.01570990122855" lon="-1.3184743747115135"><ele>968.5999755859375</ele><time>2026-08-11T06:25:32.000Z</time><extensions/></trkpt><trkpt lat="43.01572758704424" lon="-1.3184900488704443"><ele>968.800048828125</ele><time>2026-08-11T06:25:33.000Z</time><extensions/></trkpt><trkpt lat="43.01576966419816" lon="-1.3185426034033298"><ele>969.800048828125</ele><time>2026-08-11T06:25:36.000Z</time><extensions/></trkpt><trkpt lat="43.01580428145826" lon="-1.3185962475836277"><ele>970.800048828125</ele><time>2026-08-11T06:25:39.000Z</time><extensions/></trkpt><trkpt lat="43.015813836827874" lon="-1.318617956712842"><ele>971.199951171875</ele><time>2026-08-11T06:25:40.000Z</time><extensions/></trkpt><trkpt lat="43.01583009772003" lon="-1.3186699245125055"><ele>972.0</ele><time>2026-08-11T06:25:42.000Z</time><extensions/></trkpt><trkpt lat="43.01585700362921" lon="-1.3187758717685938"><ele>973.199951171875</ele><time>2026-08-11T06:25:46.000Z</time><extensions/></trkpt><trkpt lat="43.01587577909231" lon="-1.3188465312123299"><ele>974.0</ele><time>2026-08-11T06:25:49.000Z</time><extensions/></trkpt><trkpt lat="43.01588147878647" lon="-1.3188717607408762"><ele>974.4000244140625</ele><time>2026-08-11T06:25:50.000Z</time><extensions/></trkpt><trkpt lat="43.01590997725725" lon="-1.318961614742875"><ele>975.4000244140625</ele><time>2026-08-11T06:25:54.000Z</time><extensions/></trkpt><trkpt lat="43.01592129282653" lon="-1.319011738523841"><ele>976.0</ele><time>2026-08-11T06:25:56.000Z</time><extensions/></trkpt><trkpt lat="43.015935542061925" lon="-1.31905616261065"><ele>976.800048828125</ele><time>2026-08-11T06:25:58.000Z</time><extensions/></trkpt><trkpt lat="43.01596747711301" lon="-1.3191453460603952"><ele>977.800048828125</ele><time>2026-08-11T06:26:02.000Z</time><extensions/></trkpt><trkpt lat="43.0159901920706" lon="-1.319213155657053"><ele>979.0</ele><time>2026-08-11T06:26:05.000Z</time><extensions/></trkpt><trkpt lat="43.01601357758045" lon="-1.3192777801305056"><ele>980.0</ele><time>2026-08-11T06:26:08.000Z</time><extensions/></trkpt><trkpt lat="43.01603805273771" lon="-1.3193501997739077"><ele>981.0</ele><time>2026-08-11T06:26:11.000Z</time><extensions/></trkpt><trkpt lat="43.016046518459916" lon="-1.3193696457892656"><ele>981.4000244140625</ele><time>2026-08-11T06:26:12.000Z</time><extensions/></trkpt><trkpt lat="43.01608683541417" lon="-1.319456147029996"><ele>982.199951171875</ele><time>2026-08-11T06:26:16.000Z</time><extensions/></trkpt><trkpt lat="43.0160993244499" lon="-1.3194747548550367"><ele>982.4000244140625</ele><time>2026-08-11T06:26:17.000Z</time><extensions/></trkpt><trkpt lat="43.01615179516375" lon="-1.319551868364215"><ele>983.5999755859375</ele><time>2026-08-11T06:26:21.000Z</time><extensions/></trkpt><trkpt lat="43.01619127392769" lon="-1.3196126371622086"><ele>984.199951171875</ele><time>2026-08-11T06:26:24.000Z</time><extensions/></trkpt><trkpt lat="43.01623863168061" lon="-1.31966108456254"><ele>984.800048828125</ele><time>2026-08-11T06:26:27.000Z</time><extensions/></trkpt><trkpt lat="43.01629931665957" lon="-1.319731492549181"><ele>985.800048828125</ele><time>2026-08-11T06:26:31.000Z</time><extensions/></trkpt><trkpt lat="43.016316667199135" lon="-1.3197481725364923"><ele>986.0</ele><time>2026-08-11T06:26:32.000Z</time><extensions/></trkpt><trkpt lat="43.01639369688928" lon="-1.3198282197117805"><ele>987.0</ele><time>2026-08-11T06:26:37.000Z</time><extensions/></trkpt><trkpt lat="43.0164719838649" lon="-1.3199127931147814"><ele>988.199951171875</ele><time>2026-08-11T06:26:42.000Z</time><extensions/></trkpt><trkpt lat="43.016501404345036" lon="-1.3199481647461653"><ele>988.4000244140625</ele><time>2026-08-11T06:26:44.000Z</time><extensions/></trkpt><trkpt lat="43.01658673211932" lon="-1.3200238533318043"><ele>989.199951171875</ele><time>2026-08-11T06:26:49.000Z</time><extensions/></trkpt><trkpt lat="43.0166051723063" lon="-1.320036593824625"><ele>989.4000244140625</ele><time>2026-08-11T06:26:50.000Z</time><extensions/></trkpt><trkpt lat="43.01668622530997" lon="-1.320109348744154"><ele>990.4000244140625</ele><time>2026-08-11T06:26:55.000Z</time><extensions/></trkpt><trkpt lat="43.016722183674574" lon="-1.320136757567525"><ele>990.800048828125</ele><time>2026-08-11T06:26:57.000Z</time><extensions/></trkpt><trkpt lat="43.01683869212866" lon="-1.3201980292797089"><ele>991.4000244140625</ele><time>2026-08-11T06:27:03.000Z</time><extensions/></trkpt><trkpt lat="43.01697498187423" lon="-1.3202662579715252"><ele>992.199951171875</ele><time>2026-08-11T06:27:10.000Z</time><extensions/></trkpt><trkpt lat="43.017017394304276" lon="-1.320301964879036"><ele>992.4000244140625</ele><time>2026-08-11T06:27:12.000Z</time><extensions/></trkpt><trkpt lat="43.01709299907088" lon="-1.3203723728656769"><ele>992.800048828125</ele><time>2026-08-11T06:27:16.000Z</time><extensions/></trkpt><trkpt lat="43.01714127883315" lon="-1.3204427808523178"><ele>994.0</ele><time>2026-08-11T06:27:19.000Z</time><extensions/></trkpt><trkpt lat="43.01714614033699" lon="-1.3205053936690092"><ele>994.800048828125</ele><time>2026-08-11T06:27:21.000Z</time><extensions/></trkpt><trkpt lat="43.01714764907956" lon="-1.3205232471227646"><ele>995.4000244140625</ele><time>2026-08-11T06:27:22.000Z</time><extensions/></trkpt><trkpt lat="43.01713583059609" lon="-1.3205943256616592"><ele>996.4000244140625</ele><time>2026-08-11T06:27:25.000Z</time><extensions/></trkpt><trkpt lat="43.01713448949158" lon="-1.3206202257424593"><ele>996.800048828125</ele><time>2026-08-11T06:27:26.000Z</time><extensions/></trkpt><trkpt lat="43.01711889915168" lon="-1.320660039782524"><ele>997.4000244140625</ele><time>2026-08-11T06:27:28.000Z</time><extensions/></trkpt><trkpt lat="43.017110181972384" lon="-1.320734890177846"><ele>998.199951171875</ele><time>2026-08-11T06:27:31.000Z</time><extensions/></trkpt><trkpt lat="43.01711110398173" lon="-1.320787612348795"><ele>998.5999755859375</ele><time>2026-08-11T06:27:33.000Z</time><extensions/></trkpt><trkpt lat="43.01711378619075" lon="-1.3208763767033815"><ele>999.199951171875</ele><time>2026-08-11T06:27:36.000Z</time><extensions/></trkpt><trkpt lat="43.01715343259275" lon="-1.3209824915975332"><ele>999.800048828125</ele><time>2026-08-11T06:27:40.000Z</time><extensions/></trkpt><trkpt lat="43.01716022193432" lon="-1.3210042845457792"><ele>1000.0</ele><time>2026-08-11T06:27:41.000Z</time><extensions/></trkpt><trkpt lat="43.01718846894801" lon="-1.3210762850940228"><ele>1001.0</ele><time>2026-08-11T06:27:44.000Z</time><extensions/></trkpt><trkpt lat="43.017236245796084" lon="-1.3211637921631336"><ele>1002.0</ele><time>2026-08-11T06:27:48.000Z</time><extensions/></trkpt><trkpt lat="43.01724638789892" lon="-1.3211823999881744"><ele>1002.199951171875</ele><time>2026-08-11T06:27:49.000Z</time><extensions/></trkpt><trkpt lat="43.01729382947087" lon="-1.321262950077653"><ele>1003.0</ele><time>2026-08-11T06:27:53.000Z</time><extensions/></trkpt><trkpt lat="43.01731017418206" lon="-1.3212810549885035"><ele>1003.199951171875</ele><time>2026-08-11T06:27:54.000Z</time><extensions/></trkpt><trkpt lat="43.0173874553293" lon="-1.321364538744092"><ele>1004.5999755859375</ele><time>2026-08-11T06:27:59.000Z</time><extensions/></trkpt><trkpt lat="43.017451325431466" lon="-1.3214077893644571"><ele>1005.800048828125</ele><time>2026-08-11T06:28:03.000Z</time><extensions/></trkpt><trkpt lat="43.017517291009426" lon="-1.3214574102312326"><ele>1006.800048828125</ele><time>2026-08-11T06:28:07.000Z</time><extensions/></trkpt><trkpt lat="43.0175341386348" lon="-1.3214739225804806"><ele>1007.0</ele><time>2026-08-11T06:28:08.000Z</time><extensions/></trkpt><trkpt lat="43.017578814178705" lon="-1.3215243816375732"><ele>1008.199951171875</ele><time>2026-08-11T06:28:11.000Z</time><extensions/></trkpt><trkpt lat="43.017593482509255" lon="-1.3215636927634478"><ele>1009.199951171875</ele><time>2026-08-11T06:28:13.000Z</time><extensions/></trkpt><trkpt lat="43.01759876310825" lon="-1.321585401892662"><ele>1009.5999755859375</ele><time>2026-08-11T06:28:14.000Z</time><extensions/></trkpt><trkpt lat="43.01761242561042" lon="-1.3216228689998388"><ele>1010.800048828125</ele><time>2026-08-11T06:28:16.000Z</time><extensions/></trkpt><trkpt lat="43.01761846058071" lon="-1.3216268084943295"><ele>1012.0</ele><time>2026-08-11T06:28:18.000Z</time><extensions/></trkpt><trkpt lat="43.01763128489256" lon="-1.321656983345747"><ele>1012.5999755859375</ele><time>2026-08-11T06:28:27.000Z</time><extensions/></trkpt><trkpt lat="43.01764436066151" lon="-1.3216727413237095"><ele>1013.199951171875</ele><time>2026-08-11T06:28:29.000Z</time><extensions/></trkpt><trkpt lat="43.01766397431493" lon="-1.3217077776789665"><ele>1014.199951171875</ele><time>2026-08-11T06:28:33.000Z</time><extensions/></trkpt><trkpt lat="43.01769230514765" lon="-1.3217684626579285"><ele>1015.199951171875</ele><time>2026-08-11T06:28:40.000Z</time><extensions/></trkpt><trkpt lat="43.017692640423775" lon="-1.321762427687645"><ele>1015.5999755859375</ele><time>2026-08-11T06:28:44.000Z</time><extensions/></trkpt><trkpt lat="43.017692640423775" lon="-1.321762427687645"><ele>1015.4000244140625</ele><time>2026-08-11T06:28:50.000Z</time><extensions/></trkpt><trkpt lat="43.017692640423775" lon="-1.321762427687645"><ele>1015.4000244140625</ele><time>2026-08-11T06:28:54.000Z</time><extensions/></trkpt><trkpt lat="43.017692640423775" lon="-1.321762427687645"><ele>1015.4000244140625</ele><time>2026-08-11T06:29:03.000Z</time><extensions/></trkpt><trkpt lat="43.017692640423775" lon="-1.321762427687645"><ele>1015.4000244140625</ele><time>2026-08-11T06:29:06.000Z</time><extensions/></trkpt><trkpt lat="43.017692640423775" lon="-1.321762427687645"><ele>1015.4000244140625</ele><time>2026-08-11T06:29:07.000Z</time><extensions/></trkpt><trkpt lat="43.017696579918265" lon="-1.3217655289918184"><ele>1015.4000244140625</ele><time>2026-08-11T06:29:11.000Z</time><extensions/></trkpt><trkpt lat="43.017712170258164" lon="-1.3217835500836372"><ele>1015.4000244140625</ele><time>2026-08-11T06:29:12.000Z</time><extensions/></trkpt><trkpt lat="43.017772519961" lon="-1.3218667823821306"><ele>1016.4000244140625</ele><time>2026-08-11T06:29:18.000Z</time><extensions/></trkpt><trkpt lat="43.01781048998237" lon="-1.321901734918356"><ele>1017.0</ele><time>2026-08-11T06:29:21.000Z</time><extensions/></trkpt><trkpt lat="43.01783395931125" lon="-1.3219322450459003"><ele>1017.4000244140625</ele><time>2026-08-11T06:29:23.000Z</time><extensions/></trkpt><trkpt lat="43.017848040908575" lon="-1.3219468295574188"><ele>1017.5999755859375</ele><time>2026-08-11T06:29:24.000Z</time><extensions/></trkpt><trkpt lat="43.01790260709822" lon="-1.322013633325696"><ele>1018.4000244140625</ele><time>2026-08-11T06:29:28.000Z</time><extensions/></trkpt><trkpt lat="43.01793613471091" lon="-1.322065768763423"><ele>1019.0</ele><time>2026-08-11T06:29:31.000Z</time><extensions/></trkpt><trkpt lat="43.01797620020807" lon="-1.3221106119453907"><ele>1019.4000244140625</ele><time>2026-08-11T06:29:34.000Z</time><extensions/></trkpt><trkpt lat="43.018030850216746" lon="-1.3221745658665895"><ele>1020.199951171875</ele><time>2026-08-11T06:29:38.000Z</time><extensions/></trkpt><trkpt lat="43.01806529983878" lon="-1.3222033996134996"><ele>1020.5999755859375</ele><time>2026-08-11T06:29:40.000Z</time><extensions/></trkpt><trkpt lat="43.01812766119838" lon="-1.3222419563680887"><ele>1021.5999755859375</ele><time>2026-08-11T06:29:44.000Z</time><extensions/></trkpt><trkpt lat="43.01816051825881" lon="-1.3222583010792732"><ele>1022.199951171875</ele><time>2026-08-11T06:29:46.000Z</time><extensions/></trkpt><trkpt lat="43.01821240223944" lon="-1.3222816865891218"><ele>1022.800048828125</ele><time>2026-08-11T06:29:49.000Z</time><extensions/></trkpt><trkpt lat="43.01830410026014" lon="-1.322344047948718"><ele>1024.0</ele><time>2026-08-11T06:29:55.000Z</time><extensions/></trkpt><trkpt lat="43.018369814381" lon="-1.3223793357610703"><ele>1025.0</ele><time>2026-08-11T06:29:59.000Z</time><extensions/></trkpt><trkpt lat="43.01843452267349" lon="-1.3224319741129875"><ele>1026.0</ele><time>2026-08-11T06:30:03.000Z</time><extensions/></trkpt><trkpt lat="43.01844994537532" lon="-1.322444211691618"><ele>1026.199951171875</ele><time>2026-08-11T06:30:04.000Z</time><extensions/></trkpt><trkpt lat="43.0185201857239" lon="-1.3225213252007961"><ele>1027.199951171875</ele><time>2026-08-11T06:30:09.000Z</time><extensions/></trkpt><trkpt lat="43.018590258434415" lon="-1.3226095866411924"><ele>1028.4000244140625</ele><time>2026-08-11T06:30:14.000Z</time><extensions/></trkpt><trkpt lat="43.01868732087314" lon="-1.3226649910211563"><ele>1029.4000244140625</ele><time>2026-08-11T06:30:20.000Z</time><extensions/></trkpt><trkpt lat="43.01870349794626" lon="-1.3226711098104715"><ele>1029.800048828125</ele><time>2026-08-11T06:30:21.000Z</time><extensions/></trkpt><trkpt lat="43.01876393146813" lon="-1.3227060623466969"><ele>1030.5999755859375</ele><time>2026-08-11T06:30:25.000Z</time><extensions/></trkpt><trkpt lat="43.018806679174304" lon="-1.3227385003119707"><ele>1031.0</ele><time>2026-08-11T06:30:28.000Z</time><extensions/></trkpt><trkpt lat="43.01887046545744" lon="-1.322796419262886"><ele>1031.5999755859375</ele><time>2026-08-11T06:30:32.000Z</time><extensions/></trkpt><trkpt lat="43.01891832612455" lon="-1.3228276837617159"><ele>1032.199951171875</ele><time>2026-08-11T06:30:35.000Z</time><extensions/></trkpt><trkpt lat="43.0189692042768" lon="-1.3228850159794092"><ele>1032.800048828125</ele><time>2026-08-11T06:30:38.000Z</time><extensions/></trkpt><trkpt lat="43.01900834776461" lon="-1.3229589443653822"><ele>1033.800048828125</ele><time>2026-08-11T06:30:41.000Z</time><extensions/></trkpt><trkpt lat="43.0190175678581" lon="-1.3229871913790703"><ele>1034.199951171875</ele><time>2026-08-11T06:30:42.000Z</time><extensions/></trkpt><trkpt lat="43.01906509324908" lon="-1.323060281574726"><ele>1035.5999755859375</ele><time>2026-08-11T06:30:45.000Z</time><extensions/></trkpt><trkpt lat="43.0190936755389" lon="-1.323111830279231"><ele>1036.800048828125</ele><time>2026-08-11T06:30:47.000Z</time><extensions/></trkpt><trkpt lat="43.01912259310484" lon="-1.3231587689369917"><ele>1038.0</ele><time>2026-08-11T06:30:49.000Z</time><extensions/></trkpt><trkpt lat="43.01915880292654" lon="-1.3232100661844015"><ele>1039.4000244140625</ele><time>2026-08-11T06:30:52.000Z</time><extensions/></trkpt><trkpt lat="43.01918897777796" lon="-1.3232416659593582"><ele>1039.800048828125</ele><time>2026-08-11T06:30:54.000Z</time><extensions/></trkpt><trkpt lat="43.019227450713515" lon="-1.323289442807436"><ele>1040.4000244140625</ele><time>2026-08-11T06:30:57.000Z</time><extensions/></trkpt><trkpt lat="43.01927162334323" lon="-1.3233286701142788"><ele>1041.4000244140625</ele><time>2026-08-11T06:31:00.000Z</time><extensions/></trkpt><trkpt lat="43.019287548959255" lon="-1.3233431708067656"><ele>1041.800048828125</ele><time>2026-08-11T06:31:01.000Z</time><extensions/></trkpt><trkpt lat="43.01938025280833" lon="-1.3234301749616861"><ele>1042.5999755859375</ele><time>2026-08-11T06:31:07.000Z</time><extensions/></trkpt><trkpt lat="43.019400872290134" lon="-1.323446435853839"><ele>1042.800048828125</ele><time>2026-08-11T06:31:09.000Z</time><extensions/></trkpt><trkpt lat="43.01941151730716" lon="-1.323455572128296"><ele>1043.0</ele><time>2026-08-11T06:31:14.000Z</time><extensions/></trkpt><trkpt lat="43.019412606954575" lon="-1.3234663009643555"><ele>1043.0</ele><time>2026-08-11T06:31:19.000Z</time><extensions/></trkpt><trkpt lat="43.01943423226476" lon="-1.323480298742652"><ele>1043.199951171875</ele><time>2026-08-11T06:31:22.000Z</time><extensions/></trkpt><trkpt lat="43.019521068781614" lon="-1.3235405646264553"><ele>1043.4000244140625</ele><time>2026-08-11T06:31:28.000Z</time><extensions/></trkpt><trkpt lat="43.019536240026355" lon="-1.323553640395403"><ele>1043.5999755859375</ele><time>2026-08-11T06:31:29.000Z</time><extensions/></trkpt><trkpt lat="43.01962793804705" lon="-1.323611056432128"><ele>1044.5999755859375</ele><time>2026-08-11T06:31:35.000Z</time><extensions/></trkpt><trkpt lat="43.01964352838695" lon="-1.3236229587346315"><ele>1044.5999755859375</ele><time>2026-08-11T06:31:36.000Z</time><extensions/></trkpt><trkpt lat="43.01976816728711" lon="-1.323675513267517"><ele>1045.5999755859375</ele><time>2026-08-11T06:31:43.000Z</time><extensions/></trkpt><trkpt lat="43.019788870587945" lon="-1.3236790336668491"><ele>1045.5999755859375</ele><time>2026-08-11T06:31:44.000Z</time><extensions/></trkpt><trkpt lat="43.01988014951348" lon="-1.3237236253917217"><ele>1046.199951171875</ele><time>2026-08-11T06:31:49.000Z</time><extensions/></trkpt><trkpt lat="43.01989758387208" lon="-1.323732677847147"><ele>1046.199951171875</ele><time>2026-08-11T06:31:50.000Z</time><extensions/></trkpt><trkpt lat="43.01995047368109" lon="-1.323757991194725"><ele>1046.5999755859375</ele><time>2026-08-11T06:31:53.000Z</time><extensions/></trkpt><trkpt lat="43.02004468627274" lon="-1.3238309975713491"><ele>1047.5999755859375</ele><time>2026-08-11T06:31:59.000Z</time><extensions/></trkpt><trkpt lat="43.02005507983267" lon="-1.3238474261015654"><ele>1047.800048828125</ele><time>2026-08-11T06:32:00.000Z</time><extensions/></trkpt><trkpt lat="43.02008902654052" lon="-1.3238967955112457"><ele>1049.0</ele><time>2026-08-11T06:32:04.000Z</time><extensions/></trkpt><trkpt lat="43.02009028382599" lon="-1.3238936103880405"><ele>1049.199951171875</ele><time>2026-08-11T06:32:05.000Z</time><extensions/></trkpt><trkpt lat="43.02009028382599" lon="-1.3238936103880405"><ele>1049.199951171875</ele><time>2026-08-11T06:32:08.000Z</time><extensions/></trkpt><trkpt lat="43.02009028382599" lon="-1.3238936103880405"><ele>1049.199951171875</ele><time>2026-08-11T06:32:14.000Z</time><extensions/></trkpt><trkpt lat="43.02008667960763" lon="-1.3238894194364548"><ele>1049.199951171875</ele><time>2026-08-11T06:32:16.000Z</time><extensions/></trkpt><trkpt lat="43.02009028382599" lon="-1.3238936103880405"><ele>1049.199951171875</ele><time>2026-08-11T06:32:20.000Z</time><extensions/></trkpt><trkpt lat="43.02009028382599" lon="-1.3238936103880405"><ele>1049.199951171875</ele><time>2026-08-11T06:32:33.000Z</time><extensions/></trkpt><trkpt lat="43.02009028382599" lon="-1.3238936103880405"><ele>1049.199951171875</ele><time>2026-08-11T06:32:34.000Z</time><extensions/></trkpt><trkpt lat="43.02009028382599" lon="-1.3238936103880405"><ele>1049.199951171875</ele><time>2026-08-11T06:32:36.000Z</time><extensions/></trkpt><trkpt lat="43.02009028382599" lon="-1.3238936103880405"><ele>1049.199951171875</ele><time>2026-08-11T06:32:40.000Z</time><extensions/></trkpt><trkpt lat="43.02009028382599" lon="-1.3238936103880405"><ele>1049.199951171875</ele><time>2026-08-11T06:32:42.000Z</time><extensions/></trkpt><trkpt lat="43.02009028382599" lon="-1.3238936103880405"><ele>1049.199951171875</ele><time>2026-08-11T06:32:45.000Z</time><extensions/></trkpt><trkpt lat="43.02010176703334" lon="-1.3238967955112457"><ele>1049.199951171875</ele><time>2026-08-11T06:32:54.000Z</time><extensions/></trkpt><trkpt lat="43.02011509425938" lon="-1.3238901738077402"><ele>1049.199951171875</ele><time>2026-08-11T06:32:55.000Z</time><extensions/></trkpt><trkpt lat="43.02014518529177" lon="-1.3238627649843693"><ele>1049.0</ele><time>2026-08-11T06:32:57.000Z</time><extensions/></trkpt><trkpt lat="43.02017795853317" lon="-1.32380660623312"><ele>1049.4000244140625</ele><time>2026-08-11T06:33:00.000Z</time><extensions/></trkpt><trkpt lat="43.0201849155128" lon="-1.323779784142971"><ele>1049.4000244140625</ele><time>2026-08-11T06:33:01.000Z</time><extensions/></trkpt><trkpt lat="43.02018768154085" lon="-1.3237549737095833"><ele>1049.4000244140625</ele><time>2026-08-11T06:33:02.000Z</time><extensions/></trkpt><trkpt lat="43.020197907462716" lon="-1.3236790336668491"><ele>1049.5999755859375</ele><time>2026-08-11T06:33:05.000Z</time><extensions/></trkpt><trkpt lat="43.02020846866071" lon="-1.3235358707606792"><ele>1050.4000244140625</ele><time>2026-08-11T06:33:10.000Z</time><extensions/></trkpt><trkpt lat="43.020208552479744" lon="-1.3235089648514986"><ele>1050.4000244140625</ele><time>2026-08-11T06:33:11.000Z</time><extensions/></trkpt><trkpt lat="43.020198326557875" lon="-1.3233376387506723"><ele>1051.4000244140625</ele><time>2026-08-11T06:33:17.000Z</time><extensions/></trkpt><trkpt lat="43.02019354887307" lon="-1.3232793845236301"><ele>1051.800048828125</ele><time>2026-08-11T06:33:19.000Z</time><extensions/></trkpt><trkpt lat="43.0201970692724" lon="-1.3232232257723808"><ele>1052.199951171875</ele><time>2026-08-11T06:33:21.000Z</time><extensions/></trkpt><trkpt lat="43.0202073790133" lon="-1.323170755058527"><ele>1052.5999755859375</ele><time>2026-08-11T06:33:23.000Z</time><extensions/></trkpt><trkpt lat="43.020228166133165" lon="-1.3230863492935896"><ele>1053.0</ele><time>2026-08-11T06:33:26.000Z</time><extensions/></trkpt><trkpt lat="43.02026999182999" lon="-1.3229262549430132"><ele>1053.5999755859375</ele><time>2026-08-11T06:33:31.000Z</time><extensions/></trkpt><trkpt lat="43.02029639482498" lon="-1.322825588285923"><ele>1053.800048828125</ele><time>2026-08-11T06:33:34.000Z</time><extensions/></trkpt><trkpt lat="43.02032623440027" lon="-1.3226601295173168"><ele>1054.5999755859375</ele><time>2026-08-11T06:33:39.000Z</time><extensions/></trkpt><trkpt lat="43.02034920081496" lon="-1.3225244265049696"><ele>1055.4000244140625</ele><time>2026-08-11T06:33:43.000Z</time><extensions/></trkpt><trkpt lat="43.02035163156688" lon="-1.3224964309483767"><ele>1055.800048828125</ele><time>2026-08-11T06:33:44.000Z</time><extensions/></trkpt><trkpt lat="43.020326904952526" lon="-1.3223349954932928"><ele>1056.199951171875</ele><time>2026-08-11T06:33:49.000Z</time><extensions/></trkpt><trkpt lat="43.020302848890424" lon="-1.3222443871200085"><ele>1056.800048828125</ele><time>2026-08-11T06:33:52.000Z</time><extensions/></trkpt><trkpt lat="43.02026890218258" lon="-1.322170626372099"><ele>1057.4000244140625</ele><time>2026-08-11T06:33:55.000Z</time><extensions/></trkpt><trkpt lat="43.02024149335921" lon="-1.3221220951527357"><ele>1058.0</ele><time>2026-08-11T06:33:57.000Z</time><extensions/></trkpt><trkpt lat="43.02018240094185" lon="-1.3220859691500664"><ele>1058.5999755859375</ele><time>2026-08-11T06:34:00.000Z</time><extensions/></trkpt><trkpt lat="43.020165134221315" lon="-1.3220748212188482"><ele>1058.800048828125</ele><time>2026-08-11T06:34:01.000Z</time><extensions/></trkpt><trkpt lat="43.02014443092048" lon="-1.3220609910786152"><ele>1059.0</ele><time>2026-08-11T06:34:02.000Z</time><extensions/></trkpt><trkpt lat="43.02006279118359" lon="-1.3220246974378824"><ele>1059.5999755859375</ele><time>2026-08-11T06:34:06.000Z</time><extensions/></trkpt><trkpt lat="43.020020462572575" lon="-1.3220208417624235"><ele>1060.0</ele><time>2026-08-11T06:34:08.000Z</time><extensions/></trkpt><trkpt lat="43.019914934411645" lon="-1.3220044132322073"><ele>1060.800048828125</ele><time>2026-08-11T06:34:13.000Z</time><extensions/></trkpt><trkpt lat="43.01989573985338" lon="-1.321997120976448"><ele>1061.0</ele><time>2026-08-11T06:34:14.000Z</time><extensions/></trkpt><trkpt lat="43.01982960663736" lon="-1.3219315744936466"><ele>1062.199951171875</ele><time>2026-08-11T06:34:18.000Z</time><extensions/></trkpt><trkpt lat="43.01982038654387" lon="-1.3219124637544155"><ele>1062.4000244140625</ele><time>2026-08-11T06:34:19.000Z</time><extensions/></trkpt><trkpt lat="43.01982365548611" lon="-1.3218703027814627"><ele>1063.0</ele><time>2026-08-11T06:34:21.000Z</time><extensions/></trkpt><trkpt lat="43.01984712481499" lon="-1.3218393735587597"><ele>1063.4000244140625</ele><time>2026-08-11T06:34:23.000Z</time><extensions/></trkpt><trkpt lat="43.019954999908805" lon="-1.321775671094656"><ele>1063.199951171875</ele><time>2026-08-11T06:34:28.000Z</time><extensions/></trkpt><trkpt lat="43.02010511979461" lon="-1.321685230359435"><ele>1064.199951171875</ele><time>2026-08-11T06:34:35.000Z</time><extensions/></trkpt><trkpt lat="43.020122135058045" lon="-1.321660503745079"><ele>1064.4000244140625</ele><time>2026-08-11T06:34:36.000Z</time><extensions/></trkpt><trkpt lat="43.020208133384585" lon="-1.321533266454935"><ele>1065.5999755859375</ele><time>2026-08-11T06:34:41.000Z</time><extensions/></trkpt><trkpt lat="43.02024417556822" lon="-1.3214486092329025"><ele>1066.199951171875</ele><time>2026-08-11T06:34:44.000Z</time><extensions/></trkpt><trkpt lat="43.020263873040676" lon="-1.3213909417390823"><ele>1066.800048828125</ele><time>2026-08-11T06:34:46.000Z</time><extensions/></trkpt><trkpt lat="43.02032330073416" lon="-1.321302093565464"><ele>1067.5999755859375</ele><time>2026-08-11T06:34:50.000Z</time><extensions/></trkpt><trkpt lat="43.02035691216588" lon="-1.3212605193257332"><ele>1068.0</ele><time>2026-08-11T06:34:52.000Z</time><extensions/></trkpt><trkpt lat="43.0204095505178" lon="-1.3211601879447699"><ele>1068.5999755859375</ele><time>2026-08-11T06:34:56.000Z</time><extensions/></trkpt><trkpt lat="43.02044039592147" lon="-1.3211160991340876"><ele>1069.199951171875</ele><time>2026-08-11T06:34:58.000Z</time><extensions/></trkpt><trkpt lat="43.02050149999559" lon="-1.3210269156843424"><ele>1070.199951171875</ele><time>2026-08-11T06:35:02.000Z</time><extensions/></trkpt><trkpt lat="43.02053083665669" lon="-1.3209788035601377"><ele>1070.5999755859375</ele><time>2026-08-11T06:35:04.000Z</time><extensions/></trkpt><trkpt lat="43.020577523857355" lon="-1.3208449445664883"><ele>1071.4000244140625</ele><time>2026-08-11T06:35:09.000Z</time><extensions/></trkpt><trkpt lat="43.02059546113014" lon="-1.3207924738526344"><ele>1071.800048828125</ele><time>2026-08-11T06:35:11.000Z</time><extensions/></trkpt><trkpt lat="43.020627312362194" lon="-1.3207191321998835"><ele>1072.5999755859375</ele><time>2026-08-11T06:35:14.000Z</time><extensions/></trkpt><trkpt lat="43.02068615332246" lon="-1.3206006959080696"><ele>1073.5999755859375</ele><time>2026-08-11T06:35:19.000Z</time><extensions/></trkpt><trkpt lat="43.02069797180593" lon="-1.3205746281892061"><ele>1073.800048828125</ele><time>2026-08-11T06:35:20.000Z</time><extensions/></trkpt><trkpt lat="43.02077609114349" lon="-1.320478655397892"><ele>1074.800048828125</ele><time>2026-08-11T06:35:25.000Z</time><extensions/></trkpt><trkpt lat="43.020816911011934" lon="-1.3204516656696796"><ele>1075.0</ele><time>2026-08-11T06:35:27.000Z</time><extensions/></trkpt><trkpt lat="43.0209238640964" lon="-1.3203608058393002"><ele>1075.4000244140625</ele><time>2026-08-11T06:35:32.000Z</time><extensions/></trkpt><trkpt lat="43.020973820239305" lon="-1.3202396035194397"><ele>1075.5999755859375</ele><time>2026-08-11T06:35:36.000Z</time><extensions/></trkpt><trkpt lat="43.020974826067686" lon="-1.3202058244496584"><ele>1075.5999755859375</ele><time>2026-08-11T06:35:37.000Z</time><extensions/></trkpt><trkpt lat="43.02094188518822" lon="-1.3200870528817177"><ele>1076.0</ele><time>2026-08-11T06:35:41.000Z</time><extensions/></trkpt><trkpt lat="43.02092604339123" lon="-1.3200635835528374"><ele>1076.199951171875</ele><time>2026-08-11T06:35:42.000Z</time><extensions/></trkpt><trkpt lat="43.02085379138589" lon="-1.3199858833104372"><ele>1077.199951171875</ele><time>2026-08-11T06:35:46.000Z</time><extensions/></trkpt><trkpt lat="43.02079377695918" lon="-1.3199365977197886"><ele>1078.0</ele><time>2026-08-11T06:35:49.000Z</time><extensions/></trkpt><trkpt lat="43.02075823768973" lon="-1.3199006393551826"><ele>1078.4000244140625</ele><time>2026-08-11T06:35:51.000Z</time><extensions/></trkpt><trkpt lat="43.02067693322897" lon="-1.3197999726980925"><ele>1079.5999755859375</ele><time>2026-08-11T06:35:56.000Z</time><extensions/></trkpt><trkpt lat="43.02064382471144" lon="-1.3197594042867422"><ele>1080.0</ele><time>2026-08-11T06:35:58.000Z</time><extensions/></trkpt><trkpt lat="43.020603423938155" lon="-1.3196915946900845"><ele>1080.5999755859375</ele><time>2026-08-11T06:36:01.000Z</time><extensions/></trkpt><trkpt lat="43.02055246196687" lon="-1.3195985555648804"><ele>1081.4000244140625</ele><time>2026-08-11T06:36:05.000Z</time><extensions/></trkpt><trkpt lat="43.02053921855986" lon="-1.3195749185979366"><ele>1081.5999755859375</ele><time>2026-08-11T06:36:06.000Z</time><extensions/></trkpt><trkpt lat="43.020438300445676" lon="-1.3194159977138042"><ele>1082.800048828125</ele><time>2026-08-11T06:36:13.000Z</time><extensions/></trkpt><trkpt lat="43.02035347558558" lon="-1.3192668836563826"><ele>1084.5999755859375</ele><time>2026-08-11T06:36:20.000Z</time><extensions/></trkpt><trkpt lat="43.020333442837" lon="-1.3192177657037973"><ele>1085.0</ele><time>2026-08-11T06:36:22.000Z</time><extensions/></trkpt><trkpt lat="43.02030502818525" lon="-1.3191543146967888"><ele>1085.5999755859375</ele><time>2026-08-11T06:36:25.000Z</time><extensions/></trkpt><trkpt lat="43.020261861383915" lon="-1.3190369680523872"><ele>1086.800048828125</ele><time>2026-08-11T06:36:30.000Z</time><extensions/></trkpt><trkpt lat="43.020222801715136" lon="-1.318897157907486"><ele>1087.800048828125</ele><time>2026-08-11T06:36:36.000Z</time><extensions/></trkpt><trkpt lat="43.02021676674485" lon="-1.3188735209405422"><ele>1088.199951171875</ele><time>2026-08-11T06:36:37.000Z</time><extensions/></trkpt><trkpt lat="43.02018038928509" lon="-1.318700686097145"><ele>1089.199951171875</ele><time>2026-08-11T06:36:44.000Z</time><extensions/></trkpt><trkpt lat="43.02015943452716" lon="-1.3186587765812874"><ele>1089.5999755859375</ele><time>2026-08-11T06:36:46.000Z</time><extensions/></trkpt><trkpt lat="43.020071843639016" lon="-1.3184858579188585"><ele>1090.0</ele><time>2026-08-11T06:36:54.000Z</time><extensions/></trkpt><trkpt lat="43.02006161771715" lon="-1.3184658251702785"><ele>1090.4000244140625</ele><time>2026-08-11T06:36:55.000Z</time><extensions/></trkpt><trkpt lat="43.01999288611114" lon="-1.318350825458765"><ele>1091.4000244140625</ele><time>2026-08-11T06:37:01.000Z</time><extensions/></trkpt><trkpt lat="43.019978469237685" lon="-1.3183314632624388"><ele>1091.5999755859375</ele><time>2026-08-11T06:37:02.000Z</time><extensions/></trkpt><trkpt lat="43.0199137609452" lon="-1.318247728049755"><ele>1092.5999755859375</ele><time>2026-08-11T06:37:07.000Z</time><extensions/></trkpt><trkpt lat="43.01986816339195" lon="-1.3181999512016773"><ele>1093.199951171875</ele><time>2026-08-11T06:37:10.000Z</time><extensions/></trkpt><trkpt lat="43.019815776497126" lon="-1.318122586235404"><ele>1093.800048828125</ele><time>2026-08-11T06:37:14.000Z</time><extensions/></trkpt><trkpt lat="43.01979096606374" lon="-1.318094590678811"><ele>1094.199951171875</ele><time>2026-08-11T06:37:16.000Z</time><extensions/></trkpt><trkpt lat="43.01973195746541" lon="-1.318036587908864"><ele>1094.800048828125</ele><time>2026-08-11T06:37:20.000Z</time><extensions/></trkpt><trkpt lat="43.01967269740999" lon="-1.3179805967956781"><ele>1095.199951171875</ele><time>2026-08-11T06:37:24.000Z</time><extensions/></trkpt><trkpt lat="43.019554847851396" lon="-1.317882277071476"><ele>1095.800048828125</ele><time>2026-08-11T06:37:31.000Z</time><extensions/></trkpt><trkpt lat="43.01952048204839" lon="-1.3178550358861685"><ele>1095.800048828125</ele><time>2026-08-11T06:37:33.000Z</time><extensions/></trkpt><trkpt lat="43.01947429776192" lon="-1.3178006373345852"><ele>1096.0</ele><time>2026-08-11T06:37:36.000Z</time><extensions/></trkpt><trkpt lat="43.01945988088846" lon="-1.3177484180778265"><ele>1096.199951171875</ele><time>2026-08-11T06:37:38.000Z</time><extensions/></trkpt><trkpt lat="43.01948896609247" lon="-1.3176506850868464"><ele>1096.4000244140625</ele><time>2026-08-11T06:37:42.000Z</time><extensions/></trkpt><trkpt lat="43.01951008848846" lon="-1.3176406268030405"><ele>1096.5999755859375</ele><time>2026-08-11T06:37:43.000Z</time><extensions/></trkpt><trkpt lat="43.01957169547677" lon="-1.3176418002694845"><ele>1097.0</ele><time>2026-08-11T06:37:46.000Z</time><extensions/></trkpt><trkpt lat="43.01962969824672" lon="-1.317656384781003"><ele>1097.800048828125</ele><time>2026-08-11T06:37:49.000Z</time><extensions/></trkpt><trkpt lat="43.01964855752885" lon="-1.3176648505032063"><ele>1098.199951171875</ele><time>2026-08-11T06:37:50.000Z</time><extensions/></trkpt><trkpt lat="43.01970941014588" lon="-1.3177236914634705"><ele>1099.199951171875</ele><time>2026-08-11T06:37:54.000Z</time><extensions/></trkpt><trkpt lat="43.01972550339997" lon="-1.3177370186895132"><ele>1099.4000244140625</ele><time>2026-08-11T06:37:55.000Z</time><extensions/></trkpt><trkpt lat="43.01980337128043" lon="-1.317805079743266"><ele>1100.4000244140625</ele><time>2026-08-11T06:38:00.000Z</time><extensions/></trkpt><trkpt lat="43.01988844759762" lon="-1.3178701233118773"><ele>1101.0</ele><time>2026-08-11T06:38:05.000Z</time><extensions/></trkpt><trkpt lat="43.01993764936924" lon="-1.3179137092083693"><ele>1101.4000244140625</ele><time>2026-08-11T06:38:08.000Z</time><extensions/></trkpt><trkpt lat="43.02001870237291" lon="-1.31797824986279"><ele>1102.199951171875</ele><time>2026-08-11T06:38:13.000Z</time><extensions/></trkpt><trkpt lat="43.020053235813975" lon="-1.3180025573819876"><ele>1102.5999755859375</ele><time>2026-08-11T06:38:15.000Z</time><extensions/></trkpt><trkpt lat="43.02016840316355" lon="-1.3180883042514324"><ele>1103.5999755859375</ele><time>2026-08-11T06:38:22.000Z</time><extensions/></trkpt><trkpt lat="43.02018449641764" lon="-1.3180997874587774"><ele>1103.800048828125</ele><time>2026-08-11T06:38:23.000Z</time><extensions/></trkpt><trkpt lat="43.02028365433216" lon="-1.318195341154933"><ele>1104.5999755859375</ele><time>2026-08-11T06:38:29.000Z</time><extensions/></trkpt><trkpt lat="43.020395804196596" lon="-1.3182997796684504"><ele>1105.5999755859375</ele><time>2026-08-11T06:38:36.000Z</time><extensions/></trkpt><trkpt lat="43.02052094601095" lon="-1.3183604646474123"><ele>1106.800048828125</ele><time>2026-08-11T06:38:43.000Z</time><extensions/></trkpt><trkpt lat="43.02061599679291" lon="-1.318375300616026"><ele>1107.800048828125</ele><time>2026-08-11T06:38:48.000Z</time><extensions/></trkpt><trkpt lat="43.02063410170376" lon="-1.3183783181011677"><ele>1108.0</ele><time>2026-08-11T06:38:49.000Z</time><extensions/></trkpt><trkpt lat="43.02065237425268" lon="-1.3183797430247068"><ele>1108.199951171875</ele><time>2026-08-11T06:38:50.000Z</time><extensions/></trkpt><trkpt lat="43.020743653178215" lon="-1.3183787371963263"><ele>1109.0</ele><time>2026-08-11T06:38:55.000Z</time><extensions/></trkpt><trkpt lat="43.0207808688283" lon="-1.318383850157261"><ele>1109.4000244140625</ele><time>2026-08-11T06:38:57.000Z</time><extensions/></trkpt><trkpt lat="43.02085496485233" lon="-1.3183681759983301"><ele>1110.0</ele><time>2026-08-11T06:39:01.000Z</time><extensions/></trkpt><trkpt lat="43.02091238088906" lon="-1.3183459639549255"><ele>1110.4000244140625</ele><time>2026-08-11T06:39:04.000Z</time><extensions/></trkpt><trkpt lat="43.02095018327236" lon="-1.3182876259088516"><ele>1111.0</ele><time>2026-08-11T06:39:07.000Z</time><extensions/></trkpt><trkpt lat="43.02094867452979" lon="-1.3182346522808075"><ele>1111.5999755859375</ele><time>2026-08-11T06:39:09.000Z</time><extensions/></trkpt><trkpt lat="43.02093895152211" lon="-1.3182089198380709"><ele>1111.5999755859375</ele><time>2026-08-11T06:39:10.000Z</time><extensions/></trkpt><trkpt lat="43.02089192904532" lon="-1.3181677646934986"><ele>1112.199951171875</ele><time>2026-08-11T06:39:13.000Z</time><extensions/></trkpt><trkpt lat="43.020761590451" lon="-1.3181556109338999"><ele>1113.199951171875</ele><time>2026-08-11T06:39:20.000Z</time><extensions/></trkpt><trkpt lat="43.02064323797822" lon="-1.3181136175990105"><ele>1113.199951171875</ele><time>2026-08-11T06:39:26.000Z</time><extensions/></trkpt><trkpt lat="43.02062571980059" lon="-1.3181010447442532"><ele>1113.4000244140625</ele><time>2026-08-11T06:39:27.000Z</time><extensions/></trkpt><trkpt lat="43.02049286663532" lon="-1.3179475720971823"><ele>1114.4000244140625</ele><time>2026-08-11T06:39:35.000Z</time><extensions/></trkpt><trkpt lat="43.02038390189409" lon="-1.3177929259836674"><ele>1115.199951171875</ele><time>2026-08-11T06:39:42.000Z</time><extensions/></trkpt><trkpt lat="43.02024652250111" lon="-1.3175821211189032"><ele>1114.800048828125</ele><time>2026-08-11T06:39:50.000Z</time><extensions/></trkpt><trkpt lat="43.02025197073817" lon="-1.3174226135015488"><ele>1114.800048828125</ele><time>2026-08-11T06:39:54.000Z</time><extensions/></trkpt><trkpt lat="43.02029731683433" lon="-1.3173349387943745"><ele>1115.4000244140625</ele><time>2026-08-11T06:39:57.000Z</time><extensions/></trkpt><trkpt lat="43.020349368453026" lon="-1.3172606751322746"><ele>1116.0</ele><time>2026-08-11T06:40:00.000Z</time><extensions/></trkpt><trkpt lat="43.020387422293425" lon="-1.3172182627022266"><ele>1116.4000244140625</ele><time>2026-08-11T06:40:02.000Z</time><extensions/></trkpt><trkpt lat="43.0204766895622" lon="-1.317119523882866"><ele>1117.4000244140625</ele><time>2026-08-11T06:40:07.000Z</time><extensions/></trkpt><trkpt lat="43.02049420773983" lon="-1.317102089524269"><ele>1117.5999755859375</ele><time>2026-08-11T06:40:08.000Z</time><extensions/></trkpt><trkpt lat="43.020578445866704" lon="-1.3170213717967272"><ele>1118.800048828125</ele><time>2026-08-11T06:40:13.000Z</time><extensions/></trkpt><trkpt lat="43.020619014278054" lon="-1.3169970642775297"><ele>1119.4000244140625</ele><time>2026-08-11T06:40:15.000Z</time><extensions/></trkpt><trkpt lat="43.02070048637688" lon="-1.3169587589800358"><ele>1120.0</ele><time>2026-08-11T06:40:19.000Z</time><extensions/></trkpt><trkpt lat="43.02075899206102" lon="-1.3169349543750286"><ele>1120.4000244140625</ele><time>2026-08-11T06:40:22.000Z</time><extensions/></trkpt><trkpt lat="43.02084105089307" lon="-1.3169103115797043"><ele>1121.0</ele><time>2026-08-11T06:40:26.000Z</time><extensions/></trkpt><trkpt lat="43.02090223878622" lon="-1.316897738724947"><ele>1121.4000244140625</ele><time>2026-08-11T06:40:29.000Z</time><extensions/></trkpt><trkpt lat="43.02102922461927" lon="-1.3168743532150984"><ele>1122.0</ele><time>2026-08-11T06:40:35.000Z</time><extensions/></trkpt><trkpt lat="43.02105084992945" lon="-1.316872425377369"><ele>1122.199951171875</ele><time>2026-08-11T06:40:36.000Z</time><extensions/></trkpt><trkpt lat="43.02107071503997" lon="-1.3168683182448149"><ele>1122.4000244140625</ele><time>2026-08-11T06:40:37.000Z</time><extensions/></trkpt><trkpt lat="43.02116953767836" lon="-1.3168607745319605"><ele>1123.0</ele><time>2026-08-11T06:40:42.000Z</time><extensions/></trkpt><trkpt lat="43.021226366981864" lon="-1.3168544042855501"><ele>1123.4000244140625</ele><time>2026-08-11T06:40:45.000Z</time><extensions/></trkpt><trkpt lat="43.02139660343528" lon="-1.3168186135590076"><ele>1123.5999755859375</ele><time>2026-08-11T06:40:52.000Z</time><extensions/></trkpt><trkpt lat="43.02162484265864" lon="-1.3167726807296276"><ele>1124.199951171875</ele><time>2026-08-11T06:41:01.000Z</time><extensions/></trkpt><trkpt lat="43.021818716079" lon="-1.316729011014104"><ele>1125.199951171875</ele><time>2026-08-11T06:41:09.000Z</time><extensions/></trkpt><trkpt lat="43.02184084430337" lon="-1.316724568605423"><ele>1125.4000244140625</ele><time>2026-08-11T06:41:10.000Z</time><extensions/></trkpt><trkpt lat="43.02196347154677" lon="-1.316700680181384"><ele>1125.800048828125</ele><time>2026-08-11T06:41:15.000Z</time><extensions/></trkpt><trkpt lat="43.0220568459481" lon="-1.3166731037199497"><ele>1126.4000244140625</ele><time>2026-08-11T06:41:19.000Z</time><extensions/></trkpt><trkpt lat="43.02210822701454" lon="-1.3166498858481646"><ele>1126.5999755859375</ele><time>2026-08-11T06:41:21.000Z</time><extensions/></trkpt><trkpt lat="43.02228642627597" lon="-1.3165726885199547"><ele>1127.4000244140625</ele><time>2026-08-11T06:41:29.000Z</time><extensions/></trkpt><trkpt lat="43.02245113067329" lon="-1.316516362130642"><ele>1128.5999755859375</ele><time>2026-08-11T06:41:36.000Z</time><extensions/></trkpt><trkpt lat="43.02259152755141" lon="-1.3164770510047674"><ele>1129.5999755859375</ele><time>2026-08-11T06:41:42.000Z</time><extensions/></trkpt><trkpt lat="43.022611225023866" lon="-1.316471016034484"><ele>1129.800048828125</ele><time>2026-08-11T06:41:43.000Z</time><extensions/></trkpt><trkpt lat="43.02269839681685" lon="-1.3164349738508463"><ele>1130.5999755859375</ele><time>2026-08-11T06:41:47.000Z</time><extensions/></trkpt><trkpt lat="43.0227632727474" lon="-1.3164074812084436"><ele>1131.0</ele><time>2026-08-11T06:41:50.000Z</time><extensions/></trkpt><trkpt lat="43.02283124998212" lon="-1.316354675218463"><ele>1131.800048828125</ele><time>2026-08-11T06:41:54.000Z</time><extensions/></trkpt><trkpt lat="43.022871566936374" lon="-1.31630664691329"><ele>1132.4000244140625</ele><time>2026-08-11T06:41:57.000Z</time><extensions/></trkpt><trkpt lat="43.02291674539447" lon="-1.3162609655410051"><ele>1133.0</ele><time>2026-08-11T06:42:00.000Z</time><extensions/></trkpt><trkpt lat="43.02297927439213" lon="-1.3162108417600393"><ele>1134.199951171875</ele><time>2026-08-11T06:42:04.000Z</time><extensions/></trkpt><trkpt lat="43.02299553528428" lon="-1.3161992747336626"><ele>1134.5999755859375</ele><time>2026-08-11T06:42:05.000Z</time><extensions/></trkpt><trkpt lat="43.02304322831333" lon="-1.3161653280258179"><ele>1135.4000244140625</ele><time>2026-08-11T06:42:08.000Z</time><extensions/></trkpt><trkpt lat="43.02309712395072" lon="-1.316099613904953"><ele>1136.4000244140625</ele><time>2026-08-11T06:42:12.000Z</time><extensions/></trkpt><trkpt lat="43.023107601329684" lon="-1.3160809222608805"><ele>1136.5999755859375</ele><time>2026-08-11T06:42:13.000Z</time><extensions/></trkpt><trkpt lat="43.02313827909529" lon="-1.3160273618996143"><ele>1137.800048828125</ele><time>2026-08-11T06:42:16.000Z</time><extensions/></trkpt><trkpt lat="43.02316417917609" lon="-1.3159602228552103"><ele>1138.4000244140625</ele><time>2026-08-11T06:42:19.000Z</time><extensions/></trkpt><trkpt lat="43.0231774225831" lon="-1.3158665131777525"><ele>1138.800048828125</ele><time>2026-08-11T06:42:23.000Z</time><extensions/></trkpt><trkpt lat="43.023178009316325" lon="-1.3157982006669044"><ele>1139.5999755859375</ele><time>2026-08-11T06:42:26.000Z</time><extensions/></trkpt><trkpt lat="43.02317960187793" lon="-1.3157543633133173"><ele>1140.0</ele><time>2026-08-11T06:42:28.000Z</time><extensions/></trkpt><trkpt lat="43.023181948810816" lon="-1.3156866375356913"><ele>1140.5999755859375</ele><time>2026-08-11T06:42:31.000Z</time><extensions/></trkpt><trkpt lat="43.02318471483886" lon="-1.3156402856111526"><ele>1141.0</ele><time>2026-08-11T06:42:33.000Z</time><extensions/></trkpt><trkpt lat="43.02319108508527" lon="-1.3155925925821066"><ele>1141.4000244140625</ele><time>2026-08-11T06:42:35.000Z</time><extensions/></trkpt><trkpt lat="43.02318513393402" lon="-1.315498799085617"><ele>1142.199951171875</ele><time>2026-08-11T06:42:39.000Z</time><extensions/></trkpt><trkpt lat="43.023187229409814" lon="-1.315435180440545"><ele>1142.800048828125</ele><time>2026-08-11T06:42:42.000Z</time><extensions/></trkpt><trkpt lat="43.02319192327559" lon="-1.3153899181634188"><ele>1143.199951171875</ele><time>2026-08-11T06:42:44.000Z</time><extensions/></trkpt><trkpt lat="43.0232017301023" lon="-1.3152781873941422"><ele>1144.4000244140625</ele><time>2026-08-11T06:42:49.000Z</time><extensions/></trkpt><trkpt lat="43.02320399321616" lon="-1.3152553047984838"><ele>1144.5999755859375</ele><time>2026-08-11T06:42:50.000Z</time><extensions/></trkpt><trkpt lat="43.02321815863252" lon="-1.3151721563190222"><ele>1145.4000244140625</ele><time>2026-08-11T06:42:54.000Z</time><extensions/></trkpt><trkpt lat="43.02323089912534" lon="-1.3151095435023308"><ele>1146.0</ele><time>2026-08-11T06:42:57.000Z</time><extensions/></trkpt><trkpt lat="43.023236598819494" lon="-1.315068555995822"><ele>1146.4000244140625</ele><time>2026-08-11T06:42:59.000Z</time><extensions/></trkpt><trkpt lat="43.02324095740914" lon="-1.3150476850569248"><ele>1146.5999755859375</ele><time>2026-08-11T06:43:00.000Z</time><extensions/></trkpt><trkpt lat="43.023262582719326" lon="-1.3149376306682825"><ele>1147.800048828125</ele><time>2026-08-11T06:43:05.000Z</time><extensions/></trkpt><trkpt lat="43.02327264100313" lon="-1.3148742634803057"><ele>1148.4000244140625</ele><time>2026-08-11T06:43:08.000Z</time><extensions/></trkpt><trkpt lat="43.023277167230844" lon="-1.3148144166916609"><ele>1148.800048828125</ele><time>2026-08-11T06:43:11.000Z</time><extensions/></trkpt><trkpt lat="43.023293344303966" lon="-1.314729005098343"><ele>1149.4000244140625</ele><time>2026-08-11T06:43:15.000Z</time><extensions/></trkpt><trkpt lat="43.02330415695906" lon="-1.3146870955824852"><ele>1149.800048828125</ele><time>2026-08-11T06:43:17.000Z</time><extensions/></trkpt><trkpt lat="43.02332762628794" lon="-1.3145532365888357"><ele>1151.0</ele><time>2026-08-11T06:43:23.000Z</time><extensions/></trkpt><trkpt lat="43.02333709783852" lon="-1.3143638893961906"><ele>1151.800048828125</ele><time>2026-08-11T06:43:31.000Z</time><extensions/></trkpt><trkpt lat="43.02333567291498" lon="-1.3143394142389297"><ele>1152.0</ele><time>2026-08-11T06:43:32.000Z</time><extensions/></trkpt><trkpt lat="43.02334195934236" lon="-1.3141944073140621"><ele>1153.0</ele><time>2026-08-11T06:43:38.000Z</time><extensions/></trkpt><trkpt lat="43.02334397099912" lon="-1.3141718599945307"><ele>1153.199951171875</ele><time>2026-08-11T06:43:39.000Z</time><extensions/></trkpt><trkpt lat="43.023365596309304" lon="-1.3140750490128994"><ele>1154.0</ele><time>2026-08-11T06:43:43.000Z</time><extensions/></trkpt><trkpt lat="43.023400884121656" lon="-1.3139883801341057"><ele>1155.0</ele><time>2026-08-11T06:43:47.000Z</time><extensions/></trkpt><trkpt lat="43.02340934984386" lon="-1.3139686826616526"><ele>1155.199951171875</ele><time>2026-08-11T06:43:48.000Z</time><extensions/></trkpt><trkpt lat="43.023468190804124" lon="-1.3138852827250957"><ele>1156.4000244140625</ele><time>2026-08-11T06:43:53.000Z</time><extensions/></trkpt><trkpt lat="43.02348059602082" lon="-1.3138702791184187"><ele>1156.5999755859375</ele><time>2026-08-11T06:43:54.000Z</time><extensions/></trkpt><trkpt lat="43.02351672202349" lon="-1.3138216640800238"><ele>1157.4000244140625</ele><time>2026-08-11T06:43:57.000Z</time><extensions/></trkpt><trkpt lat="43.02355309948325" lon="-1.313770031556487"><ele>1158.0</ele><time>2026-08-11T06:44:00.000Z</time><extensions/></trkpt><trkpt lat="43.023583106696606" lon="-1.3137427065521479"><ele>1158.5999755859375</ele><time>2026-08-11T06:44:02.000Z</time><extensions/></trkpt><trkpt lat="43.023637756705284" lon="-1.3137189857661724"><ele>1159.800048828125</ele><time>2026-08-11T06:44:05.000Z</time><extensions/></trkpt><trkpt lat="43.023669524118304" lon="-1.3137136213481426"><ele>1160.4000244140625</ele><time>2026-08-11T06:44:07.000Z</time><extensions/></trkpt><trkpt lat="43.023706153035164" lon="-1.3136984501034021"><ele>1161.0</ele><time>2026-08-11T06:44:09.000Z</time><extensions/></trkpt><trkpt lat="43.0237577855587" lon="-1.3136848714202642"><ele>1162.0</ele><time>2026-08-11T06:44:12.000Z</time><extensions/></trkpt><trkpt lat="43.023774130269885" lon="-1.313683446496725"><ele>1162.199951171875</ele><time>2026-08-11T06:44:13.000Z</time><extensions/></trkpt><trkpt lat="43.02384571172297" lon="-1.3136919122189283"><ele>1163.4000244140625</ele><time>2026-08-11T06:44:17.000Z</time><extensions/></trkpt><trkpt lat="43.02388049662113" lon="-1.3136821892112494"><ele>1163.800048828125</ele><time>2026-08-11T06:44:19.000Z</time><extensions/></trkpt><trkpt lat="43.02391033619642" lon="-1.313662827014923"><ele>1164.4000244140625</ele><time>2026-08-11T06:44:21.000Z</time><extensions/></trkpt><trkpt lat="43.02398007363081" lon="-1.3136333227157593"><ele>1165.5999755859375</ele><time>2026-08-11T06:44:25.000Z</time><extensions/></trkpt><trkpt lat="43.02410370670259" lon="-1.3135467376559973"><ele>1166.5999755859375</ele><time>2026-08-11T06:44:32.000Z</time><extensions/></trkpt><trkpt lat="43.02413882687688" lon="-1.3135178200900555"><ele>1167.0</ele><time>2026-08-11T06:44:34.000Z</time><extensions/></trkpt><trkpt lat="43.0242258310318" lon="-1.3134326599538326"><ele>1167.800048828125</ele><time>2026-08-11T06:44:39.000Z</time><extensions/></trkpt><trkpt lat="43.02428944967687" lon="-1.3133544567972422"><ele>1168.5999755859375</ele><time>2026-08-11T06:44:43.000Z</time><extensions/></trkpt><trkpt lat="43.02433563396335" lon="-1.313291760161519"><ele>1169.0</ele><time>2026-08-11T06:44:46.000Z</time><extensions/></trkpt><trkpt lat="43.02439212799072" lon="-1.313206097111106"><ele>1170.199951171875</ele><time>2026-08-11T06:44:50.000Z</time><extensions/></trkpt><trkpt lat="43.02445172332227" lon="-1.3131019938737154"><ele>1171.199951171875</ele><time>2026-08-11T06:44:55.000Z</time><extensions/></trkpt><trkpt lat="43.024464547634125" lon="-1.3130743335932493"><ele>1171.4000244140625</ele><time>2026-08-11T06:44:56.000Z</time><extensions/></trkpt><trkpt lat="43.024488436058164" lon="-1.312999315559864"><ele>1172.199951171875</ele><time>2026-08-11T06:44:59.000Z</time><extensions/></trkpt><trkpt lat="43.02453177049756" lon="-1.3129241298884153"><ele>1173.0</ele><time>2026-08-11T06:45:02.000Z</time><extensions/></trkpt><trkpt lat="43.024566639214754" lon="-1.312882974743843"><ele>1173.4000244140625</ele><time>2026-08-11T06:45:04.000Z</time><extensions/></trkpt><trkpt lat="43.02460226230323" lon="-1.3128696475178003"><ele>1174.0</ele><time>2026-08-11T06:45:06.000Z</time><extensions/></trkpt><trkpt lat="43.02461718209088" lon="-1.3128832262009382"><ele>1174.4000244140625</ele><time>2026-08-11T06:45:07.000Z</time><extensions/></trkpt><trkpt lat="43.02462841384113" lon="-1.312904767692089"><ele>1174.800048828125</ele><time>2026-08-11T06:45:08.000Z</time><extensions/></trkpt><trkpt lat="43.02464911714196" lon="-1.3129806239157915"><ele>1176.199951171875</ele><time>2026-08-11T06:45:11.000Z</time><extensions/></trkpt><trkpt lat="43.02465087734163" lon="-1.3130097091197968"><ele>1176.4000244140625</ele><time>2026-08-11T06:45:12.000Z</time><extensions/></trkpt><trkpt lat="43.0246486980468" lon="-1.3131015747785568"><ele>1177.4000244140625</ele><time>2026-08-11T06:45:15.000Z</time><extensions/></trkpt><trkpt lat="43.024633359164" lon="-1.313224621117115"><ele>1178.199951171875</ele><time>2026-08-11T06:45:19.000Z</time><extensions/></trkpt><trkpt lat="43.02463486790657" lon="-1.3132563885301352"><ele>1178.4000244140625</ele><time>2026-08-11T06:45:20.000Z</time><extensions/></trkpt><trkpt lat="43.02463687956333" lon="-1.3134047482162714"><ele>1179.4000244140625</ele><time>2026-08-11T06:45:25.000Z</time><extensions/></trkpt><trkpt lat="43.0246246419847" lon="-1.3136147987097502"><ele>1180.199951171875</ele><time>2026-08-11T06:45:32.000Z</time><extensions/></trkpt><trkpt lat="43.02461584098637" lon="-1.3136969413608313"><ele>1180.4000244140625</ele><time>2026-08-11T06:45:35.000Z</time><extensions/></trkpt><trkpt lat="43.02462296560407" lon="-1.3138522580265999"><ele>1181.0</ele><time>2026-08-11T06:45:40.000Z</time><extensions/></trkpt><trkpt lat="43.024673005566" lon="-1.3139103446155787"><ele>1181.4000244140625</ele><time>2026-08-11T06:45:43.000Z</time><extensions/></trkpt><trkpt lat="43.02469312213361" lon="-1.3139179721474648"><ele>1181.5999755859375</ele><time>2026-08-11T06:45:44.000Z</time><extensions/></trkpt><trkpt lat="43.02480032667518" lon="-1.313878409564495"><ele>1182.4000244140625</ele><time>2026-08-11T06:45:50.000Z</time><extensions/></trkpt><trkpt lat="43.024848187342286" lon="-1.3138043135404587"><ele>1183.800048828125</ele><time>2026-08-11T06:45:54.000Z</time><extensions/></trkpt><trkpt lat="43.02485967054963" lon="-1.3137621525675058"><ele>1184.4000244140625</ele><time>2026-08-11T06:45:56.000Z</time><extensions/></trkpt><trkpt lat="43.02486930973828" lon="-1.3137097656726837"><ele>1184.800048828125</ele><time>2026-08-11T06:45:58.000Z</time><extensions/></trkpt><trkpt lat="43.02488850429654" lon="-1.3136061653494835"><ele>1185.800048828125</ele><time>2026-08-11T06:46:02.000Z</time><extensions/></trkpt><trkpt lat="43.02489956840873" lon="-1.3134789280593395"><ele>1186.800048828125</ele><time>2026-08-11T06:46:08.000Z</time><extensions/></trkpt><trkpt lat="43.02490895614028" lon="-1.3133848831057549"><ele>1187.4000244140625</ele><time>2026-08-11T06:46:12.000Z</time><extensions/></trkpt><trkpt lat="43.02491499111056" lon="-1.3133102003484964"><ele>1188.0</ele><time>2026-08-11T06:46:15.000Z</time><extensions/></trkpt><trkpt lat="43.02494013682008" lon="-1.3131280615925789"><ele>1189.0</ele><time>2026-08-11T06:46:23.000Z</time><extensions/></trkpt><trkpt lat="43.024958493188024" lon="-1.3129874970763922"><ele>1190.199951171875</ele><time>2026-08-11T06:46:29.000Z</time><extensions/></trkpt><trkpt lat="43.024966875091195" lon="-1.3129387982189655"><ele>1190.5999755859375</ele><time>2026-08-11T06:46:31.000Z</time><extensions/></trkpt><trkpt lat="43.02497332915664" lon="-1.3128418195992708"><ele>1191.4000244140625</ele><time>2026-08-11T06:46:35.000Z</time><extensions/></trkpt><trkpt lat="43.02498615346849" lon="-1.3127747643738985"><ele>1192.199951171875</ele><time>2026-08-11T06:46:38.000Z</time><extensions/></trkpt><trkpt lat="43.02498699165881" lon="-1.3127564918249846"><ele>1192.4000244140625</ele><time>2026-08-11T06:46:39.000Z</time><extensions/></trkpt><trkpt lat="43.025001995265484" lon="-1.31264241412282"><ele>1193.0</ele><time>2026-08-11T06:46:44.000Z</time><extensions/></trkpt><trkpt lat="43.025010377168655" lon="-1.3126012589782476"><ele>1193.5999755859375</ele><time>2026-08-11T06:46:46.000Z</time><extensions/></trkpt><trkpt lat="43.02500928752124" lon="-1.3124840799719095"><ele>1194.199951171875</ele><time>2026-08-11T06:46:51.000Z</time><extensions/></trkpt><trkpt lat="43.025011885911226" lon="-1.3124409969896078"><ele>1194.5999755859375</ele><time>2026-08-11T06:46:53.000Z</time><extensions/></trkpt><trkpt lat="43.02502722479403" lon="-1.312355501577258"><ele>1195.5999755859375</ele><time>2026-08-11T06:46:57.000Z</time><extensions/></trkpt><trkpt lat="43.02504155784845" lon="-1.3122460339218378"><ele>1196.800048828125</ele><time>2026-08-11T06:47:02.000Z</time><extensions/></trkpt><trkpt lat="43.025041641667485" lon="-1.312220972031355"><ele>1197.0</ele><time>2026-08-11T06:47:03.000Z</time><extensions/></trkpt><trkpt lat="43.02504424005747" lon="-1.3121076487004757"><ele>1198.0</ele><time>2026-08-11T06:47:08.000Z</time><extensions/></trkpt><trkpt lat="43.02504532970488" lon="-1.3120623864233494"><ele>1198.5999755859375</ele><time>2026-08-11T06:47:10.000Z</time><extensions/></trkpt><trkpt lat="43.02504139021039" lon="-1.3120435271412134"><ele>1199.0</ele><time>2026-08-11T06:47:11.000Z</time><extensions/></trkpt><trkpt lat="43.02503610961139" lon="-1.3120220694690943"><ele>1199.199951171875</ele><time>2026-08-11T06:47:12.000Z</time><extensions/></trkpt><trkpt lat="43.0250200163573" lon="-1.3119072373956442"><ele>1200.199951171875</ele><time>2026-08-11T06:47:17.000Z</time><extensions/></trkpt><trkpt lat="43.02501859143376" lon="-1.3118820916861296"><ele>1200.199951171875</ele><time>2026-08-11T06:47:18.000Z</time><extensions/></trkpt><trkpt lat="43.02501121535897" lon="-1.3117449637502432"><ele>1201.4000244140625</ele><time>2026-08-11T06:47:24.000Z</time><extensions/></trkpt><trkpt lat="43.025009874254465" lon="-1.3116153795272112"><ele>1202.4000244140625</ele><time>2026-08-11T06:47:29.000Z</time><extensions/></trkpt><trkpt lat="43.025008449330926" lon="-1.311543881893158"><ele>1203.0</ele><time>2026-08-11T06:47:32.000Z</time><extensions/></trkpt><trkpt lat="43.025008952245116" lon="-1.3114722166210413"><ele>1203.5999755859375</ele><time>2026-08-11T06:47:35.000Z</time><extensions/></trkpt><trkpt lat="43.025011382997036" lon="-1.3113865535706282"><ele>1204.5999755859375</ele><time>2026-08-11T06:47:39.000Z</time><extensions/></trkpt><trkpt lat="43.02501272410154" lon="-1.3113634195178747"><ele>1205.0</ele><time>2026-08-11T06:47:40.000Z</time><extensions/></trkpt><trkpt lat="43.02501171827316" lon="-1.3112937659025192"><ele>1205.5999755859375</ele><time>2026-08-11T06:47:43.000Z</time><extensions/></trkpt><trkpt lat="43.02501255646348" lon="-1.311268536373973"><ele>1205.800048828125</ele><time>2026-08-11T06:47:44.000Z</time><extensions/></trkpt><trkpt lat="43.0250200163573" lon="-1.3111930154263973"><ele>1206.800048828125</ele><time>2026-08-11T06:47:47.000Z</time><extensions/></trkpt><trkpt lat="43.02502135746181" lon="-1.311167785897851"><ele>1207.0</ele><time>2026-08-11T06:47:48.000Z</time><extensions/></trkpt><trkpt lat="43.02502077072859" lon="-1.3110596593469381"><ele>1208.199951171875</ele><time>2026-08-11T06:47:52.000Z</time><extensions/></trkpt><trkpt lat="43.02501884289086" lon="-1.3109824620187283"><ele>1208.800048828125</ele><time>2026-08-11T06:47:55.000Z</time><extensions/></trkpt><trkpt lat="43.02501942962408" lon="-1.3109329249709845"><ele>1209.4000244140625</ele><time>2026-08-11T06:47:57.000Z</time><extensions/></trkpt><trkpt lat="43.02501649595797" lon="-1.310838544741273"><ele>1210.5999755859375</ele><time>2026-08-11T06:48:01.000Z</time><extensions/></trkpt><trkpt lat="43.02501607686281" lon="-1.3107903487980366"><ele>1211.199951171875</ele><time>2026-08-11T06:48:03.000Z</time><extensions/></trkpt><trkpt lat="43.02501632831991" lon="-1.3107652869075537"><ele>1211.5999755859375</ele><time>2026-08-11T06:48:04.000Z</time><extensions/></trkpt><trkpt lat="43.025016160681844" lon="-1.3106693141162395"><ele>1212.800048828125</ele><time>2026-08-11T06:48:08.000Z</time><extensions/></trkpt><trkpt lat="43.02501599304378" lon="-1.3106195256114006"><ele>1213.199951171875</ele><time>2026-08-11T06:48:10.000Z</time><extensions/></trkpt><trkpt lat="43.02501305937767" lon="-1.3105419091880322"><ele>1213.800048828125</ele><time>2026-08-11T06:48:13.000Z</time><extensions/></trkpt><trkpt lat="43.02500509656966" lon="-1.3104446791112423"><ele>1215.0</ele><time>2026-08-11T06:48:17.000Z</time><extensions/></trkpt><trkpt lat="43.02500459365547" lon="-1.3103719241917133"><ele>1215.5999755859375</ele><time>2026-08-11T06:48:20.000Z</time><extensions/></trkpt><trkpt lat="43.02499998360872" lon="-1.3102974090725183"><ele>1216.199951171875</ele><time>2026-08-11T06:48:23.000Z</time><extensions/></trkpt><trkpt lat="43.02500618621707" lon="-1.3102214690297842"><ele>1216.800048828125</ele><time>2026-08-11T06:48:26.000Z</time><extensions/></trkpt><trkpt lat="43.02500962279737" lon="-1.310199424624443"><ele>1217.199951171875</ele><time>2026-08-11T06:48:27.000Z</time><extensions/></trkpt><trkpt lat="43.025022111833096" lon="-1.3100534118711948"><ele>1218.199951171875</ele><time>2026-08-11T06:48:33.000Z</time><extensions/></trkpt><trkpt lat="43.025025967508554" lon="-1.3100294396281242"><ele>1218.4000244140625</ele><time>2026-08-11T06:48:34.000Z</time><extensions/></trkpt><trkpt lat="43.02505211904645" lon="-1.3099121768027544"><ele>1219.5999755859375</ele><time>2026-08-11T06:48:39.000Z</time><extensions/></trkpt><trkpt lat="43.025067960843444" lon="-1.309868087992072"><ele>1219.800048828125</ele><time>2026-08-11T06:48:41.000Z</time><extensions/></trkpt><trkpt lat="43.025094447657466" lon="-1.3097752165049314"><ele>1220.800048828125</ele><time>2026-08-11T06:48:45.000Z</time><extensions/></trkpt><trkpt lat="43.02512051537633" lon="-1.3096608873456717"><ele>1221.800048828125</ele><time>2026-08-11T06:48:50.000Z</time><extensions/></trkpt><trkpt lat="43.02512688562274" lon="-1.3096358254551888"><ele>1221.800048828125</ele><time>2026-08-11T06:48:51.000Z</time><extensions/></trkpt><trkpt lat="43.02516175433993" lon="-1.3095230888575315"><ele>1223.0</ele><time>2026-08-11T06:48:56.000Z</time><extensions/></trkpt><trkpt lat="43.02519486285746" lon="-1.3094145432114601"><ele>1224.0</ele><time>2026-08-11T06:49:01.000Z</time><extensions/></trkpt><trkpt lat="43.02522084675729" lon="-1.3093480747193098"><ele>1224.5999755859375</ele><time>2026-08-11T06:49:04.000Z</time><extensions/></trkpt><trkpt lat="43.0252377782017" lon="-1.3093002140522003"><ele>1225.199951171875</ele><time>2026-08-11T06:49:06.000Z</time><extensions/></trkpt><trkpt lat="43.025257559493184" lon="-1.3092566281557083"><ele>1225.5999755859375</ele><time>2026-08-11T06:49:08.000Z</time><extensions/></trkpt><trkpt lat="43.025283543393016" lon="-1.3091832865029573"><ele>1226.4000244140625</ele><time>2026-08-11T06:49:11.000Z</time><extensions/></trkpt><trkpt lat="43.02529024891555" lon="-1.3091588951647282"><ele>1226.5999755859375</ele><time>2026-08-11T06:49:12.000Z</time><extensions/></trkpt><trkpt lat="43.025325452908874" lon="-1.3090692088007927"><ele>1227.5999755859375</ele><time>2026-08-11T06:49:16.000Z</time><extensions/></trkpt><trkpt lat="43.025345066562295" lon="-1.308999639004469"><ele>1228.4000244140625</ele><time>2026-08-11T06:49:19.000Z</time><extensions/></trkpt><trkpt lat="43.0253498442471" lon="-1.308977259323001"><ele>1228.5999755859375</ele><time>2026-08-11T06:49:20.000Z</time><extensions/></trkpt><trkpt lat="43.02536082454026" lon="-1.3088448252528906"><ele>1229.5999755859375</ele><time>2026-08-11T06:49:25.000Z</time><extensions/></trkpt><trkpt lat="43.02535261027515" lon="-1.3087137322872877"><ele>1230.800048828125</ele><time>2026-08-11T06:49:30.000Z</time><extensions/></trkpt><trkpt lat="43.02534741349518" lon="-1.3086896762251854"><ele>1231.0</ele><time>2026-08-11T06:49:31.000Z</time><extensions/></trkpt><trkpt lat="43.025338277220726" lon="-1.3086403906345367"><ele>1231.199951171875</ele><time>2026-08-11T06:49:33.000Z</time><extensions/></trkpt><trkpt lat="43.02531656809151" lon="-1.3085371255874634"><ele>1232.0</ele><time>2026-08-11T06:49:37.000Z</time><extensions/></trkpt><trkpt lat="43.02529150620103" lon="-1.3084180187433958"><ele>1232.5999755859375</ele><time>2026-08-11T06:49:42.000Z</time><extensions/></trkpt><trkpt lat="43.02526761777699" lon="-1.30834492854774"><ele>1233.199951171875</ele><time>2026-08-11T06:49:45.000Z</time><extensions/></trkpt><trkpt lat="43.02522654645145" lon="-1.3082352094352245"><ele>1234.199951171875</ele><time>2026-08-11T06:49:50.000Z</time><extensions/></trkpt><trkpt lat="43.02521439269185" lon="-1.3082127459347248"><ele>1234.4000244140625</ele><time>2026-08-11T06:49:51.000Z</time><extensions/></trkpt><trkpt lat="43.025140799582005" lon="-1.3080996740609407"><ele>1235.4000244140625</ele><time>2026-08-11T06:49:57.000Z</time><extensions/></trkpt><trkpt lat="43.025117330253124" lon="-1.3080615364015102"><ele>1235.800048828125</ele><time>2026-08-11T06:49:59.000Z</time><extensions/></trkpt><trkpt lat="43.02509117871523" lon="-1.3079961575567722"><ele>1236.5999755859375</ele><time>2026-08-11T06:50:02.000Z</time><extensions/></trkpt><trkpt lat="43.0250908434391" lon="-1.3079727720469236"><ele>1237.0</ele><time>2026-08-11T06:50:03.000Z</time><extensions/></trkpt><trkpt lat="43.025111462920904" lon="-1.3079384062439203"><ele>1237.5999755859375</ele><time>2026-08-11T06:50:05.000Z</time><extensions/></trkpt><trkpt lat="43.02512780763209" lon="-1.3079242408275604"><ele>1237.800048828125</ele><time>2026-08-11T06:50:06.000Z</time><extensions/></trkpt><trkpt lat="43.02520886063576" lon="-1.3079384062439203"><ele>1238.800048828125</ele><time>2026-08-11T06:50:11.000Z</time><extensions/></trkpt><trkpt lat="43.02531111985445" lon="-1.308088107034564"><ele>1238.800048828125</ele><time>2026-08-11T06:50:17.000Z</time><extensions/></trkpt><trkpt lat="43.02538161166012" lon="-1.3081576768308878"><ele>1238.800048828125</ele><time>2026-08-11T06:50:22.000Z</time><extensions/></trkpt><trkpt lat="43.02538144402206" lon="-1.308157593011856"><ele>1239.199951171875</ele><time>2026-08-11T06:50:28.000Z</time><extensions/></trkpt><trkpt lat="43.02538144402206" lon="-1.308157593011856"><ele>1239.199951171875</ele><time>2026-08-11T06:50:36.000Z</time><extensions/></trkpt><trkpt lat="43.025372894480824" lon="-1.3081522285938263"><ele>1239.199951171875</ele><time>2026-08-11T06:50:40.000Z</time><extensions/></trkpt><trkpt lat="43.025374403223395" lon="-1.3081646338105202"><ele>1239.199951171875</ele><time>2026-08-11T06:50:41.000Z</time><extensions/></trkpt><trkpt lat="43.02538144402206" lon="-1.308157593011856"><ele>1239.4000244140625</ele><time>2026-08-11T06:50:46.000Z</time><extensions/></trkpt><trkpt lat="43.02538144402206" lon="-1.308157593011856"><ele>1239.4000244140625</ele><time>2026-08-11T06:50:51.000Z</time><extensions/></trkpt><trkpt lat="43.02538144402206" lon="-1.308157593011856"><ele>1239.4000244140625</ele><time>2026-08-11T06:50:54.000Z</time><extensions/></trkpt><trkpt lat="43.02538144402206" lon="-1.308157593011856"><ele>1239.4000244140625</ele><time>2026-08-11T06:50:55.000Z</time><extensions/></trkpt><trkpt lat="43.02538144402206" lon="-1.308157593011856"><ele>1239.4000244140625</ele><time>2026-08-11T06:51:03.000Z</time><extensions/></trkpt><trkpt lat="43.02538144402206" lon="-1.308157593011856"><ele>1239.4000244140625</ele><time>2026-08-11T06:51:06.000Z</time><extensions/></trkpt><trkpt lat="43.02538144402206" lon="-1.308157593011856"><ele>1239.5999755859375</ele><time>2026-08-11T06:51:18.000Z</time><extensions/></trkpt><trkpt lat="43.02538144402206" lon="-1.308157593011856"><ele>1239.5999755859375</ele><time>2026-08-11T06:51:20.000Z</time><extensions/></trkpt><trkpt lat="43.02537457086146" lon="-1.3081627059727907"><ele>1239.5999755859375</ele><time>2026-08-11T06:51:27.000Z</time><extensions/></trkpt><trkpt lat="43.02538144402206" lon="-1.308157593011856"><ele>1239.5999755859375</ele><time>2026-08-11T06:51:34.000Z</time><extensions/></trkpt><trkpt lat="43.025403153151274" lon="-1.3081992510706186"><ele>1239.5999755859375</ele><time>2026-08-11T06:51:48.000Z</time><extensions/></trkpt><trkpt lat="43.025424275547266" lon="-1.308209141716361"><ele>1239.800048828125</ele><time>2026-08-11T06:51:53.000Z</time><extensions/></trkpt><trkpt lat="43.025424275547266" lon="-1.308209141716361"><ele>1239.800048828125</ele><time>2026-08-11T06:51:55.000Z</time><extensions/></trkpt><trkpt lat="43.025424275547266" lon="-1.308209141716361"><ele>1240.0</ele><time>2026-08-11T06:52:03.000Z</time><extensions/></trkpt><trkpt lat="43.025424275547266" lon="-1.308209141716361"><ele>1240.0</ele><time>2026-08-11T06:52:15.000Z</time><extensions/></trkpt><trkpt lat="43.025424275547266" lon="-1.308209141716361"><ele>1240.0</ele><time>2026-08-11T06:52:19.000Z</time><extensions/></trkpt><trkpt lat="43.02544212900102" lon="-1.3082175236195326"><ele>1240.0</ele><time>2026-08-11T06:52:31.000Z</time><extensions/></trkpt><trkpt lat="43.02544212900102" lon="-1.3082174398005009"><ele>1240.199951171875</ele><time>2026-08-11T06:52:35.000Z</time><extensions/></trkpt><trkpt lat="43.02544212900102" lon="-1.308216517791152"><ele>1240.199951171875</ele><time>2026-08-11T06:52:44.000Z</time><extensions/></trkpt><trkpt lat="43.02544556558132" lon="-1.308213248848915"><ele>1240.199951171875</ele><time>2026-08-11T06:52:45.000Z</time><extensions/></trkpt><trkpt lat="43.02543458528817" lon="-1.3082024361938238"><ele>1240.199951171875</ele><time>2026-08-11T06:52:48.000Z</time><extensions/></trkpt><trkpt lat="43.02540558390319" lon="-1.3081834930926561"><ele>1240.199951171875</ele><time>2026-08-11T06:52:51.000Z</time><extensions/></trkpt><trkpt lat="43.02539963275194" lon="-1.308192377910018"><ele>1240.199951171875</ele><time>2026-08-11T06:52:52.000Z</time><extensions/></trkpt><trkpt lat="43.02539854310453" lon="-1.308197407051921"><ele>1240.0</ele><time>2026-08-11T06:52:54.000Z</time><extensions/></trkpt><trkpt lat="43.025420838966966" lon="-1.3081639632582664"><ele>1240.199951171875</ele><time>2026-08-11T06:52:59.000Z</time><extensions/></trkpt><trkpt lat="43.02544305101037" lon="-1.3081513065844774"><ele>1241.0</ele><time>2026-08-11T06:53:03.000Z</time><extensions/></trkpt><trkpt lat="43.02546149119735" lon="-1.3081590179353952"><ele>1241.5999755859375</ele><time>2026-08-11T06:53:05.000Z</time><extensions/></trkpt><trkpt lat="43.025479931384325" lon="-1.308186175301671"><ele>1242.0</ele><time>2026-08-11T06:53:08.000Z</time><extensions/></trkpt><trkpt lat="43.02548797801137" lon="-1.3081860914826393"><ele>1242.0</ele><time>2026-08-11T06:53:09.000Z</time><extensions/></trkpt><trkpt lat="43.02549283951521" lon="-1.3081850856542587"><ele>1242.0</ele><time>2026-08-11T06:53:10.000Z</time><extensions/></trkpt><trkpt lat="43.02550951950252" lon="-1.308166477829218"><ele>1242.0</ele><time>2026-08-11T06:53:16.000Z</time><extensions/></trkpt><trkpt lat="43.02552661858499" lon="-1.308172345161438"><ele>1242.199951171875</ele><time>2026-08-11T06:53:21.000Z</time><extensions/></trkpt><trkpt lat="43.02555394358933" lon="-1.3081897795200348"><ele>1242.800048828125</ele><time>2026-08-11T06:53:24.000Z</time><extensions/></trkpt><trkpt lat="43.02556618116796" lon="-1.3082013465464115"><ele>1243.199951171875</ele><time>2026-08-11T06:53:26.000Z</time><extensions/></trkpt><trkpt lat="43.02556618116796" lon="-1.3082014303654432"><ele>1243.4000244140625</ele><time>2026-08-11T06:53:27.000Z</time><extensions/></trkpt><trkpt lat="43.02558805793524" lon="-1.308240070939064"><ele>1243.199951171875</ele><time>2026-08-11T06:53:32.000Z</time><extensions/></trkpt><trkpt lat="43.025596272200346" lon="-1.3082563318312168"><ele>1243.199951171875</ele><time>2026-08-11T06:53:33.000Z</time><extensions/></trkpt><trkpt lat="43.02562728524208" lon="-1.3082820642739534"><ele>1243.0</ele><time>2026-08-11T06:53:35.000Z</time><extensions/></trkpt><trkpt lat="43.02566349506378" lon="-1.3082864228636026"><ele>1243.0</ele><time>2026-08-11T06:53:37.000Z</time><extensions/></trkpt><trkpt lat="43.02572979591787" lon="-1.308222720399499"><ele>1244.0</ele><time>2026-08-11T06:53:42.000Z</time><extensions/></trkpt><trkpt lat="43.025742871686816" lon="-1.308197071775794"><ele>1244.4000244140625</ele><time>2026-08-11T06:53:43.000Z</time><extensions/></trkpt><trkpt lat="43.02575519308448" lon="-1.308124316856265"><ele>1245.5999755859375</ele><time>2026-08-11T06:53:46.000Z</time><extensions/></trkpt><trkpt lat="43.02575955167413" lon="-1.30810109898448"><ele>1246.0</ele><time>2026-08-11T06:53:47.000Z</time><extensions/></trkpt><trkpt lat="43.02578796632588" lon="-1.3080368097871542"><ele>1247.0</ele><time>2026-08-11T06:53:50.000Z</time><extensions/></trkpt><trkpt lat="43.025806322693825" lon="-1.3079700898379087"><ele>1248.0</ele><time>2026-08-11T06:53:53.000Z</time><extensions/></trkpt><trkpt lat="43.025824846699834" lon="-1.3079079799354076"><ele>1249.199951171875</ele><time>2026-08-11T06:53:56.000Z</time><extensions/></trkpt><trkpt lat="43.02583624608815" lon="-1.3078438583761454"><ele>1250.0</ele><time>2026-08-11T06:53:59.000Z</time><extensions/></trkpt><trkpt lat="43.02582744508982" lon="-1.3078244123607874"><ele>1250.199951171875</ele><time>2026-08-11T06:54:00.000Z</time><extensions/></trkpt><trkpt lat="43.02579190582037" lon="-1.3077861070632935"><ele>1250.800048828125</ele><time>2026-08-11T06:54:03.000Z</time><extensions/></trkpt><trkpt lat="43.02575536072254" lon="-1.3077414315193892"><ele>1251.4000244140625</ele><time>2026-08-11T06:54:06.000Z</time><extensions/></trkpt><trkpt lat="43.025713954120874" lon="-1.3076661620289087"><ele>1252.5999755859375</ele><time>2026-08-11T06:54:10.000Z</time><extensions/></trkpt><trkpt lat="43.025684701278806" lon="-1.3075687643140554"><ele>1253.800048828125</ele><time>2026-08-11T06:54:15.000Z</time><extensions/></trkpt><trkpt lat="43.02569467574358" lon="-1.3075266871601343"><ele>1254.4000244140625</ele><time>2026-08-11T06:54:17.000Z</time><extensions/></trkpt><trkpt lat="43.02570196799934" lon="-1.307510593906045"><ele>1254.800048828125</ele><time>2026-08-11T06:54:18.000Z</time><extensions/></trkpt><trkpt lat="43.02574438042939" lon="-1.3074421975761652"><ele>1255.800048828125</ele><time>2026-08-11T06:54:22.000Z</time><extensions/></trkpt><trkpt lat="43.025817638263106" lon="-1.3073914032429457"><ele>1257.0</ele><time>2026-08-11T06:54:27.000Z</time><extensions/></trkpt><trkpt lat="43.02583389915526" lon="-1.307380422949791"><ele>1257.199951171875</ele><time>2026-08-11T06:54:28.000Z</time><extensions/></trkpt><trkpt lat="43.02589391358197" lon="-1.3072703685611486"><ele>1258.199951171875</ele><time>2026-08-11T06:54:34.000Z</time><extensions/></trkpt><trkpt lat="43.025889890268445" lon="-1.3072298001497984"><ele>1258.800048828125</ele><time>2026-08-11T06:54:36.000Z</time><extensions/></trkpt><trkpt lat="43.02586633712053" lon="-1.3071955181658268"><ele>1259.199951171875</ele><time>2026-08-11T06:54:38.000Z</time><extensions/></trkpt><trkpt lat="43.02585401572287" lon="-1.3071788381785154"><ele>1259.4000244140625</ele><time>2026-08-11T06:54:39.000Z</time><extensions/></trkpt><trkpt lat="43.025821996852756" lon="-1.3071276247501373"><ele>1260.4000244140625</ele><time>2026-08-11T06:54:42.000Z</time><extensions/></trkpt><trkpt lat="43.0257835239172" lon="-1.3070943485945463"><ele>1261.199951171875</ele><time>2026-08-11T06:54:45.000Z</time><extensions/></trkpt><trkpt lat="43.02573717199266" lon="-1.3070639222860336"><ele>1261.199951171875</ele><time>2026-08-11T06:54:48.000Z</time><extensions/></trkpt><trkpt lat="43.025707583874464" lon="-1.3070406205952168"><ele>1261.5999755859375</ele><time>2026-08-11T06:54:50.000Z</time><extensions/></trkpt><trkpt lat="43.02566014230251" lon="-1.307013463228941"><ele>1262.4000244140625</ele><time>2026-08-11T06:54:53.000Z</time><extensions/></trkpt><trkpt lat="43.02564622834325" lon="-1.307001393288374"><ele>1262.800048828125</ele><time>2026-08-11T06:54:54.000Z</time><extensions/></trkpt><trkpt lat="43.02560172043741" lon="-1.3069626688957214"><ele>1263.800048828125</ele><time>2026-08-11T06:54:57.000Z</time><extensions/></trkpt><trkpt lat="43.02556358277798" lon="-1.3069095276296139"><ele>1265.0</ele><time>2026-08-11T06:55:00.000Z</time><extensions/></trkpt><trkpt lat="43.02550516091287" lon="-1.3068287260830402"><ele>1266.199951171875</ele><time>2026-08-11T06:55:05.000Z</time><extensions/></trkpt><trkpt lat="43.02547833882272" lon="-1.306799054145813"><ele>1266.5999755859375</ele><time>2026-08-11T06:55:07.000Z</time><extensions/></trkpt><trkpt lat="43.02546408958733" lon="-1.3067873194813728"><ele>1266.800048828125</ele><time>2026-08-11T06:55:08.000Z</time><extensions/></trkpt><trkpt lat="43.025439362972975" lon="-1.3067615032196045"><ele>1267.199951171875</ele><time>2026-08-11T06:55:10.000Z</time><extensions/></trkpt><trkpt lat="43.02539753727615" lon="-1.306693023070693"><ele>1268.4000244140625</ele><time>2026-08-11T06:55:14.000Z</time><extensions/></trkpt><trkpt lat="43.02538647316396" lon="-1.3066734932363033"><ele>1268.800048828125</ele><time>2026-08-11T06:55:15.000Z</time><extensions/></trkpt><trkpt lat="43.02533458918333" lon="-1.3066133111715317"><ele>1269.4000244140625</ele><time>2026-08-11T06:55:19.000Z</time><extensions/></trkpt><trkpt lat="43.02528220228851" lon="-1.3065550569444895"><ele>1269.800048828125</ele><time>2026-08-11T06:55:23.000Z</time><extensions/></trkpt><trkpt lat="43.025242388248444" lon="-1.306483056396246"><ele>1270.5999755859375</ele><time>2026-08-11T06:55:27.000Z</time><extensions/></trkpt><trkpt lat="43.02521640434861" lon="-1.3064242992550135"><ele>1271.4000244140625</ele><time>2026-08-11T06:55:30.000Z</time><extensions/></trkpt><trkpt lat="43.0252118781209" lon="-1.3063766062259674"><ele>1272.0</ele><time>2026-08-11T06:55:32.000Z</time><extensions/></trkpt><trkpt lat="43.02522612735629" lon="-1.306332852691412"><ele>1273.4000244140625</ele><time>2026-08-11T06:55:34.000Z</time><extensions/></trkpt><trkpt lat="43.02523970603943" lon="-1.3063176814466715"><ele>1274.4000244140625</ele><time>2026-08-11T06:55:35.000Z</time><extensions/></trkpt><trkpt lat="43.02526568993926" lon="-1.3062934577465057"><ele>1276.0</ele><time>2026-08-11T06:55:37.000Z</time><extensions/></trkpt><trkpt lat="43.02535445429385" lon="-1.3062712457031012"><ele>1275.800048828125</ele><time>2026-08-11T06:55:42.000Z</time><extensions/></trkpt><trkpt lat="43.02550314925611" lon="-1.306289853528142"><ele>1277.199951171875</ele><time>2026-08-11T06:55:50.000Z</time><extensions/></trkpt><trkpt lat="43.02561261691153" lon="-1.3062573317438364"><ele>1278.199951171875</ele><time>2026-08-11T06:55:56.000Z</time><extensions/></trkpt><trkpt lat="43.025629883632064" lon="-1.3062500394880772"><ele>1278.4000244140625</ele><time>2026-08-11T06:55:57.000Z</time><extensions/></trkpt><trkpt lat="43.02572015672922" lon="-1.3062283303588629"><ele>1279.4000244140625</ele><time>2026-08-11T06:56:02.000Z</time><extensions/></trkpt><trkpt lat="43.025773549452424" lon="-1.3062162604182959"><ele>1280.0</ele><time>2026-08-11T06:56:05.000Z</time><extensions/></trkpt><trkpt lat="43.02580716088414" lon="-1.3062022626399994"><ele>1280.5999755859375</ele><time>2026-08-11T06:56:07.000Z</time><extensions/></trkpt><trkpt lat="43.02590321749449" lon="-1.306184409186244"><ele>1281.4000244140625</ele><time>2026-08-11T06:56:12.000Z</time><extensions/></trkpt><trkpt lat="43.02592291496694" lon="-1.3061818946152925"><ele>1281.5999755859375</ele><time>2026-08-11T06:56:13.000Z</time><extensions/></trkpt><trkpt lat="43.02597622387111" lon="-1.3061662204563618"><ele>1282.5999755859375</ele><time>2026-08-11T06:56:18.000Z</time><extensions/></trkpt><trkpt lat="43.02597622387111" lon="-1.3061662204563618"><ele>1282.800048828125</ele><time>2026-08-11T06:56:19.000Z</time><extensions/></trkpt><trkpt lat="43.02597622387111" lon="-1.3061662204563618"><ele>1282.800048828125</ele><time>2026-08-11T06:56:26.000Z</time><extensions/></trkpt><trkpt lat="43.02597622387111" lon="-1.3061662204563618"><ele>1282.800048828125</ele><time>2026-08-11T06:56:38.000Z</time><extensions/></trkpt><trkpt lat="43.02597622387111" lon="-1.3061662204563618"><ele>1283.0</ele><time>2026-08-11T06:56:48.000Z</time><extensions/></trkpt><trkpt lat="43.02597622387111" lon="-1.3061662204563618"><ele>1283.0</ele><time>2026-08-11T06:56:52.000Z</time><extensions/></trkpt><trkpt lat="43.02597622387111" lon="-1.3061662204563618"><ele>1283.0</ele><time>2026-08-11T06:56:57.000Z</time><extensions/></trkpt><trkpt lat="43.02597622387111" lon="-1.3061662204563618"><ele>1282.800048828125</ele><time>2026-08-11T06:56:58.000Z</time><extensions/></trkpt><trkpt lat="43.02597722969949" lon="-1.306167645379901"><ele>1283.199951171875</ele><time>2026-08-11T06:57:03.000Z</time><extensions/></trkpt><trkpt lat="43.025991981849074" lon="-1.3061497919261456"><ele>1283.199951171875</ele><time>2026-08-11T06:57:05.000Z</time><extensions/></trkpt><trkpt lat="43.02601092495024" lon="-1.306073097512126"><ele>1283.800048828125</ele><time>2026-08-11T06:57:09.000Z</time><extensions/></trkpt><trkpt lat="43.026017881929874" lon="-1.3060528133064508"><ele>1284.199951171875</ele><time>2026-08-11T06:57:10.000Z</time><extensions/></trkpt><trkpt lat="43.02603296935558" lon="-1.30590814165771"><ele>1285.0</ele><time>2026-08-11T06:57:17.000Z</time><extensions/></trkpt><trkpt lat="43.026039423421025" lon="-1.3058260828256607"><ele>1286.199951171875</ele><time>2026-08-11T06:57:21.000Z</time><extensions/></trkpt><trkpt lat="43.02604663185775" lon="-1.3057844247668982"><ele>1286.5999755859375</ele><time>2026-08-11T06:57:23.000Z</time><extensions/></trkpt><trkpt lat="43.02605057135224" lon="-1.3057630509138107"><ele>1286.800048828125</ele><time>2026-08-11T06:57:24.000Z</time><extensions/></trkpt><trkpt lat="43.02606440149248" lon="-1.3057270925492048"><ele>1287.4000244140625</ele><time>2026-08-11T06:57:26.000Z</time><extensions/></trkpt><trkpt lat="43.02608611062169" lon="-1.3056499790400267"><ele>1288.4000244140625</ele><time>2026-08-11T06:57:30.000Z</time><extensions/></trkpt><trkpt lat="43.02613019943237" lon="-1.305563310161233"><ele>1289.4000244140625</ele><time>2026-08-11T06:57:35.000Z</time><extensions/></trkpt><trkpt lat="43.026142017915845" lon="-1.3055470492690802"><ele>1289.5999755859375</ele><time>2026-08-11T06:57:36.000Z</time><extensions/></trkpt><trkpt lat="43.02616422995925" lon="-1.3055221550166607"><ele>1290.0</ele><time>2026-08-11T06:57:38.000Z</time><extensions/></trkpt><trkpt lat="43.026193818077445" lon="-1.3054730370640755"><ele>1290.800048828125</ele><time>2026-08-11T06:57:41.000Z</time><extensions/></trkpt><trkpt lat="43.026214269921184" lon="-1.3054132740944624"><ele>1291.800048828125</ele><time>2026-08-11T06:57:44.000Z</time><extensions/></trkpt><trkpt lat="43.026221729815006" lon="-1.3053975161165"><ele>1292.0</ele><time>2026-08-11T06:57:45.000Z</time><extensions/></trkpt><trkpt lat="43.02627084776759" lon="-1.3053163792937994"><ele>1293.0</ele><time>2026-08-11T06:57:50.000Z</time><extensions/></trkpt><trkpt lat="43.0262928083539" lon="-1.3052827678620815"><ele>1293.199951171875</ele><time>2026-08-11T06:57:52.000Z</time><extensions/></trkpt><trkpt lat="43.026329688727856" lon="-1.3052106834948063"><ele>1294.4000244140625</ele><time>2026-08-11T06:57:56.000Z</time><extensions/></trkpt><trkpt lat="43.026344776153564" lon="-1.3051721267402172"><ele>1294.800048828125</ele><time>2026-08-11T06:57:58.000Z</time><extensions/></trkpt><trkpt lat="43.026367826387286" lon="-1.3051151297986507"><ele>1295.199951171875</ele><time>2026-08-11T06:58:01.000Z</time><extensions/></trkpt><trkpt lat="43.0263826623559" lon="-1.3050778303295374"><ele>1295.5999755859375</ele><time>2026-08-11T06:58:03.000Z</time><extensions/></trkpt><trkpt lat="43.0263982526958" lon="-1.3050379324704409"><ele>1296.0</ele><time>2026-08-11T06:58:05.000Z</time><extensions/></trkpt><trkpt lat="43.026409735903144" lon="-1.3049980346113443"><ele>1296.5999755859375</ele><time>2026-08-11T06:58:07.000Z</time><extensions/></trkpt><trkpt lat="43.02644829265773" lon="-1.3049051631242037"><ele>1297.800048828125</ele><time>2026-08-11T06:58:12.000Z</time><extensions/></trkpt><trkpt lat="43.02647125907242" lon="-1.30484732799232"><ele>1299.0</ele><time>2026-08-11T06:58:15.000Z</time><extensions/></trkpt><trkpt lat="43.02653035148978" lon="-1.3047225214540958"><ele>1300.0</ele><time>2026-08-11T06:58:22.000Z</time><extensions/></trkpt><trkpt lat="43.026539823040366" lon="-1.3047034945338964"><ele>1300.199951171875</ele><time>2026-08-11T06:58:23.000Z</time><extensions/></trkpt><trkpt lat="43.026568656787276" lon="-1.3046372774988413"><ele>1301.199951171875</ele><time>2026-08-11T06:58:26.000Z</time><extensions/></trkpt><trkpt lat="43.02657628431916" lon="-1.3045677077025175"><ele>1302.4000244140625</ele><time>2026-08-11T06:58:29.000Z</time><extensions/></trkpt><trkpt lat="43.02656966261566" lon="-1.3044996466487646"><ele>1303.4000244140625</ele><time>2026-08-11T06:58:32.000Z</time><extensions/></trkpt><trkpt lat="43.02656253799796" lon="-1.3043747562915087"><ele>1304.800048828125</ele><time>2026-08-11T06:58:37.000Z</time><extensions/></trkpt><trkpt lat="43.02657217718661" lon="-1.30431960336864"><ele>1306.0</ele><time>2026-08-11T06:58:39.000Z</time><extensions/></trkpt><trkpt lat="43.02660067565739" lon="-1.3042574096471071"><ele>1307.199951171875</ele><time>2026-08-11T06:58:42.000Z</time><extensions/></trkpt><trkpt lat="43.02661249414086" lon="-1.3042442500591278"><ele>1307.4000244140625</ele><time>2026-08-11T06:58:43.000Z</time><extensions/></trkpt><trkpt lat="43.02670570090413" lon="-1.3041289150714874"><ele>1308.199951171875</ele><time>2026-08-11T06:58:50.000Z</time><extensions/></trkpt><trkpt lat="43.02671735174954" lon="-1.304108127951622"><ele>1308.4000244140625</ele><time>2026-08-11T06:58:51.000Z</time><extensions/></trkpt><trkpt lat="43.02675096318126" lon="-1.3040500413626432"><ele>1309.5999755859375</ele><time>2026-08-11T06:58:54.000Z</time><extensions/></trkpt><trkpt lat="43.02677200175822" lon="-1.303994469344616"><ele>1310.800048828125</ele><time>2026-08-11T06:58:57.000Z</time><extensions/></trkpt><trkpt lat="43.02678055129945" lon="-1.3039720058441162"><ele>1311.199951171875</ele><time>2026-08-11T06:58:58.000Z</time><extensions/></trkpt><trkpt lat="43.02682044915855" lon="-1.3039100635796785"><ele>1311.800048828125</ele><time>2026-08-11T06:59:01.000Z</time><extensions/></trkpt><trkpt lat="43.02683863788843" lon="-1.303844852373004"><ele>1312.800048828125</ele><time>2026-08-11T06:59:04.000Z</time><extensions/></trkpt><trkpt lat="43.02684500813484" lon="-1.3038232270628214"><ele>1313.199951171875</ele><time>2026-08-11T06:59:05.000Z</time><extensions/></trkpt><trkpt lat="43.02687216550112" lon="-1.3037068024277687"><ele>1314.199951171875</ele><time>2026-08-11T06:59:10.000Z</time><extensions/></trkpt><trkpt lat="43.02690460346639" lon="-1.3035521563142538"><ele>1315.0</ele><time>2026-08-11T06:59:17.000Z</time><extensions/></trkpt><trkpt lat="43.02691717632115" lon="-1.3034838438034058"><ele>1315.4000244140625</ele><time>2026-08-11T06:59:20.000Z</time><extensions/></trkpt><trkpt lat="43.02694307640195" lon="-1.3033784832805395"><ele>1316.4000244140625</ele><time>2026-08-11T06:59:25.000Z</time><extensions/></trkpt><trkpt lat="43.02696612663567" lon="-1.3032696023583412"><ele>1317.5999755859375</ele><time>2026-08-11T06:59:30.000Z</time><extensions/></trkpt><trkpt lat="43.026991188526154" lon="-1.3032094202935696"><ele>1318.199951171875</ele><time>2026-08-11T06:59:33.000Z</time><extensions/></trkpt><trkpt lat="43.0270077008754" lon="-1.303165415301919"><ele>1318.800048828125</ele><time>2026-08-11T06:59:35.000Z</time><extensions/></trkpt><trkpt lat="43.027035277336836" lon="-1.3030712027102709"><ele>1320.199951171875</ele><time>2026-08-11T06:59:39.000Z</time><extensions/></trkpt><trkpt lat="43.027047431096435" lon="-1.3030070811510086"><ele>1321.5999755859375</ele><time>2026-08-11T06:59:42.000Z</time><extensions/></trkpt><trkpt lat="43.02706193178892" lon="-1.3029386010020971"><ele>1322.5999755859375</ele><time>2026-08-11T06:59:45.000Z</time><extensions/></trkpt><trkpt lat="43.02707685157657" lon="-1.3028769101947546"><ele>1323.0</ele><time>2026-08-11T06:59:48.000Z</time><extensions/></trkpt><trkpt lat="43.02710551768541" lon="-1.3027625810354948"><ele>1323.800048828125</ele><time>2026-08-11T06:59:53.000Z</time><extensions/></trkpt><trkpt lat="43.027118258178234" lon="-1.3026743195950985"><ele>1324.5999755859375</ele><time>2026-08-11T06:59:57.000Z</time><extensions/></trkpt><trkpt lat="43.02712571807206" lon="-1.3026116229593754"><ele>1324.800048828125</ele><time>2026-08-11T07:00:00.000Z</time><extensions/></trkpt><trkpt lat="43.02714793011546" lon="-1.3024726510047913"><ele>1324.800048828125</ele><time>2026-08-11T07:00:06.000Z</time><extensions/></trkpt><trkpt lat="43.027175422757864" lon="-1.3023389596492052"><ele>1326.0</ele><time>2026-08-11T07:00:12.000Z</time><extensions/></trkpt><trkpt lat="43.027179446071386" lon="-1.30229570902884"><ele>1326.4000244140625</ele><time>2026-08-11T07:00:14.000Z</time><extensions/></trkpt><trkpt lat="43.02720786072314" lon="-1.3021612633019686"><ele>1327.0</ele><time>2026-08-11T07:00:20.000Z</time><extensions/></trkpt><trkpt lat="43.02721481770277" lon="-1.3021200243383646"><ele>1327.4000244140625</ele><time>2026-08-11T07:00:22.000Z</time><extensions/></trkpt><trkpt lat="43.027227306738496" lon="-1.302057160064578"><ele>1328.4000244140625</ele><time>2026-08-11T07:00:25.000Z</time><extensions/></trkpt><trkpt lat="43.027242477983236" lon="-1.3019954692572355"><ele>1329.800048828125</ele><time>2026-08-11T07:00:28.000Z</time><extensions/></trkpt><trkpt lat="43.02724801003933" lon="-1.3019730895757675"><ele>1330.0</ele><time>2026-08-11T07:00:29.000Z</time><extensions/></trkpt><trkpt lat="43.027264941483736" lon="-1.3019123207777739"><ele>1330.800048828125</ele><time>2026-08-11T07:00:32.000Z</time><extensions/></trkpt><trkpt lat="43.02727935835719" lon="-1.301848953589797"><ele>1332.0</ele><time>2026-08-11T07:00:35.000Z</time><extensions/></trkpt><trkpt lat="43.027291344478726" lon="-1.301801512017846"><ele>1332.800048828125</ele><time>2026-08-11T07:00:37.000Z</time><extensions/></trkpt><trkpt lat="43.02729553543031" lon="-1.3017786294221878"><ele>1333.0</ele><time>2026-08-11T07:00:38.000Z</time><extensions/></trkpt><trkpt lat="43.02732579410076" lon="-1.3016951456665993"><ele>1334.199951171875</ele><time>2026-08-11T07:00:42.000Z</time><extensions/></trkpt><trkpt lat="43.02733928896487" lon="-1.3016539067029953"><ele>1334.5999755859375</ele><time>2026-08-11T07:00:44.000Z</time><extensions/></trkpt><trkpt lat="43.0273705534637" lon="-1.301527926698327"><ele>1335.4000244140625</ele><time>2026-08-11T07:00:50.000Z</time><extensions/></trkpt><trkpt lat="43.02738907746971" lon="-1.3014254160225391"><ele>1336.4000244140625</ele><time>2026-08-11T07:00:55.000Z</time><extensions/></trkpt><trkpt lat="43.02740198560059" lon="-1.3013669103384018"><ele>1337.0</ele><time>2026-08-11T07:00:58.000Z</time><extensions/></trkpt><trkpt lat="43.02741455845535" lon="-1.3013015314936638"><ele>1337.5999755859375</ele><time>2026-08-11T07:01:01.000Z</time><extensions/></trkpt><trkpt lat="43.027430986985564" lon="-1.3012006971985102"><ele>1338.5999755859375</ele><time>2026-08-11T07:01:06.000Z</time><extensions/></trkpt><trkpt lat="43.02743132226169" lon="-1.3011784851551056"><ele>1338.800048828125</ele><time>2026-08-11T07:01:07.000Z</time><extensions/></trkpt><trkpt lat="43.02744532003999" lon="-1.3010738790035248"><ele>1339.800048828125</ele><time>2026-08-11T07:01:12.000Z</time><extensions/></trkpt><trkpt lat="43.027452947571874" lon="-1.3010287005454302"><ele>1340.199951171875</ele><time>2026-08-11T07:01:14.000Z</time><extensions/></trkpt><trkpt lat="43.02745923399925" lon="-1.3009587116539478"><ele>1340.800048828125</ele><time>2026-08-11T07:01:17.000Z</time><extensions/></trkpt><trkpt lat="43.027476919814944" lon="-1.3008738029748201"><ele>1341.800048828125</ele><time>2026-08-11T07:01:21.000Z</time><extensions/></trkpt><trkpt lat="43.027492593973875" lon="-1.3007671013474464"><ele>1343.0</ele><time>2026-08-11T07:01:26.000Z</time><extensions/></trkpt><trkpt lat="43.02749779075384" lon="-1.3007220905274153"><ele>1343.199951171875</ele><time>2026-08-11T07:01:28.000Z</time><extensions/></trkpt><trkpt lat="43.02751388400793" lon="-1.3006144668906927"><ele>1344.0</ele><time>2026-08-11T07:01:33.000Z</time><extensions/></trkpt><trkpt lat="43.02750893868506" lon="-1.3005713000893593"><ele>1344.4000244140625</ele><time>2026-08-11T07:01:35.000Z</time><extensions/></trkpt><trkpt lat="43.02750885486603" lon="-1.3004397042095661"><ele>1345.199951171875</ele><time>2026-08-11T07:01:41.000Z</time><extensions/></trkpt><trkpt lat="43.02750810049474" lon="-1.3004174083471298"><ele>1345.4000244140625</ele><time>2026-08-11T07:01:42.000Z</time><extensions/></trkpt><trkpt lat="43.02750717848539" lon="-1.300328727811575"><ele>1346.199951171875</ele><time>2026-08-11T07:01:46.000Z</time><extensions/></trkpt><trkpt lat="43.02750885486603" lon="-1.3002346828579903"><ele>1347.0</ele><time>2026-08-11T07:01:50.000Z</time><extensions/></trkpt><trkpt lat="43.02750558592379" lon="-1.3001939468085766"><ele>1347.4000244140625</ele><time>2026-08-11T07:01:52.000Z</time><extensions/></trkpt><trkpt lat="43.027506759390235" lon="-1.3000636082142591"><ele>1348.5999755859375</ele><time>2026-08-11T07:01:58.000Z</time><extensions/></trkpt><trkpt lat="43.02750709466636" lon="-1.3000428210943937"><ele>1349.0</ele><time>2026-08-11T07:01:59.000Z</time><extensions/></trkpt><trkpt lat="43.027503490448" lon="-1.2999389693140984"><ele>1349.800048828125</ele><time>2026-08-11T07:02:04.000Z</time><extensions/></trkpt><trkpt lat="43.02750558592379" lon="-1.2998526357114315"><ele>1350.4000244140625</ele><time>2026-08-11T07:02:08.000Z</time><extensions/></trkpt><trkpt lat="43.02750642411411" lon="-1.299812737852335"><ele>1350.800048828125</ele><time>2026-08-11T07:02:10.000Z</time><extensions/></trkpt><trkpt lat="43.02750491537154" lon="-1.299789771437645"><ele>1350.800048828125</ele><time>2026-08-11T07:02:11.000Z</time><extensions/></trkpt><trkpt lat="43.02751153707504" lon="-1.2997081317007542"><ele>1351.4000244140625</ele><time>2026-08-11T07:02:15.000Z</time><extensions/></trkpt><trkpt lat="43.027510698884726" lon="-1.299665467813611"><ele>1351.800048828125</ele><time>2026-08-11T07:02:17.000Z</time><extensions/></trkpt><trkpt lat="43.02749829366803" lon="-1.2995816487818956"><ele>1353.0</ele><time>2026-08-11T07:02:21.000Z</time><extensions/></trkpt><trkpt lat="43.02749812602997" lon="-1.2995416671037674"><ele>1353.199951171875</ele><time>2026-08-11T07:02:23.000Z</time><extensions/></trkpt><trkpt lat="43.02748957648873" lon="-1.299416022375226"><ele>1354.0</ele><time>2026-08-11T07:02:29.000Z</time><extensions/></trkpt><trkpt lat="43.02748597227037" lon="-1.2993974145501852"><ele>1354.199951171875</ele><time>2026-08-11T07:02:30.000Z</time><extensions/></trkpt><trkpt lat="43.027477003633976" lon="-1.2993164453655481"><ele>1355.0</ele><time>2026-08-11T07:02:34.000Z</time><extensions/></trkpt><trkpt lat="43.02747029811144" lon="-1.2992500606924295"><ele>1355.199951171875</ele><time>2026-08-11T07:02:37.000Z</time><extensions/></trkpt><trkpt lat="43.0274672806263" lon="-1.2992281839251518"><ele>1355.199951171875</ele><time>2026-08-11T07:02:38.000Z</time><extensions/></trkpt><trkpt lat="43.02746191620827" lon="-1.2991252541542053"><ele>1356.0</ele><time>2026-08-11T07:02:43.000Z</time><extensions/></trkpt><trkpt lat="43.02745068445802" lon="-1.2990680057555437"><ele>1356.5999755859375</ele><time>2026-08-11T07:02:46.000Z</time><extensions/></trkpt><trkpt lat="43.027438865974545" lon="-1.2989797443151474"><ele>1357.199951171875</ele><time>2026-08-11T07:02:50.000Z</time><extensions/></trkpt><trkpt lat="43.02742252126336" lon="-1.2988766469061375"><ele>1358.4000244140625</ele><time>2026-08-11T07:02:55.000Z</time><extensions/></trkpt><trkpt lat="43.02739377133548" lon="-1.298768101260066"><ele>1359.199951171875</ele><time>2026-08-11T07:03:00.000Z</time><extensions/></trkpt><trkpt lat="43.027378767728806" lon="-1.29872920922935"><ele>1359.5999755859375</ele><time>2026-08-11T07:03:02.000Z</time><extensions/></trkpt><trkpt lat="43.027369966730475" lon="-1.298711271956563"><ele>1359.800048828125</ele><time>2026-08-11T07:03:03.000Z</time><extensions/></trkpt><trkpt lat="43.02731657400727" lon="-1.2986242678016424"><ele>1360.5999755859375</ele><time>2026-08-11T07:03:08.000Z</time><extensions/></trkpt><trkpt lat="43.02729050628841" lon="-1.2985924165695906"><ele>1361.0</ele><time>2026-08-11T07:03:10.000Z</time><extensions/></trkpt><trkpt lat="43.0272563919425" lon="-1.2985434662550688"><ele>1361.5999755859375</ele><time>2026-08-11T07:03:13.000Z</time><extensions/></trkpt><trkpt lat="43.02721196785569" lon="-1.298481523990631"><ele>1362.199951171875</ele><time>2026-08-11T07:03:17.000Z</time><extensions/></trkpt><trkpt lat="43.027177853509784" lon="-1.298433830961585"><ele>1362.800048828125</ele><time>2026-08-11T07:03:20.000Z</time><extensions/></trkpt><trkpt lat="43.027127059176564" lon="-1.2983733974397182"><ele>1363.5999755859375</ele><time>2026-08-11T07:03:24.000Z</time><extensions/></trkpt><trkpt lat="43.02711415104568" lon="-1.2983586452901363"><ele>1363.800048828125</ele><time>2026-08-11T07:03:25.000Z</time><extensions/></trkpt><trkpt lat="43.02703988738358" lon="-1.2982720602303743"><ele>1365.0</ele><time>2026-08-11T07:03:31.000Z</time><extensions/></trkpt><trkpt lat="43.02702723070979" lon="-1.2982568051666021"><ele>1365.4000244140625</ele><time>2026-08-11T07:03:32.000Z</time><extensions/></trkpt><trkpt lat="43.02701449021697" lon="-1.2982393708080053"><ele>1365.800048828125</ele><time>2026-08-11T07:03:33.000Z</time><extensions/></trkpt><trkpt lat="43.02699102088809" lon="-1.2982126325368881"><ele>1366.199951171875</ele><time>2026-08-11T07:03:35.000Z</time><extensions/></trkpt><trkpt lat="43.02693645469844" lon="-1.2981623411178589"><ele>1367.0</ele><time>2026-08-11T07:03:39.000Z</time><extensions/></trkpt><trkpt lat="43.02692446857691" lon="-1.2981488462537527"><ele>1367.4000244140625</ele><time>2026-08-11T07:03:40.000Z</time><extensions/></trkpt><trkpt lat="43.02687627263367" lon="-1.2980937771499157"><ele>1368.4000244140625</ele><time>2026-08-11T07:03:44.000Z</time><extensions/></trkpt><trkpt lat="43.02682522684336" lon="-1.298035690560937"><ele>1369.199951171875</ele><time>2026-08-11T07:03:48.000Z</time><extensions/></trkpt><trkpt lat="43.026811899617314" lon="-1.2980193458497524"><ele>1369.5999755859375</ele><time>2026-08-11T07:03:49.000Z</time><extensions/></trkpt><trkpt lat="43.02677744999528" lon="-1.2979754246771336"><ele>1370.5999755859375</ele><time>2026-08-11T07:03:52.000Z</time><extensions/></trkpt><trkpt lat="43.026740569621325" lon="-1.2979272287338972"><ele>1371.4000244140625</ele><time>2026-08-11T07:03:55.000Z</time><extensions/></trkpt><trkpt lat="43.026728415861726" lon="-1.2979121413081884"><ele>1371.800048828125</ele><time>2026-08-11T07:03:56.000Z</time><extensions/></trkpt><trkpt lat="43.026680052280426" lon="-1.2978512048721313"><ele>1373.0</ele><time>2026-08-11T07:04:00.000Z</time><extensions/></trkpt><trkpt lat="43.026656080037355" lon="-1.2978237960487604"><ele>1373.199951171875</ele><time>2026-08-11T07:04:02.000Z</time><extensions/></trkpt><trkpt lat="43.026617020368576" lon="-1.2977550644427538"><ele>1374.199951171875</ele><time>2026-08-11T07:04:06.000Z</time><extensions/></trkpt><trkpt lat="43.026584750041366" lon="-1.2977130711078644"><ele>1375.4000244140625</ele><time>2026-08-11T07:04:09.000Z</time><extensions/></trkpt><trkpt lat="43.02653764374554" lon="-1.2976546492427588"><ele>1376.4000244140625</ele><time>2026-08-11T07:04:13.000Z</time><extensions/></trkpt><trkpt lat="43.02650629542768" lon="-1.2976077105849981"><ele>1377.0</ele><time>2026-08-11T07:04:16.000Z</time><extensions/></trkpt><trkpt lat="43.02648366428912" lon="-1.297569153830409"><ele>1377.4000244140625</ele><time>2026-08-11T07:04:18.000Z</time><extensions/></trkpt><trkpt lat="43.02644485607743" lon="-1.2975006736814976"><ele>1378.4000244140625</ele><time>2026-08-11T07:04:22.000Z</time><extensions/></trkpt><trkpt lat="43.02643597126007" lon="-1.2974859215319157"><ele>1378.5999755859375</ele><time>2026-08-11T07:04:23.000Z</time><extensions/></trkpt><trkpt lat="43.02637537010014" lon="-1.2973912060260773"><ele>1379.4000244140625</ele><time>2026-08-11T07:04:29.000Z</time><extensions/></trkpt><trkpt lat="43.026356007903814" lon="-1.2973613664507866"><ele>1379.800048828125</ele><time>2026-08-11T07:04:31.000Z</time><extensions/></trkpt><trkpt lat="43.026325749233365" lon="-1.2972894497215748"><ele>1380.800048828125</ele><time>2026-08-11T07:04:35.000Z</time><extensions/></trkpt><trkpt lat="43.02631728351116" lon="-1.297270255163312"><ele>1380.800048828125</ele><time>2026-08-11T07:04:36.000Z</time><extensions/></trkpt><trkpt lat="43.026274954900146" lon="-1.2971826642751694"><ele>1381.5999755859375</ele><time>2026-08-11T07:04:41.000Z</time><extensions/></trkpt><trkpt lat="43.026270512491465" lon="-1.2971605360507965"><ele>1381.800048828125</ele><time>2026-08-11T07:04:42.000Z</time><extensions/></trkpt><trkpt lat="43.026229022070765" lon="-1.2970824167132378"><ele>1383.0</ele><time>2026-08-11T07:04:47.000Z</time><extensions/></trkpt><trkpt lat="43.02619314752519" lon="-1.2969847675412893"><ele>1384.199951171875</ele><time>2026-08-11T07:04:52.000Z</time><extensions/></trkpt><trkpt lat="43.02617797628045" lon="-1.2969452049583197"><ele>1384.5999755859375</ele><time>2026-08-11T07:04:54.000Z</time><extensions/></trkpt><trkpt lat="43.02615702152252" lon="-1.2968774791806936"><ele>1385.4000244140625</ele><time>2026-08-11T07:04:57.000Z</time><extensions/></trkpt><trkpt lat="43.0261323787272" lon="-1.2968203984200954"><ele>1385.800048828125</ele><time>2026-08-11T07:05:00.000Z</time><extensions/></trkpt><trkpt lat="43.026106394827366" lon="-1.296761306002736"><ele>1386.199951171875</ele><time>2026-08-11T07:05:03.000Z</time><extensions/></trkpt><trkpt lat="43.02610404789448" lon="-1.2967417761683464"><ele>1386.4000244140625</ele><time>2026-08-11T07:05:04.000Z</time><extensions/></trkpt><trkpt lat="43.02605861797929" lon="-1.2966552749276161"><ele>1387.4000244140625</ele><time>2026-08-11T07:05:09.000Z</time><extensions/></trkpt><trkpt lat="43.02598737180233" lon="-1.2965505849570036"><ele>1388.5999755859375</ele><time>2026-08-11T07:05:16.000Z</time><extensions/></trkpt><trkpt lat="43.0259183049202" lon="-1.2965075857937336"><ele>1389.800048828125</ele><time>2026-08-11T07:05:21.000Z</time><extensions/></trkpt><trkpt lat="43.02586114034057" lon="-1.2964935880154371"><ele>1390.4000244140625</ele><time>2026-08-11T07:05:24.000Z</time><extensions/></trkpt><trkpt lat="43.02568260580301" lon="-1.2965070828795433"><ele>1391.0</ele><time>2026-08-11T07:05:32.000Z</time><extensions/></trkpt><trkpt lat="43.02551161497831" lon="-1.296512447297573"><ele>1391.4000244140625</ele><time>2026-08-11T07:05:39.000Z</time><extensions/></trkpt><trkpt lat="43.02529561333358" lon="-1.2965162191540003"><ele>1391.199951171875</ele><time>2026-08-11T07:05:47.000Z</time><extensions/></trkpt><trkpt lat="43.025270299986005" lon="-1.2965178955346346"><ele>1391.4000244140625</ele><time>2026-08-11T07:05:48.000Z</time><extensions/></trkpt><trkpt lat="43.025224367156625" lon="-1.296513620764017"><ele>1392.0</ele><time>2026-08-11T07:05:50.000Z</time><extensions/></trkpt><trkpt lat="43.0251014046371" lon="-1.2965125311166048"><ele>1392.199951171875</ele><time>2026-08-11T07:05:55.000Z</time><extensions/></trkpt><trkpt lat="43.025004509836435" lon="-1.2964997068047523"><ele>1392.199951171875</ele><time>2026-08-11T07:05:59.000Z</time><extensions/></trkpt><trkpt lat="43.02488213405013" lon="-1.2964800093322992"><ele>1392.5999755859375</ele><time>2026-08-11T07:06:04.000Z</time><extensions/></trkpt><trkpt lat="43.02482262253761" lon="-1.2964601442217827"><ele>1393.199951171875</ele><time>2026-08-11T07:06:07.000Z</time><extensions/></trkpt><trkpt lat="43.02476135082543" lon="-1.2963979505002499"><ele>1394.0</ele><time>2026-08-11T07:06:11.000Z</time><extensions/></trkpt><trkpt lat="43.02475422620773" lon="-1.2963759899139404"><ele>1394.4000244140625</ele><time>2026-08-11T07:06:12.000Z</time><extensions/></trkpt><trkpt lat="43.0247559864074" lon="-1.2963514309376478"><ele>1395.0</ele><time>2026-08-11T07:06:13.000Z</time><extensions/></trkpt><trkpt lat="43.024773336946964" lon="-1.2963101081550121"><ele>1396.0</ele><time>2026-08-11T07:06:15.000Z</time><extensions/></trkpt><trkpt lat="43.02480150014162" lon="-1.296292170882225"><ele>1396.5999755859375</ele><time>2026-08-11T07:06:17.000Z</time><extensions/></trkpt><trkpt lat="43.024857910349965" lon="-1.2962940987199545"><ele>1396.5999755859375</ele><time>2026-08-11T07:06:20.000Z</time><extensions/></trkpt><trkpt lat="43.02491281181574" lon="-1.2963094376027584"><ele>1397.4000244140625</ele><time>2026-08-11T07:06:23.000Z</time><extensions/></trkpt><trkpt lat="43.02496042102575" lon="-1.2963040731847286"><ele>1398.199951171875</ele><time>2026-08-11T07:06:26.000Z</time><extensions/></trkpt><trkpt lat="43.02497651427984" lon="-1.2963068392127752"><ele>1398.4000244140625</ele><time>2026-08-11T07:06:27.000Z</time><extensions/></trkpt><trkpt lat="43.025053879246116" lon="-1.296298373490572"><ele>1399.4000244140625</ele><time>2026-08-11T07:06:32.000Z</time><extensions/></trkpt><trkpt lat="43.025069050490856" lon="-1.2962978705763817"><ele>1399.5999755859375</ele><time>2026-08-11T07:06:33.000Z</time><extensions/></trkpt><trkpt lat="43.025110960006714" lon="-1.2962900754064322"><ele>1400.5999755859375</ele><time>2026-08-11T07:06:36.000Z</time><extensions/></trkpt><trkpt lat="43.02514021284878" lon="-1.296284208074212"><ele>1401.0</ele><time>2026-08-11T07:06:38.000Z</time><extensions/></trkpt><trkpt lat="43.02517474628985" lon="-1.296283034607768"><ele>1401.5999755859375</ele><time>2026-08-11T07:06:40.000Z</time><extensions/></trkpt><trkpt lat="43.02523476071656" lon="-1.2962581403553486"><ele>1402.5999755859375</ele><time>2026-08-11T07:06:44.000Z</time><extensions/></trkpt><trkpt lat="43.02524657920003" lon="-1.2962510157376528"><ele>1402.800048828125</ele><time>2026-08-11T07:06:45.000Z</time><extensions/></trkpt><trkpt lat="43.0253049172461" lon="-1.2962224334478378"><ele>1403.800048828125</ele><time>2026-08-11T07:06:49.000Z</time><extensions/></trkpt><trkpt lat="43.02534573711455" lon="-1.2961974553763866"><ele>1404.4000244140625</ele><time>2026-08-11T07:06:52.000Z</time><extensions/></trkpt><trkpt lat="43.02537130191922" lon="-1.296176165342331"><ele>1405.0</ele><time>2026-08-11T07:06:54.000Z</time><extensions/></trkpt><trkpt lat="43.02542553283274" lon="-1.2961430568248034"><ele>1406.0</ele><time>2026-08-11T07:06:58.000Z</time><extensions/></trkpt><trkpt lat="43.025438357144594" lon="-1.296133166179061"><ele>1406.199951171875</ele><time>2026-08-11T07:06:59.000Z</time><extensions/></trkpt><trkpt lat="43.02549191750586" lon="-1.2960976269096136"><ele>1407.0</ele><time>2026-08-11T07:07:03.000Z</time><extensions/></trkpt><trkpt lat="43.02554564550519" lon="-1.2960630934685469"><ele>1408.199951171875</ele><time>2026-08-11T07:07:07.000Z</time><extensions/></trkpt><trkpt lat="43.02559434436262" lon="-1.2960299849510193"><ele>1409.199951171875</ele><time>2026-08-11T07:07:11.000Z</time><extensions/></trkpt><trkpt lat="43.02563784644008" lon="-1.295997379347682"><ele>1409.800048828125</ele><time>2026-08-11T07:07:14.000Z</time><extensions/></trkpt><trkpt lat="43.02566533908248" lon="-1.2959729880094528"><ele>1410.4000244140625</ele><time>2026-08-11T07:07:16.000Z</time><extensions/></trkpt><trkpt lat="43.02573239430785" lon="-1.2959046754986048"><ele>1411.4000244140625</ele><time>2026-08-11T07:07:21.000Z</time><extensions/></trkpt><trkpt lat="43.025792660191655" lon="-1.2958470918238163"><ele>1412.5999755859375</ele><time>2026-08-11T07:07:26.000Z</time><extensions/></trkpt><trkpt lat="43.025824846699834" lon="-1.2957999855279922"><ele>1413.5999755859375</ele><time>2026-08-11T07:07:29.000Z</time><extensions/></trkpt><trkpt lat="43.02583247423172" lon="-1.295787077397108"><ele>1413.800048828125</ele><time>2026-08-11T07:07:30.000Z</time><extensions/></trkpt><trkpt lat="43.02588511258364" lon="-1.2957103829830885"><ele>1414.800048828125</ele><time>2026-08-11T07:07:35.000Z</time><extensions/></trkpt><trkpt lat="43.02594278007746" lon="-1.2956529669463634"><ele>1416.0</ele><time>2026-08-11T07:07:40.000Z</time><extensions/></trkpt><trkpt lat="43.02595593966544" lon="-1.2956415675580502"><ele>1416.199951171875</ele><time>2026-08-11T07:07:41.000Z</time><extensions/></trkpt><trkpt lat="43.02600053139031" lon="-1.295590102672577"><ele>1417.0</ele><time>2026-08-11T07:07:45.000Z</time><extensions/></trkpt><trkpt lat="43.026035986840725" lon="-1.2955504562705755"><ele>1417.5999755859375</ele><time>2026-08-11T07:07:48.000Z</time><extensions/></trkpt><trkpt lat="43.02606507204473" lon="-1.2955572456121445"><ele>1418.0</ele><time>2026-08-11T07:07:50.000Z</time><extensions/></trkpt><trkpt lat="43.026094660162926" lon="-1.295550875365734"><ele>1418.5999755859375</ele><time>2026-08-11T07:07:52.000Z</time><extensions/></trkpt><trkpt lat="43.02612164989114" lon="-1.295559760183096"><ele>1419.4000244140625</ele><time>2026-08-11T07:07:54.000Z</time><extensions/></trkpt><trkpt lat="43.02612483501434" lon="-1.2955889292061329"><ele>1419.800048828125</ele><time>2026-08-11T07:07:56.000Z</time><extensions/></trkpt><trkpt lat="43.026125840842724" lon="-1.29560686647892"><ele>1419.199951171875</ele><time>2026-08-11T07:08:00.000Z</time><extensions/></trkpt><trkpt lat="43.02611628547311" lon="-1.2956302519887686"><ele>1419.4000244140625</ele><time>2026-08-11T07:08:06.000Z</time><extensions/></trkpt><trkpt lat="43.02611628547311" lon="-1.2956302519887686"><ele>1419.0</ele><time>2026-08-11T07:08:14.000Z</time><extensions/></trkpt><trkpt lat="43.02611343562603" lon="-1.2956322636455297"><ele>1419.4000244140625</ele><time>2026-08-11T07:08:22.000Z</time><extensions/></trkpt><trkpt lat="43.02611628547311" lon="-1.2956302519887686"><ele>1419.0</ele><time>2026-08-11T07:08:27.000Z</time><extensions/></trkpt><trkpt lat="43.02611628547311" lon="-1.2956302519887686"><ele>1419.0</ele><time>2026-08-11T07:08:34.000Z</time><extensions/></trkpt><trkpt lat="43.02611628547311" lon="-1.2956302519887686"><ele>1419.0</ele><time>2026-08-11T07:08:36.000Z</time><extensions/></trkpt><trkpt lat="43.02611628547311" lon="-1.2956302519887686"><ele>1419.0</ele><time>2026-08-11T07:08:44.000Z</time><extensions/></trkpt><trkpt lat="43.026108071208" lon="-1.2956290785223246"><ele>1419.0</ele><time>2026-08-11T07:08:46.000Z</time><extensions/></trkpt><trkpt lat="43.02611184306443" lon="-1.295620696619153"><ele>1419.0</ele><time>2026-08-11T07:08:47.000Z</time><extensions/></trkpt><trkpt lat="43.02611628547311" lon="-1.2956302519887686"><ele>1419.0</ele><time>2026-08-11T07:08:49.000Z</time><extensions/></trkpt><trkpt lat="43.02611586637795" lon="-1.2956381309777498"><ele>1419.0</ele><time>2026-08-11T07:08:53.000Z</time><extensions/></trkpt><trkpt lat="43.02611787803471" lon="-1.2956277374178171"><ele>1419.0</ele><time>2026-08-11T07:08:54.000Z</time><extensions/></trkpt><trkpt lat="43.02613070234656" lon="-1.2956085428595543"><ele>1419.0</ele><time>2026-08-11T07:08:58.000Z</time><extensions/></trkpt><trkpt lat="43.02614771761" lon="-1.2956054415553808"><ele>1419.0</ele><time>2026-08-11T07:09:05.000Z</time><extensions/></trkpt><trkpt lat="43.02614771761" lon="-1.2956054415553808"><ele>1419.0</ele><time>2026-08-11T07:09:11.000Z</time><extensions/></trkpt><trkpt lat="43.02614771761" lon="-1.2956054415553808"><ele>1419.0</ele><time>2026-08-11T07:09:16.000Z</time><extensions/></trkpt><trkpt lat="43.026131205260754" lon="-1.2956163380295038"><ele>1419.0</ele><time>2026-08-11T07:09:20.000Z</time><extensions/></trkpt><trkpt lat="43.026131205260754" lon="-1.2956163380295038"><ele>1419.0</ele><time>2026-08-11T07:09:21.000Z</time><extensions/></trkpt><trkpt lat="43.026122990995646" lon="-1.295645758509636"><ele>1419.0</ele><time>2026-08-11T07:09:29.000Z</time><extensions/></trkpt><trkpt lat="43.026097007095814" lon="-1.2956505361944437"><ele>1419.0</ele><time>2026-08-11T07:09:35.000Z</time><extensions/></trkpt><trkpt lat="43.02609692327678" lon="-1.2956505361944437"><ele>1419.0</ele><time>2026-08-11T07:09:37.000Z</time><extensions/></trkpt><trkpt lat="43.02609692327678" lon="-1.2956505361944437"><ele>1419.0</ele><time>2026-08-11T07:09:42.000Z</time><extensions/></trkpt><trkpt lat="43.02609692327678" lon="-1.2956505361944437"><ele>1419.0</ele><time>2026-08-11T07:09:43.000Z</time><extensions/></trkpt><trkpt lat="43.02609692327678" lon="-1.2956505361944437"><ele>1419.0</ele><time>2026-08-11T07:09:55.000Z</time><extensions/></trkpt><trkpt lat="43.0260787345469" lon="-1.2956465128809214"><ele>1419.0</ele><time>2026-08-11T07:10:00.000Z</time><extensions/></trkpt><trkpt lat="43.02607881836593" lon="-1.295645758509636"><ele>1419.0</ele><time>2026-08-11T07:10:01.000Z</time><extensions/></trkpt><trkpt lat="43.02607881836593" lon="-1.295645758509636"><ele>1419.0</ele><time>2026-08-11T07:10:05.000Z</time><extensions/></trkpt><trkpt lat="43.02607881836593" lon="-1.295645758509636"><ele>1419.0</ele><time>2026-08-11T07:10:18.000Z</time><extensions/></trkpt><trkpt lat="43.02607881836593" lon="-1.295645758509636"><ele>1419.0</ele><time>2026-08-11T07:10:23.000Z</time><extensions/></trkpt><trkpt lat="43.02607881836593" lon="-1.295645758509636"><ele>1419.0</ele><time>2026-08-11T07:10:32.000Z</time><extensions/></trkpt><trkpt lat="43.02607881836593" lon="-1.295645758509636"><ele>1419.0</ele><time>2026-08-11T07:10:35.000Z</time><extensions/></trkpt><trkpt lat="43.02607881836593" lon="-1.295645758509636"><ele>1419.0</ele><time>2026-08-11T07:10:40.000Z</time><extensions/></trkpt><trkpt lat="43.02607906982303" lon="-1.2956452555954456"><ele>1419.0</ele><time>2026-08-11T07:10:42.000Z</time><extensions/></trkpt><trkpt lat="43.02610522136092" lon="-1.295639555901289"><ele>1419.0</ele><time>2026-08-11T07:10:47.000Z</time><extensions/></trkpt><trkpt lat="43.02611234597862" lon="-1.2956384662538767"><ele>1419.0</ele><time>2026-08-11T07:10:53.000Z</time><extensions/></trkpt><trkpt lat="43.026105388998985" lon="-1.2956396397203207"><ele>1419.0</ele><time>2026-08-11T07:10:59.000Z</time><extensions/></trkpt><trkpt lat="43.026105388998985" lon="-1.2956396397203207"><ele>1419.0</ele><time>2026-08-11T07:11:05.000Z</time><extensions/></trkpt><trkpt lat="43.02610740065575" lon="-1.2956323474645615"><ele>1419.0</ele><time>2026-08-11T07:11:08.000Z</time><extensions/></trkpt><trkpt lat="43.02610111422837" lon="-1.2956337723881006"><ele>1419.0</ele><time>2026-08-11T07:11:09.000Z</time><extensions/></trkpt><trkpt lat="43.02609876729548" lon="-1.2956332694739103"><ele>1419.0</ele><time>2026-08-11T07:11:13.000Z</time><extensions/></trkpt><trkpt lat="43.02610916085541" lon="-1.2956311739981174"><ele>1419.0</ele><time>2026-08-11T07:11:16.000Z</time><extensions/></trkpt><trkpt lat="43.026107819750905" lon="-1.2956307549029589"><ele>1419.0</ele><time>2026-08-11T07:11:18.000Z</time><extensions/></trkpt><trkpt lat="43.026103461161256" lon="-1.2956330180168152"><ele>1419.0</ele><time>2026-08-11T07:11:20.000Z</time><extensions/></trkpt><trkpt lat="43.026105388998985" lon="-1.2956396397203207"><ele>1419.0</ele><time>2026-08-11T07:11:26.000Z</time><extensions/></trkpt><trkpt lat="43.026105388998985" lon="-1.2956396397203207"><ele>1419.0</ele><time>2026-08-11T07:11:34.000Z</time><extensions/></trkpt><trkpt lat="43.026105388998985" lon="-1.2956396397203207"><ele>1419.0</ele><time>2026-08-11T07:11:35.000Z</time><extensions/></trkpt><trkpt lat="43.026105388998985" lon="-1.2956396397203207"><ele>1419.0</ele><time>2026-08-11T07:11:45.000Z</time><extensions/></trkpt><trkpt lat="43.02611050195992" lon="-1.2956382986158133"><ele>1419.0</ele><time>2026-08-11T07:11:47.000Z</time><extensions/></trkpt><trkpt lat="43.02611393854022" lon="-1.2956316769123077"><ele>1419.0</ele><time>2026-08-11T07:11:48.000Z</time><extensions/></trkpt><trkpt lat="43.02612558938563" lon="-1.2956122308969498"><ele>1419.0</ele><time>2026-08-11T07:11:54.000Z</time><extensions/></trkpt><trkpt lat="43.02612558938563" lon="-1.2956122308969498"><ele>1419.0</ele><time>2026-08-11T07:12:03.000Z</time><extensions/></trkpt><trkpt lat="43.02612240426242" lon="-1.2956143263727427"><ele>1419.0</ele><time>2026-08-11T07:12:07.000Z</time><extensions/></trkpt><trkpt lat="43.026092229411006" lon="-1.295603597536683"><ele>1419.4000244140625</ele><time>2026-08-11T07:12:09.000Z</time><extensions/></trkpt><trkpt lat="43.02609281614423" lon="-1.2955351173877716"><ele>1418.5999755859375</ele><time>2026-08-11T07:12:12.000Z</time><extensions/></trkpt><trkpt lat="43.02610312588513" lon="-1.2955211196094751"><ele>1418.800048828125</ele><time>2026-08-11T07:12:13.000Z</time><extensions/></trkpt><trkpt lat="43.0261598713696" lon="-1.2954929564148188"><ele>1420.199951171875</ele><time>2026-08-11T07:12:17.000Z</time><extensions/></trkpt><trkpt lat="43.02620613947511" lon="-1.2954481970518827"><ele>1420.4000244140625</ele><time>2026-08-11T07:12:23.000Z</time><extensions/></trkpt><trkpt lat="43.02620396018028" lon="-1.295449621975422"><ele>1420.5999755859375</ele><time>2026-08-11T07:12:24.000Z</time><extensions/></trkpt><trkpt lat="43.02620396018028" lon="-1.2954497057944536"><ele>1421.199951171875</ele><time>2026-08-11T07:12:29.000Z</time><extensions/></trkpt><trkpt lat="43.02620396018028" lon="-1.2954497057944536"><ele>1421.199951171875</ele><time>2026-08-11T07:12:31.000Z</time><extensions/></trkpt><trkpt lat="43.02620396018028" lon="-1.2954497057944536"><ele>1421.199951171875</ele><time>2026-08-11T07:12:42.000Z</time><extensions/></trkpt><trkpt lat="43.02620396018028" lon="-1.2954497057944536"><ele>1421.199951171875</ele><time>2026-08-11T07:12:57.000Z</time><extensions/></trkpt><trkpt lat="43.026203541085124" lon="-1.2954491190612316"><ele>1421.199951171875</ele><time>2026-08-11T07:13:00.000Z</time><extensions/></trkpt><trkpt lat="43.02620396018028" lon="-1.2954497057944536"><ele>1421.199951171875</ele><time>2026-08-11T07:13:03.000Z</time><extensions/></trkpt><trkpt lat="43.02620396018028" lon="-1.2954497057944536"><ele>1421.199951171875</ele><time>2026-08-11T07:13:05.000Z</time><extensions/></trkpt><trkpt lat="43.02620396018028" lon="-1.2954497057944536"><ele>1421.199951171875</ele><time>2026-08-11T07:13:08.000Z</time><extensions/></trkpt><trkpt lat="43.02621686831117" lon="-1.2954373843967915"><ele>1421.199951171875</ele><time>2026-08-11T07:13:18.000Z</time><extensions/></trkpt><trkpt lat="43.02633807063103" lon="-1.2953703291714191"><ele>1420.5999755859375</ele><time>2026-08-11T07:13:23.000Z</time><extensions/></trkpt><trkpt lat="43.02637788467109" lon="-1.2953549902886152"><ele>1420.199951171875</ele><time>2026-08-11T07:13:24.000Z</time><extensions/></trkpt><trkpt lat="43.02652532234788" lon="-1.2953150924295187"><ele>1419.0</ele><time>2026-08-11T07:13:27.000Z</time><extensions/></trkpt><trkpt lat="43.02658332511783" lon="-1.2953083869069815"><ele>1418.5999755859375</ele><time>2026-08-11T07:13:28.000Z</time><extensions/></trkpt><trkpt lat="43.02664803341031" lon="-1.2953059561550617"><ele>1417.800048828125</ele><time>2026-08-11T07:13:29.000Z</time><extensions/></trkpt><trkpt lat="43.02679304033518" lon="-1.295325318351388"><ele>1416.0</ele><time>2026-08-11T07:13:31.000Z</time><extensions/></trkpt><trkpt lat="43.026869064196944" lon="-1.2953451834619045"><ele>1415.4000244140625</ele><time>2026-08-11T07:13:32.000Z</time><extensions/></trkpt><trkpt lat="43.0269471835345" lon="-1.295372759923339"><ele>1414.0</ele><time>2026-08-11T07:13:33.000Z</time><extensions/></trkpt><trkpt lat="43.027112977579236" lon="-1.2954312656074762"><ele>1412.199951171875</ele><time>2026-08-11T07:13:35.000Z</time><extensions/></trkpt><trkpt lat="43.02729008719325" lon="-1.2954816408455372"><ele>1410.800048828125</ele><time>2026-08-11T07:13:37.000Z</time><extensions/></trkpt><trkpt lat="43.02746091037989" lon="-1.2955380510538816"><ele>1409.800048828125</ele><time>2026-08-11T07:13:39.000Z</time><extensions/></trkpt><trkpt lat="43.027626452967525" lon="-1.295604184269905"><ele>1408.4000244140625</ele><time>2026-08-11T07:13:41.000Z</time><extensions/></trkpt><trkpt lat="43.02778780460358" lon="-1.2956664618104696"><ele>1407.800048828125</ele><time>2026-08-11T07:13:43.000Z</time><extensions/></trkpt><trkpt lat="43.027930883690715" lon="-1.2957227043807507"><ele>1407.4000244140625</ele><time>2026-08-11T07:13:45.000Z</time><extensions/></trkpt><trkpt lat="43.02811645902693" lon="-1.2957999017089605"><ele>1407.800048828125</ele><time>2026-08-11T07:13:48.000Z</time><extensions/></trkpt><trkpt lat="43.028223076835275" lon="-1.2958550546318293"><ele>1408.5999755859375</ele><time>2026-08-11T07:13:50.000Z</time><extensions/></trkpt><trkpt lat="43.02833556197584" lon="-1.2959083635360003"><ele>1409.4000244140625</ele><time>2026-08-11T07:13:52.000Z</time><extensions/></trkpt><trkpt lat="43.028443520888686" lon="-1.2959708087146282"><ele>1410.0</ele><time>2026-08-11T07:13:54.000Z</time><extensions/></trkpt><trkpt lat="43.028499847278" lon="-1.2959957029670477"><ele>1410.0</ele><time>2026-08-11T07:13:55.000Z</time><extensions/></trkpt><trkpt lat="43.0288711655885" lon="-1.296098381280899"><ele>1409.0</ele><time>2026-08-11T07:14:01.000Z</time><extensions/></trkpt><trkpt lat="43.02900653332472" lon="-1.2961436435580254"><ele>1408.4000244140625</ele><time>2026-08-11T07:14:03.000Z</time><extensions/></trkpt><trkpt lat="43.0292837228626" lon="-1.2962084356695414"><ele>1407.199951171875</ele><time>2026-08-11T07:14:07.000Z</time><extensions/></trkpt><trkpt lat="43.02935438230634" lon="-1.2962154764682055"><ele>1407.0</ele><time>2026-08-11T07:14:08.000Z</time><extensions/></trkpt><trkpt lat="43.029428981244564" lon="-1.2962097767740488"><ele>1406.4000244140625</ele><time>2026-08-11T07:14:09.000Z</time><extensions/></trkpt><trkpt lat="43.02950852550566" lon="-1.2962012272328138"><ele>1406.0</ele><time>2026-08-11T07:14:10.000Z</time><extensions/></trkpt><trkpt lat="43.029670463874936" lon="-1.296175830066204"><ele>1404.5999755859375</ele><time>2026-08-11T07:14:12.000Z</time><extensions/></trkpt><trkpt lat="43.02975780330598" lon="-1.2961542885750532"><ele>1403.5999755859375</ele><time>2026-08-11T07:14:13.000Z</time><extensions/></trkpt><trkpt lat="43.029845394194126" lon="-1.2961153965443373"><ele>1402.5999755859375</ele><time>2026-08-11T07:14:14.000Z</time><extensions/></trkpt><trkpt lat="43.030019821599126" lon="-1.2959874048829079"><ele>1400.199951171875</ele><time>2026-08-11T07:14:16.000Z</time><extensions/></trkpt><trkpt lat="43.030097521841526" lon="-1.2958992272615433"><ele>1399.199951171875</ele><time>2026-08-11T07:14:17.000Z</time><extensions/></trkpt><trkpt lat="43.03016315214336" lon="-1.2958009075373411"><ele>1398.4000244140625</ele><time>2026-08-11T07:14:18.000Z</time><extensions/></trkpt><trkpt lat="43.030216628685594" lon="-1.295700240880251"><ele>1398.0</ele><time>2026-08-11T07:14:19.000Z</time><extensions/></trkpt><trkpt lat="43.030352080240846" lon="-1.2954364623874426"><ele>1398.800048828125</ele><time>2026-08-11T07:14:22.000Z</time><extensions/></trkpt><trkpt lat="43.03039759397507" lon="-1.295368317514658"><ele>1399.5999755859375</ele><time>2026-08-11T07:14:23.000Z</time><extensions/></trkpt><trkpt lat="43.030489794909954" lon="-1.2952471990138292"><ele>1400.800048828125</ele><time>2026-08-11T07:14:25.000Z</time><extensions/></trkpt><trkpt lat="43.030671095475554" lon="-1.2950152717530727"><ele>1401.0</ele><time>2026-08-11T07:14:29.000Z</time><extensions/></trkpt><trkpt lat="43.03071862086654" lon="-1.2948532495647669"><ele>1400.4000244140625</ele><time>2026-08-11T07:14:31.000Z</time><extensions/></trkpt><trkpt lat="43.030742425471544" lon="-1.2947654910385609"><ele>1399.800048828125</ele><time>2026-08-11T07:14:32.000Z</time><extensions/></trkpt><trkpt lat="43.03076472133398" lon="-1.29467505030334"><ele>1399.199951171875</ele><time>2026-08-11T07:14:33.000Z</time><extensions/></trkpt><trkpt lat="43.030807971954346" lon="-1.294489223510027"><ele>1398.199951171875</ele><time>2026-08-11T07:14:35.000Z</time><extensions/></trkpt><trkpt lat="43.03084284067154" lon="-1.294295433908701"><ele>1397.5999755859375</ele><time>2026-08-11T07:14:37.000Z</time><extensions/></trkpt><trkpt lat="43.03084225393832" lon="-1.294198203831911"><ele>1397.4000244140625</ele><time>2026-08-11T07:14:38.000Z</time><extensions/></trkpt><trkpt lat="43.030853318050504" lon="-1.294021848589182"><ele>1397.5999755859375</ele><time>2026-08-11T07:14:40.000Z</time><extensions/></trkpt><trkpt lat="43.030917439609766" lon="-1.2938666995614767"><ele>1397.5999755859375</ele><time>2026-08-11T07:14:42.000Z</time><extensions/></trkpt><trkpt lat="43.031012238934636" lon="-1.2937436532229185"><ele>1397.0</ele><time>2026-08-11T07:14:44.000Z</time><extensions/></trkpt><trkpt lat="43.031125562265515" lon="-1.2936429865658283"><ele>1396.199951171875</ele><time>2026-08-11T07:14:46.000Z</time><extensions/></trkpt><trkpt lat="43.03118649870157" lon="-1.2935968022793531"><ele>1395.800048828125</ele><time>2026-08-11T07:14:47.000Z</time><extensions/></trkpt><trkpt lat="43.03135891444981" lon="-1.293427236378193"><ele>1394.0</ele><time>2026-08-11T07:14:50.000Z</time><extensions/></trkpt><trkpt lat="43.03142052143812" lon="-1.2933608517050743"><ele>1393.0</ele><time>2026-08-11T07:14:51.000Z</time><extensions/></trkpt><trkpt lat="43.031481290236115" lon="-1.2932880129665136"><ele>1391.800048828125</ele><time>2026-08-11T07:14:52.000Z</time><extensions/></trkpt><trkpt lat="43.03159528411925" lon="-1.293128840625286"><ele>1390.0</ele><time>2026-08-11T07:14:54.000Z</time><extensions/></trkpt><trkpt lat="43.03165286779404" lon="-1.2930518109351397"><ele>1389.0</ele><time>2026-08-11T07:14:55.000Z</time><extensions/></trkpt><trkpt lat="43.031706092879176" lon="-1.2929787207394838"><ele>1388.199951171875</ele><time>2026-08-11T07:14:56.000Z</time><extensions/></trkpt><trkpt lat="43.03175697103143" lon="-1.2929133418947458"><ele>1387.800048828125</ele><time>2026-08-11T07:14:57.000Z</time><extensions/></trkpt><trkpt lat="43.03184950724244" lon="-1.292782248929143"><ele>1386.800048828125</ele><time>2026-08-11T07:14:59.000Z</time><extensions/></trkpt><trkpt lat="43.031943552196026" lon="-1.2926547601819038"><ele>1384.5999755859375</ele><time>2026-08-11T07:15:01.000Z</time><extensions/></trkpt><trkpt lat="43.0319881439209" lon="-1.2925920635461807"><ele>1383.4000244140625</ele><time>2026-08-11T07:15:02.000Z</time><extensions/></trkpt><trkpt lat="43.03209082223475" lon="-1.2924660835415125"><ele>1381.199951171875</ele><time>2026-08-11T07:15:04.000Z</time><extensions/></trkpt><trkpt lat="43.0321520101279" lon="-1.2924059014767408"><ele>1379.4000244140625</ele><time>2026-08-11T07:15:05.000Z</time><extensions/></trkpt><trkpt lat="43.032218562439084" lon="-1.2923421990126371"><ele>1378.199951171875</ele><time>2026-08-11T07:15:06.000Z</time><extensions/></trkpt><trkpt lat="43.03228578530252" lon="-1.2922774069011211"><ele>1376.800048828125</ele><time>2026-08-11T07:15:07.000Z</time><extensions/></trkpt><trkpt lat="43.03235719911754" lon="-1.2922168895602226"><ele>1375.4000244140625</ele><time>2026-08-11T07:15:08.000Z</time><extensions/></trkpt><trkpt lat="43.032427774742246" lon="-1.2921526841819286"><ele>1374.5999755859375</ele><time>2026-08-11T07:15:09.000Z</time><extensions/></trkpt><trkpt lat="43.03249508142471" lon="-1.2920884788036346"><ele>1373.5999755859375</ele><time>2026-08-11T07:15:10.000Z</time><extensions/></trkpt><trkpt lat="43.03261469118297" lon="-1.2919541168957949"><ele>1372.0</ele><time>2026-08-11T07:15:12.000Z</time><extensions/></trkpt><trkpt lat="43.032737486064434" lon="-1.291843056678772"><ele>1370.199951171875</ele><time>2026-08-11T07:15:14.000Z</time><extensions/></trkpt><trkpt lat="43.032858269289136" lon="-1.2917495146393776"><ele>1368.4000244140625</ele><time>2026-08-11T07:15:16.000Z</time><extensions/></trkpt><trkpt lat="43.03299045190215" lon="-1.2916759215295315"><ele>1366.4000244140625</ele><time>2026-08-11T07:15:18.000Z</time><extensions/></trkpt><trkpt lat="43.03306421265006" lon="-1.2916591577231884"><ele>1365.199951171875</ele><time>2026-08-11T07:15:19.000Z</time><extensions/></trkpt><trkpt lat="43.033142583444715" lon="-1.2916594091802835"><ele>1363.800048828125</ele><time>2026-08-11T07:15:20.000Z</time><extensions/></trkpt><trkpt lat="43.0332228820771" lon="-1.2916755862534046"><ele>1362.4000244140625</ele><time>2026-08-11T07:15:21.000Z</time><extensions/></trkpt><trkpt lat="43.033385993912816" lon="-1.2917176634073257"><ele>1360.800048828125</ele><time>2026-08-11T07:15:23.000Z</time><extensions/></trkpt><trkpt lat="43.0337821226567" lon="-1.291833333671093"><ele>1359.5999755859375</ele><time>2026-08-11T07:15:28.000Z</time><extensions/></trkpt><trkpt lat="43.03393844515085" lon="-1.291866609826684"><ele>1358.800048828125</ele><time>2026-08-11T07:15:30.000Z</time><extensions/></trkpt><trkpt lat="43.03408244624734" lon="-1.291836854070425"><ele>1358.800048828125</ele><time>2026-08-11T07:15:32.000Z</time><extensions/></trkpt><trkpt lat="43.034225944429636" lon="-1.2917917594313622"><ele>1359.5999755859375</ele><time>2026-08-11T07:15:35.000Z</time><extensions/></trkpt><trkpt lat="43.03431009873748" lon="-1.2917635962367058"><ele>1360.5999755859375</ele><time>2026-08-11T07:15:39.000Z</time><extensions/></trkpt><trkpt lat="43.034338261932135" lon="-1.2917614169418812"><ele>1360.4000244140625</ele><time>2026-08-11T07:15:44.000Z</time><extensions/></trkpt><trkpt lat="43.03446541540325" lon="-1.2917287275195122"><ele>1359.5999755859375</ele><time>2026-08-11T07:15:48.000Z</time><extensions/></trkpt><trkpt lat="43.034499948844314" lon="-1.2916863150894642"><ele>1359.199951171875</ele><time>2026-08-11T07:15:49.000Z</time><extensions/></trkpt><trkpt lat="43.03454470820725" lon="-1.291559748351574"><ele>1358.199951171875</ele><time>2026-08-11T07:15:51.000Z</time><extensions/></trkpt><trkpt lat="43.034584606066346" lon="-1.2914013303816319"><ele>1356.5999755859375</ele><time>2026-08-11T07:15:53.000Z</time><extensions/></trkpt><trkpt lat="43.03462299518287" lon="-1.2912321835756302"><ele>1355.0</ele><time>2026-08-11T07:15:55.000Z</time><extensions/></trkpt><trkpt lat="43.034646632149816" lon="-1.2911518849432468"><ele>1354.4000244140625</ele><time>2026-08-11T07:15:56.000Z</time><extensions/></trkpt><trkpt lat="43.03470513783395" lon="-1.291013415902853"><ele>1353.5999755859375</ele><time>2026-08-11T07:15:58.000Z</time><extensions/></trkpt><trkpt lat="43.034786861389875" lon="-1.290952479466796"><ele>1353.199951171875</ele><time>2026-08-11T07:16:00.000Z</time><extensions/></trkpt><trkpt lat="43.03487118333578" lon="-1.2910034414380789"><ele>1352.199951171875</ele><time>2026-08-11T07:16:02.000Z</time><extensions/></trkpt><trkpt lat="43.0349116679281" lon="-1.2910538166761398"><ele>1351.800048828125</ele><time>2026-08-11T07:16:03.000Z</time><extensions/></trkpt><trkpt lat="43.034948045387864" lon="-1.291121793910861"><ele>1351.0</ele><time>2026-08-11T07:16:04.000Z</time><extensions/></trkpt><trkpt lat="43.03498241119087" lon="-1.2911997456103563"><ele>1350.0</ele><time>2026-08-11T07:16:05.000Z</time><extensions/></trkpt><trkpt lat="43.03501803427935" lon="-1.2912794575095177"><ele>1348.800048828125</ele><time>2026-08-11T07:16:06.000Z</time><extensions/></trkpt><trkpt lat="43.035056758672" lon="-1.2913616839796305"><ele>1347.800048828125</ele><time>2026-08-11T07:16:07.000Z</time><extensions/></trkpt><trkpt lat="43.03510026074946" lon="-1.2914397194981575"><ele>1347.4000244140625</ele><time>2026-08-11T07:16:08.000Z</time><extensions/></trkpt><trkpt lat="43.035147953778505" lon="-1.2915170844644308"><ele>1346.199951171875</ele><time>2026-08-11T07:16:09.000Z</time><extensions/></trkpt><trkpt lat="43.03519757464528" lon="-1.2915920186787844"><ele>1345.4000244140625</ele><time>2026-08-11T07:16:10.000Z</time><extensions/></trkpt><trkpt lat="43.03524065762758" lon="-1.291668713092804"><ele>1344.5999755859375</ele><time>2026-08-11T07:16:11.000Z</time><extensions/></trkpt><trkpt lat="43.03528072312474" lon="-1.2917436473071575"><ele>1343.5999755859375</ele><time>2026-08-11T07:16:12.000Z</time><extensions/></trkpt><trkpt lat="43.035346269607544" lon="-1.291872812435031"><ele>1342.5999755859375</ele><time>2026-08-11T07:16:14.000Z</time><extensions/></trkpt><trkpt lat="43.03539413027465" lon="-1.291893683373928"><ele>1342.199951171875</ele><time>2026-08-11T07:16:15.000Z</time><extensions/></trkpt><trkpt lat="43.035445259884" lon="-1.2918921746313572"><ele>1342.0</ele><time>2026-08-11T07:16:16.000Z</time><extensions/></trkpt><trkpt lat="43.03554894402623" lon="-1.291858060285449"><ele>1341.4000244140625</ele><time>2026-08-11T07:16:18.000Z</time><extensions/></trkpt><trkpt lat="43.03563376888633" lon="-1.2917778454720974"><ele>1340.0</ele><time>2026-08-11T07:16:20.000Z</time><extensions/></trkpt><trkpt lat="43.03568087518215" lon="-1.2917505204677582"><ele>1339.0</ele><time>2026-08-11T07:16:21.000Z</time><extensions/></trkpt><trkpt lat="43.03573493845761" lon="-1.2917348463088274"><ele>1338.0</ele><time>2026-08-11T07:16:22.000Z</time><extensions/></trkpt><trkpt lat="43.0358562245965" lon="-1.2917153164744377"><ele>1336.0</ele><time>2026-08-11T07:16:24.000Z</time><extensions/></trkpt><trkpt lat="43.035918502137065" lon="-1.2916930206120014"><ele>1335.0</ele><time>2026-08-11T07:16:25.000Z</time><extensions/></trkpt><trkpt lat="43.03597306832671" lon="-1.29165630787611"><ele>1333.800048828125</ele><time>2026-08-11T07:16:26.000Z</time><extensions/></trkpt><trkpt lat="43.036053366959095" lon="-1.2915398832410574"><ele>1332.5999755859375</ele><time>2026-08-11T07:16:28.000Z</time><extensions/></trkpt><trkpt lat="43.0361186619848" lon="-1.291407449170947"><ele>1331.0</ele><time>2026-08-11T07:16:30.000Z</time><extensions/></trkpt><trkpt lat="43.036173563450575" lon="-1.2912452593445778"><ele>1328.800048828125</ele><time>2026-08-11T07:16:32.000Z</time><extensions/></trkpt><trkpt lat="43.03620206192136" lon="-1.2911628652364016"><ele>1328.199951171875</ele><time>2026-08-11T07:16:33.000Z</time><extensions/></trkpt><trkpt lat="43.036234667524695" lon="-1.2910829856991768"><ele>1327.4000244140625</ele><time>2026-08-11T07:16:34.000Z</time><extensions/></trkpt><trkpt lat="43.03630298003554" lon="-1.2909247353672981"><ele>1325.800048828125</ele><time>2026-08-11T07:16:36.000Z</time><extensions/></trkpt><trkpt lat="43.036333322525024" lon="-1.2908440176397562"><ele>1324.800048828125</ele><time>2026-08-11T07:16:37.000Z</time><extensions/></trkpt><trkpt lat="43.03636693395674" lon="-1.2907621264457703"><ele>1323.800048828125</ele><time>2026-08-11T07:16:38.000Z</time><extensions/></trkpt><trkpt lat="43.03640339523554" lon="-1.2906886171549559"><ele>1322.4000244140625</ele><time>2026-08-11T07:16:39.000Z</time><extensions/></trkpt><trkpt lat="43.0364432092756" lon="-1.2906214781105518"><ele>1321.199951171875</ele><time>2026-08-11T07:16:40.000Z</time><extensions/></trkpt><trkpt lat="43.03648553788662" lon="-1.2905621342360973"><ele>1321.0</ele><time>2026-08-11T07:16:41.000Z</time><extensions/></trkpt><trkpt lat="43.03653448820114" lon="-1.2905214820057154"><ele>1320.4000244140625</ele><time>2026-08-11T07:16:42.000Z</time><extensions/></trkpt><trkpt lat="43.03658436052501" lon="-1.2904830928891897"><ele>1319.800048828125</ele><time>2026-08-11T07:16:43.000Z</time><extensions/></trkpt><trkpt lat="43.03661897778511" lon="-1.2904260121285915"><ele>1319.4000244140625</ele><time>2026-08-11T07:16:44.000Z</time><extensions/></trkpt><trkpt lat="43.03666432388127" lon="-1.2902719527482986"><ele>1318.0</ele><time>2026-08-11T07:16:46.000Z</time><extensions/></trkpt><trkpt lat="43.03669994696975" lon="-1.2900867965072393"><ele>1316.0</ele><time>2026-08-11T07:16:48.000Z</time><extensions/></trkpt><trkpt lat="43.03672584705055" lon="-1.289987973868847"><ele>1314.800048828125</ele><time>2026-08-11T07:16:49.000Z</time><extensions/></trkpt><trkpt lat="43.03675023838878" lon="-1.2898832000792027"><ele>1313.800048828125</ele><time>2026-08-11T07:16:50.000Z</time><extensions/></trkpt><trkpt lat="43.036802876740694" lon="-1.2896635942161083"><ele>1312.199951171875</ele><time>2026-08-11T07:16:52.000Z</time><extensions/></trkpt><trkpt lat="43.036868423223495" lon="-1.2894388753920794"><ele>1310.5999755859375</ele><time>2026-08-11T07:16:54.000Z</time><extensions/></trkpt><trkpt lat="43.03693078458309" lon="-1.2892261426895857"><ele>1309.4000244140625</ele><time>2026-08-11T07:16:56.000Z</time><extensions/></trkpt><trkpt lat="43.036968503147364" lon="-1.2891340255737305"><ele>1309.199951171875</ele><time>2026-08-11T07:16:57.000Z</time><extensions/></trkpt><trkpt lat="43.0370875261724" lon="-1.2889051996171474"><ele>1309.199951171875</ele><time>2026-08-11T07:17:00.000Z</time><extensions/></trkpt><trkpt lat="43.03712616674602" lon="-1.288846107199788"><ele>1309.4000244140625</ele><time>2026-08-11T07:17:01.000Z</time><extensions/></trkpt><trkpt lat="43.03719908930361" lon="-1.2887658923864365"><ele>1309.199951171875</ele><time>2026-08-11T07:17:03.000Z</time><extensions/></trkpt><trkpt lat="43.037232365459204" lon="-1.2887440994381905"><ele>1309.4000244140625</ele><time>2026-08-11T07:17:04.000Z</time><extensions/></trkpt><trkpt lat="43.03727922029793" lon="-1.2887213844805956"><ele>1309.0</ele><time>2026-08-11T07:17:07.000Z</time><extensions/></trkpt><trkpt lat="43.03727922029793" lon="-1.2887213844805956"><ele>1308.800048828125</ele><time>2026-08-11T07:17:15.000Z</time><extensions/></trkpt><trkpt lat="43.03727922029793" lon="-1.2887213844805956"><ele>1308.800048828125</ele><time>2026-08-11T07:17:24.000Z</time><extensions/></trkpt><trkpt lat="43.03727922029793" lon="-1.2887213844805956"><ele>1308.800048828125</ele><time>2026-08-11T07:17:27.000Z</time><extensions/></trkpt><trkpt lat="43.037283243611455" lon="-1.2887166067957878"><ele>1308.4000244140625</ele><time>2026-08-11T07:17:35.000Z</time><extensions/></trkpt><trkpt lat="43.03727796301246" lon="-1.288723647594452"><ele>1308.4000244140625</ele><time>2026-08-11T07:17:40.000Z</time><extensions/></trkpt><trkpt lat="43.037285255268216" lon="-1.288715098053217"><ele>1308.4000244140625</ele><time>2026-08-11T07:17:41.000Z</time><extensions/></trkpt><trkpt lat="43.03728684782982" lon="-1.2886482942849398"><ele>1308.199951171875</ele><time>2026-08-11T07:17:44.000Z</time><extensions/></trkpt><trkpt lat="43.03728240542114" lon="-1.28860873170197"><ele>1308.0</ele><time>2026-08-11T07:17:46.000Z</time><extensions/></trkpt><trkpt lat="43.0372809804976" lon="-1.2886083964258432"><ele>1308.0</ele><time>2026-08-11T07:17:48.000Z</time><extensions/></trkpt><trkpt lat="43.0372809804976" lon="-1.2886083964258432"><ele>1307.800048828125</ele><time>2026-08-11T07:17:58.000Z</time><extensions/></trkpt><trkpt lat="43.03727905265987" lon="-1.2885759584605694"><ele>1307.800048828125</ele><time>2026-08-11T07:18:01.000Z</time><extensions/></trkpt><trkpt lat="43.03728341124952" lon="-1.2885550875216722"><ele>1307.5999755859375</ele><time>2026-08-11T07:18:02.000Z</time><extensions/></trkpt><trkpt lat="43.03732884116471" lon="-1.2884332984685898"><ele>1307.4000244140625</ele><time>2026-08-11T07:18:06.000Z</time><extensions/></trkpt><trkpt lat="43.03733814507723" lon="-1.2883949093520641"><ele>1307.199951171875</ele><time>2026-08-11T07:18:07.000Z</time><extensions/></trkpt><trkpt lat="43.03736639209092" lon="-1.2882504891604185"><ele>1306.4000244140625</ele><time>2026-08-11T07:18:10.000Z</time><extensions/></trkpt><trkpt lat="43.0373880174011" lon="-1.2881980184465647"><ele>1306.0</ele><time>2026-08-11T07:18:11.000Z</time><extensions/></trkpt><trkpt lat="43.03741601295769" lon="-1.288134902715683"><ele>1305.199951171875</ele><time>2026-08-11T07:18:12.000Z</time><extensions/></trkpt><trkpt lat="43.037444008514285" lon="-1.2880670092999935"><ele>1304.5999755859375</ele><time>2026-08-11T07:18:13.000Z</time><extensions/></trkpt><trkpt lat="43.037497233599424" lon="-1.2879276182502508"><ele>1303.4000244140625</ele><time>2026-08-11T07:18:15.000Z</time><extensions/></trkpt><trkpt lat="43.037540232762694" lon="-1.2877800129354"><ele>1302.800048828125</ele><time>2026-08-11T07:18:17.000Z</time><extensions/></trkpt><trkpt lat="43.03756923414767" lon="-1.287697870284319"><ele>1302.199951171875</ele><time>2026-08-11T07:18:18.000Z</time><extensions/></trkpt><trkpt lat="43.03762748837471" lon="-1.287526460364461"><ele>1300.5999755859375</ele><time>2026-08-11T07:18:20.000Z</time><extensions/></trkpt><trkpt lat="43.03765187971294" lon="-1.2874376121908426"><ele>1299.800048828125</ele><time>2026-08-11T07:18:21.000Z</time><extensions/></trkpt><trkpt lat="43.037673672661185" lon="-1.2873492669314146"><ele>1299.0</ele><time>2026-08-11T07:18:22.000Z</time><extensions/></trkpt><trkpt lat="43.0377331841737" lon="-1.287038717418909"><ele>1299.199951171875</ele><time>2026-08-11T07:18:26.000Z</time><extensions/></trkpt><trkpt lat="43.037765538319945" lon="-1.286918604746461"><ele>1300.199951171875</ele><time>2026-08-11T07:18:28.000Z</time><extensions/></trkpt><trkpt lat="43.03780208341777" lon="-1.2867500446736813"><ele>1301.199951171875</ele><time>2026-08-11T07:18:31.000Z</time><extensions/></trkpt><trkpt lat="43.037813398987055" lon="-1.286692712455988"><ele>1301.4000244140625</ele><time>2026-08-11T07:18:32.000Z</time><extensions/></trkpt><trkpt lat="43.037890177220106" lon="-1.2863259203732014"><ele>1301.5999755859375</ele><time>2026-08-11T07:18:38.000Z</time><extensions/></trkpt><trkpt lat="43.037936529144645" lon="-1.2860416062176228"><ele>1300.5999755859375</ele><time>2026-08-11T07:18:42.000Z</time><extensions/></trkpt><trkpt lat="43.03794465959072" lon="-1.2859649118036032"><ele>1300.199951171875</ele><time>2026-08-11T07:18:43.000Z</time><extensions/></trkpt><trkpt lat="43.038014229387045" lon="-1.28548052161932"><ele>1299.199951171875</ele><time>2026-08-11T07:18:49.000Z</time><extensions/></trkpt><trkpt lat="43.03804809227586" lon="-1.2853133026510477"><ele>1298.800048828125</ele><time>2026-08-11T07:18:51.000Z</time><extensions/></trkpt><trkpt lat="43.038092432543635" lon="-1.2851346842944622"><ele>1297.800048828125</ele><time>2026-08-11T07:18:53.000Z</time><extensions/></trkpt><trkpt lat="43.038112884387374" lon="-1.2850377894937992"><ele>1297.0</ele><time>2026-08-11T07:18:54.000Z</time><extensions/></trkpt><trkpt lat="43.038131995126605" lon="-1.284929746761918"><ele>1296.0</ele><time>2026-08-11T07:18:55.000Z</time><extensions/></trkpt><trkpt lat="43.038148172199726" lon="-1.2848132383078337"><ele>1294.800048828125</ele><time>2026-08-11T07:18:56.000Z</time><extensions/></trkpt><trkpt lat="43.038167199119925" lon="-1.2846898566931486"><ele>1293.5999755859375</ele><time>2026-08-11T07:18:57.000Z</time><extensions/></trkpt><trkpt lat="43.03818781860173" lon="-1.2845570035278797"><ele>1292.0</ele><time>2026-08-11T07:18:58.000Z</time><extensions/></trkpt><trkpt lat="43.038211623206735" lon="-1.284419372677803"><ele>1290.4000244140625</ele><time>2026-08-11T07:18:59.000Z</time><extensions/></trkpt><trkpt lat="43.038237607106566" lon="-1.284280065447092"><ele>1288.5999755859375</ele><time>2026-08-11T07:19:00.000Z</time><extensions/></trkpt><trkpt lat="43.03826275281608" lon="-1.2841436918824911"><ele>1287.0</ele><time>2026-08-11T07:19:01.000Z</time><extensions/></trkpt><trkpt lat="43.03828462958336" lon="-1.2840106710791588"><ele>1285.4000244140625</ele><time>2026-08-11T07:19:02.000Z</time><extensions/></trkpt><trkpt lat="43.03831069730222" lon="-1.283867508172989"><ele>1283.800048828125</ele><time>2026-08-11T07:19:03.000Z</time><extensions/></trkpt><trkpt lat="43.03834481164813" lon="-1.2837234232574701"><ele>1282.5999755859375</ele><time>2026-08-11T07:19:04.000Z</time><extensions/></trkpt><trkpt lat="43.03837607614696" lon="-1.2835805118083954"><ele>1281.0</ele><time>2026-08-11T07:19:05.000Z</time><extensions/></trkpt><trkpt lat="43.03841236978769" lon="-1.2834370974451303"><ele>1279.5999755859375</ele><time>2026-08-11T07:19:06.000Z</time><extensions/></trkpt><trkpt lat="43.03845729678869" lon="-1.2832971196621656"><ele>1278.4000244140625</ele><time>2026-08-11T07:19:07.000Z</time><extensions/></trkpt><trkpt lat="43.03855595178902" lon="-1.28302956931293"><ele>1276.5999755859375</ele><time>2026-08-11T07:19:09.000Z</time><extensions/></trkpt><trkpt lat="43.03861252963543" lon="-1.2829030863940716"><ele>1276.199951171875</ele><time>2026-08-11T07:19:10.000Z</time><extensions/></trkpt><trkpt lat="43.03872434422374" lon="-1.282669734209776"><ele>1276.0</ele><time>2026-08-11T07:19:12.000Z</time><extensions/></trkpt><trkpt lat="43.038899190723896" lon="-1.282368991523981"><ele>1276.199951171875</ele><time>2026-08-11T07:19:15.000Z</time><extensions/></trkpt><trkpt lat="43.03903975524008" lon="-1.2822413351386786"><ele>1276.5999755859375</ele><time>2026-08-11T07:19:17.000Z</time><extensions/></trkpt><trkpt lat="43.03910848684609" lon="-1.2821977492421865"><ele>1276.5999755859375</ele><time>2026-08-11T07:19:18.000Z</time><extensions/></trkpt><trkpt lat="43.03917059674859" lon="-1.2821690831333399"><ele>1277.4000244140625</ele><time>2026-08-11T07:19:19.000Z</time><extensions/></trkpt><trkpt lat="43.03921887651086" lon="-1.282159946858883"><ele>1278.199951171875</ele><time>2026-08-11T07:19:20.000Z</time><extensions/></trkpt><trkpt lat="43.039262127131224" lon="-1.2821658980101347"><ele>1279.0</ele><time>2026-08-11T07:19:21.000Z</time><extensions/></trkpt><trkpt lat="43.03930336609483" lon="-1.2821715977042913"><ele>1279.5999755859375</ele><time>2026-08-11T07:19:22.000Z</time><extensions/></trkpt><trkpt lat="43.03934468887746" lon="-1.282193809747696"><ele>1279.800048828125</ele><time>2026-08-11T07:19:23.000Z</time><extensions/></trkpt><trkpt lat="43.039441248402" lon="-1.2822130043059587"><ele>1279.0</ele><time>2026-08-11T07:19:25.000Z</time><extensions/></trkpt><trkpt lat="43.03948684595525" lon="-1.2821873556822538"><ele>1278.4000244140625</ele><time>2026-08-11T07:19:26.000Z</time><extensions/></trkpt><trkpt lat="43.03952825255692" lon="-1.2821404170244932"><ele>1277.5999755859375</ele><time>2026-08-11T07:19:27.000Z</time><extensions/></trkpt><trkpt lat="43.03957066498697" lon="-1.2820819113403559"><ele>1276.800048828125</ele><time>2026-08-11T07:19:28.000Z</time><extensions/></trkpt><trkpt lat="43.03961508907378" lon="-1.2820112518966198"><ele>1275.800048828125</ele><time>2026-08-11T07:19:29.000Z</time><extensions/></trkpt><trkpt lat="43.03966345265508" lon="-1.2819385807961226"><ele>1275.0</ele><time>2026-08-11T07:19:30.000Z</time><extensions/></trkpt><trkpt lat="43.03977015428245" lon="-1.2817925680428743"><ele>1274.4000244140625</ele><time>2026-08-11T07:19:32.000Z</time><extensions/></trkpt><trkpt lat="43.03993712179363" lon="-1.281625684350729"><ele>1274.5999755859375</ele><time>2026-08-11T07:19:35.000Z</time><extensions/></trkpt><trkpt lat="43.04014088585973" lon="-1.2813365925103426"><ele>1276.0</ele><time>2026-08-11T07:19:40.000Z</time><extensions/></trkpt><trkpt lat="43.04023426026106" lon="-1.2811648473143578"><ele>1277.199951171875</ele><time>2026-08-11T07:19:43.000Z</time><extensions/></trkpt><trkpt lat="43.04029301740229" lon="-1.2810547091066837"><ele>1278.199951171875</ele><time>2026-08-11T07:19:45.000Z</time><extensions/></trkpt><trkpt lat="43.04031849838793" lon="-1.280995449051261"><ele>1278.199951171875</ele><time>2026-08-11T07:19:46.000Z</time><extensions/></trkpt><trkpt lat="43.04040835238993" lon="-1.2807479314506054"><ele>1278.5999755859375</ele><time>2026-08-11T07:19:50.000Z</time><extensions/></trkpt><trkpt lat="43.040424697101116" lon="-1.2806880008429289"><ele>1278.800048828125</ele><time>2026-08-11T07:19:51.000Z</time><extensions/></trkpt><trkpt lat="43.040476413443685" lon="-1.2805167585611343"><ele>1279.4000244140625</ele><time>2026-08-11T07:19:54.000Z</time><extensions/></trkpt><trkpt lat="43.04051052778959" lon="-1.2804100569337606"><ele>1279.800048828125</ele><time>2026-08-11T07:19:56.000Z</time><extensions/></trkpt><trkpt lat="43.04052737541497" lon="-1.280359011143446"><ele>1280.199951171875</ele><time>2026-08-11T07:19:57.000Z</time><extensions/></trkpt><trkpt lat="43.04053768515587" lon="-1.2803058698773384"><ele>1280.4000244140625</ele><time>2026-08-11T07:19:58.000Z</time><extensions/></trkpt><trkpt lat="43.040578085929155" lon="-1.280120462179184"><ele>1281.4000244140625</ele><time>2026-08-11T07:20:02.000Z</time><extensions/></trkpt><trkpt lat="43.04058412089944" lon="-1.2800819054245949"><ele>1281.800048828125</ele><time>2026-08-11T07:20:03.000Z</time><extensions/></trkpt><trkpt lat="43.04059443064034" lon="-1.2800018582493067"><ele>1282.5999755859375</ele><time>2026-08-11T07:20:05.000Z</time><extensions/></trkpt><trkpt lat="43.040618151426315" lon="-1.2798411771655083"><ele>1283.4000244140625</ele><time>2026-08-11T07:20:09.000Z</time><extensions/></trkpt><trkpt lat="43.040659222751856" lon="-1.279633892700076"><ele>1283.4000244140625</ele><time>2026-08-11T07:20:14.000Z</time><extensions/></trkpt><trkpt lat="43.04069702513516" lon="-1.279493747279048"><ele>1283.5999755859375</ele><time>2026-08-11T07:20:17.000Z</time><extensions/></trkpt><trkpt lat="43.040710939094424" lon="-1.279449239373207"><ele>1283.5999755859375</ele><time>2026-08-11T07:20:18.000Z</time><extensions/></trkpt><trkpt lat="43.04076785221696" lon="-1.2792682740837336"><ele>1284.0</ele><time>2026-08-11T07:20:22.000Z</time><extensions/></trkpt><trkpt lat="43.040822418406606" lon="-1.2790971994400024"><ele>1284.800048828125</ele><time>2026-08-11T07:20:26.000Z</time><extensions/></trkpt><trkpt lat="43.04088905453682" lon="-1.2789379432797432"><ele>1285.4000244140625</ele><time>2026-08-11T07:20:30.000Z</time><extensions/></trkpt><trkpt lat="43.04094043560326" lon="-1.2788247875869274"><ele>1286.0</ele><time>2026-08-11T07:20:33.000Z</time><extensions/></trkpt><trkpt lat="43.04097496904433" lon="-1.27873451448977"><ele>1286.800048828125</ele><time>2026-08-11T07:20:36.000Z</time><extensions/></trkpt><trkpt lat="43.04098402149975" lon="-1.2787073571234941"><ele>1287.0</ele><time>2026-08-11T07:20:37.000Z</time><extensions/></trkpt><trkpt lat="43.041028026491404" lon="-1.2785920221358538"><ele>1288.4000244140625</ele><time>2026-08-11T07:20:41.000Z</time><extensions/></trkpt><trkpt lat="43.04104001261294" lon="-1.2785652000457048"><ele>1288.800048828125</ele><time>2026-08-11T07:20:42.000Z</time><extensions/></trkpt><trkpt lat="43.041082341223955" lon="-1.2784877512603998"><ele>1289.5999755859375</ele><time>2026-08-11T07:20:45.000Z</time><extensions/></trkpt><trkpt lat="43.04114118218422" lon="-1.278377277776599"><ele>1290.4000244140625</ele><time>2026-08-11T07:20:49.000Z</time><extensions/></trkpt><trkpt lat="43.04116012528539" lon="-1.2783149164170027"><ele>1290.5999755859375</ele><time>2026-08-11T07:20:51.000Z</time><extensions/></trkpt><trkpt lat="43.04119122214615" lon="-1.2781975697726011"><ele>1291.0</ele><time>2026-08-11T07:20:55.000Z</time><extensions/></trkpt><trkpt lat="43.04123321548104" lon="-1.2780559994280338"><ele>1291.5999755859375</ele><time>2026-08-11T07:21:00.000Z</time><extensions/></trkpt><trkpt lat="43.04123514331877" lon="-1.278029764071107"><ele>1291.800048828125</ele><time>2026-08-11T07:21:01.000Z</time><extensions/></trkpt><trkpt lat="43.04129851050675" lon="-1.277858018875122"><ele>1291.5999755859375</ele><time>2026-08-11T07:21:06.000Z</time><extensions/></trkpt><trkpt lat="43.0413218960166" lon="-1.2778098229318857"><ele>1291.199951171875</ele><time>2026-08-11T07:21:07.000Z</time><extensions/></trkpt><trkpt lat="43.04138207808137" lon="-1.277715526521206"><ele>1290.4000244140625</ele><time>2026-08-11T07:21:09.000Z</time><extensions/></trkpt><trkpt lat="43.04142130538821" lon="-1.2776664923876524"><ele>1289.800048828125</ele><time>2026-08-11T07:21:10.000Z</time><extensions/></trkpt><trkpt lat="43.0414635501802" lon="-1.2776156980544329"><ele>1289.0</ele><time>2026-08-11T07:21:11.000Z</time><extensions/></trkpt><trkpt lat="43.041565641760826" lon="-1.2775109242647886"><ele>1287.4000244140625</ele><time>2026-08-11T07:21:13.000Z</time><extensions/></trkpt><trkpt lat="43.04161165840924" lon="-1.2774379178881645"><ele>1286.5999755859375</ele><time>2026-08-11T07:21:14.000Z</time><extensions/></trkpt><trkpt lat="43.04164979606867" lon="-1.2773557752370834"><ele>1285.5999755859375</ele><time>2026-08-11T07:21:15.000Z</time><extensions/></trkpt><trkpt lat="43.04167980328202" lon="-1.2772700283676386"><ele>1284.800048828125</ele><time>2026-08-11T07:21:16.000Z</time><extensions/></trkpt><trkpt lat="43.04170863702893" lon="-1.2771872151643038"><ele>1284.199951171875</ele><time>2026-08-11T07:21:17.000Z</time><extensions/></trkpt><trkpt lat="43.041724897921085" lon="-1.2771050725132227"><ele>1283.800048828125</ele><time>2026-08-11T07:21:18.000Z</time><extensions/></trkpt><trkpt lat="43.041773261502385" lon="-1.2769717164337635"><ele>1284.4000244140625</ele><time>2026-08-11T07:21:20.000Z</time><extensions/></trkpt><trkpt lat="43.041815757751465" lon="-1.2768364325165749"><ele>1285.0</ele><time>2026-08-11T07:21:22.000Z</time><extensions/></trkpt><trkpt lat="43.04184542968869" lon="-1.2767060939222574"><ele>1285.0</ele><time>2026-08-11T07:21:24.000Z</time><extensions/></trkpt><trkpt lat="43.04185071028769" lon="-1.2766412179917097"><ele>1285.0</ele><time>2026-08-11T07:21:25.000Z</time><extensions/></trkpt><trkpt lat="43.041875436902046" lon="-1.276506520807743"><ele>1284.800048828125</ele><time>2026-08-11T07:21:27.000Z</time><extensions/></trkpt><trkpt lat="43.041979875415564" lon="-1.276053311303258"><ele>1283.0</ele><time>2026-08-11T07:21:33.000Z</time><extensions/></trkpt><trkpt lat="43.04199571721256" lon="-1.2759730126708746"><ele>1282.5999755859375</ele><time>2026-08-11T07:21:34.000Z</time><extensions/></trkpt><trkpt lat="43.04203050211072" lon="-1.275821216404438"><ele>1282.199951171875</ele><time>2026-08-11T07:21:36.000Z</time><extensions/></trkpt><trkpt lat="43.04205598309636" lon="-1.2756709288805723"><ele>1282.0</ele><time>2026-08-11T07:21:38.000Z</time><extensions/></trkpt><trkpt lat="43.04208565503359" lon="-1.2755318731069565"><ele>1282.0</ele><time>2026-08-11T07:21:40.000Z</time><extensions/></trkpt><trkpt lat="43.042102083563805" lon="-1.2754681706428528"><ele>1282.0</ele><time>2026-08-11T07:21:41.000Z</time><extensions/></trkpt><trkpt lat="43.04221775382757" lon="-1.2750956788659096"><ele>1282.199951171875</ele><time>2026-08-11T07:21:47.000Z</time><extensions/></trkpt><trkpt lat="43.0422627646476" lon="-1.274856710806489"><ele>1283.0</ele><time>2026-08-11T07:21:52.000Z</time><extensions/></trkpt><trkpt lat="43.04226293228567" lon="-1.274821925908327"><ele>1283.199951171875</ele><time>2026-08-11T07:21:53.000Z</time><extensions/></trkpt><trkpt lat="43.042275588959455" lon="-1.2747598998248577"><ele>1283.800048828125</ele><time>2026-08-11T07:21:55.000Z</time><extensions/></trkpt><trkpt lat="43.04229034110904" lon="-1.2747205048799515"><ele>1284.0</ele><time>2026-08-11T07:21:56.000Z</time><extensions/></trkpt><trkpt lat="43.04229620844126" lon="-1.274688234552741"><ele>1284.199951171875</ele><time>2026-08-11T07:21:57.000Z</time><extensions/></trkpt><trkpt lat="43.04231883957982" lon="-1.2745708040893078"><ele>1285.199951171875</ele><time>2026-08-11T07:22:01.000Z</time><extensions/></trkpt><trkpt lat="43.04233292117715" lon="-1.274481201544404"><ele>1286.0</ele><time>2026-08-11T07:22:04.000Z</time><extensions/></trkpt><trkpt lat="43.04233526811004" lon="-1.2744537089020014"><ele>1286.199951171875</ele><time>2026-08-11T07:22:05.000Z</time><extensions/></trkpt><trkpt lat="43.04233694449067" lon="-1.2744259648025036"><ele>1286.4000244140625</ele><time>2026-08-11T07:22:06.000Z</time><extensions/></trkpt><trkpt lat="43.04235731251538" lon="-1.2743199337273836"><ele>1287.5999755859375</ele><time>2026-08-11T07:22:10.000Z</time><extensions/></trkpt><trkpt lat="43.04237223230302" lon="-1.2742948718369007"><ele>1287.800048828125</ele><time>2026-08-11T07:22:11.000Z</time><extensions/></trkpt><trkpt lat="43.04237935692072" lon="-1.2742649484425783"><ele>1288.0</ele><time>2026-08-11T07:22:12.000Z</time><extensions/></trkpt><trkpt lat="43.04239586926997" lon="-1.2741871643811464"><ele>1288.800048828125</ele><time>2026-08-11T07:22:15.000Z</time><extensions/></trkpt><trkpt lat="43.04240475408733" lon="-1.2741066981106997"><ele>1289.4000244140625</ele><time>2026-08-11T07:22:18.000Z</time><extensions/></trkpt><trkpt lat="43.042411962524056" lon="-1.274052718654275"><ele>1289.800048828125</ele><time>2026-08-11T07:22:20.000Z</time><extensions/></trkpt><trkpt lat="43.04243660531938" lon="-1.2739220447838306"><ele>1290.800048828125</ele><time>2026-08-11T07:22:25.000Z</time><extensions/></trkpt><trkpt lat="43.04246946237981" lon="-1.2737549934536219"><ele>1291.800048828125</ele><time>2026-08-11T07:22:31.000Z</time><extensions/></trkpt><trkpt lat="43.04247667081654" lon="-1.2737321108579636"><ele>1292.0</ele><time>2026-08-11T07:22:32.000Z</time><extensions/></trkpt><trkpt lat="43.042520927265286" lon="-1.273582661524415"><ele>1292.800048828125</ele><time>2026-08-11T07:22:38.000Z</time><extensions/></trkpt><trkpt lat="43.0425272975117" lon="-1.2735610362142324"><ele>1293.0</ele><time>2026-08-11T07:22:39.000Z</time><extensions/></trkpt><trkpt lat="43.042566776275635" lon="-1.273423908278346"><ele>1294.0</ele><time>2026-08-11T07:22:45.000Z</time><extensions/></trkpt><trkpt lat="43.042574655264616" lon="-1.273392979055643"><ele>1294.0</ele><time>2026-08-11T07:22:46.000Z</time><extensions/></trkpt><trkpt lat="43.042632741853595" lon="-1.273170942440629"><ele>1294.0</ele><time>2026-08-11T07:22:53.000Z</time><extensions/></trkpt><trkpt lat="43.042674819007516" lon="-1.2729732133448124"><ele>1294.5999755859375</ele><time>2026-08-11T07:22:59.000Z</time><extensions/></trkpt><trkpt lat="43.0426858831197" lon="-1.2729045655578375"><ele>1295.0</ele><time>2026-08-11T07:23:01.000Z</time><extensions/></trkpt><trkpt lat="43.04269812069833" lon="-1.2728147115558386"><ele>1295.5999755859375</ele><time>2026-08-11T07:23:04.000Z</time><extensions/></trkpt><trkpt lat="43.042706586420536" lon="-1.2727372627705336"><ele>1296.0</ele><time>2026-08-11T07:23:07.000Z</time><extensions/></trkpt><trkpt lat="43.04271320812404" lon="-1.27265646122396"><ele>1296.5999755859375</ele><time>2026-08-11T07:23:10.000Z</time><extensions/></trkpt><trkpt lat="43.04271513596177" lon="-1.2726126238703728"><ele>1297.199951171875</ele><time>2026-08-11T07:23:12.000Z</time><extensions/></trkpt><trkpt lat="43.04271848872304" lon="-1.272537438198924"><ele>1298.0</ele><time>2026-08-11T07:23:15.000Z</time><extensions/></trkpt><trkpt lat="43.04271957837045" lon="-1.2725096102803946"><ele>1298.199951171875</ele><time>2026-08-11T07:23:16.000Z</time><extensions/></trkpt><trkpt lat="43.04272192530334" lon="-1.2724337540566921"><ele>1299.4000244140625</ele><time>2026-08-11T07:23:19.000Z</time><extensions/></trkpt><trkpt lat="43.042726116254926" lon="-1.2723820377141237"><ele>1300.0</ele><time>2026-08-11T07:23:21.000Z</time><extensions/></trkpt><trkpt lat="43.04272837936878" lon="-1.2723393738269806"><ele>1300.5999755859375</ele><time>2026-08-11T07:23:23.000Z</time><extensions/></trkpt><trkpt lat="43.042732402682304" lon="-1.2722484301775694"><ele>1301.5999755859375</ele><time>2026-08-11T07:23:27.000Z</time><extensions/></trkpt><trkpt lat="43.04273600690067" lon="-1.2722298223525286"><ele>1302.0</ele><time>2026-08-11T07:23:28.000Z</time><extensions/></trkpt><trkpt lat="43.04276157170534" lon="-1.2721677124500275"><ele>1302.800048828125</ele><time>2026-08-11T07:23:31.000Z</time><extensions/></trkpt><trkpt lat="43.04277280345559" lon="-1.2720973882824183"><ele>1303.4000244140625</ele><time>2026-08-11T07:23:34.000Z</time><extensions/></trkpt><trkpt lat="43.042784454301" lon="-1.2720130663365126"><ele>1303.800048828125</ele><time>2026-08-11T07:23:38.000Z</time><extensions/></trkpt><trkpt lat="43.04278998635709" lon="-1.271965792402625"><ele>1304.0</ele><time>2026-08-11T07:23:40.000Z</time><extensions/></trkpt><trkpt lat="43.04281571879983" lon="-1.2718392256647348"><ele>1304.0</ele><time>2026-08-11T07:23:45.000Z</time><extensions/></trkpt><trkpt lat="43.04283834993839" lon="-1.2717024330049753"><ele>1304.800048828125</ele><time>2026-08-11T07:23:51.000Z</time><extensions/></trkpt><trkpt lat="43.04285243153572" lon="-1.2715890258550644"><ele>1305.800048828125</ele><time>2026-08-11T07:23:56.000Z</time><extensions/></trkpt><trkpt lat="43.04285729303956" lon="-1.2715656403452158"><ele>1306.0</ele><time>2026-08-11T07:23:57.000Z</time><extensions/></trkpt><trkpt lat="43.04286961443722" lon="-1.2714228965342045"><ele>1306.5999755859375</ele><time>2026-08-11T07:24:03.000Z</time><extensions/></trkpt><trkpt lat="43.042890317738056" lon="-1.2713082320988178"><ele>1307.199951171875</ele><time>2026-08-11T07:24:08.000Z</time><extensions/></trkpt><trkpt lat="43.0428933352232" lon="-1.2712814938277006"><ele>1307.199951171875</ele><time>2026-08-11T07:24:09.000Z</time><extensions/></trkpt><trkpt lat="43.04293289780617" lon="-1.2711311224848032"><ele>1307.4000244140625</ele><time>2026-08-11T07:24:14.000Z</time><extensions/></trkpt><trkpt lat="43.042986541986465" lon="-1.270926520228386"><ele>1307.5999755859375</ele><time>2026-08-11T07:24:21.000Z</time><extensions/></trkpt><trkpt lat="43.043047059327364" lon="-1.2707059923559427"><ele>1308.0</ele><time>2026-08-11T07:24:28.000Z</time><extensions/></trkpt><trkpt lat="43.04305267520249" lon="-1.270677074790001"><ele>1308.199951171875</ele><time>2026-08-11T07:24:29.000Z</time><extensions/></trkpt><trkpt lat="43.04310992360115" lon="-1.2705231830477715"><ele>1308.5999755859375</ele><time>2026-08-11T07:24:34.000Z</time><extensions/></trkpt><trkpt lat="43.043150156736374" lon="-1.2703850492835045"><ele>1309.4000244140625</ele><time>2026-08-11T07:24:39.000Z</time><extensions/></trkpt><trkpt lat="43.04315811954439" lon="-1.270323358476162"><ele>1309.800048828125</ele><time>2026-08-11T07:24:41.000Z</time><extensions/></trkpt><trkpt lat="43.04318418726325" lon="-1.2702404614537954"><ele>1310.5999755859375</ele><time>2026-08-11T07:24:44.000Z</time><extensions/></trkpt><trkpt lat="43.04320530965924" lon="-1.2701427284628153"><ele>1311.0</ele><time>2026-08-11T07:24:47.000Z</time><extensions/></trkpt><trkpt lat="43.04322374984622" lon="-1.2700211070477962"><ele>1311.5999755859375</ele><time>2026-08-11T07:24:51.000Z</time><extensions/></trkpt><trkpt lat="43.04323757998645" lon="-1.269963439553976"><ele>1312.0</ele><time>2026-08-11T07:24:53.000Z</time><extensions/></trkpt><trkpt lat="43.04325895383954" lon="-1.2698640301823616"><ele>1312.800048828125</ele><time>2026-08-11T07:24:57.000Z</time><extensions/></trkpt><trkpt lat="43.04325811564922" lon="-1.269865119829774"><ele>1313.199951171875</ele><time>2026-08-11T07:24:59.000Z</time><extensions/></trkpt><trkpt lat="43.04325811564922" lon="-1.269865119829774"><ele>1313.199951171875</ele><time>2026-08-11T07:25:05.000Z</time><extensions/></trkpt><trkpt lat="43.04325811564922" lon="-1.269865119829774"><ele>1313.199951171875</ele><time>2026-08-11T07:25:07.000Z</time><extensions/></trkpt><trkpt lat="43.04325811564922" lon="-1.269865119829774"><ele>1313.0</ele><time>2026-08-11T07:25:16.000Z</time><extensions/></trkpt><trkpt lat="43.04325811564922" lon="-1.269865119829774"><ele>1313.199951171875</ele><time>2026-08-11T07:25:20.000Z</time><extensions/></trkpt><trkpt lat="43.04325811564922" lon="-1.269865119829774"><ele>1313.199951171875</ele><time>2026-08-11T07:25:24.000Z</time><extensions/></trkpt><trkpt lat="43.0432644020766" lon="-1.2698477692902088"><ele>1313.0</ele><time>2026-08-11T07:25:29.000Z</time><extensions/></trkpt><trkpt lat="43.043280160054564" lon="-1.2698358669877052"><ele>1313.199951171875</ele><time>2026-08-11T07:25:35.000Z</time><extensions/></trkpt><trkpt lat="43.043304635211825" lon="-1.2697462644428015"><ele>1313.4000244140625</ele><time>2026-08-11T07:25:39.000Z</time><extensions/></trkpt><trkpt lat="43.04332139901817" lon="-1.2696357909590006"><ele>1314.0</ele><time>2026-08-11T07:25:43.000Z</time><extensions/></trkpt><trkpt lat="43.043346125632524" lon="-1.2695494573563337"><ele>1314.4000244140625</ele><time>2026-08-11T07:25:46.000Z</time><extensions/></trkpt><trkpt lat="43.043360374867916" lon="-1.2693976610898972"><ele>1315.0</ele><time>2026-08-11T07:25:51.000Z</time><extensions/></trkpt><trkpt lat="43.043420976027846" lon="-1.2691652309149504"><ele>1315.5999755859375</ele><time>2026-08-11T07:25:58.000Z</time><extensions/></trkpt><trkpt lat="43.04350471124053" lon="-1.2689078226685524"><ele>1315.199951171875</ele><time>2026-08-11T07:26:04.000Z</time><extensions/></trkpt><trkpt lat="43.04359942674637" lon="-1.2686666753143072"><ele>1313.800048828125</ele><time>2026-08-11T07:26:08.000Z</time><extensions/></trkpt><trkpt lat="43.043655920773745" lon="-1.2685301341116428"><ele>1313.0</ele><time>2026-08-11T07:26:10.000Z</time><extensions/></trkpt><trkpt lat="43.04368148557842" lon="-1.2684596423059702"><ele>1312.5999755859375</ele><time>2026-08-11T07:26:11.000Z</time><extensions/></trkpt><trkpt lat="43.043864546343684" lon="-1.2680479232221842"><ele>1311.4000244140625</ele><time>2026-08-11T07:26:17.000Z</time><extensions/></trkpt><trkpt lat="43.04390595294535" lon="-1.2679895851761103"><ele>1311.4000244140625</ele><time>2026-08-11T07:26:18.000Z</time><extensions/></trkpt><trkpt lat="43.04397024214268" lon="-1.2678651977330446"><ele>1311.199951171875</ele><time>2026-08-11T07:26:20.000Z</time><extensions/></trkpt><trkpt lat="43.04399496875703" lon="-1.267800573259592"><ele>1311.199951171875</ele><time>2026-08-11T07:26:21.000Z</time><extensions/></trkpt><trkpt lat="43.04405992850661" lon="-1.2676975596696138"><ele>1311.5999755859375</ele><time>2026-08-11T07:26:23.000Z</time><extensions/></trkpt><trkpt lat="43.044137293472886" lon="-1.2675981502979994"><ele>1311.800048828125</ele><time>2026-08-11T07:26:25.000Z</time><extensions/></trkpt><trkpt lat="43.04426453076303" lon="-1.2673291750252247"><ele>1312.4000244140625</ele><time>2026-08-11T07:26:30.000Z</time><extensions/></trkpt><trkpt lat="43.044294118881226" lon="-1.2672785483300686"><ele>1312.4000244140625</ele><time>2026-08-11T07:26:31.000Z</time><extensions/></trkpt><trkpt lat="43.044345919042826" lon="-1.267174780368805"><ele>1312.5999755859375</ele><time>2026-08-11T07:26:33.000Z</time><extensions/></trkpt><trkpt lat="43.0444507766515" lon="-1.266942098736763"><ele>1313.199951171875</ele><time>2026-08-11T07:26:38.000Z</time><extensions/></trkpt><trkpt lat="43.04446301423013" lon="-1.2669046316295862"><ele>1313.5999755859375</ele><time>2026-08-11T07:26:39.000Z</time><extensions/></trkpt><trkpt lat="43.04449964314699" lon="-1.2668007798492908"><ele>1314.800048828125</ele><time>2026-08-11T07:26:42.000Z</time><extensions/></trkpt><trkpt lat="43.044523447752" lon="-1.266741855069995"><ele>1315.4000244140625</ele><time>2026-08-11T07:26:44.000Z</time><extensions/></trkpt><trkpt lat="43.044552030041814" lon="-1.2666862830519676"><ele>1316.0</ele><time>2026-08-11T07:26:46.000Z</time><extensions/></trkpt><trkpt lat="43.0446064285934" lon="-1.2665841076523066"><ele>1317.199951171875</ele><time>2026-08-11T07:26:50.000Z</time><extensions/></trkpt><trkpt lat="43.04462034255266" lon="-1.2665617279708385"><ele>1317.5999755859375</ele><time>2026-08-11T07:26:51.000Z</time><extensions/></trkpt><trkpt lat="43.04466627538204" lon="-1.2664904817938805"><ele>1318.199951171875</ele><time>2026-08-11T07:26:54.000Z</time><extensions/></trkpt><trkpt lat="43.044684464111924" lon="-1.266374895349145"><ele>1318.800048828125</ele><time>2026-08-11T07:26:58.000Z</time><extensions/></trkpt><trkpt lat="43.04468035697937" lon="-1.2663031462579966"><ele>1318.5999755859375</ele><time>2026-08-11T07:27:00.000Z</time><extensions/></trkpt><trkpt lat="43.04467943497002" lon="-1.266173729673028"><ele>1318.0</ele><time>2026-08-11T07:27:03.000Z</time><extensions/></trkpt><trkpt lat="43.044687313959" lon="-1.2659078557044268"><ele>1317.199951171875</ele><time>2026-08-11T07:27:08.000Z</time><extensions/></trkpt><trkpt lat="43.04466518573463" lon="-1.2657912634313107"><ele>1318.0</ele><time>2026-08-11T07:27:12.000Z</time><extensions/></trkpt><trkpt lat="43.04466317407787" lon="-1.265766452997923"><ele>1318.4000244140625</ele><time>2026-08-11T07:27:13.000Z</time><extensions/></trkpt><trkpt lat="43.04463744163513" lon="-1.265693362802267"><ele>1319.5999755859375</ele><time>2026-08-11T07:27:16.000Z</time><extensions/></trkpt><trkpt lat="43.04462377913296" lon="-1.265645083039999"><ele>1320.4000244140625</ele><time>2026-08-11T07:27:18.000Z</time><extensions/></trkpt><trkpt lat="43.044616570696235" lon="-1.2656229548156261"><ele>1320.5999755859375</ele><time>2026-08-11T07:27:19.000Z</time><extensions/></trkpt><trkpt lat="43.044575499370694" lon="-1.265498148277402"><ele>1321.800048828125</ele><time>2026-08-11T07:27:25.000Z</time><extensions/></trkpt><trkpt lat="43.044543731957674" lon="-1.265412988141179"><ele>1323.199951171875</ele><time>2026-08-11T07:27:29.000Z</time><extensions/></trkpt><trkpt lat="43.044535936787724" lon="-1.2653945479542017"><ele>1323.199951171875</ele><time>2026-08-11T07:27:30.000Z</time><extensions/></trkpt><trkpt lat="43.044520262628794" lon="-1.265350291505456"><ele>1323.5999755859375</ele><time>2026-08-11T07:27:32.000Z</time><extensions/></trkpt><trkpt lat="43.04450207389891" lon="-1.265287259593606"><ele>1324.199951171875</ele><time>2026-08-11T07:27:35.000Z</time><extensions/></trkpt><trkpt lat="43.04447910748422" lon="-1.2652294244617224"><ele>1324.5999755859375</ele><time>2026-08-11T07:27:38.000Z</time><extensions/></trkpt><trkpt lat="43.04444666951895" lon="-1.2651455216109753"><ele>1325.4000244140625</ele><time>2026-08-11T07:27:42.000Z</time><extensions/></trkpt><trkpt lat="43.04442579858005" lon="-1.2650475371629"><ele>1325.5999755859375</ele><time>2026-08-11T07:27:46.000Z</time><extensions/></trkpt><trkpt lat="43.04439780302346" lon="-1.2649301905184984"><ele>1326.4000244140625</ele><time>2026-08-11T07:27:51.000Z</time><extensions/></trkpt><trkpt lat="43.04438078776002" lon="-1.264894986525178"><ele>1326.5999755859375</ele><time>2026-08-11T07:27:53.000Z</time><extensions/></trkpt><trkpt lat="43.044312223792076" lon="-1.2647381611168385"><ele>1327.4000244140625</ele><time>2026-08-11T07:28:00.000Z</time><extensions/></trkpt><trkpt lat="43.04430275224149" lon="-1.2647177930921316"><ele>1327.5999755859375</ele><time>2026-08-11T07:28:01.000Z</time><extensions/></trkpt><trkpt lat="43.04426989518106" lon="-1.2645578663796186"><ele>1328.0</ele><time>2026-08-11T07:28:07.000Z</time><extensions/></trkpt><trkpt lat="43.04424491710961" lon="-1.2644345685839653"><ele>1328.5999755859375</ele><time>2026-08-11T07:28:12.000Z</time><extensions/></trkpt><trkpt lat="43.0442401394248" lon="-1.2643836066126823"><ele>1329.199951171875</ele><time>2026-08-11T07:28:14.000Z</time><extensions/></trkpt><trkpt lat="43.04421943612397" lon="-1.2641948461532593"><ele>1329.5999755859375</ele><time>2026-08-11T07:28:21.000Z</time><extensions/></trkpt><trkpt lat="43.0442158319056" lon="-1.2641671858727932"><ele>1329.5999755859375</ele><time>2026-08-11T07:28:22.000Z</time><extensions/></trkpt><trkpt lat="43.04419353604317" lon="-1.2639527767896652"><ele>1329.5999755859375</ele><time>2026-08-11T07:28:30.000Z</time><extensions/></trkpt><trkpt lat="43.04419068619609" lon="-1.2639360968023539"><ele>1329.800048828125</ele><time>2026-08-11T07:28:31.000Z</time><extensions/></trkpt><trkpt lat="43.04415841586888" lon="-1.2637992203235626"><ele>1329.4000244140625</ele><time>2026-08-11T07:28:36.000Z</time><extensions/></trkpt><trkpt lat="43.0441156681627" lon="-1.2636952009052038"><ele>1328.4000244140625</ele><time>2026-08-11T07:28:39.000Z</time><extensions/></trkpt><trkpt lat="43.0440535582602" lon="-1.263514906167984"><ele>1328.199951171875</ele><time>2026-08-11T07:28:44.000Z</time><extensions/></trkpt><trkpt lat="43.044074680656195" lon="-1.2633294984698296"><ele>1329.199951171875</ele><time>2026-08-11T07:28:49.000Z</time><extensions/></trkpt><trkpt lat="43.04402254521847" lon="-1.2632342800498009"><ele>1328.4000244140625</ele><time>2026-08-11T07:28:52.000Z</time><extensions/></trkpt><trkpt lat="43.04399907588959" lon="-1.2631949689239264"><ele>1327.800048828125</ele><time>2026-08-11T07:28:53.000Z</time><extensions/></trkpt><trkpt lat="43.04397216998041" lon="-1.2631453480571508"><ele>1327.0</ele><time>2026-08-11T07:28:54.000Z</time><extensions/></trkpt><trkpt lat="43.04390771314502" lon="-1.2630297616124153"><ele>1326.0</ele><time>2026-08-11T07:28:56.000Z</time><extensions/></trkpt><trkpt lat="43.04387695156038" lon="-1.262958599254489"><ele>1325.199951171875</ele><time>2026-08-11T07:28:57.000Z</time><extensions/></trkpt><trkpt lat="43.04385029710829" lon="-1.2628789711743593"><ele>1324.5999755859375</ele><time>2026-08-11T07:28:58.000Z</time><extensions/></trkpt><trkpt lat="43.0438291747123" lon="-1.2627914641052485"><ele>1323.800048828125</ele><time>2026-08-11T07:28:59.000Z</time><extensions/></trkpt><trkpt lat="43.04381484165788" lon="-1.2626942340284586"><ele>1323.0</ele><time>2026-08-11T07:29:00.000Z</time><extensions/></trkpt><trkpt lat="43.04380956105888" lon="-1.2625902146100998"><ele>1322.4000244140625</ele><time>2026-08-11T07:29:01.000Z</time><extensions/></trkpt><trkpt lat="43.04380998015404" lon="-1.2624799087643623"><ele>1321.800048828125</ele><time>2026-08-11T07:29:02.000Z</time><extensions/></trkpt><trkpt lat="43.043805453926325" lon="-1.2622714508324862"><ele>1319.800048828125</ele><time>2026-08-11T07:29:04.000Z</time><extensions/></trkpt><trkpt lat="43.04381492547691" lon="-1.2620743084698915"><ele>1318.199951171875</ele><time>2026-08-11T07:29:06.000Z</time><extensions/></trkpt><trkpt lat="43.043849458917975" lon="-1.2618603184819221"><ele>1316.199951171875</ele><time>2026-08-11T07:29:08.000Z</time><extensions/></trkpt><trkpt lat="43.043913496658206" lon="-1.2616303190588951"><ele>1313.4000244140625</ele><time>2026-08-11T07:29:10.000Z</time><extensions/></trkpt><trkpt lat="43.04394610226154" lon="-1.2615097034722567"><ele>1311.4000244140625</ele><time>2026-08-11T07:29:11.000Z</time><extensions/></trkpt><trkpt lat="43.043965296819806" lon="-1.2613831367343664"><ele>1309.800048828125</ele><time>2026-08-11T07:29:12.000Z</time><extensions/></trkpt><trkpt lat="43.043958423659205" lon="-1.2611227948218584"><ele>1308.5999755859375</ele><time>2026-08-11T07:29:14.000Z</time><extensions/></trkpt><trkpt lat="43.04390058852732" lon="-1.2607520632445812"><ele>1307.5999755859375</ele><time>2026-08-11T07:29:17.000Z</time><extensions/></trkpt><trkpt lat="43.04387946613133" lon="-1.2606330402195454"><ele>1307.0</ele><time>2026-08-11T07:29:18.000Z</time><extensions/></trkpt><trkpt lat="43.043859768658876" lon="-1.260515358299017"><ele>1306.4000244140625</ele><time>2026-08-11T07:29:19.000Z</time><extensions/></trkpt><trkpt lat="43.04382724687457" lon="-1.2602870352566242"><ele>1306.4000244140625</ele><time>2026-08-11T07:29:21.000Z</time><extensions/></trkpt><trkpt lat="43.0438032746315" lon="-1.2601806689053774"><ele>1307.0</ele><time>2026-08-11T07:29:22.000Z</time><extensions/></trkpt><trkpt lat="43.04378022439778" lon="-1.2600808404386044"><ele>1307.199951171875</ele><time>2026-08-11T07:29:23.000Z</time><extensions/></trkpt><trkpt lat="43.04376069456339" lon="-1.259986124932766"><ele>1307.4000244140625</ele><time>2026-08-11T07:29:24.000Z</time><extensions/></trkpt><trkpt lat="43.0436859279871" lon="-1.2596126273274422"><ele>1306.199951171875</ele><time>2026-08-11T07:29:28.000Z</time><extensions/></trkpt><trkpt lat="43.0436600279063" lon="-1.2594443187117577"><ele>1305.199951171875</ele><time>2026-08-11T07:29:30.000Z</time><extensions/></trkpt><trkpt lat="43.0436563398689" lon="-1.2593663670122623"><ele>1304.800048828125</ele><time>2026-08-11T07:29:31.000Z</time><extensions/></trkpt><trkpt lat="43.04364535957575" lon="-1.2592910137027502"><ele>1304.5999755859375</ele><time>2026-08-11T07:29:32.000Z</time><extensions/></trkpt><trkpt lat="43.04363354109228" lon="-1.2589551508426666"><ele>1304.4000244140625</ele><time>2026-08-11T07:29:36.000Z</time><extensions/></trkpt><trkpt lat="43.04363077506423" lon="-1.2584871053695679"><ele>1305.5999755859375</ele><time>2026-08-11T07:29:42.000Z</time><extensions/></trkpt><trkpt lat="43.04362113587558" lon="-1.2583712674677372"><ele>1306.4000244140625</ele><time>2026-08-11T07:29:44.000Z</time><extensions/></trkpt><trkpt lat="43.04360940121114" lon="-1.2582665774971247"><ele>1307.4000244140625</ele><time>2026-08-11T07:29:46.000Z</time><extensions/></trkpt><trkpt lat="43.04360504262149" lon="-1.2582187168300152"><ele>1307.800048828125</ele><time>2026-08-11T07:29:47.000Z</time><extensions/></trkpt><trkpt lat="43.04359347559512" lon="-1.258128359913826"><ele>1308.800048828125</ele><time>2026-08-11T07:29:49.000Z</time><extensions/></trkpt><trkpt lat="43.043601773679256" lon="-1.2580054812133312"><ele>1310.0</ele><time>2026-08-11T07:29:52.000Z</time><extensions/></trkpt><trkpt lat="43.04361124522984" lon="-1.2579680141061544"><ele>1310.4000244140625</ele><time>2026-08-11T07:29:53.000Z</time><extensions/></trkpt><trkpt lat="43.043631445616484" lon="-1.2578951753675938"><ele>1311.0</ele><time>2026-08-11T07:29:55.000Z</time><extensions/></trkpt><trkpt lat="43.043681401759386" lon="-1.257742876186967"><ele>1311.5999755859375</ele><time>2026-08-11T07:29:59.000Z</time><extensions/></trkpt><trkpt lat="43.04371241480112" lon="-1.2575946003198624"><ele>1311.4000244140625</ele><time>2026-08-11T07:30:03.000Z</time><extensions/></trkpt><trkpt lat="43.043715516105294" lon="-1.2575678620487452"><ele>1311.199951171875</ele><time>2026-08-11T07:30:04.000Z</time><extensions/></trkpt><trkpt lat="43.04371492937207" lon="-1.2575587257742882"><ele>1311.0</ele><time>2026-08-11T07:30:05.000Z</time><extensions/></trkpt><trkpt lat="43.043708642944694" lon="-1.2575677782297134"><ele>1311.0</ele><time>2026-08-11T07:30:07.000Z</time><extensions/></trkpt><trkpt lat="43.043708642944694" lon="-1.2575677782297134"><ele>1310.800048828125</ele><time>2026-08-11T07:30:12.000Z</time><extensions/></trkpt><trkpt lat="43.043708642944694" lon="-1.2575677782297134"><ele>1310.5999755859375</ele><time>2026-08-11T07:30:23.000Z</time><extensions/></trkpt><trkpt lat="43.04370931349695" lon="-1.2575675267726183"><ele>1310.5999755859375</ele><time>2026-08-11T07:30:24.000Z</time><extensions/></trkpt><trkpt lat="43.04372305981815" lon="-1.2575441412627697"><ele>1310.4000244140625</ele><time>2026-08-11T07:30:26.000Z</time><extensions/></trkpt><trkpt lat="43.04374376311898" lon="-1.2574884854257107"><ele>1310.4000244140625</ele><time>2026-08-11T07:30:28.000Z</time><extensions/></trkpt><trkpt lat="43.043769327923656" lon="-1.257408605888486"><ele>1310.0</ele><time>2026-08-11T07:30:30.000Z</time><extensions/></trkpt><trkpt lat="43.04378533735871" lon="-1.2573053408414125"><ele>1309.199951171875</ele><time>2026-08-11T07:30:33.000Z</time><extensions/></trkpt><trkpt lat="43.04378751665354" lon="-1.2572620064020157"><ele>1308.800048828125</ele><time>2026-08-11T07:30:34.000Z</time><extensions/></trkpt><trkpt lat="43.043793719261885" lon="-1.2571428157389164"><ele>1307.5999755859375</ele><time>2026-08-11T07:30:36.000Z</time><extensions/></trkpt><trkpt lat="43.043790869414806" lon="-1.2570736650377512"><ele>1307.0</ele><time>2026-08-11T07:30:37.000Z</time><extensions/></trkpt><trkpt lat="43.04378374479711" lon="-1.2569973897188902"><ele>1306.199951171875</ele><time>2026-08-11T07:30:38.000Z</time><extensions/></trkpt><trkpt lat="43.043757509440184" lon="-1.256834613159299"><ele>1304.800048828125</ele><time>2026-08-11T07:30:40.000Z</time><extensions/></trkpt><trkpt lat="43.04373152554035" lon="-1.2566644605249166"><ele>1303.0</ele><time>2026-08-11T07:30:42.000Z</time><extensions/></trkpt><trkpt lat="43.04371970705688" lon="-1.2565730977803469"><ele>1302.0</ele><time>2026-08-11T07:30:43.000Z</time><extensions/></trkpt><trkpt lat="43.04369196295738" lon="-1.2563862651586533"><ele>1300.4000244140625</ele><time>2026-08-11T07:30:45.000Z</time><extensions/></trkpt><trkpt lat="43.0436563398689" lon="-1.256197253242135"><ele>1299.0</ele><time>2026-08-11T07:30:47.000Z</time><extensions/></trkpt><trkpt lat="43.04363370873034" lon="-1.2561068125069141"><ele>1298.199951171875</ele><time>2026-08-11T07:30:48.000Z</time><extensions/></trkpt><trkpt lat="43.04360495880246" lon="-1.2560157012194395"><ele>1297.4000244140625</ele><time>2026-08-11T07:30:49.000Z</time><extensions/></trkpt><trkpt lat="43.043541172519326" lon="-1.255832640454173"><ele>1295.800048828125</ele><time>2026-08-11T07:30:51.000Z</time><extensions/></trkpt><trkpt lat="43.04346674121916" lon="-1.2556418683379889"><ele>1294.0</ele><time>2026-08-11T07:30:53.000Z</time><extensions/></trkpt><trkpt lat="43.04342449642718" lon="-1.2555402796715498"><ele>1293.0</ele><time>2026-08-11T07:30:54.000Z</time><extensions/></trkpt><trkpt lat="43.04332785308361" lon="-1.2553474958986044"><ele>1290.5999755859375</ele><time>2026-08-11T07:30:56.000Z</time><extensions/></trkpt><trkpt lat="43.043275298550725" lon="-1.2552590668201447"><ele>1289.4000244140625</ele><time>2026-08-11T07:30:57.000Z</time><extensions/></trkpt><trkpt lat="43.043222073465586" lon="-1.255174409598112"><ele>1288.800048828125</ele><time>2026-08-11T07:30:58.000Z</time><extensions/></trkpt><trkpt lat="43.04317144677043" lon="-1.2550864834338427"><ele>1288.0</ele><time>2026-08-11T07:30:59.000Z</time><extensions/></trkpt><trkpt lat="43.04311914369464" lon="-1.254986571148038"><ele>1287.0</ele><time>2026-08-11T07:31:00.000Z</time><extensions/></trkpt><trkpt lat="43.04306885227561" lon="-1.2548751756548882"><ele>1285.800048828125</ele><time>2026-08-11T07:31:01.000Z</time><extensions/></trkpt><trkpt lat="43.04302635602653" lon="-1.2547531351447105"><ele>1284.800048828125</ele><time>2026-08-11T07:31:02.000Z</time><extensions/></trkpt><trkpt lat="43.042993331328034" lon="-1.254621623083949"><ele>1282.800048828125</ele><time>2026-08-11T07:31:03.000Z</time><extensions/></trkpt><trkpt lat="43.04296365939081" lon="-1.2544849142432213"><ele>1281.5999755859375</ele><time>2026-08-11T07:31:04.000Z</time><extensions/></trkpt><trkpt lat="43.04293239489198" lon="-1.254348373040557"><ele>1280.199951171875</ele><time>2026-08-11T07:31:05.000Z</time><extensions/></trkpt><trkpt lat="43.042900040745735" lon="-1.2542120832949877"><ele>1279.0</ele><time>2026-08-11T07:31:06.000Z</time><extensions/></trkpt><trkpt lat="43.04283038713038" lon="-1.253939839079976"><ele>1277.4000244140625</ele><time>2026-08-11T07:31:08.000Z</time><extensions/></trkpt><trkpt lat="43.042768528684974" lon="-1.2536631524562836"><ele>1276.0</ele><time>2026-08-11T07:31:10.000Z</time><extensions/></trkpt><trkpt lat="43.042701138183475" lon="-1.2532443087548018"><ele>1275.0</ele><time>2026-08-11T07:31:13.000Z</time><extensions/></trkpt><trkpt lat="43.04268219508231" lon="-1.2531088571995497"><ele>1274.4000244140625</ele><time>2026-08-11T07:31:14.000Z</time><extensions/></trkpt><trkpt lat="43.042660653591156" lon="-1.2529824580997229"><ele>1273.800048828125</ele><time>2026-08-11T07:31:15.000Z</time><extensions/></trkpt><trkpt lat="43.042642464861274" lon="-1.2528605852276087"><ele>1273.4000244140625</ele><time>2026-08-11T07:31:16.000Z</time><extensions/></trkpt><trkpt lat="43.04263508878648" lon="-1.2527375388890505"><ele>1272.800048828125</ele><time>2026-08-11T07:31:17.000Z</time><extensions/></trkpt><trkpt lat="43.04263534024358" lon="-1.2526097148656845"><ele>1272.0</ele><time>2026-08-11T07:31:18.000Z</time><extensions/></trkpt><trkpt lat="43.04261262528598" lon="-1.252351887524128"><ele>1270.5999755859375</ele><time>2026-08-11T07:31:20.000Z</time><extensions/></trkpt><trkpt lat="43.042570212855935" lon="-1.2521202117204666"><ele>1269.199951171875</ele><time>2026-08-11T07:31:22.000Z</time><extensions/></trkpt><trkpt lat="43.042560489848256" lon="-1.2520052958279848"><ele>1268.800048828125</ele><time>2026-08-11T07:31:23.000Z</time><extensions/></trkpt><trkpt lat="43.042567279189825" lon="-1.2516525015234947"><ele>1268.4000244140625</ele><time>2026-08-11T07:31:26.000Z</time><extensions/></trkpt><trkpt lat="43.042555544525385" lon="-1.2515442073345184"><ele>1268.0</ele><time>2026-08-11T07:31:27.000Z</time><extensions/></trkpt><trkpt lat="43.04251774214208" lon="-1.2512522656470537"><ele>1267.5999755859375</ele><time>2026-08-11T07:31:30.000Z</time><extensions/></trkpt><trkpt lat="43.04251070134342" lon="-1.2509808596223593"><ele>1267.800048828125</ele><time>2026-08-11T07:31:34.000Z</time><extensions/></trkpt><trkpt lat="43.042509108781815" lon="-1.2509485892951488"><ele>1267.4000244140625</ele><time>2026-08-11T07:31:37.000Z</time><extensions/></trkpt><trkpt lat="43.042509108781815" lon="-1.2509485892951488"><ele>1267.0</ele><time>2026-08-11T07:31:39.000Z</time><extensions/></trkpt><trkpt lat="43.04250726476312" lon="-1.2509516905993223"><ele>1266.5999755859375</ele><time>2026-08-11T07:31:45.000Z</time><extensions/></trkpt><trkpt lat="43.042509108781815" lon="-1.2509485892951488"><ele>1266.5999755859375</ele><time>2026-08-11T07:31:46.000Z</time><extensions/></trkpt><trkpt lat="43.042509108781815" lon="-1.2509485892951488"><ele>1266.800048828125</ele><time>2026-08-11T07:31:47.000Z</time><extensions/></trkpt><trkpt lat="43.042509108781815" lon="-1.2509485892951488"><ele>1266.5999755859375</ele><time>2026-08-11T07:31:54.000Z</time><extensions/></trkpt><trkpt lat="43.042509108781815" lon="-1.2509485892951488"><ele>1266.5999755859375</ele><time>2026-08-11T07:31:56.000Z</time><extensions/></trkpt><trkpt lat="43.042509108781815" lon="-1.2509485892951488"><ele>1266.4000244140625</ele><time>2026-08-11T07:31:58.000Z</time><extensions/></trkpt><trkpt lat="43.042509108781815" lon="-1.2509485892951488"><ele>1266.4000244140625</ele><time>2026-08-11T07:32:06.000Z</time><extensions/></trkpt><trkpt lat="43.042509108781815" lon="-1.2509485892951488"><ele>1266.199951171875</ele><time>2026-08-11T07:32:17.000Z</time><extensions/></trkpt><trkpt lat="43.042509108781815" lon="-1.2509485892951488"><ele>1266.0</ele><time>2026-08-11T07:32:23.000Z</time><extensions/></trkpt><trkpt lat="43.042509108781815" lon="-1.2509485892951488"><ele>1266.0</ele><time>2026-08-11T07:32:28.000Z</time><extensions/></trkpt><trkpt lat="43.042509108781815" lon="-1.2509485892951488"><ele>1265.800048828125</ele><time>2026-08-11T07:32:36.000Z</time><extensions/></trkpt><trkpt lat="43.042509108781815" lon="-1.2509485892951488"><ele>1265.800048828125</ele><time>2026-08-11T07:32:43.000Z</time><extensions/></trkpt><trkpt lat="43.042509108781815" lon="-1.2509485892951488"><ele>1265.800048828125</ele><time>2026-08-11T07:32:50.000Z</time><extensions/></trkpt><trkpt lat="43.042509108781815" lon="-1.2509485892951488"><ele>1266.0</ele><time>2026-08-11T07:33:00.000Z</time><extensions/></trkpt><trkpt lat="43.042509108781815" lon="-1.2509485892951488"><ele>1266.0</ele><time>2026-08-11T07:33:02.000Z</time><extensions/></trkpt><trkpt lat="43.042509108781815" lon="-1.2509485892951488"><ele>1265.800048828125</ele><time>2026-08-11T07:33:04.000Z</time><extensions/></trkpt><trkpt lat="43.042509108781815" lon="-1.2509485892951488"><ele>1265.800048828125</ele><time>2026-08-11T07:33:10.000Z</time><extensions/></trkpt><trkpt lat="43.042509108781815" lon="-1.2509485892951488"><ele>1265.5999755859375</ele><time>2026-08-11T07:33:23.000Z</time><extensions/></trkpt><trkpt lat="43.042509108781815" lon="-1.2509485892951488"><ele>1265.4000244140625</ele><time>2026-08-11T07:33:30.000Z</time><extensions/></trkpt><trkpt lat="43.042509108781815" lon="-1.2509485892951488"><ele>1265.4000244140625</ele><time>2026-08-11T07:33:37.000Z</time><extensions/></trkpt><trkpt lat="43.042509108781815" lon="-1.2509485892951488"><ele>1265.199951171875</ele><time>2026-08-11T07:33:48.000Z</time><extensions/></trkpt><trkpt lat="43.042509108781815" lon="-1.2509485892951488"><ele>1265.199951171875</ele><time>2026-08-11T07:33:55.000Z</time><extensions/></trkpt><trkpt lat="43.042509108781815" lon="-1.2509485892951488"><ele>1265.199951171875</ele><time>2026-08-11T07:33:58.000Z</time><extensions/></trkpt><trkpt lat="43.042509108781815" lon="-1.2509485892951488"><ele>1265.0</ele><time>2026-08-11T07:34:09.000Z</time><extensions/></trkpt><trkpt lat="43.042509108781815" lon="-1.2509485892951488"><ele>1265.0</ele><time>2026-08-11T07:34:13.000Z</time><extensions/></trkpt><trkpt lat="43.042509108781815" lon="-1.2509485892951488"><ele>1265.0</ele><time>2026-08-11T07:34:19.000Z</time><extensions/></trkpt><trkpt lat="43.042509108781815" lon="-1.2509485892951488"><ele>1265.0</ele><time>2026-08-11T07:34:24.000Z</time><extensions/></trkpt><trkpt lat="43.042515981942415" lon="-1.2508607469499111"><ele>1264.5999755859375</ele><time>2026-08-11T07:34:28.000Z</time><extensions/></trkpt><trkpt lat="43.04251975379884" lon="-1.2507508601993322"><ele>1263.800048828125</ele><time>2026-08-11T07:34:30.000Z</time><extensions/></trkpt><trkpt lat="43.04252444766462" lon="-1.2506250478327274"><ele>1262.4000244140625</ele><time>2026-08-11T07:34:32.000Z</time><extensions/></trkpt><trkpt lat="43.042525202035904" lon="-1.2505541369318962"><ele>1261.199951171875</ele><time>2026-08-11T07:34:33.000Z</time><extensions/></trkpt><trkpt lat="43.042525788769126" lon="-1.2504741735756397"><ele>1260.0</ele><time>2026-08-11T07:34:34.000Z</time><extensions/></trkpt><trkpt lat="43.04252947680652" lon="-1.2503929529339075"><ele>1259.0</ele><time>2026-08-11T07:34:35.000Z</time><extensions/></trkpt><trkpt lat="43.04253324866295" lon="-1.2503084633499384"><ele>1257.800048828125</ele><time>2026-08-11T07:34:36.000Z</time><extensions/></trkpt><trkpt lat="43.042538026347756" lon="-1.2502250634133816"><ele>1256.5999755859375</ele><time>2026-08-11T07:34:37.000Z</time><extensions/></trkpt><trkpt lat="43.04254665970802" lon="-1.2500674836337566"><ele>1255.0</ele><time>2026-08-11T07:34:39.000Z</time><extensions/></trkpt><trkpt lat="43.04254347458482" lon="-1.249993722885847"><ele>1253.800048828125</ele><time>2026-08-11T07:34:40.000Z</time><extensions/></trkpt><trkpt lat="43.042539367452264" lon="-1.2498393282294273"><ele>1252.0</ele><time>2026-08-11T07:34:42.000Z</time><extensions/></trkpt><trkpt lat="43.042538026347756" lon="-1.2497614603489637"><ele>1251.0</ele><time>2026-08-11T07:34:43.000Z</time><extensions/></trkpt><trkpt lat="43.04253316484392" lon="-1.249687783420086"><ele>1250.199951171875</ele><time>2026-08-11T07:34:44.000Z</time><extensions/></trkpt><trkpt lat="43.04252595640719" lon="-1.2496131844818592"><ele>1249.0</ele><time>2026-08-11T07:34:45.000Z</time><extensions/></trkpt><trkpt lat="43.04251623339951" lon="-1.249539591372013"><ele>1247.800048828125</ele><time>2026-08-11T07:34:46.000Z</time><extensions/></trkpt><trkpt lat="43.04251019842923" lon="-1.2494675070047379"><ele>1246.4000244140625</ele><time>2026-08-11T07:34:47.000Z</time><extensions/></trkpt><trkpt lat="43.04250609129667" lon="-1.2493917346000671"><ele>1245.800048828125</ele><time>2026-08-11T07:34:48.000Z</time><extensions/></trkpt><trkpt lat="43.042509108781815" lon="-1.249312525615096"><ele>1244.4000244140625</ele><time>2026-08-11T07:34:49.000Z</time><extensions/></trkpt><trkpt lat="43.04251816123724" lon="-1.2492296285927296"><ele>1243.0</ele><time>2026-08-11T07:34:50.000Z</time><extensions/></trkpt><trkpt lat="43.04253618232906" lon="-1.2491453066468239"><ele>1241.5999755859375</ele><time>2026-08-11T07:34:51.000Z</time><extensions/></trkpt><trkpt lat="43.042553616687655" lon="-1.2490593921393156"><ele>1240.800048828125</ele><time>2026-08-11T07:34:52.000Z</time><extensions/></trkpt><trkpt lat="43.04256442934275" lon="-1.248972387984395"><ele>1239.199951171875</ele><time>2026-08-11T07:34:53.000Z</time><extensions/></trkpt><trkpt lat="43.04258060641587" lon="-1.2487962003797293"><ele>1237.0</ele><time>2026-08-11T07:34:55.000Z</time><extensions/></trkpt><trkpt lat="43.042591167613864" lon="-1.2487045861780643"><ele>1235.800048828125</ele><time>2026-08-11T07:34:56.000Z</time><extensions/></trkpt><trkpt lat="43.04259921424091" lon="-1.2486087810248137"><ele>1234.800048828125</ele><time>2026-08-11T07:34:57.000Z</time><extensions/></trkpt><trkpt lat="43.04260365664959" lon="-1.2485140655189753"><ele>1233.800048828125</ele><time>2026-08-11T07:34:58.000Z</time><extensions/></trkpt><trkpt lat="43.0426134634763" lon="-1.2483384646475315"><ele>1232.199951171875</ele><time>2026-08-11T07:35:00.000Z</time><extensions/></trkpt><trkpt lat="43.04263693280518" lon="-1.248183734714985"><ele>1231.5999755859375</ele><time>2026-08-11T07:35:02.000Z</time><extensions/></trkpt><trkpt lat="43.042642464861274" lon="-1.2481124885380268"><ele>1231.4000244140625</ele><time>2026-08-11T07:35:03.000Z</time><extensions/></trkpt><trkpt lat="43.04263341240585" lon="-1.2479435931891203"><ele>1231.4000244140625</ele><time>2026-08-11T07:35:06.000Z</time><extensions/></trkpt><trkpt lat="43.04262972436845" lon="-1.2479044497013092"><ele>1231.199951171875</ele><time>2026-08-11T07:35:07.000Z</time><extensions/></trkpt><trkpt lat="43.04264573380351" lon="-1.247770506888628"><ele>1231.4000244140625</ele><time>2026-08-11T07:35:11.000Z</time><extensions/></trkpt><trkpt lat="43.04267976433039" lon="-1.2476590275764465"><ele>1231.0</ele><time>2026-08-11T07:35:16.000Z</time><extensions/></trkpt><trkpt lat="43.04268823005259" lon="-1.247649472206831"><ele>1231.199951171875</ele><time>2026-08-11T07:35:21.000Z</time><extensions/></trkpt><trkpt lat="43.042689487338066" lon="-1.247647712007165"><ele>1230.800048828125</ele><time>2026-08-11T07:35:30.000Z</time><extensions/></trkpt><trkpt lat="43.042719662189484" lon="-1.2476328760385513"><ele>1230.5999755859375</ele><time>2026-08-11T07:35:32.000Z</time><extensions/></trkpt><trkpt lat="43.04273709654808" lon="-1.2476514000445604"><ele>1230.5999755859375</ele><time>2026-08-11T07:35:33.000Z</time><extensions/></trkpt><trkpt lat="43.04274790920317" lon="-1.247777296230197"><ele>1230.0</ele><time>2026-08-11T07:35:36.000Z</time><extensions/></trkpt><trkpt lat="43.04275402799249" lon="-1.2478249054402113"><ele>1229.800048828125</ele><time>2026-08-11T07:35:37.000Z</time><extensions/></trkpt><trkpt lat="43.04283633828163" lon="-1.2480007577687502"><ele>1229.5999755859375</ele><time>2026-08-11T07:35:41.000Z</time><extensions/></trkpt><trkpt lat="43.04293356835842" lon="-1.2481150031089783"><ele>1229.4000244140625</ele><time>2026-08-11T07:35:45.000Z</time><extensions/></trkpt><trkpt lat="43.04296785034239" lon="-1.2481246422976255"><ele>1229.4000244140625</ele><time>2026-08-11T07:35:46.000Z</time><extensions/></trkpt><trkpt lat="43.043039347976446" lon="-1.2481178529560566"><ele>1229.0</ele><time>2026-08-11T07:35:48.000Z</time><extensions/></trkpt><trkpt lat="43.04312316700816" lon="-1.2480953056365252"><ele>1228.0</ele><time>2026-08-11T07:35:51.000Z</time><extensions/></trkpt><trkpt lat="43.04314353503287" lon="-1.2481158412992954"><ele>1227.5999755859375</ele><time>2026-08-11T07:35:52.000Z</time><extensions/></trkpt><trkpt lat="43.04322483949363" lon="-1.2481322698295116"><ele>1226.5999755859375</ele><time>2026-08-11T07:35:55.000Z</time><extensions/></trkpt><trkpt lat="43.04326004348695" lon="-1.2480062060058117"><ele>1226.4000244140625</ele><time>2026-08-11T07:35:58.000Z</time><extensions/></trkpt><trkpt lat="43.0434216465801" lon="-1.2477695010602474"><ele>1226.800048828125</ele><time>2026-08-11T07:36:04.000Z</time><extensions/></trkpt><trkpt lat="43.04351627826691" lon="-1.24765919521451"><ele>1227.0</ele><time>2026-08-11T07:36:07.000Z</time><extensions/></trkpt><trkpt lat="43.043578304350376" lon="-1.247585853561759"><ele>1227.199951171875</ele><time>2026-08-11T07:36:09.000Z</time><extensions/></trkpt><trkpt lat="43.0436410009861" lon="-1.2475097458809614"><ele>1227.4000244140625</ele><time>2026-08-11T07:36:11.000Z</time><extensions/></trkpt><trkpt lat="43.043713085353374" lon="-1.24746716581285"><ele>1227.4000244140625</ele><time>2026-08-11T07:36:13.000Z</time><extensions/></trkpt><trkpt lat="43.04375206120312" lon="-1.2474462948739529"><ele>1227.4000244140625</ele><time>2026-08-11T07:36:14.000Z</time><extensions/></trkpt><trkpt lat="43.04388499818742" lon="-1.2472995277494192"><ele>1227.4000244140625</ele><time>2026-08-11T07:36:18.000Z</time><extensions/></trkpt><trkpt lat="43.04391550831497" lon="-1.2472528405487537"><ele>1227.4000244140625</ele><time>2026-08-11T07:36:19.000Z</time><extensions/></trkpt><trkpt lat="43.04397510364652" lon="-1.2471538502722979"><ele>1227.199951171875</ele><time>2026-08-11T07:36:21.000Z</time><extensions/></trkpt><trkpt lat="43.04401156492531" lon="-1.2471094261854887"><ele>1227.199951171875</ele><time>2026-08-11T07:36:22.000Z</time><extensions/></trkpt><trkpt lat="43.044218849390745" lon="-1.2469112779945135"><ele>1226.4000244140625</ele><time>2026-08-11T07:36:27.000Z</time><extensions/></trkpt><trkpt lat="43.04430895484984" lon="-1.246831901371479"><ele>1226.0</ele><time>2026-08-11T07:36:29.000Z</time><extensions/></trkpt><trkpt lat="43.04450333118439" lon="-1.2466700468212366"><ele>1225.5999755859375</ele><time>2026-08-11T07:36:33.000Z</time><extensions/></trkpt><trkpt lat="43.044658061116934" lon="-1.2465451564639807"><ele>1225.0</ele><time>2026-08-11T07:36:36.000Z</time><extensions/></trkpt><trkpt lat="43.04476819932461" lon="-1.246463181450963"><ele>1224.800048828125</ele><time>2026-08-11T07:36:38.000Z</time><extensions/></trkpt><trkpt lat="43.04522065445781" lon="-1.2461984809488058"><ele>1224.4000244140625</ele><time>2026-08-11T07:36:46.000Z</time><extensions/></trkpt><trkpt lat="43.04561795666814" lon="-1.245966972783208"><ele>1223.199951171875</ele><time>2026-08-11T07:36:53.000Z</time><extensions/></trkpt><trkpt lat="43.04573153145611" lon="-1.2458979059010744"><ele>1222.800048828125</ele><time>2026-08-11T07:36:55.000Z</time><extensions/></trkpt><trkpt lat="43.045901181176305" lon="-1.2458338681608438"><ele>1222.800048828125</ele><time>2026-08-11T07:36:58.000Z</time><extensions/></trkpt><trkpt lat="43.04601383395493" lon="-1.245862366631627"><ele>1223.199951171875</ele><time>2026-08-11T07:37:00.000Z</time><extensions/></trkpt><trkpt lat="43.046113243326545" lon="-1.2459284160286188"><ele>1223.5999755859375</ele><time>2026-08-11T07:37:02.000Z</time><extensions/></trkpt><trkpt lat="43.04621030576527" lon="-1.2460106424987316"><ele>1223.800048828125</ele><time>2026-08-11T07:37:04.000Z</time><extensions/></trkpt><trkpt lat="43.046305775642395" lon="-1.2460954673588276"><ele>1223.800048828125</ele><time>2026-08-11T07:37:06.000Z</time><extensions/></trkpt><trkpt lat="43.046406442299485" lon="-1.2461630254983902"><ele>1223.800048828125</ele><time>2026-08-11T07:37:08.000Z</time><extensions/></trkpt><trkpt lat="43.046513479202986" lon="-1.2462068628519773"><ele>1223.800048828125</ele><time>2026-08-11T07:37:10.000Z</time><extensions/></trkpt><trkpt lat="43.046666868031025" lon="-1.246258495375514"><ele>1224.199951171875</ele><time>2026-08-11T07:37:13.000Z</time><extensions/></trkpt><trkpt lat="43.046857472509146" lon="-1.2462901789695024"><ele>1224.800048828125</ele><time>2026-08-11T07:37:17.000Z</time><extensions/></trkpt><trkpt lat="43.04696325212717" lon="-1.2463187612593174"><ele>1225.4000244140625</ele><time>2026-08-11T07:37:20.000Z</time><extensions/></trkpt><trkpt lat="43.04704003036022" lon="-1.2463343515992165"><ele>1225.5999755859375</ele><time>2026-08-11T07:37:22.000Z</time><extensions/></trkpt><trkpt lat="43.04728662595153" lon="-1.2463710643351078"><ele>1226.199951171875</ele><time>2026-08-11T07:37:27.000Z</time><extensions/></trkpt><trkpt lat="43.04733566008508" lon="-1.2463805358856916"><ele>1226.4000244140625</ele><time>2026-08-11T07:37:28.000Z</time><extensions/></trkpt><trkpt lat="43.04753984324634" lon="-1.246416075155139"><ele>1227.4000244140625</ele><time>2026-08-11T07:37:32.000Z</time><extensions/></trkpt><trkpt lat="43.04797260090709" lon="-1.246452871710062"><ele>1226.199951171875</ele><time>2026-08-11T07:37:40.000Z</time><extensions/></trkpt><trkpt lat="43.04809346795082" lon="-1.2464570626616478"><ele>1225.800048828125</ele><time>2026-08-11T07:37:42.000Z</time><extensions/></trkpt><trkpt lat="43.048156667500734" lon="-1.2464559730142355"><ele>1225.5999755859375</ele><time>2026-08-11T07:37:43.000Z</time><extensions/></trkpt><trkpt lat="43.04822095669806" lon="-1.246453793719411"><ele>1225.199951171875</ele><time>2026-08-11T07:37:44.000Z</time><extensions/></trkpt><trkpt lat="43.0483571626246" lon="-1.2464368622750044"><ele>1224.5999755859375</ele><time>2026-08-11T07:37:46.000Z</time><extensions/></trkpt><trkpt lat="43.04849982261658" lon="-1.2464089505374432"><ele>1223.800048828125</ele><time>2026-08-11T07:37:48.000Z</time><extensions/></trkpt><trkpt lat="43.048721021041274" lon="-1.2463558092713356"><ele>1222.800048828125</ele><time>2026-08-11T07:37:51.000Z</time><extensions/></trkpt><trkpt lat="43.04887373931706" lon="-1.246302416548133"><ele>1221.5999755859375</ele><time>2026-08-11T07:37:53.000Z</time><extensions/></trkpt><trkpt lat="43.049029391258955" lon="-1.2462309189140797"><ele>1220.199951171875</ele><time>2026-08-11T07:37:55.000Z</time><extensions/></trkpt><trkpt lat="43.0491843726486" lon="-1.2461434956640005"><ele>1219.0</ele><time>2026-08-11T07:37:57.000Z</time><extensions/></trkpt><trkpt lat="43.049255199730396" lon="-1.2460866663604975"><ele>1218.5999755859375</ele><time>2026-08-11T07:37:58.000Z</time><extensions/></trkpt><trkpt lat="43.04932317696512" lon="-1.2460206169635057"><ele>1218.4000244140625</ele><time>2026-08-11T07:37:59.000Z</time><extensions/></trkpt><trkpt lat="43.04945854470134" lon="-1.2458676472306252"><ele>1217.4000244140625</ele><time>2026-08-11T07:38:01.000Z</time><extensions/></trkpt><trkpt lat="43.04960682056844" lon="-1.2457040324807167"><ele>1215.800048828125</ele><time>2026-08-11T07:38:03.000Z</time><extensions/></trkpt><trkpt lat="43.04968846030533" lon="-1.2456254940479994"><ele>1214.800048828125</ele><time>2026-08-11T07:38:04.000Z</time><extensions/></trkpt><trkpt lat="43.04976993240416" lon="-1.2455435190349817"><ele>1213.800048828125</ele><time>2026-08-11T07:38:05.000Z</time><extensions/></trkpt><trkpt lat="43.0499301943928" lon="-1.2453724443912506"><ele>1212.199951171875</ele><time>2026-08-11T07:38:07.000Z</time><extensions/></trkpt><trkpt lat="43.05000898428261" lon="-1.2452896311879158"><ele>1211.4000244140625</ele><time>2026-08-11T07:38:08.000Z</time><extensions/></trkpt><trkpt lat="43.0500890314579" lon="-1.2452077399939299"><ele>1210.800048828125</ele><time>2026-08-11T07:38:09.000Z</time><extensions/></trkpt><trkpt lat="43.05025566369295" lon="-1.2450580392032862"><ele>1209.800048828125</ele><time>2026-08-11T07:38:11.000Z</time><extensions/></trkpt><trkpt lat="43.050423972308636" lon="-1.2449169717729092"><ele>1208.199951171875</ele><time>2026-08-11T07:38:13.000Z</time><extensions/></trkpt><trkpt lat="43.05058783851564" lon="-1.2447831965982914"><ele>1206.800048828125</ele><time>2026-08-11T07:38:15.000Z</time><extensions/></trkpt><trkpt lat="43.050675597041845" lon="-1.244732653722167"><ele>1206.0</ele><time>2026-08-11T07:38:16.000Z</time><extensions/></trkpt><trkpt lat="43.050769893452525" lon="-1.2447078432887793"><ele>1205.199951171875</ele><time>2026-08-11T07:38:17.000Z</time><extensions/></trkpt><trkpt lat="43.05086737498641" lon="-1.2447192426770926"><ele>1204.199951171875</ele><time>2026-08-11T07:38:18.000Z</time><extensions/></trkpt><trkpt lat="43.0509611684829" lon="-1.2447570450603962"><ele>1203.800048828125</ele><time>2026-08-11T07:38:19.000Z</time><extensions/></trkpt><trkpt lat="43.05104959756136" lon="-1.2448173109441996"><ele>1203.0</ele><time>2026-08-11T07:38:20.000Z</time><extensions/></trkpt><trkpt lat="43.051129477098584" lon="-1.2448901496827602"><ele>1202.5999755859375</ele><time>2026-08-11T07:38:21.000Z</time><extensions/></trkpt><trkpt lat="43.05120558477938" lon="-1.2449706997722387"><ele>1202.199951171875</ele><time>2026-08-11T07:38:22.000Z</time><extensions/></trkpt><trkpt lat="43.05126895196736" lon="-1.245062230154872"><ele>1202.0</ele><time>2026-08-11T07:38:23.000Z</time><extensions/></trkpt><trkpt lat="43.05137808434665" lon="-1.2452535051852465"><ele>1201.4000244140625</ele><time>2026-08-11T07:38:25.000Z</time><extensions/></trkpt><trkpt lat="43.051425693556666" lon="-1.2453494779765606"><ele>1201.4000244140625</ele><time>2026-08-11T07:38:26.000Z</time><extensions/></trkpt><trkpt lat="43.05159643292427" lon="-1.2457049544900656"><ele>1202.4000244140625</ele><time>2026-08-11T07:38:30.000Z</time><extensions/></trkpt><trkpt lat="43.05167312733829" lon="-1.2458567507565022"><ele>1202.5999755859375</ele><time>2026-08-11T07:38:32.000Z</time><extensions/></trkpt><trkpt lat="43.051766669377685" lon="-1.246060598641634"><ele>1203.5999755859375</ele><time>2026-08-11T07:38:35.000Z</time><extensions/></trkpt><trkpt lat="43.05183196440339" lon="-1.2462657876312733"><ele>1204.5999755859375</ele><time>2026-08-11T07:38:38.000Z</time><extensions/></trkpt><trkpt lat="43.05185090750456" lon="-1.2463325913995504"><ele>1204.800048828125</ele><time>2026-08-11T07:38:39.000Z</time><extensions/></trkpt><trkpt lat="43.051897678524256" lon="-1.2465116288512945"><ele>1205.800048828125</ele><time>2026-08-11T07:38:42.000Z</time><extensions/></trkpt><trkpt lat="43.05194579064846" lon="-1.2466583121567965"><ele>1207.0</ele><time>2026-08-11T07:38:45.000Z</time><extensions/></trkpt><trkpt lat="43.05205316282809" lon="-1.2468368466943502"><ele>1207.800048828125</ele><time>2026-08-11T07:38:49.000Z</time><extensions/></trkpt><trkpt lat="43.05212650448084" lon="-1.246912283822894"><ele>1207.5999755859375</ele><time>2026-08-11T07:38:51.000Z</time><extensions/></trkpt><trkpt lat="43.05239539593458" lon="-1.2471447139978409"><ele>1208.0</ele><time>2026-08-11T07:38:58.000Z</time><extensions/></trkpt><trkpt lat="43.052434120327234" lon="-1.2471757270395756"><ele>1208.199951171875</ele><time>2026-08-11T07:38:59.000Z</time><extensions/></trkpt><trkpt lat="43.05276663042605" lon="-1.2473678402602673"><ele>1208.5999755859375</ele><time>2026-08-11T07:39:07.000Z</time><extensions/></trkpt><trkpt lat="43.053091429173946" lon="-1.247494574636221"><ele>1209.0</ele><time>2026-08-11T07:39:14.000Z</time><extensions/></trkpt><trkpt lat="43.053184216842055" lon="-1.247521061450243"><ele>1209.0</ele><time>2026-08-11T07:39:16.000Z</time><extensions/></trkpt><trkpt lat="43.05328119546175" lon="-1.2475462909787893"><ele>1209.199951171875</ele><time>2026-08-11T07:39:18.000Z</time><extensions/></trkpt><trkpt lat="43.053581016138196" lon="-1.2475898768752813"><ele>1209.4000244140625</ele><time>2026-08-11T07:39:24.000Z</time><extensions/></trkpt><trkpt lat="43.05406926199794" lon="-1.2476050481200218"><ele>1208.5999755859375</ele><time>2026-08-11T07:39:33.000Z</time><extensions/></trkpt><trkpt lat="43.05423874408007" lon="-1.2476084008812904"><ele>1208.0</ele><time>2026-08-11T07:39:36.000Z</time><extensions/></trkpt><trkpt lat="43.054298339411616" lon="-1.247603204101324"><ele>1207.800048828125</ele><time>2026-08-11T07:39:37.000Z</time><extensions/></trkpt><trkpt lat="43.05441903881729" lon="-1.2475778069347143"><ele>1207.5999755859375</ele><time>2026-08-11T07:39:39.000Z</time><extensions/></trkpt><trkpt lat="43.054596316069365" lon="-1.2475129310041666"><ele>1207.0</ele><time>2026-08-11T07:39:42.000Z</time><extensions/></trkpt><trkpt lat="43.0546426679939" lon="-1.2475081533193588"><ele>1206.800048828125</ele><time>2026-08-11T07:39:43.000Z</time><extensions/></trkpt><trkpt lat="43.05468214675784" lon="-1.2475105840712786"><ele>1206.800048828125</ele><time>2026-08-11T07:39:44.000Z</time><extensions/></trkpt><trkpt lat="43.05476613342762" lon="-1.2474399246275425"><ele>1206.5999755859375</ele><time>2026-08-11T07:39:47.000Z</time><extensions/></trkpt><trkpt lat="43.054802091792226" lon="-1.2474037986248732"><ele>1206.4000244140625</ele><time>2026-08-11T07:39:49.000Z</time><extensions/></trkpt><trkpt lat="43.054891442880034" lon="-1.2473613023757935"><ele>1206.199951171875</ele><time>2026-08-11T07:39:52.000Z</time><extensions/></trkpt><trkpt lat="43.05497341789305" lon="-1.2473244220018387"><ele>1205.800048828125</ele><time>2026-08-11T07:39:54.000Z</time><extensions/></trkpt><trkpt lat="43.055129405111074" lon="-1.2472690176218748"><ele>1205.199951171875</ele><time>2026-08-11T07:39:57.000Z</time><extensions/></trkpt><trkpt lat="43.055184138938785" lon="-1.2472431175410748"><ele>1204.800048828125</ele><time>2026-08-11T07:39:58.000Z</time><extensions/></trkpt><trkpt lat="43.055237447842956" lon="-1.2472045607864857"><ele>1204.4000244140625</ele><time>2026-08-11T07:39:59.000Z</time><extensions/></trkpt><trkpt lat="43.0554061755538" lon="-1.2470769882202148"><ele>1203.4000244140625</ele><time>2026-08-11T07:40:02.000Z</time><extensions/></trkpt><trkpt lat="43.05546870455146" lon="-1.24703424051404"><ele>1203.0</ele><time>2026-08-11T07:40:03.000Z</time><extensions/></trkpt><trkpt lat="43.05553324520588" lon="-1.2469919957220554"><ele>1202.4000244140625</ele><time>2026-08-11T07:40:04.000Z</time><extensions/></trkpt><trkpt lat="43.055596612393856" lon="-1.246944386512041"><ele>1202.0</ele><time>2026-08-11T07:40:05.000Z</time><extensions/></trkpt><trkpt lat="43.05565545335412" lon="-1.2468859646469355"><ele>1201.5999755859375</ele><time>2026-08-11T07:40:06.000Z</time><extensions/></trkpt><trkpt lat="43.05571119301021" lon="-1.2468215078115463"><ele>1201.199951171875</ele><time>2026-08-11T07:40:07.000Z</time><extensions/></trkpt><trkpt lat="43.0557706207037" lon="-1.2467622477561235"><ele>1200.800048828125</ele><time>2026-08-11T07:40:08.000Z</time><extensions/></trkpt><trkpt lat="43.055943539366126" lon="-1.2465708050876856"><ele>1200.0</ele><time>2026-08-11T07:40:11.000Z</time><extensions/></trkpt><trkpt lat="43.05599357932806" lon="-1.2464925181120634"><ele>1199.5999755859375</ele><time>2026-08-11T07:40:12.000Z</time><extensions/></trkpt><trkpt lat="43.05603884160519" lon="-1.2464050110429525"><ele>1199.0</ele><time>2026-08-11T07:40:13.000Z</time><extensions/></trkpt><trkpt lat="43.05611092597246" lon="-1.246209880337119"><ele>1198.199951171875</ele><time>2026-08-11T07:40:15.000Z</time><extensions/></trkpt><trkpt lat="43.05614068172872" lon="-1.2461082078516483"><ele>1197.5999755859375</ele><time>2026-08-11T07:40:16.000Z</time><extensions/></trkpt><trkpt lat="43.05620522238314" lon="-1.2458976544439793"><ele>1196.800048828125</ele><time>2026-08-11T07:40:18.000Z</time><extensions/></trkpt><trkpt lat="43.05629130452871" lon="-1.245700092986226"><ele>1196.0</ele><time>2026-08-11T07:40:20.000Z</time><extensions/></trkpt><trkpt lat="43.05634335614741" lon="-1.2456092331558466"><ele>1195.4000244140625</ele><time>2026-08-11T07:40:21.000Z</time><extensions/></trkpt><trkpt lat="43.05646598339081" lon="-1.2454433552920818"><ele>1194.4000244140625</ele><time>2026-08-11T07:40:23.000Z</time><extensions/></trkpt><trkpt lat="43.056533290073276" lon="-1.2453716900199652"><ele>1193.800048828125</ele><time>2026-08-11T07:40:24.000Z</time><extensions/></trkpt><trkpt lat="43.056608559563756" lon="-1.2453111726790667"><ele>1193.199951171875</ele><time>2026-08-11T07:40:25.000Z</time><extensions/></trkpt><trkpt lat="43.056694557890296" lon="-1.2452709395438433"><ele>1192.5999755859375</ele><time>2026-08-11T07:40:26.000Z</time><extensions/></trkpt><trkpt lat="43.056786423549056" lon="-1.245249817147851"><ele>1192.0</ele><time>2026-08-11T07:40:27.000Z</time><extensions/></trkpt><trkpt lat="43.056882647797465" lon="-1.2452395912259817"><ele>1191.199951171875</ele><time>2026-08-11T07:40:28.000Z</time><extensions/></trkpt><trkpt lat="43.05698155425489" lon="-1.245230371132493"><ele>1190.199951171875</ele><time>2026-08-11T07:40:29.000Z</time><extensions/></trkpt><trkpt lat="43.05719939991832" lon="-1.2452014535665512"><ele>1187.800048828125</ele><time>2026-08-11T07:40:31.000Z</time><extensions/></trkpt><trkpt lat="43.05731465108693" lon="-1.245168261229992"><ele>1186.0</ele><time>2026-08-11T07:40:32.000Z</time><extensions/></trkpt><trkpt lat="43.05743250064552" lon="-1.2451407685875893"><ele>1184.4000244140625</ele><time>2026-08-11T07:40:33.000Z</time><extensions/></trkpt><trkpt lat="43.057548673823476" lon="-1.2451406009495258"><ele>1183.199951171875</ele><time>2026-08-11T07:40:34.000Z</time><extensions/></trkpt><trkpt lat="43.05776542983949" lon="-1.2451441213488579"><ele>1182.199951171875</ele><time>2026-08-11T07:40:36.000Z</time><extensions/></trkpt><trkpt lat="43.0579446349293" lon="-1.2450750544667244"><ele>1181.5999755859375</ele><time>2026-08-11T07:40:38.000Z</time><extensions/></trkpt><trkpt lat="43.05801412090659" lon="-1.245005400851369"><ele>1180.5999755859375</ele><time>2026-08-11T07:40:39.000Z</time><extensions/></trkpt><trkpt lat="43.0580603890121" lon="-1.2449062429368496"><ele>1179.800048828125</ele><time>2026-08-11T07:40:40.000Z</time><extensions/></trkpt><trkpt lat="43.058088636025786" lon="-1.2447982840240002"><ele>1179.0</ele><time>2026-08-11T07:40:41.000Z</time><extensions/></trkpt><trkpt lat="43.05810313671827" lon="-1.2446860503405333"><ele>1178.199951171875</ele><time>2026-08-11T07:40:42.000Z</time><extensions/></trkpt><trkpt lat="43.05811386555433" lon="-1.2445772532373667"><ele>1177.5999755859375</ele><time>2026-08-11T07:40:43.000Z</time><extensions/></trkpt><trkpt lat="43.0581621453166" lon="-1.2443744111806154"><ele>1177.4000244140625</ele><time>2026-08-11T07:40:45.000Z</time><extensions/></trkpt><trkpt lat="43.05825744755566" lon="-1.2442076113075018"><ele>1177.4000244140625</ele><time>2026-08-11T07:40:47.000Z</time><extensions/></trkpt><trkpt lat="43.058321652933955" lon="-1.244136868044734"><ele>1177.0</ele><time>2026-08-11T07:40:48.000Z</time><extensions/></trkpt><trkpt lat="43.05840387940407" lon="-1.2440921925008297"><ele>1176.5999755859375</ele><time>2026-08-11T07:40:49.000Z</time><extensions/></trkpt><trkpt lat="43.058581659570336" lon="-1.2440217845141888"><ele>1174.4000244140625</ele><time>2026-08-11T07:40:51.000Z</time><extensions/></trkpt><trkpt lat="43.058709651231766" lon="-1.2438681442290545"><ele>1173.4000244140625</ele><time>2026-08-11T07:40:53.000Z</time><extensions/></trkpt><trkpt lat="43.0587665643543" lon="-1.2437247298657894"><ele>1174.800048828125</ele><time>2026-08-11T07:40:55.000Z</time><extensions/></trkpt><trkpt lat="43.05878425016999" lon="-1.24366563744843"><ele>1176.5999755859375</ele><time>2026-08-11T07:40:56.000Z</time><extensions/></trkpt><trkpt lat="43.058807300403714" lon="-1.2436190340667963"><ele>1177.5999755859375</ele><time>2026-08-11T07:40:57.000Z</time><extensions/></trkpt><trkpt lat="43.058831775560975" lon="-1.2435810640454292"><ele>1178.5999755859375</ele><time>2026-08-11T07:40:58.000Z</time><extensions/></trkpt><trkpt lat="43.05887502618134" lon="-1.243526665493846"><ele>1180.0</ele><time>2026-08-11T07:41:00.000Z</time><extensions/></trkpt><trkpt lat="43.058932945132256" lon="-1.2434619572013617"><ele>1181.199951171875</ele><time>2026-08-11T07:41:03.000Z</time><extensions/></trkpt><trkpt lat="43.05897569283843" lon="-1.2434384040534496"><ele>1181.800048828125</ele><time>2026-08-11T07:41:05.000Z</time><extensions/></trkpt><trkpt lat="43.058996396139264" lon="-1.2434264179319143"><ele>1182.199951171875</ele><time>2026-08-11T07:41:06.000Z</time><extensions/></trkpt><trkpt lat="43.0590480286628" lon="-1.243388196453452"><ele>1183.199951171875</ele><time>2026-08-11T07:41:09.000Z</time><extensions/></trkpt><trkpt lat="43.059070156887174" lon="-1.2433797307312489"><ele>1183.4000244140625</ele><time>2026-08-11T07:41:10.000Z</time><extensions/></trkpt><trkpt lat="43.059088345617056" lon="-1.243366738781333"><ele>1183.5999755859375</ele><time>2026-08-11T07:41:11.000Z</time><extensions/></trkpt><trkpt lat="43.059142073616385" lon="-1.2433341331779957"><ele>1184.5999755859375</ele><time>2026-08-11T07:41:14.000Z</time><extensions/></trkpt><trkpt lat="43.05922103114426" lon="-1.243311334401369"><ele>1185.5999755859375</ele><time>2026-08-11T07:41:18.000Z</time><extensions/></trkpt><trkpt lat="43.05923854932189" lon="-1.243301024660468"><ele>1185.800048828125</ele><time>2026-08-11T07:41:19.000Z</time><extensions/></trkpt><trkpt lat="43.05932639166713" lon="-1.2431610468775034"><ele>1186.5999755859375</ele><time>2026-08-11T07:41:26.000Z</time><extensions/></trkpt><trkpt lat="43.059364445507526" lon="-1.242983601987362"><ele>1187.5999755859375</ele><time>2026-08-11T07:41:33.000Z</time><extensions/></trkpt><trkpt lat="43.05936763063073" lon="-1.2429587915539742"><ele>1187.800048828125</ele><time>2026-08-11T07:41:34.000Z</time><extensions/></trkpt><trkpt lat="43.059371737763286" lon="-1.2427837774157524"><ele>1188.5999755859375</ele><time>2026-08-11T07:41:41.000Z</time><extensions/></trkpt><trkpt lat="43.05937400087714" lon="-1.2427621521055698"><ele>1188.800048828125</ele><time>2026-08-11T07:41:42.000Z</time><extensions/></trkpt><trkpt lat="43.05937106721103" lon="-1.2427499145269394"><ele>1189.4000244140625</ele><time>2026-08-11T07:41:46.000Z</time><extensions/></trkpt><trkpt lat="43.05937106721103" lon="-1.2427499145269394"><ele>1189.4000244140625</ele><time>2026-08-11T07:41:49.000Z</time><extensions/></trkpt><trkpt lat="43.05937106721103" lon="-1.2427499145269394"><ele>1189.199951171875</ele><time>2026-08-11T07:41:51.000Z</time><extensions/></trkpt><trkpt lat="43.05937106721103" lon="-1.2427499145269394"><ele>1189.0</ele><time>2026-08-11T07:42:01.000Z</time><extensions/></trkpt><trkpt lat="43.059365786612034" lon="-1.2427321448922157"><ele>1189.0</ele><time>2026-08-11T07:42:04.000Z</time><extensions/></trkpt><trkpt lat="43.05935254320502" lon="-1.2427257746458054"><ele>1189.0</ele><time>2026-08-11T07:42:05.000Z</time><extensions/></trkpt><trkpt lat="43.0593398027122" lon="-1.2427195720374584"><ele>1189.0</ele><time>2026-08-11T07:42:06.000Z</time><extensions/></trkpt><trkpt lat="43.059308119118214" lon="-1.2427245173603296"><ele>1189.199951171875</ele><time>2026-08-11T07:42:08.000Z</time><extensions/></trkpt><trkpt lat="43.059280375018716" lon="-1.2427608110010624"><ele>1189.800048828125</ele><time>2026-08-11T07:42:11.000Z</time><extensions/></trkpt><trkpt lat="43.059230921790004" lon="-1.242849575355649"><ele>1190.5999755859375</ele><time>2026-08-11T07:42:16.000Z</time><extensions/></trkpt><trkpt lat="43.059210469946265" lon="-1.242888132110238"><ele>1191.0</ele><time>2026-08-11T07:42:18.000Z</time><extensions/></trkpt><trkpt lat="43.05915154516697" lon="-1.2429740466177464"><ele>1191.5999755859375</ele><time>2026-08-11T07:42:23.000Z</time><extensions/></trkpt><trkpt lat="43.05912279523909" lon="-1.243000952526927"><ele>1192.0</ele><time>2026-08-11T07:42:25.000Z</time><extensions/></trkpt><trkpt lat="43.05904492735863" lon="-1.243012435734272"><ele>1193.0</ele><time>2026-08-11T07:42:30.000Z</time><extensions/></trkpt><trkpt lat="43.05903444997966" lon="-1.2429969292134047"><ele>1193.199951171875</ele><time>2026-08-11T07:42:31.000Z</time><extensions/></trkpt><trkpt lat="43.05902170948684" lon="-1.2429064884781837"><ele>1194.0</ele><time>2026-08-11T07:42:35.000Z</time><extensions/></trkpt><trkpt lat="43.05902464315295" lon="-1.2428857013583183"><ele>1194.199951171875</ele><time>2026-08-11T07:42:36.000Z</time><extensions/></trkpt><trkpt lat="43.05904408916831" lon="-1.2427720427513123"><ele>1195.199951171875</ele><time>2026-08-11T07:42:41.000Z</time><extensions/></trkpt><trkpt lat="43.0590464361012" lon="-1.2427451368421316"><ele>1195.4000244140625</ele><time>2026-08-11T07:42:42.000Z</time><extensions/></trkpt><trkpt lat="43.05903721600771" lon="-1.2426256109029055"><ele>1196.4000244140625</ele><time>2026-08-11T07:42:47.000Z</time><extensions/></trkpt><trkpt lat="43.059033611789346" lon="-1.2426038179546595"><ele>1196.5999755859375</ele><time>2026-08-11T07:42:48.000Z</time><extensions/></trkpt><trkpt lat="43.05902891792357" lon="-1.2425821088254452"><ele>1197.0</ele><time>2026-08-11T07:42:49.000Z</time><extensions/></trkpt><trkpt lat="43.05901810526848" lon="-1.2425430491566658"><ele>1197.4000244140625</ele><time>2026-08-11T07:42:51.000Z</time><extensions/></trkpt><trkpt lat="43.05897225625813" lon="-1.2424168176949024"><ele>1198.199951171875</ele><time>2026-08-11T07:42:57.000Z</time><extensions/></trkpt><trkpt lat="43.05895918048918" lon="-1.2423738185316324"><ele>1198.5999755859375</ele><time>2026-08-11T07:42:59.000Z</time><extensions/></trkpt><trkpt lat="43.05893478915095" lon="-1.2422879878431559"><ele>1199.800048828125</ele><time>2026-08-11T07:43:03.000Z</time><extensions/></trkpt><trkpt lat="43.05891475640237" lon="-1.2422280572354794"><ele>1200.199951171875</ele><time>2026-08-11T07:43:06.000Z</time><extensions/></trkpt><trkpt lat="43.058893801644444" lon="-1.2421587388962507"><ele>1200.800048828125</ele><time>2026-08-11T07:43:09.000Z</time><extensions/></trkpt><trkpt lat="43.058862537145615" lon="-1.2420503608882427"><ele>1201.5999755859375</ele><time>2026-08-11T07:43:14.000Z</time><extensions/></trkpt><trkpt lat="43.058850299566984" lon="-1.2420092895627022"><ele>1202.0</ele><time>2026-08-11T07:43:16.000Z</time><extensions/></trkpt><trkpt lat="43.058819118887186" lon="-1.2419025041162968"><ele>1203.0</ele><time>2026-08-11T07:43:21.000Z</time><extensions/></trkpt><trkpt lat="43.058810820803046" lon="-1.2418569903820753"><ele>1203.5999755859375</ele><time>2026-08-11T07:43:23.000Z</time><extensions/></trkpt><trkpt lat="43.05880478583276" lon="-1.2418095488101244"><ele>1204.0</ele><time>2026-08-11T07:43:25.000Z</time><extensions/></trkpt><trkpt lat="43.05877326987684" lon="-1.2417636159807444"><ele>1205.0</ele><time>2026-08-11T07:43:28.000Z</time><extensions/></trkpt><trkpt lat="43.05875348858535" lon="-1.2417541444301605"><ele>1205.199951171875</ele><time>2026-08-11T07:43:29.000Z</time><extensions/></trkpt><trkpt lat="43.05870596319437" lon="-1.2417762726545334"><ele>1206.199951171875</ele><time>2026-08-11T07:43:32.000Z</time><extensions/></trkpt><trkpt lat="43.05869364179671" lon="-1.241794964298606"><ele>1206.4000244140625</ele><time>2026-08-11T07:43:33.000Z</time><extensions/></trkpt><trkpt lat="43.05869020521641" lon="-1.24181910417974"><ele>1206.800048828125</ele><time>2026-08-11T07:43:34.000Z</time><extensions/></trkpt><trkpt lat="43.05868299677968" lon="-1.2418832257390022"><ele>1207.4000244140625</ele><time>2026-08-11T07:43:37.000Z</time><extensions/></trkpt><trkpt lat="43.05867989547551" lon="-1.241904767230153"><ele>1207.5999755859375</ele><time>2026-08-11T07:43:38.000Z</time><extensions/></trkpt><trkpt lat="43.058644607663155" lon="-1.2420906778424978"><ele>1208.4000244140625</ele><time>2026-08-11T07:43:46.000Z</time><extensions/></trkpt><trkpt lat="43.05860638618469" lon="-1.242132419720292"><ele>1208.800048828125</ele><time>2026-08-11T07:43:49.000Z</time><extensions/></trkpt><trkpt lat="43.05857009254396" lon="-1.2421377003192902"><ele>1209.0</ele><time>2026-08-11T07:43:51.000Z</time><extensions/></trkpt><trkpt lat="43.05851208977401" lon="-1.2421043403446674"><ele>1209.800048828125</ele><time>2026-08-11T07:43:55.000Z</time><extensions/></trkpt><trkpt lat="43.05849063210189" lon="-1.2420649453997612"><ele>1210.4000244140625</ele><time>2026-08-11T07:43:57.000Z</time><extensions/></trkpt><trkpt lat="43.058480406180024" lon="-1.2419959623366594"><ele>1211.0</ele><time>2026-08-11T07:44:00.000Z</time><extensions/></trkpt><trkpt lat="43.05847646668553" lon="-1.2419263925403357"><ele>1211.800048828125</ele><time>2026-08-11T07:44:03.000Z</time><extensions/></trkpt><trkpt lat="43.05847613140941" lon="-1.241901246830821"><ele>1212.0</ele><time>2026-08-11T07:44:04.000Z</time><extensions/></trkpt><trkpt lat="43.058460457250476" lon="-1.2417919468134642"><ele>1213.199951171875</ele><time>2026-08-11T07:44:09.000Z</time><extensions/></trkpt><trkpt lat="43.05844662711024" lon="-1.2417535576969385"><ele>1213.4000244140625</ele><time>2026-08-11T07:44:11.000Z</time><extensions/></trkpt><trkpt lat="43.058383176103234" lon="-1.2416492030024529"><ele>1214.4000244140625</ele><time>2026-08-11T07:44:17.000Z</time><extensions/></trkpt><trkpt lat="43.05835476145148" lon="-1.2415976542979479"><ele>1215.199951171875</ele><time>2026-08-11T07:44:20.000Z</time><extensions/></trkpt><trkpt lat="43.05834420025349" lon="-1.2415822315961123"><ele>1215.4000244140625</ele><time>2026-08-11T07:44:21.000Z</time><extensions/></trkpt><trkpt lat="43.05830522440374" lon="-1.2415303476154804"><ele>1216.199951171875</ele><time>2026-08-11T07:44:24.000Z</time><extensions/></trkpt><trkpt lat="43.05828812532127" lon="-1.241525486111641"><ele>1216.5999755859375</ele><time>2026-08-11T07:44:25.000Z</time><extensions/></trkpt><trkpt lat="43.05827069096267" lon="-1.2415283359587193"><ele>1216.800048828125</ele><time>2026-08-11T07:44:26.000Z</time><extensions/></trkpt><trkpt lat="43.058230206370354" lon="-1.2415715027600527"><ele>1217.5999755859375</ele><time>2026-08-11T07:44:29.000Z</time><extensions/></trkpt><trkpt lat="43.05822517722845" lon="-1.2415933795273304"><ele>1218.0</ele><time>2026-08-11T07:44:30.000Z</time><extensions/></trkpt><trkpt lat="43.05822568014264" lon="-1.2416119035333395"><ele>1218.199951171875</ele><time>2026-08-11T07:44:31.000Z</time><extensions/></trkpt><trkpt lat="43.05822324939072" lon="-1.2416522204875946"><ele>1218.800048828125</ele><time>2026-08-11T07:44:33.000Z</time><extensions/></trkpt><trkpt lat="43.0581967625767" lon="-1.241738386452198"><ele>1219.800048828125</ele><time>2026-08-11T07:44:37.000Z</time><extensions/></trkpt><trkpt lat="43.0581914819777" lon="-1.2417604308575392"><ele>1220.199951171875</ele><time>2026-08-11T07:44:38.000Z</time><extensions/></trkpt><trkpt lat="43.05817882530391" lon="-1.2418213672935963"><ele>1220.800048828125</ele><time>2026-08-11T07:44:41.000Z</time><extensions/></trkpt><trkpt lat="43.05817178450525" lon="-1.2419294938445091"><ele>1221.800048828125</ele><time>2026-08-11T07:44:46.000Z</time><extensions/></trkpt><trkpt lat="43.058167677372694" lon="-1.2419517058879137"><ele>1222.0</ele><time>2026-08-11T07:44:47.000Z</time><extensions/></trkpt><trkpt lat="43.05815862491727" lon="-1.2420674599707127"><ele>1222.5999755859375</ele><time>2026-08-11T07:44:52.000Z</time><extensions/></trkpt><trkpt lat="43.05815435014665" lon="-1.2421366944909096"><ele>1223.0</ele><time>2026-08-11T07:44:55.000Z</time><extensions/></trkpt><trkpt lat="43.058132976293564" lon="-1.242324784398079"><ele>1224.0</ele><time>2026-08-11T07:45:03.000Z</time><extensions/></trkpt><trkpt lat="43.058123756200075" lon="-1.2423691246658564"><ele>1224.199951171875</ele><time>2026-08-11T07:45:05.000Z</time><extensions/></trkpt><trkpt lat="43.058084193617105" lon="-1.2424889020621777"><ele>1225.199951171875</ele><time>2026-08-11T07:45:11.000Z</time><extensions/></trkpt><trkpt lat="43.05805443786085" lon="-1.2425420433282852"><ele>1225.5999755859375</ele><time>2026-08-11T07:45:14.000Z</time><extensions/></trkpt><trkpt lat="43.05802619084716" lon="-1.2426011357456446"><ele>1226.199951171875</ele><time>2026-08-11T07:45:17.000Z</time><extensions/></trkpt><trkpt lat="43.057961482554674" lon="-1.2426776625216007"><ele>1227.199951171875</ele><time>2026-08-11T07:45:22.000Z</time><extensions/></trkpt><trkpt lat="43.05793683975935" lon="-1.2427053228020668"><ele>1227.4000244140625</ele><time>2026-08-11T07:45:24.000Z</time><extensions/></trkpt><trkpt lat="43.0578616540879" lon="-1.2427451368421316"><ele>1228.0</ele><time>2026-08-11T07:45:29.000Z</time><extensions/></trkpt><trkpt lat="43.057809099555016" lon="-1.242755949497223"><ele>1228.5999755859375</ele><time>2026-08-11T07:45:32.000Z</time><extensions/></trkpt><trkpt lat="43.057732405140996" lon="-1.242769779637456"><ele>1229.5999755859375</ele><time>2026-08-11T07:45:37.000Z</time><extensions/></trkpt><trkpt lat="43.05765252560377" lon="-1.242783609777689"><ele>1230.5999755859375</ele><time>2026-08-11T07:45:42.000Z</time><extensions/></trkpt><trkpt lat="43.05760131217539" lon="-1.2427881360054016"><ele>1231.4000244140625</ele><time>2026-08-11T07:45:45.000Z</time><extensions/></trkpt><trkpt lat="43.05758371017873" lon="-1.242790063843131"><ele>1231.800048828125</ele><time>2026-08-11T07:45:46.000Z</time><extensions/></trkpt><trkpt lat="43.057535430416465" lon="-1.2428006250411272"><ele>1232.800048828125</ele><time>2026-08-11T07:45:49.000Z</time><extensions/></trkpt><trkpt lat="43.057470386847854" lon="-1.2428147066384554"><ele>1234.0</ele><time>2026-08-11T07:45:53.000Z</time><extensions/></trkpt><trkpt lat="43.057406935840845" lon="-1.2428278662264347"><ele>1235.0</ele><time>2026-08-11T07:45:57.000Z</time><extensions/></trkpt><trkpt lat="43.057342395186424" lon="-1.2428415287286043"><ele>1236.0</ele><time>2026-08-11T07:46:01.000Z</time><extensions/></trkpt><trkpt lat="43.05732739157975" lon="-1.242844881489873"><ele>1236.199951171875</ele><time>2026-08-11T07:46:02.000Z</time><extensions/></trkpt><trkpt lat="43.05727383121848" lon="-1.242853095754981"><ele>1237.199951171875</ele><time>2026-08-11T07:46:05.000Z</time><extensions/></trkpt><trkpt lat="43.05721331387758" lon="-1.2428656686097383"><ele>1238.199951171875</ele><time>2026-08-11T07:46:09.000Z</time><extensions/></trkpt><trkpt lat="43.057181630283594" lon="-1.242873128503561"><ele>1238.800048828125</ele><time>2026-08-11T07:46:11.000Z</time><extensions/></trkpt><trkpt lat="43.05714927613735" lon="-1.2428794149309397"><ele>1239.4000244140625</ele><time>2026-08-11T07:46:13.000Z</time><extensions/></trkpt><trkpt lat="43.05708951316774" lon="-1.2428882997483015"><ele>1240.4000244140625</ele><time>2026-08-11T07:46:17.000Z</time><extensions/></trkpt><trkpt lat="43.05705891922116" lon="-1.2428944185376167"><ele>1241.0</ele><time>2026-08-11T07:46:19.000Z</time><extensions/></trkpt><trkpt lat="43.05703008547425" lon="-1.2429017946124077"><ele>1241.5999755859375</ele><time>2026-08-11T07:46:21.000Z</time><extensions/></trkpt><trkpt lat="43.05696981959045" lon="-1.2429095897823572"><ele>1242.800048828125</ele><time>2026-08-11T07:46:25.000Z</time><extensions/></trkpt><trkpt lat="43.05695422925055" lon="-1.2429121043533087"><ele>1243.0</ele><time>2026-08-11T07:46:26.000Z</time><extensions/></trkpt><trkpt lat="43.05690888315439" lon="-1.2429197318851948"><ele>1243.800048828125</ele><time>2026-08-11T07:46:29.000Z</time><extensions/></trkpt><trkpt lat="43.05683554150164" lon="-1.2429352384060621"><ele>1245.199951171875</ele><time>2026-08-11T07:46:34.000Z</time><extensions/></trkpt><trkpt lat="43.05679111741483" lon="-1.2429407704621553"><ele>1246.199951171875</ele><time>2026-08-11T07:46:37.000Z</time><extensions/></trkpt><trkpt lat="43.05671777576208" lon="-1.2429370824247599"><ele>1247.0</ele><time>2026-08-11T07:46:42.000Z</time><extensions/></trkpt><trkpt lat="43.05669916793704" lon="-1.2429431173950434"><ele>1247.199951171875</ele><time>2026-08-11T07:46:43.000Z</time><extensions/></trkpt><trkpt lat="43.05664527229965" lon="-1.2429551873356104"><ele>1248.4000244140625</ele><time>2026-08-11T07:46:46.000Z</time><extensions/></trkpt><trkpt lat="43.05661031976342" lon="-1.242958540096879"><ele>1249.199951171875</ele><time>2026-08-11T07:46:48.000Z</time><extensions/></trkpt><trkpt lat="43.05659322068095" lon="-1.242959713563323"><ele>1249.4000244140625</ele><time>2026-08-11T07:46:49.000Z</time><extensions/></trkpt><trkpt lat="43.05652507580817" lon="-1.2429685983806849"><ele>1250.5999755859375</ele><time>2026-08-11T07:46:53.000Z</time><extensions/></trkpt><trkpt lat="43.056473610922694" lon="-1.2429742980748415"><ele>1251.4000244140625</ele><time>2026-08-11T07:46:56.000Z</time><extensions/></trkpt><trkpt lat="43.05645626038313" lon="-1.2429804168641567"><ele>1251.5999755859375</ele><time>2026-08-11T07:46:57.000Z</time><extensions/></trkpt><trkpt lat="43.056410662829876" lon="-1.242996258661151"><ele>1252.5999755859375</ele><time>2026-08-11T07:47:00.000Z</time><extensions/></trkpt><trkpt lat="43.056392977014184" lon="-1.242995923385024"><ele>1253.0</ele><time>2026-08-11T07:47:01.000Z</time><extensions/></trkpt><trkpt lat="43.0563401710242" lon="-1.2429934926331043"><ele>1253.800048828125</ele><time>2026-08-11T07:47:04.000Z</time><extensions/></trkpt><trkpt lat="43.05627437308431" lon="-1.2429842725396156"><ele>1254.4000244140625</ele><time>2026-08-11T07:47:08.000Z</time><extensions/></trkpt><trkpt lat="43.056243024766445" lon="-1.2429771479219198"><ele>1255.0</ele><time>2026-08-11T07:47:10.000Z</time><extensions/></trkpt><trkpt lat="43.056229362264276" lon="-1.2429731246083975"><ele>1255.0</ele><time>2026-08-11T07:47:11.000Z</time><extensions/></trkpt><trkpt lat="43.056171610951424" lon="-1.242949403822422"><ele>1255.800048828125</ele><time>2026-08-11T07:47:15.000Z</time><extensions/></trkpt><trkpt lat="43.05615627206862" lon="-1.2429425306618214"><ele>1256.0</ele><time>2026-08-11T07:47:16.000Z</time><extensions/></trkpt><trkpt lat="43.05608879774809" lon="-1.2429356575012207"><ele>1257.199951171875</ele><time>2026-08-11T07:47:20.000Z</time><extensions/></trkpt><trkpt lat="43.056054851040244" lon="-1.2429471407085657"><ele>1257.800048828125</ele><time>2026-08-11T07:47:22.000Z</time><extensions/></trkpt><trkpt lat="43.05603900924325" lon="-1.2429581210017204"><ele>1258.199951171875</ele><time>2026-08-11T07:47:23.000Z</time><extensions/></trkpt><trkpt lat="43.05598729290068" lon="-1.2430098373442888"><ele>1259.4000244140625</ele><time>2026-08-11T07:47:27.000Z</time><extensions/></trkpt><trkpt lat="43.05596960708499" lon="-1.2430446222424507"><ele>1259.800048828125</ele><time>2026-08-11T07:47:29.000Z</time><extensions/></trkpt><trkpt lat="43.05593138560653" lon="-1.2430991046130657"><ele>1260.4000244140625</ele><time>2026-08-11T07:47:32.000Z</time><extensions/></trkpt><trkpt lat="43.055882854387164" lon="-1.2431070674210787"><ele>1261.0</ele><time>2026-08-11T07:47:35.000Z</time><extensions/></trkpt><trkpt lat="43.055856032297015" lon="-1.2430852744728327"><ele>1261.4000244140625</ele><time>2026-08-11T07:47:37.000Z</time><extensions/></trkpt><trkpt lat="43.05583926849067" lon="-1.243037162348628"><ele>1262.0</ele><time>2026-08-11T07:47:39.000Z</time><extensions/></trkpt><trkpt lat="43.05582652799785" lon="-1.2429934926331043"><ele>1262.5999755859375</ele><time>2026-08-11T07:47:41.000Z</time><extensions/></trkpt><trkpt lat="43.055821834132075" lon="-1.2428988609462976"><ele>1263.800048828125</ele><time>2026-08-11T07:47:45.000Z</time><extensions/></trkpt><trkpt lat="43.055822253227234" lon="-1.2428737990558147"><ele>1264.0</ele><time>2026-08-11T07:47:46.000Z</time><extensions/></trkpt><trkpt lat="43.05582074448466" lon="-1.2428025528788567"><ele>1265.0</ele><time>2026-08-11T07:47:49.000Z</time><extensions/></trkpt><trkpt lat="43.055811105296016" lon="-1.2426882237195969"><ele>1266.0</ele><time>2026-08-11T07:47:54.000Z</time><extensions/></trkpt><trkpt lat="43.05579241365194" lon="-1.2425746489316225"><ele>1267.199951171875</ele><time>2026-08-11T07:47:59.000Z</time><extensions/></trkpt><trkpt lat="43.05578344501555" lon="-1.2425299733877182"><ele>1267.5999755859375</ele><time>2026-08-11T07:48:01.000Z</time><extensions/></trkpt><trkpt lat="43.05575704202056" lon="-1.2424393650144339"><ele>1268.4000244140625</ele><time>2026-08-11T07:48:05.000Z</time><extensions/></trkpt><trkpt lat="43.05575259961188" lon="-1.2424179073423147"><ele>1268.800048828125</ele><time>2026-08-11T07:48:06.000Z</time><extensions/></trkpt><trkpt lat="43.055738266557455" lon="-1.2423779256641865"><ele>1269.5999755859375</ele><time>2026-08-11T07:48:08.000Z</time><extensions/></trkpt><trkpt lat="43.05571119301021" lon="-1.2422886583954096"><ele>1270.4000244140625</ele><time>2026-08-11T07:48:12.000Z</time><extensions/></trkpt><trkpt lat="43.05570364929736" lon="-1.2422661110758781"><ele>1270.5999755859375</ele><time>2026-08-11T07:48:13.000Z</time><extensions/></trkpt><trkpt lat="43.055652771145105" lon="-1.2421154044568539"><ele>1271.5999755859375</ele><time>2026-08-11T07:48:20.000Z</time><extensions/></trkpt><trkpt lat="43.05562511086464" lon="-1.242056144401431"><ele>1272.199951171875</ele><time>2026-08-11T07:48:23.000Z</time><extensions/></trkpt><trkpt lat="43.055571215227246" lon="-1.2419349420815706"><ele>1272.800048828125</ele><time>2026-08-11T07:48:29.000Z</time><extensions/></trkpt><trkpt lat="43.055551182478666" lon="-1.2418978102505207"><ele>1273.0</ele><time>2026-08-11T07:48:31.000Z</time><extensions/></trkpt><trkpt lat="43.05554062128067" lon="-1.241880962625146"><ele>1273.199951171875</ele><time>2026-08-11T07:48:32.000Z</time><extensions/></trkpt><trkpt lat="43.05550776422024" lon="-1.2418227083981037"><ele>1274.0</ele><time>2026-08-11T07:48:35.000Z</time><extensions/></trkpt><trkpt lat="43.05545990355313" lon="-1.241763448342681"><ele>1275.4000244140625</ele><time>2026-08-11T07:48:39.000Z</time><extensions/></trkpt><trkpt lat="43.05544573813677" lon="-1.241751378402114"><ele>1275.5999755859375</ele><time>2026-08-11T07:48:40.000Z</time><extensions/></trkpt><trkpt lat="43.055397626012564" lon="-1.2417207844555378"><ele>1276.4000244140625</ele><time>2026-08-11T07:48:43.000Z</time><extensions/></trkpt><trkpt lat="43.05534356273711" lon="-1.2417137436568737"><ele>1277.5999755859375</ele><time>2026-08-11T07:48:46.000Z</time><extensions/></trkpt><trkpt lat="43.0553266312927" lon="-1.2417180184274912"><ele>1278.0</ele><time>2026-08-11T07:48:47.000Z</time><extensions/></trkpt><trkpt lat="43.055270137265325" lon="-1.2417268194258213"><ele>1278.800048828125</ele><time>2026-08-11T07:48:50.000Z</time><extensions/></trkpt><trkpt lat="43.055172907188535" lon="-1.2417338602244854"><ele>1279.800048828125</ele><time>2026-08-11T07:48:56.000Z</time><extensions/></trkpt><trkpt lat="43.05515689775348" lon="-1.2417368777096272"><ele>1280.0</ele><time>2026-08-11T07:48:57.000Z</time><extensions/></trkpt><trkpt lat="43.055093279108405" lon="-1.2417375482618809"><ele>1281.0</ele><time>2026-08-11T07:49:01.000Z</time><extensions/></trkpt><trkpt lat="43.05504575371742" lon="-1.2417335249483585"><ele>1281.800048828125</ele><time>2026-08-11T07:49:04.000Z</time><extensions/></trkpt><trkpt lat="43.05500937625766" lon="-1.241728998720646"><ele>1282.199951171875</ele><time>2026-08-11T07:49:06.000Z</time><extensions/></trkpt><trkpt lat="43.054939303547144" lon="-1.2417090497910976"><ele>1282.800048828125</ele><time>2026-08-11T07:49:10.000Z</time><extensions/></trkpt><trkpt lat="43.05477728135884" lon="-1.2416176870465279"><ele>1283.0</ele><time>2026-08-11T07:49:19.000Z</time><extensions/></trkpt><trkpt lat="43.054650546982884" lon="-1.2414860911667347"><ele>1281.5999755859375</ele><time>2026-08-11T07:49:24.000Z</time><extensions/></trkpt><trkpt lat="43.05463478900492" lon="-1.2413788866251707"><ele>1281.4000244140625</ele><time>2026-08-11T07:49:26.000Z</time><extensions/></trkpt><trkpt lat="43.054635962471366" lon="-1.2412495538592339"><ele>1280.800048828125</ele><time>2026-08-11T07:49:28.000Z</time><extensions/></trkpt><trkpt lat="43.054629592224956" lon="-1.2411078996956348"><ele>1279.5999755859375</ele><time>2026-08-11T07:49:30.000Z</time><extensions/></trkpt><trkpt lat="43.05459673516452" lon="-1.2409683410078287"><ele>1278.199951171875</ele><time>2026-08-11T07:49:32.000Z</time><extensions/></trkpt><trkpt lat="43.05452951230109" lon="-1.2408646568655968"><ele>1277.4000244140625</ele><time>2026-08-11T07:49:34.000Z</time><extensions/></trkpt><trkpt lat="43.05449447594583" lon="-1.240824507549405"><ele>1277.0</ele><time>2026-08-11T07:49:35.000Z</time><extensions/></trkpt><trkpt lat="43.05445600301027" lon="-1.2407888006418943"><ele>1276.800048828125</ele><time>2026-08-11T07:49:36.000Z</time><extensions/></trkpt><trkpt lat="43.05437779985368" lon="-1.240750914439559"><ele>1276.4000244140625</ele><time>2026-08-11T07:49:38.000Z</time><extensions/></trkpt><trkpt lat="43.05430110543966" lon="-1.2407162133604288"><ele>1276.0</ele><time>2026-08-11T07:49:40.000Z</time><extensions/></trkpt><trkpt lat="43.05412156507373" lon="-1.240654019638896"><ele>1277.0</ele><time>2026-08-11T07:49:46.000Z</time><extensions/></trkpt><trkpt lat="43.054099939763546" lon="-1.2406515050679445"><ele>1277.199951171875</ele><time>2026-08-11T07:49:47.000Z</time><extensions/></trkpt><trkpt lat="43.05402383208275" lon="-1.2406382616609335"><ele>1278.199951171875</ele><time>2026-08-11T07:49:51.000Z</time><extensions/></trkpt><trkpt lat="43.05398150347173" lon="-1.2406314723193645"><ele>1278.800048828125</ele><time>2026-08-11T07:49:53.000Z</time><extensions/></trkpt><trkpt lat="43.053944036364555" lon="-1.2406247667968273"><ele>1279.4000244140625</ele><time>2026-08-11T07:49:55.000Z</time><extensions/></trkpt><trkpt lat="43.05386818014085" lon="-1.2406261079013348"><ele>1280.5999755859375</ele><time>2026-08-11T07:49:59.000Z</time><extensions/></trkpt><trkpt lat="43.05384999141097" lon="-1.2406294606626034"><ele>1281.0</ele><time>2026-08-11T07:50:00.000Z</time><extensions/></trkpt><trkpt lat="43.053815541788936" lon="-1.2406406924128532"><ele>1281.5999755859375</ele><time>2026-08-11T07:50:02.000Z</time><extensions/></trkpt><trkpt lat="43.05374630726874" lon="-1.2406668439507484"><ele>1282.800048828125</ele><time>2026-08-11T07:50:06.000Z</time><extensions/></trkpt><trkpt lat="43.053727531805634" lon="-1.2406761478632689"><ele>1283.0</ele><time>2026-08-11T07:50:07.000Z</time><extensions/></trkpt><trkpt lat="43.053660057485104" lon="-1.2407069094479084"><ele>1284.0</ele><time>2026-08-11T07:50:11.000Z</time><extensions/></trkpt><trkpt lat="43.05360700003803" lon="-1.2407378386706114"><ele>1284.5999755859375</ele><time>2026-08-11T07:50:14.000Z</time><extensions/></trkpt><trkpt lat="43.05353332310915" lon="-1.2407820113003254"><ele>1285.0</ele><time>2026-08-11T07:50:18.000Z</time><extensions/></trkpt><trkpt lat="43.053435338661075" lon="-1.2408303748816252"><ele>1286.0</ele><time>2026-08-11T07:50:23.000Z</time><extensions/></trkpt><trkpt lat="43.053398709744215" lon="-1.2408514134585857"><ele>1286.199951171875</ele><time>2026-08-11T07:50:25.000Z</time><extensions/></trkpt><trkpt lat="43.05331153795123" lon="-1.2409025430679321"><ele>1287.199951171875</ele><time>2026-08-11T07:50:30.000Z</time><extensions/></trkpt><trkpt lat="43.053292427212" lon="-1.2409132719039917"><ele>1287.4000244140625</ele><time>2026-08-11T07:50:31.000Z</time><extensions/></trkpt><trkpt lat="43.05320802144706" lon="-1.2409732863307"><ele>1288.4000244140625</ele><time>2026-08-11T07:50:36.000Z</time><extensions/></trkpt><trkpt lat="43.053072234615684" lon="-1.241042772307992"><ele>1289.4000244140625</ele><time>2026-08-11T07:50:44.000Z</time><extensions/></trkpt><trkpt lat="43.05305480025709" lon="-1.2410497292876244"><ele>1289.5999755859375</ele><time>2026-08-11T07:50:45.000Z</time><extensions/></trkpt><trkpt lat="43.05291633121669" lon="-1.2411119230091572"><ele>1290.5999755859375</ele><time>2026-08-11T07:50:53.000Z</time><extensions/></trkpt><trkpt lat="43.05281734094024" lon="-1.2411459535360336"><ele>1291.5999755859375</ele><time>2026-08-11T07:50:59.000Z</time><extensions/></trkpt><trkpt lat="43.05276478640735" lon="-1.2411602027714252"><ele>1291.800048828125</ele><time>2026-08-11T07:51:02.000Z</time><extensions/></trkpt><trkpt lat="43.05269680917263" lon="-1.2411745358258486"><ele>1292.0</ele><time>2026-08-11T07:51:06.000Z</time><extensions/></trkpt><trkpt lat="43.05262187495828" lon="-1.2411674950271845"><ele>1292.800048828125</ele><time>2026-08-11T07:51:10.000Z</time><extensions/></trkpt><trkpt lat="43.052575858309865" lon="-1.2411379907280207"><ele>1293.4000244140625</ele><time>2026-08-11T07:51:13.000Z</time><extensions/></trkpt><trkpt lat="43.05252422578633" lon="-1.2411023676395416"><ele>1294.0</ele><time>2026-08-11T07:51:16.000Z</time><extensions/></trkpt><trkpt lat="43.05247644893825" lon="-1.2410547584295273"><ele>1295.0</ele><time>2026-08-11T07:51:19.000Z</time><extensions/></trkpt><trkpt lat="43.05246379226446" lon="-1.2410422693938017"><ele>1295.4000244140625</ele><time>2026-08-11T07:51:20.000Z</time><extensions/></trkpt><trkpt lat="43.0524115730077" lon="-1.2409461289644241"><ele>1296.4000244140625</ele><time>2026-08-11T07:51:25.000Z</time><extensions/></trkpt><trkpt lat="43.052403358742595" lon="-1.2409245874732733"><ele>1296.5999755859375</ele><time>2026-08-11T07:51:26.000Z</time><extensions/></trkpt><trkpt lat="43.05238265544176" lon="-1.2408285308629274"><ele>1297.5999755859375</ele><time>2026-08-11T07:51:30.000Z</time><extensions/></trkpt><trkpt lat="43.0523719266057" lon="-1.240784777328372"><ele>1297.5999755859375</ele><time>2026-08-11T07:51:32.000Z</time><extensions/></trkpt><trkpt lat="43.0523531511426" lon="-1.2405673507601023"><ele>1298.0</ele><time>2026-08-11T07:51:40.000Z</time><extensions/></trkpt><trkpt lat="43.052349127829075" lon="-1.240515299141407"><ele>1298.5999755859375</ele><time>2026-08-11T07:51:42.000Z</time><extensions/></trkpt><trkpt lat="43.05233554914594" lon="-1.240350678563118"><ele>1299.0</ele><time>2026-08-11T07:51:48.000Z</time><extensions/></trkpt><trkpt lat="43.05232834070921" lon="-1.2402677815407515"><ele>1299.800048828125</ele><time>2026-08-11T07:51:51.000Z</time><extensions/></trkpt><trkpt lat="43.052313420921564" lon="-1.2401220202445984"><ele>1300.0</ele><time>2026-08-11T07:51:56.000Z</time><extensions/></trkpt><trkpt lat="43.052278300747275" lon="-1.2398989778012037"><ele>1300.4000244140625</ele><time>2026-08-11T07:52:04.000Z</time><extensions/></trkpt><trkpt lat="43.052252400666475" lon="-1.239786995574832"><ele>1301.0</ele><time>2026-08-11T07:52:08.000Z</time><extensions/></trkpt><trkpt lat="43.05221510119736" lon="-1.2396869994699955"><ele>1300.800048828125</ele><time>2026-08-11T07:52:12.000Z</time><extensions/></trkpt><trkpt lat="43.05211233906448" lon="-1.2395399808883667"><ele>1301.4000244140625</ele><time>2026-08-11T07:52:19.000Z</time><extensions/></trkpt><trkpt lat="43.052016869187355" lon="-1.2394650466740131"><ele>1302.0</ele><time>2026-08-11T07:52:24.000Z</time><extensions/></trkpt><trkpt lat="43.05196037515998" lon="-1.239427411928773"><ele>1302.199951171875</ele><time>2026-08-11T07:52:27.000Z</time><extensions/></trkpt><trkpt lat="43.05192181840539" lon="-1.2394072953611612"><ele>1302.5999755859375</ele><time>2026-08-11T07:52:29.000Z</time><extensions/></trkpt><trkpt lat="43.051857529208064" lon="-1.239388519898057"><ele>1303.199951171875</ele><time>2026-08-11T07:52:32.000Z</time><extensions/></trkpt><trkpt lat="43.05181779898703" lon="-1.239381730556488"><ele>1303.5999755859375</ele><time>2026-08-11T07:52:34.000Z</time><extensions/></trkpt><trkpt lat="43.05171671323478" lon="-1.2393728457391262"><ele>1304.199951171875</ele><time>2026-08-11T07:52:39.000Z</time><extensions/></trkpt><trkpt lat="43.0516588781029" lon="-1.239371756091714"><ele>1304.800048828125</ele><time>2026-08-11T07:52:42.000Z</time><extensions/></trkpt><trkpt lat="43.05157816037536" lon="-1.2393653858453035"><ele>1305.199951171875</ele><time>2026-08-11T07:52:46.000Z</time><extensions/></trkpt><trkpt lat="43.051507165655494" lon="-1.2393664754927158"><ele>1306.199951171875</ele><time>2026-08-11T07:52:50.000Z</time><extensions/></trkpt><trkpt lat="43.051489647477865" lon="-1.2393679842352867"><ele>1306.4000244140625</ele><time>2026-08-11T07:52:51.000Z</time><extensions/></trkpt><trkpt lat="43.05140155367553" lon="-1.2393685709685087"><ele>1307.4000244140625</ele><time>2026-08-11T07:52:56.000Z</time><extensions/></trkpt><trkpt lat="43.05138353258371" lon="-1.2393680680543184"><ele>1307.5999755859375</ele><time>2026-08-11T07:52:57.000Z</time><extensions/></trkpt><trkpt lat="43.051316644996405" lon="-1.2394051998853683"><ele>1308.4000244140625</ele><time>2026-08-11T07:53:01.000Z</time><extensions/></trkpt><trkpt lat="43.051288314163685" lon="-1.239428836852312"><ele>1308.800048828125</ele><time>2026-08-11T07:53:03.000Z</time><extensions/></trkpt><trkpt lat="43.051172560080886" lon="-1.2394997477531433"><ele>1309.5999755859375</ele><time>2026-08-11T07:53:10.000Z</time><extensions/></trkpt><trkpt lat="43.05115847848356" lon="-1.2395079620182514"><ele>1309.800048828125</ele><time>2026-08-11T07:53:11.000Z</time><extensions/></trkpt><trkpt lat="43.051083041355014" lon="-1.2395508773624897"><ele>1310.5999755859375</ele><time>2026-08-11T07:53:16.000Z</time><extensions/></trkpt><trkpt lat="43.05100408382714" lon="-1.2395968101918697"><ele>1311.4000244140625</ele><time>2026-08-11T07:53:21.000Z</time><extensions/></trkpt><trkpt lat="43.0509786028415" lon="-1.2396183516830206"><ele>1311.800048828125</ele><time>2026-08-11T07:53:23.000Z</time><extensions/></trkpt><trkpt lat="43.050907189026475" lon="-1.2396691460162401"><ele>1312.800048828125</ele><time>2026-08-11T07:53:28.000Z</time><extensions/></trkpt><trkpt lat="43.050892101600766" lon="-1.2396823894232512"><ele>1313.0</ele><time>2026-08-11T07:53:29.000Z</time><extensions/></trkpt><trkpt lat="43.050804091617465" lon="-1.239748103544116"><ele>1313.800048828125</ele><time>2026-08-11T07:53:35.000Z</time><extensions/></trkpt><trkpt lat="43.050793362781405" lon="-1.2397606763988733"><ele>1314.199951171875</ele><time>2026-08-11T07:53:36.000Z</time><extensions/></trkpt><trkpt lat="43.05072161369026" lon="-1.2398592475801706"><ele>1315.199951171875</ele><time>2026-08-11T07:53:42.000Z</time><extensions/></trkpt><trkpt lat="43.05068515241146" lon="-1.239957483485341"><ele>1316.4000244140625</ele><time>2026-08-11T07:53:47.000Z</time><extensions/></trkpt><trkpt lat="43.05067425593734" lon="-1.2399730738252401"><ele>1316.5999755859375</ele><time>2026-08-11T07:53:48.000Z</time><extensions/></trkpt><trkpt lat="43.050603261217475" lon="-1.2399938609451056"><ele>1317.5999755859375</ele><time>2026-08-11T07:53:53.000Z</time><extensions/></trkpt><trkpt lat="43.05056537501514" lon="-1.239965446293354"><ele>1318.4000244140625</ele><time>2026-08-11T07:53:56.000Z</time><extensions/></trkpt><trkpt lat="43.05055908858776" lon="-1.2399410549551249"><ele>1318.800048828125</ele><time>2026-08-11T07:53:57.000Z</time><extensions/></trkpt><trkpt lat="43.050555400550365" lon="-1.239915657788515"><ele>1319.0</ele><time>2026-08-11T07:53:58.000Z</time><extensions/></trkpt><trkpt lat="43.05059093981981" lon="-1.2397827208042145"><ele>1319.5999755859375</ele><time>2026-08-11T07:54:03.000Z</time><extensions/></trkpt><trkpt lat="43.050597393885255" lon="-1.2397364526987076"><ele>1319.800048828125</ele><time>2026-08-11T07:54:05.000Z</time><extensions/></trkpt><trkpt lat="43.05059630423784" lon="-1.2396434135735035"><ele>1320.5999755859375</ele><time>2026-08-11T07:54:09.000Z</time><extensions/></trkpt><trkpt lat="43.05059370584786" lon="-1.239622626453638"><ele>1321.0</ele><time>2026-08-11T07:54:10.000Z</time><extensions/></trkpt><trkpt lat="43.05055129341781" lon="-1.2395327724516392"><ele>1321.5999755859375</ele><time>2026-08-11T07:54:15.000Z</time><extensions/></trkpt><trkpt lat="43.05052497424185" lon="-1.2395022623240948"><ele>1322.199951171875</ele><time>2026-08-11T07:54:17.000Z</time><extensions/></trkpt><trkpt lat="43.05049018934369" lon="-1.2394693214446306"><ele>1322.800048828125</ele><time>2026-08-11T07:54:20.000Z</time><extensions/></trkpt><trkpt lat="43.05046529509127" lon="-1.2394516356289387"><ele>1323.199951171875</ele><time>2026-08-11T07:54:23.000Z</time><extensions/></trkpt><trkpt lat="43.050464456900954" lon="-1.2394528929144144"><ele>1323.800048828125</ele><time>2026-08-11T07:54:25.000Z</time><extensions/></trkpt><trkpt lat="43.050464456900954" lon="-1.2394528929144144"><ele>1324.199951171875</ele><time>2026-08-11T07:54:43.000Z</time><extensions/></trkpt><trkpt lat="43.050464456900954" lon="-1.2394528929144144"><ele>1324.199951171875</ele><time>2026-08-11T07:54:50.000Z</time><extensions/></trkpt><trkpt lat="43.050464456900954" lon="-1.2394528929144144"><ele>1324.0</ele><time>2026-08-11T07:54:53.000Z</time><extensions/></trkpt><trkpt lat="43.050464456900954" lon="-1.2394528929144144"><ele>1323.800048828125</ele><time>2026-08-11T07:54:59.000Z</time><extensions/></trkpt><trkpt lat="43.050464456900954" lon="-1.2394528929144144"><ele>1324.0</ele><time>2026-08-11T07:55:02.000Z</time><extensions/></trkpt><trkpt lat="43.050464456900954" lon="-1.2394528929144144"><ele>1324.199951171875</ele><time>2026-08-11T07:55:05.000Z</time><extensions/></trkpt><trkpt lat="43.050464456900954" lon="-1.2394528929144144"><ele>1324.199951171875</ele><time>2026-08-11T07:55:10.000Z</time><extensions/></trkpt><trkpt lat="43.050464456900954" lon="-1.2394528929144144"><ele>1324.0</ele><time>2026-08-11T07:55:14.000Z</time><extensions/></trkpt><trkpt lat="43.050464456900954" lon="-1.2394528929144144"><ele>1324.199951171875</ele><time>2026-08-11T07:55:18.000Z</time><extensions/></trkpt><trkpt lat="43.050464456900954" lon="-1.2394528929144144"><ele>1324.199951171875</ele><time>2026-08-11T07:55:19.000Z</time><extensions/></trkpt><trkpt lat="43.050464456900954" lon="-1.2394528929144144"><ele>1324.199951171875</ele><time>2026-08-11T07:55:23.000Z</time><extensions/></trkpt><trkpt lat="43.050464456900954" lon="-1.2394528929144144"><ele>1324.4000244140625</ele><time>2026-08-11T07:55:35.000Z</time><extensions/></trkpt><trkpt lat="43.050464456900954" lon="-1.2394528929144144"><ele>1324.4000244140625</ele><time>2026-08-11T07:55:36.000Z</time><extensions/></trkpt><trkpt lat="43.050464456900954" lon="-1.2394528929144144"><ele>1324.4000244140625</ele><time>2026-08-11T07:55:41.000Z</time><extensions/></trkpt><trkpt lat="43.050464456900954" lon="-1.2394528929144144"><ele>1324.4000244140625</ele><time>2026-08-11T07:55:48.000Z</time><extensions/></trkpt><trkpt lat="43.050464456900954" lon="-1.2394528929144144"><ele>1324.4000244140625</ele><time>2026-08-11T07:56:01.000Z</time><extensions/></trkpt><trkpt lat="43.050464456900954" lon="-1.2394528929144144"><ele>1324.4000244140625</ele><time>2026-08-11T07:56:04.000Z</time><extensions/></trkpt><trkpt lat="43.050464456900954" lon="-1.2394528929144144"><ele>1324.4000244140625</ele><time>2026-08-11T07:56:10.000Z</time><extensions/></trkpt><trkpt lat="43.050464456900954" lon="-1.2394528929144144"><ele>1324.4000244140625</ele><time>2026-08-11T07:56:25.000Z</time><extensions/></trkpt><trkpt lat="43.050464456900954" lon="-1.2394528929144144"><ele>1324.4000244140625</ele><time>2026-08-11T07:56:26.000Z</time><extensions/></trkpt><trkpt lat="43.050464456900954" lon="-1.2394528929144144"><ele>1324.4000244140625</ele><time>2026-08-11T07:56:46.000Z</time><extensions/></trkpt><trkpt lat="43.050464456900954" lon="-1.2394528929144144"><ele>1324.4000244140625</ele><time>2026-08-11T07:57:04.000Z</time><extensions/></trkpt><trkpt lat="43.050464456900954" lon="-1.2394528929144144"><ele>1324.4000244140625</ele><time>2026-08-11T07:57:18.000Z</time><extensions/></trkpt><trkpt lat="43.050464456900954" lon="-1.2394528929144144"><ele>1324.4000244140625</ele><time>2026-08-11T07:57:28.000Z</time><extensions/></trkpt><trkpt lat="43.050464456900954" lon="-1.2394528929144144"><ele>1324.4000244140625</ele><time>2026-08-11T07:57:31.000Z</time><extensions/></trkpt><trkpt lat="43.050464456900954" lon="-1.2394528929144144"><ele>1324.4000244140625</ele><time>2026-08-11T07:57:33.000Z</time><extensions/></trkpt><trkpt lat="43.050464456900954" lon="-1.2394528929144144"><ele>1324.4000244140625</ele><time>2026-08-11T07:57:48.000Z</time><extensions/></trkpt><trkpt lat="43.050464456900954" lon="-1.2394528929144144"><ele>1324.4000244140625</ele><time>2026-08-11T07:57:59.000Z</time><extensions/></trkpt><trkpt lat="43.050464456900954" lon="-1.2394528929144144"><ele>1324.4000244140625</ele><time>2026-08-11T07:58:07.000Z</time><extensions/></trkpt><trkpt lat="43.050464456900954" lon="-1.2394528929144144"><ele>1324.4000244140625</ele><time>2026-08-11T07:58:15.000Z</time><extensions/></trkpt><trkpt lat="43.050464456900954" lon="-1.2394528929144144"><ele>1324.4000244140625</ele><time>2026-08-11T07:58:22.000Z</time><extensions/></trkpt><trkpt lat="43.050464456900954" lon="-1.2394528929144144"><ele>1324.4000244140625</ele><time>2026-08-11T07:58:30.000Z</time><extensions/></trkpt><trkpt lat="43.050464456900954" lon="-1.2394528929144144"><ele>1324.4000244140625</ele><time>2026-08-11T07:58:38.000Z</time><extensions/></trkpt><trkpt lat="43.050464456900954" lon="-1.2394528929144144"><ele>1324.4000244140625</ele><time>2026-08-11T07:58:39.000Z</time><extensions/></trkpt><trkpt lat="43.050464456900954" lon="-1.2394528929144144"><ele>1324.4000244140625</ele><time>2026-08-11T07:58:53.000Z</time><extensions/></trkpt><trkpt lat="43.050464456900954" lon="-1.2394528929144144"><ele>1324.4000244140625</ele><time>2026-08-11T07:59:01.000Z</time><extensions/></trkpt><trkpt lat="43.050464456900954" lon="-1.2394528929144144"><ele>1324.4000244140625</ele><time>2026-08-11T07:59:11.000Z</time><extensions/></trkpt><trkpt lat="43.050464456900954" lon="-1.2394528929144144"><ele>1324.4000244140625</ele><time>2026-08-11T07:59:22.000Z</time><extensions/></trkpt><trkpt lat="43.05045481771231" lon="-1.239432692527771"><ele>1324.4000244140625</ele><time>2026-08-11T07:59:31.000Z</time><extensions/></trkpt><trkpt lat="43.05040360428393" lon="-1.2394052837044"><ele>1324.800048828125</ele><time>2026-08-11T07:59:35.000Z</time><extensions/></trkpt><trkpt lat="43.05037594400346" lon="-1.23939354903996"><ele>1325.4000244140625</ele><time>2026-08-11T07:59:37.000Z</time><extensions/></trkpt><trkpt lat="43.050345769152045" lon="-1.2393827363848686"><ele>1325.800048828125</ele><time>2026-08-11T07:59:39.000Z</time><extensions/></trkpt><trkpt lat="43.050292795524" lon="-1.2393467780202627"><ele>1326.4000244140625</ele><time>2026-08-11T07:59:43.000Z</time><extensions/></trkpt><trkpt lat="43.050268488004804" lon="-1.2393276672810316"><ele>1326.800048828125</ele><time>2026-08-11T07:59:45.000Z</time><extensions/></trkpt><trkpt lat="43.05023998953402" lon="-1.2393127474933863"><ele>1327.199951171875</ele><time>2026-08-11T07:59:47.000Z</time><extensions/></trkpt><trkpt lat="43.050226494669914" lon="-1.239308388903737"><ele>1327.4000244140625</ele><time>2026-08-11T07:59:48.000Z</time><extensions/></trkpt><trkpt lat="43.05017737671733" lon="-1.239269245415926"><ele>1328.199951171875</ele><time>2026-08-11T07:59:52.000Z</time><extensions/></trkpt><trkpt lat="43.050164049491286" lon="-1.239261869341135"><ele>1328.4000244140625</ele><time>2026-08-11T07:59:53.000Z</time><extensions/></trkpt><trkpt lat="43.05012666620314" lon="-1.2392378132790327"><ele>1328.5999755859375</ele><time>2026-08-11T07:59:56.000Z</time><extensions/></trkpt><trkpt lat="43.05007142946124" lon="-1.2392063811421394"><ele>1329.800048828125</ele><time>2026-08-11T08:00:00.000Z</time><extensions/></trkpt><trkpt lat="43.05004175752401" lon="-1.2391950655728579"><ele>1330.199951171875</ele><time>2026-08-11T08:00:02.000Z</time><extensions/></trkpt><trkpt lat="43.04998626932502" lon="-1.23916438780725"><ele>1330.5999755859375</ele><time>2026-08-11T08:00:06.000Z</time><extensions/></trkpt><trkpt lat="43.049957267940044" lon="-1.2391521502286196"><ele>1330.5999755859375</ele><time>2026-08-11T08:00:08.000Z</time><extensions/></trkpt><trkpt lat="43.04994058795273" lon="-1.239146701991558"><ele>1330.800048828125</ele><time>2026-08-11T08:00:09.000Z</time><extensions/></trkpt><trkpt lat="43.0498871114105" lon="-1.2391273397952318"><ele>1332.0</ele><time>2026-08-11T08:00:13.000Z</time><extensions/></trkpt><trkpt lat="43.04988266900182" lon="-1.239129351451993"><ele>1332.5999755859375</ele><time>2026-08-11T08:00:15.000Z</time><extensions/></trkpt><trkpt lat="43.04988266900182" lon="-1.2391292676329613"><ele>1333.0</ele><time>2026-08-11T08:00:18.000Z</time><extensions/></trkpt><trkpt lat="43.04988266900182" lon="-1.2391292676329613"><ele>1333.199951171875</ele><time>2026-08-11T08:00:21.000Z</time><extensions/></trkpt><trkpt lat="43.04988266900182" lon="-1.2391292676329613"><ele>1333.199951171875</ele><time>2026-08-11T08:00:22.000Z</time><extensions/></trkpt><trkpt lat="43.04988266900182" lon="-1.2391292676329613"><ele>1333.199951171875</ele><time>2026-08-11T08:00:23.000Z</time><extensions/></trkpt><trkpt lat="43.04988266900182" lon="-1.2391292676329613"><ele>1333.199951171875</ele><time>2026-08-11T08:00:24.000Z</time><extensions/></trkpt><trkpt lat="43.04985735565424" lon="-1.239123484119773"><ele>1333.4000244140625</ele><time>2026-08-11T08:00:27.000Z</time><extensions/></trkpt><trkpt lat="43.049782421439886" lon="-1.2390772998332977"><ele>1334.199951171875</ele><time>2026-08-11T08:00:33.000Z</time><extensions/></trkpt><trkpt lat="43.049760377034545" lon="-1.2390537466853857"><ele>1334.5999755859375</ele><time>2026-08-11T08:00:35.000Z</time><extensions/></trkpt><trkpt lat="43.04971947334707" lon="-1.2390317022800446"><ele>1335.199951171875</ele><time>2026-08-11T08:00:38.000Z</time><extensions/></trkpt><trkpt lat="43.04967613890767" lon="-1.2390178721398115"><ele>1336.199951171875</ele><time>2026-08-11T08:00:41.000Z</time><extensions/></trkpt><trkpt lat="43.0496643204242" lon="-1.2390131782740355"><ele>1336.4000244140625</ele><time>2026-08-11T08:00:42.000Z</time><extensions/></trkpt><trkpt lat="43.04959927685559" lon="-1.2389817461371422"><ele>1337.4000244140625</ele><time>2026-08-11T08:00:47.000Z</time><extensions/></trkpt><trkpt lat="43.049585446715355" lon="-1.2389726098626852"><ele>1337.5999755859375</ele><time>2026-08-11T08:00:48.000Z</time><extensions/></trkpt><trkpt lat="43.04952166043222" lon="-1.238954672589898"><ele>1338.800048828125</ele><time>2026-08-11T08:00:53.000Z</time><extensions/></trkpt><trkpt lat="43.04947053082287" lon="-1.238932041451335"><ele>1339.800048828125</ele><time>2026-08-11T08:00:57.000Z</time><extensions/></trkpt><trkpt lat="43.04942836984992" lon="-1.2389294430613518"><ele>1340.800048828125</ele><time>2026-08-11T08:01:00.000Z</time><extensions/></trkpt><trkpt lat="43.04941646754742" lon="-1.2389253359287977"><ele>1341.199951171875</ele><time>2026-08-11T08:01:01.000Z</time><extensions/></trkpt><trkpt lat="43.049346646294" lon="-1.238908488303423"><ele>1342.199951171875</ele><time>2026-08-11T08:01:06.000Z</time><extensions/></trkpt><trkpt lat="43.049297109246254" lon="-1.2389063090085983"><ele>1343.4000244140625</ele><time>2026-08-11T08:01:10.000Z</time><extensions/></trkpt><trkpt lat="43.049282021820545" lon="-1.2389025371521711"><ele>1343.800048828125</ele><time>2026-08-11T08:01:11.000Z</time><extensions/></trkpt><trkpt lat="43.04925033822656" lon="-1.238894909620285"><ele>1344.199951171875</ele><time>2026-08-11T08:01:13.000Z</time><extensions/></trkpt><trkpt lat="43.04923717863858" lon="-1.238892562687397"><ele>1344.4000244140625</ele><time>2026-08-11T08:01:14.000Z</time><extensions/></trkpt><trkpt lat="43.04918839596212" lon="-1.2388859409838915"><ele>1345.800048828125</ele><time>2026-08-11T08:01:17.000Z</time><extensions/></trkpt><trkpt lat="43.04917423054576" lon="-1.2388821691274643"><ele>1346.199951171875</ele><time>2026-08-11T08:01:18.000Z</time><extensions/></trkpt><trkpt lat="43.04914246313274" lon="-1.2388768885284662"><ele>1347.0</ele><time>2026-08-11T08:01:20.000Z</time><extensions/></trkpt><trkpt lat="43.04909602738917" lon="-1.2388753797858953"><ele>1348.0</ele><time>2026-08-11T08:01:23.000Z</time><extensions/></trkpt><trkpt lat="43.049048418179154" lon="-1.2388711050152779"><ele>1349.0</ele><time>2026-08-11T08:01:26.000Z</time><extensions/></trkpt><trkpt lat="43.04903408512473" lon="-1.2388709373772144"><ele>1349.4000244140625</ele><time>2026-08-11T08:01:27.000Z</time><extensions/></trkpt><trkpt lat="43.04898354224861" lon="-1.2388675846159458"><ele>1350.800048828125</ele><time>2026-08-11T08:01:30.000Z</time><extensions/></trkpt><trkpt lat="43.04895336739719" lon="-1.238878397271037"><ele>1351.800048828125</ele><time>2026-08-11T08:01:32.000Z</time><extensions/></trkpt><trkpt lat="43.04893836379051" lon="-1.2388806603848934"><ele>1352.0</ele><time>2026-08-11T08:01:33.000Z</time><extensions/></trkpt><trkpt lat="43.04887876845896" lon="-1.2388845160603523"><ele>1353.199951171875</ele><time>2026-08-11T08:01:37.000Z</time><extensions/></trkpt><trkpt lat="43.04886586032808" lon="-1.238895244896412"><ele>1353.5999755859375</ele><time>2026-08-11T08:01:38.000Z</time><extensions/></trkpt><trkpt lat="43.048837864771485" lon="-1.2389138527214527"><ele>1354.4000244140625</ele><time>2026-08-11T08:01:40.000Z</time><extensions/></trkpt><trkpt lat="43.048772318288684" lon="-1.2389351427555084"><ele>1355.5999755859375</ele><time>2026-08-11T08:01:44.000Z</time><extensions/></trkpt><trkpt lat="43.04874080233276" lon="-1.2389495596289635"><ele>1356.5999755859375</ele><time>2026-08-11T08:01:46.000Z</time><extensions/></trkpt><trkpt lat="43.04869436658919" lon="-1.2389793992042542"><ele>1358.0</ele><time>2026-08-11T08:01:49.000Z</time><extensions/></trkpt><trkpt lat="43.04865245707333" lon="-1.2390001863241196"><ele>1359.0</ele><time>2026-08-11T08:01:52.000Z</time><extensions/></trkpt><trkpt lat="43.04863720200956" lon="-1.239008316770196"><ele>1359.5999755859375</ele><time>2026-08-11T08:01:53.000Z</time><extensions/></trkpt><trkpt lat="43.04860711097717" lon="-1.2390238232910633"><ele>1360.199951171875</ele><time>2026-08-11T08:01:55.000Z</time><extensions/></trkpt><trkpt lat="43.04858204908669" lon="-1.239044526591897"><ele>1361.199951171875</ele><time>2026-08-11T08:01:57.000Z</time><extensions/></trkpt><trkpt lat="43.048554891720414" lon="-1.239061877131462"><ele>1362.0</ele><time>2026-08-11T08:01:59.000Z</time><extensions/></trkpt><trkpt lat="43.04854039102793" lon="-1.239068666473031"><ele>1362.4000244140625</ele><time>2026-08-11T08:02:00.000Z</time><extensions/></trkpt><trkpt lat="43.04847861640155" lon="-1.2390858493745327"><ele>1363.5999755859375</ele><time>2026-08-11T08:02:04.000Z</time><extensions/></trkpt><trkpt lat="43.04846495389938" lon="-1.239090207964182"><ele>1363.800048828125</ele><time>2026-08-11T08:02:05.000Z</time><extensions/></trkpt><trkpt lat="43.04843628779054" lon="-1.2391026131808758"><ele>1364.5999755859375</ele><time>2026-08-11T08:02:07.000Z</time><extensions/></trkpt><trkpt lat="43.04838943295181" lon="-1.2391247414052486"><ele>1366.0</ele><time>2026-08-11T08:02:10.000Z</time><extensions/></trkpt><trkpt lat="43.04836160503328" lon="-1.239140247926116"><ele>1366.800048828125</ele><time>2026-08-11T08:02:12.000Z</time><extensions/></trkpt><trkpt lat="43.04834601469338" lon="-1.2391448579728603"><ele>1367.199951171875</ele><time>2026-08-11T08:02:13.000Z</time><extensions/></trkpt><trkpt lat="43.048285664990544" lon="-1.239179978147149"><ele>1368.199951171875</ele><time>2026-08-11T08:02:17.000Z</time><extensions/></trkpt><trkpt lat="43.04827510379255" lon="-1.239187689498067"><ele>1368.5999755859375</ele><time>2026-08-11T08:02:18.000Z</time><extensions/></trkpt><trkpt lat="43.04824358783662" lon="-1.2391921319067478"><ele>1369.4000244140625</ele><time>2026-08-11T08:02:20.000Z</time><extensions/></trkpt><trkpt lat="43.04819941520691" lon="-1.2392202112823725"><ele>1370.4000244140625</ele><time>2026-08-11T08:02:23.000Z</time><extensions/></trkpt><trkpt lat="43.04815792478621" lon="-1.2392493803054094"><ele>1371.5999755859375</ele><time>2026-08-11T08:02:26.000Z</time><extensions/></trkpt><trkpt lat="43.04809573106468" lon="-1.2392699997872114"><ele>1372.800048828125</ele><time>2026-08-11T08:02:30.000Z</time><extensions/></trkpt><trkpt lat="43.04808005690575" lon="-1.239276034757495"><ele>1373.0</ele><time>2026-08-11T08:02:31.000Z</time><extensions/></trkpt><trkpt lat="43.04803378880024" lon="-1.2392996717244387"><ele>1374.199951171875</ele><time>2026-08-11T08:02:34.000Z</time><extensions/></trkpt><trkpt lat="43.04801870137453" lon="-1.2393106520175934"><ele>1374.5999755859375</ele><time>2026-08-11T08:02:35.000Z</time><extensions/></trkpt><trkpt lat="43.047990035265684" lon="-1.239328421652317"><ele>1375.5999755859375</ele><time>2026-08-11T08:02:37.000Z</time><extensions/></trkpt><trkpt lat="43.04797276854515" lon="-1.2393343728035688"><ele>1376.0</ele><time>2026-08-11T08:02:38.000Z</time><extensions/></trkpt><trkpt lat="43.04792884737253" lon="-1.239354657009244"><ele>1376.800048828125</ele><time>2026-08-11T08:02:41.000Z</time><extensions/></trkpt><trkpt lat="43.04786967113614" lon="-1.2393907830119133"><ele>1377.800048828125</ele><time>2026-08-11T08:02:45.000Z</time><extensions/></trkpt><trkpt lat="43.04781015962362" lon="-1.2394166830927134"><ele>1379.199951171875</ele><time>2026-08-11T08:02:49.000Z</time><extensions/></trkpt><trkpt lat="43.047765316441655" lon="-1.2394386436790228"><ele>1380.4000244140625</ele><time>2026-08-11T08:02:52.000Z</time><extensions/></trkpt><trkpt lat="43.04772977717221" lon="-1.239455072209239"><ele>1381.0</ele><time>2026-08-11T08:02:54.000Z</time><extensions/></trkpt><trkpt lat="43.04769356735051" lon="-1.23946538195014"><ele>1381.5999755859375</ele><time>2026-08-11T08:02:56.000Z</time><extensions/></trkpt><trkpt lat="43.04763548076153" lon="-1.2394905276596546"><ele>1382.5999755859375</ele><time>2026-08-11T08:02:59.000Z</time><extensions/></trkpt><trkpt lat="43.047599606215954" lon="-1.23949421569705"><ele>1383.4000244140625</ele><time>2026-08-11T08:03:01.000Z</time><extensions/></trkpt><trkpt lat="43.04757848381996" lon="-1.2394932098686695"><ele>1383.5999755859375</ele><time>2026-08-11T08:03:02.000Z</time><extensions/></trkpt><trkpt lat="43.04750790819526" lon="-1.239524558186531"><ele>1384.800048828125</ele><time>2026-08-11T08:03:06.000Z</time><extensions/></trkpt><trkpt lat="43.04746935144067" lon="-1.2395329400897026"><ele>1385.4000244140625</ele><time>2026-08-11T08:03:08.000Z</time><extensions/></trkpt><trkpt lat="43.047393495216966" lon="-1.239536628127098"><ele>1386.0</ele><time>2026-08-11T08:03:12.000Z</time><extensions/></trkpt><trkpt lat="43.04735745303333" lon="-1.2395497877150774"><ele>1386.5999755859375</ele><time>2026-08-11T08:03:14.000Z</time><extensions/></trkpt><trkpt lat="43.04732535034418" lon="-1.2395692337304354"><ele>1387.199951171875</ele><time>2026-08-11T08:03:16.000Z</time><extensions/></trkpt><trkpt lat="43.04728033952415" lon="-1.2396106403321028"><ele>1388.800048828125</ele><time>2026-08-11T08:03:19.000Z</time><extensions/></trkpt><trkpt lat="43.047268353402615" lon="-1.2396321818232536"><ele>1389.4000244140625</ele><time>2026-08-11T08:03:20.000Z</time><extensions/></trkpt><trkpt lat="43.04725636728108" lon="-1.239651208743453"><ele>1390.0</ele><time>2026-08-11T08:03:21.000Z</time><extensions/></trkpt><trkpt lat="43.04722501896322" lon="-1.2397090438753366"><ele>1391.4000244140625</ele><time>2026-08-11T08:03:24.000Z</time><extensions/></trkpt><trkpt lat="43.04720507003367" lon="-1.2397696450352669"><ele>1392.800048828125</ele><time>2026-08-11T08:03:27.000Z</time><extensions/></trkpt><trkpt lat="43.04719191044569" lon="-1.2397863250225782"><ele>1393.199951171875</ele><time>2026-08-11T08:03:28.000Z</time><extensions/></trkpt><trkpt lat="43.04716148413718" lon="-1.2398436572402716"><ele>1394.0</ele><time>2026-08-11T08:03:31.000Z</time><extensions/></trkpt><trkpt lat="43.04714027792215" lon="-1.2398722395300865"><ele>1394.5999755859375</ele><time>2026-08-11T08:03:33.000Z</time><extensions/></trkpt><trkpt lat="43.0471274536103" lon="-1.2398775201290846"><ele>1394.800048828125</ele><time>2026-08-11T08:03:34.000Z</time><extensions/></trkpt><trkpt lat="43.04711236618459" lon="-1.239875927567482"><ele>1394.800048828125</ele><time>2026-08-11T08:03:35.000Z</time><extensions/></trkpt><trkpt lat="43.04706140421331" lon="-1.2398139014840126"><ele>1394.4000244140625</ele><time>2026-08-11T08:03:39.000Z</time><extensions/></trkpt><trkpt lat="43.04696501232684" lon="-1.2397541385143995"><ele>1394.199951171875</ele><time>2026-08-11T08:03:45.000Z</time><extensions/></trkpt><trkpt lat="43.0468753259629" lon="-1.2397010810673237"><ele>1394.5999755859375</ele><time>2026-08-11T08:03:50.000Z</time><extensions/></trkpt><trkpt lat="43.04678974673152" lon="-1.2396728340536356"><ele>1394.5999755859375</ele><time>2026-08-11T08:03:55.000Z</time><extensions/></trkpt><trkpt lat="43.04669821634889" lon="-1.2396409828215837"><ele>1394.199951171875</ele><time>2026-08-11T08:04:02.000Z</time><extensions/></trkpt><trkpt lat="43.0466628447175" lon="-1.2396410666406155"><ele>1395.4000244140625</ele><time>2026-08-11T08:04:06.000Z</time><extensions/></trkpt><trkpt lat="43.04666317999363" lon="-1.2396429106593132"><ele>1396.199951171875</ele><time>2026-08-11T08:04:08.000Z</time><extensions/></trkpt><trkpt lat="43.04666083306074" lon="-1.2396433297544718"><ele>1396.5999755859375</ele><time>2026-08-11T08:04:09.000Z</time><extensions/></trkpt><trkpt lat="43.04666033014655" lon="-1.239648275077343"><ele>1396.800048828125</ele><time>2026-08-11T08:04:13.000Z</time><extensions/></trkpt><trkpt lat="43.04665052331984" lon="-1.2396577466279268"><ele>1396.800048828125</ele><time>2026-08-11T08:04:21.000Z</time><extensions/></trkpt><trkpt lat="43.046634597703815" lon="-1.239636205136776"><ele>1396.199951171875</ele><time>2026-08-11T08:04:23.000Z</time><extensions/></trkpt><trkpt lat="43.04659972898662" lon="-1.2395865004509687"><ele>1395.800048828125</ele><time>2026-08-11T08:04:26.000Z</time><extensions/></trkpt><trkpt lat="43.04657785221934" lon="-1.2395725026726723"><ele>1395.5999755859375</ele><time>2026-08-11T08:04:28.000Z</time><extensions/></trkpt><trkpt lat="43.046563267707825" lon="-1.2395637854933739"><ele>1395.4000244140625</ele><time>2026-08-11T08:04:29.000Z</time><extensions/></trkpt><trkpt lat="43.046504678204656" lon="-1.2395382206887007"><ele>1395.800048828125</ele><time>2026-08-11T08:04:33.000Z</time><extensions/></trkpt><trkpt lat="43.04643016308546" lon="-1.2395273242145777"><ele>1396.5999755859375</ele><time>2026-08-11T08:04:38.000Z</time><extensions/></trkpt><trkpt lat="43.046413734555244" lon="-1.2395312637090683"><ele>1397.0</ele><time>2026-08-11T08:04:39.000Z</time><extensions/></trkpt><trkpt lat="43.04637827910483" lon="-1.2395274080336094"><ele>1397.800048828125</ele><time>2026-08-11T08:04:42.000Z</time><extensions/></trkpt><trkpt lat="43.0463657900691" lon="-1.239520451053977"><ele>1398.0</ele><time>2026-08-11T08:04:43.000Z</time><extensions/></trkpt><trkpt lat="43.04628708399832" lon="-1.2394710816442966"><ele>1397.199951171875</ele><time>2026-08-11T08:04:48.000Z</time><extensions/></trkpt><trkpt lat="43.0462156701833" lon="-1.2394523061811924"><ele>1398.199951171875</ele><time>2026-08-11T08:04:53.000Z</time><extensions/></trkpt><trkpt lat="43.04619999602437" lon="-1.2394504621624947"><ele>1398.4000244140625</ele><time>2026-08-11T08:04:54.000Z</time><extensions/></trkpt><trkpt lat="43.04617300629616" lon="-1.239458341151476"><ele>1398.800048828125</ele><time>2026-08-11T08:04:56.000Z</time><extensions/></trkpt><trkpt lat="43.046143082901835" lon="-1.239460939541459"><ele>1399.4000244140625</ele><time>2026-08-11T08:04:59.000Z</time><extensions/></trkpt><trkpt lat="43.04614316672087" lon="-1.239460939541459"><ele>1400.0</ele><time>2026-08-11T08:05:02.000Z</time><extensions/></trkpt><trkpt lat="43.046144088730216" lon="-1.239460939541459"><ele>1399.800048828125</ele><time>2026-08-11T08:05:10.000Z</time><extensions/></trkpt><trkpt lat="43.04614316672087" lon="-1.239460939541459"><ele>1399.5999755859375</ele><time>2026-08-11T08:05:17.000Z</time><extensions/></trkpt><trkpt lat="43.04614316672087" lon="-1.239460939541459"><ele>1401.199951171875</ele><time>2026-08-11T08:05:21.000Z</time><extensions/></trkpt><trkpt lat="43.04614316672087" lon="-1.239460939541459"><ele>1400.4000244140625</ele><time>2026-08-11T08:05:26.000Z</time><extensions/></trkpt><trkpt lat="43.04614316672087" lon="-1.239460939541459"><ele>1400.0</ele><time>2026-08-11T08:05:33.000Z</time><extensions/></trkpt><trkpt lat="43.04615221917629" lon="-1.2394627835601568"><ele>1399.800048828125</ele><time>2026-08-11T08:05:36.000Z</time><extensions/></trkpt><trkpt lat="43.046141071245074" lon="-1.2394654657691717"><ele>1400.0</ele><time>2026-08-11T08:05:37.000Z</time><extensions/></trkpt><trkpt lat="43.04613545536995" lon="-1.2394788768142462"><ele>1400.199951171875</ele><time>2026-08-11T08:05:40.000Z</time><extensions/></trkpt><trkpt lat="43.04613159969449" lon="-1.2394866719841957"><ele>1400.800048828125</ele><time>2026-08-11T08:05:41.000Z</time><extensions/></trkpt><trkpt lat="43.04612539708614" lon="-1.2395170982927084"><ele>1400.800048828125</ele><time>2026-08-11T08:05:43.000Z</time><extensions/></trkpt><trkpt lat="43.046123050153255" lon="-1.239535789936781"><ele>1401.0</ele><time>2026-08-11T08:05:44.000Z</time><extensions/></trkpt><trkpt lat="43.04612212814391" lon="-1.2395574152469635"><ele>1401.0</ele><time>2026-08-11T08:05:45.000Z</time><extensions/></trkpt><trkpt lat="43.046126486733556" lon="-1.239581136032939"><ele>1401.199951171875</ele><time>2026-08-11T08:05:46.000Z</time><extensions/></trkpt><trkpt lat="43.0461310967803" lon="-1.239623799920082"><ele>1402.0</ele><time>2026-08-11T08:05:48.000Z</time><extensions/></trkpt><trkpt lat="43.046140065416694" lon="-1.2396869156509638"><ele>1403.199951171875</ele><time>2026-08-11T08:05:51.000Z</time><extensions/></trkpt><trkpt lat="43.04613101296127" lon="-1.2397228740155697"><ele>1404.199951171875</ele><time>2026-08-11T08:05:53.000Z</time><extensions/></trkpt><trkpt lat="43.04611651226878" lon="-1.2397373747080564"><ele>1404.4000244140625</ele><time>2026-08-11T08:05:54.000Z</time><extensions/></trkpt><trkpt lat="43.046093210577965" lon="-1.2397636100649834"><ele>1404.800048828125</ele><time>2026-08-11T08:05:56.000Z</time><extensions/></trkpt><trkpt lat="43.04608139209449" lon="-1.2397641967982054"><ele>1405.0</ele><time>2026-08-11T08:05:57.000Z</time><extensions/></trkpt><trkpt lat="43.046022299677134" lon="-1.2397543899714947"><ele>1404.5999755859375</ele><time>2026-08-11T08:06:01.000Z</time><extensions/></trkpt><trkpt lat="43.04600754752755" lon="-1.2397604249417782"><ele>1404.5999755859375</ele><time>2026-08-11T08:06:02.000Z</time><extensions/></trkpt><trkpt lat="43.04598449729383" lon="-1.2397897616028786"><ele>1405.4000244140625</ele><time>2026-08-11T08:06:04.000Z</time><extensions/></trkpt><trkpt lat="43.04598189890385" lon="-1.2398266419768333"><ele>1406.5999755859375</ele><time>2026-08-11T08:06:06.000Z</time><extensions/></trkpt><trkpt lat="43.046003859490156" lon="-1.2399337626993656"><ele>1407.5999755859375</ele><time>2026-08-11T08:06:11.000Z</time><extensions/></trkpt><trkpt lat="43.04600930772722" lon="-1.2399538792669773"><ele>1407.5999755859375</ele><time>2026-08-11T08:06:12.000Z</time><extensions/></trkpt><trkpt lat="43.04606429301202" lon="-1.2400813680142164"><ele>1408.4000244140625</ele><time>2026-08-11T08:06:19.000Z</time><extensions/></trkpt><trkpt lat="43.04606865160167" lon="-1.240086480975151"><ele>1408.5999755859375</ele><time>2026-08-11T08:06:22.000Z</time><extensions/></trkpt><trkpt lat="43.04606865160167" lon="-1.240086480975151"><ele>1408.5999755859375</ele><time>2026-08-11T08:06:23.000Z</time><extensions/></trkpt><trkpt lat="43.04606865160167" lon="-1.240086480975151"><ele>1409.4000244140625</ele><time>2026-08-11T08:06:28.000Z</time><extensions/></trkpt><trkpt lat="43.04607091471553" lon="-1.2400889117270708"><ele>1408.199951171875</ele><time>2026-08-11T08:06:41.000Z</time><extensions/></trkpt><trkpt lat="43.04606865160167" lon="-1.240086480975151"><ele>1407.5999755859375</ele><time>2026-08-11T08:06:46.000Z</time><extensions/></trkpt><trkpt lat="43.04606865160167" lon="-1.240086480975151"><ele>1407.5999755859375</ele><time>2026-08-11T08:06:49.000Z</time><extensions/></trkpt><trkpt lat="43.04606865160167" lon="-1.240086480975151"><ele>1407.800048828125</ele><time>2026-08-11T08:06:56.000Z</time><extensions/></trkpt><trkpt lat="43.04606865160167" lon="-1.240086480975151"><ele>1408.0</ele><time>2026-08-11T08:07:02.000Z</time><extensions/></trkpt><trkpt lat="43.04606865160167" lon="-1.240086480975151"><ele>1408.0</ele><time>2026-08-11T08:07:08.000Z</time><extensions/></trkpt><trkpt lat="43.04606865160167" lon="-1.240086480975151"><ele>1408.4000244140625</ele><time>2026-08-11T08:07:11.000Z</time><extensions/></trkpt><trkpt lat="43.04606865160167" lon="-1.240086480975151"><ele>1408.199951171875</ele><time>2026-08-11T08:07:16.000Z</time><extensions/></trkpt><trkpt lat="43.04606865160167" lon="-1.240086480975151"><ele>1408.0</ele><time>2026-08-11T08:07:19.000Z</time><extensions/></trkpt><trkpt lat="43.04606865160167" lon="-1.240086480975151"><ele>1408.0</ele><time>2026-08-11T08:07:21.000Z</time><extensions/></trkpt><trkpt lat="43.04606865160167" lon="-1.240086480975151"><ele>1408.5999755859375</ele><time>2026-08-11T08:07:28.000Z</time><extensions/></trkpt><trkpt lat="43.04606865160167" lon="-1.240086480975151"><ele>1408.4000244140625</ele><time>2026-08-11T08:07:30.000Z</time><extensions/></trkpt><trkpt lat="43.04607963189483" lon="-1.2400748301297426"><ele>1408.199951171875</ele><time>2026-08-11T08:07:47.000Z</time><extensions/></trkpt><trkpt lat="43.046063371002674" lon="-1.2400843854993582"><ele>1408.199951171875</ele><time>2026-08-11T08:07:51.000Z</time><extensions/></trkpt><trkpt lat="43.04606789723039" lon="-1.2400815356522799"><ele>1408.5999755859375</ele><time>2026-08-11T08:07:55.000Z</time><extensions/></trkpt><trkpt lat="43.04606789723039" lon="-1.2400815356522799"><ele>1408.4000244140625</ele><time>2026-08-11T08:07:58.000Z</time><extensions/></trkpt><trkpt lat="43.04606789723039" lon="-1.2400815356522799"><ele>1408.0</ele><time>2026-08-11T08:08:03.000Z</time><extensions/></trkpt><trkpt lat="43.04606789723039" lon="-1.2400815356522799"><ele>1409.0</ele><time>2026-08-11T08:08:10.000Z</time><extensions/></trkpt><trkpt lat="43.04606789723039" lon="-1.2400815356522799"><ele>1409.199951171875</ele><time>2026-08-11T08:08:11.000Z</time><extensions/></trkpt><trkpt lat="43.04607326164842" lon="-1.2401045858860016"><ele>1408.4000244140625</ele><time>2026-08-11T08:08:16.000Z</time><extensions/></trkpt><trkpt lat="43.04606965743005" lon="-1.240105926990509"><ele>1408.0</ele><time>2026-08-11T08:08:18.000Z</time><extensions/></trkpt><trkpt lat="43.04606965743005" lon="-1.240105926990509"><ele>1408.5999755859375</ele><time>2026-08-11T08:08:23.000Z</time><extensions/></trkpt><trkpt lat="43.04606772959232" lon="-1.2401179131120443"><ele>1408.5999755859375</ele><time>2026-08-11T08:08:25.000Z</time><extensions/></trkpt><trkpt lat="43.04606236517429" lon="-1.240141298621893"><ele>1408.4000244140625</ele><time>2026-08-11T08:08:30.000Z</time><extensions/></trkpt><trkpt lat="43.04607736878097" lon="-1.2402453180402517"><ele>1408.0</ele><time>2026-08-11T08:08:36.000Z</time><extensions/></trkpt><trkpt lat="43.04612958803773" lon="-1.2403349205851555"><ele>1407.4000244140625</ele><time>2026-08-11T08:08:42.000Z</time><extensions/></trkpt><trkpt lat="43.046173341572285" lon="-1.240383954718709"><ele>1407.0</ele><time>2026-08-11T08:08:45.000Z</time><extensions/></trkpt><trkpt lat="43.04624785669148" lon="-1.2404538597911596"><ele>1406.199951171875</ele><time>2026-08-11T08:08:49.000Z</time><extensions/></trkpt><trkpt lat="43.04627610370517" lon="-1.2404838670045137"><ele>1405.800048828125</ele><time>2026-08-11T08:08:51.000Z</time><extensions/></trkpt><trkpt lat="43.04629965685308" lon="-1.2405475694686174"><ele>1405.4000244140625</ele><time>2026-08-11T08:08:55.000Z</time><extensions/></trkpt><trkpt lat="43.0462621897459" lon="-1.2406102661043406"><ele>1404.800048828125</ele><time>2026-08-11T08:08:59.000Z</time><extensions/></trkpt><trkpt lat="43.04624743759632" lon="-1.2406118586659431"><ele>1404.5999755859375</ele><time>2026-08-11T08:09:00.000Z</time><extensions/></trkpt><trkpt lat="43.04616143926978" lon="-1.2405683565884829"><ele>1404.5999755859375</ele><time>2026-08-11T08:09:06.000Z</time><extensions/></trkpt><trkpt lat="43.04610284976661" lon="-1.2405201606452465"><ele>1405.0</ele><time>2026-08-11T08:09:12.000Z</time><extensions/></trkpt><trkpt lat="43.04610284976661" lon="-1.2405206635594368"><ele>1405.199951171875</ele><time>2026-08-11T08:09:17.000Z</time><extensions/></trkpt><trkpt lat="43.04610184393823" lon="-1.24054036103189"><ele>1405.4000244140625</ele><time>2026-08-11T08:09:18.000Z</time><extensions/></trkpt><trkpt lat="43.046098658815026" lon="-1.240578917786479"><ele>1405.800048828125</ele><time>2026-08-11T08:09:21.000Z</time><extensions/></trkpt><trkpt lat="43.046089271083474" lon="-1.2406118586659431"><ele>1406.199951171875</ele><time>2026-08-11T08:09:24.000Z</time><extensions/></trkpt><trkpt lat="43.04607435129583" lon="-1.240617223083973"><ele>1405.800048828125</ele><time>2026-08-11T08:09:30.000Z</time><extensions/></trkpt><trkpt lat="43.046069322153926" lon="-1.2406082544475794"><ele>1404.4000244140625</ele><time>2026-08-11T08:09:32.000Z</time><extensions/></trkpt><trkpt lat="43.04605825804174" lon="-1.240586880594492"><ele>1403.199951171875</ele><time>2026-08-11T08:09:34.000Z</time><extensions/></trkpt><trkpt lat="43.046043338254094" lon="-1.2405741401016712"><ele>1403.0</ele><time>2026-08-11T08:09:36.000Z</time><extensions/></trkpt><trkpt lat="43.046042835339904" lon="-1.2405758164823055"><ele>1403.0</ele><time>2026-08-11T08:09:37.000Z</time><extensions/></trkpt><trkpt lat="43.04604023694992" lon="-1.2405857909470797"><ele>1403.199951171875</ele><time>2026-08-11T08:09:38.000Z</time><extensions/></trkpt><trkpt lat="43.046033615246415" lon="-1.2406221684068441"><ele>1404.0</ele><time>2026-08-11T08:09:41.000Z</time><extensions/></trkpt><trkpt lat="43.04603034630418" lon="-1.2406354118138552"><ele>1404.199951171875</ele><time>2026-08-11T08:09:42.000Z</time><extensions/></trkpt><trkpt lat="43.04602456279099" lon="-1.240713782608509"><ele>1404.0</ele><time>2026-08-11T08:09:47.000Z</time><extensions/></trkpt><trkpt lat="43.04598298855126" lon="-1.240804810076952"><ele>1404.199951171875</ele><time>2026-08-11T08:09:54.000Z</time><extensions/></trkpt><trkpt lat="43.04597611539066" lon="-1.240813611075282"><ele>1404.199951171875</ele><time>2026-08-11T08:09:55.000Z</time><extensions/></trkpt><trkpt lat="43.0459186155349" lon="-1.2408704403787851"><ele>1404.199951171875</ele><time>2026-08-11T08:10:02.000Z</time><extensions/></trkpt><trkpt lat="43.04587058722973" lon="-1.2409106735140085"><ele>1405.199951171875</ele><time>2026-08-11T08:10:08.000Z</time><extensions/></trkpt><trkpt lat="43.045863546431065" lon="-1.2409140262752771"><ele>1405.4000244140625</ele><time>2026-08-11T08:10:09.000Z</time><extensions/></trkpt><trkpt lat="43.04585005156696" lon="-1.2409322150051594"><ele>1406.0</ele><time>2026-08-11T08:10:15.000Z</time><extensions/></trkpt><trkpt lat="43.04584527388215" lon="-1.2409610487520695"><ele>1406.4000244140625</ele><time>2026-08-11T08:10:18.000Z</time><extensions/></trkpt><trkpt lat="43.04585021920502" lon="-1.2409747950732708"><ele>1406.5999755859375</ele><time>2026-08-11T08:10:19.000Z</time><extensions/></trkpt><trkpt lat="43.04586228914559" lon="-1.2409960851073265"><ele>1406.4000244140625</ele><time>2026-08-11T08:10:21.000Z</time><extensions/></trkpt><trkpt lat="43.04586170241237" lon="-1.241032462567091"><ele>1405.800048828125</ele><time>2026-08-11T08:10:27.000Z</time><extensions/></trkpt><trkpt lat="43.045862121507525" lon="-1.2410326302051544"><ele>1405.5999755859375</ele><time>2026-08-11T08:10:37.000Z</time><extensions/></trkpt><trkpt lat="43.04585700854659" lon="-1.2410337198525667"><ele>1405.4000244140625</ele><time>2026-08-11T08:10:38.000Z</time><extensions/></trkpt><trkpt lat="43.04585600271821" lon="-1.2410296127200127"><ele>1405.0</ele><time>2026-08-11T08:10:39.000Z</time><extensions/></trkpt><trkpt lat="43.045839155092835" lon="-1.241023326292634"><ele>1404.0</ele><time>2026-08-11T08:10:42.000Z</time><extensions/></trkpt><trkpt lat="43.045777631923556" lon="-1.2409967556595802"><ele>1405.0</ele><time>2026-08-11T08:10:49.000Z</time><extensions/></trkpt><trkpt lat="43.04577277041972" lon="-1.2409919779747725"><ele>1405.0</ele><time>2026-08-11T08:10:50.000Z</time><extensions/></trkpt><trkpt lat="43.045765813440084" lon="-1.2409650720655918"><ele>1404.4000244140625</ele><time>2026-08-11T08:10:52.000Z</time><extensions/></trkpt><trkpt lat="43.04574695415795" lon="-1.2409115955233574"><ele>1403.4000244140625</ele><time>2026-08-11T08:10:55.000Z</time><extensions/></trkpt><trkpt lat="43.04572155699134" lon="-1.2408856116235256"><ele>1403.800048828125</ele><time>2026-08-11T08:10:57.000Z</time><extensions/></trkpt><trkpt lat="43.045710073783994" lon="-1.2408868689090014"><ele>1404.4000244140625</ele><time>2026-08-11T08:10:58.000Z</time><extensions/></trkpt><trkpt lat="43.045688113197684" lon="-1.2408981006592512"><ele>1404.800048828125</ele><time>2026-08-11T08:11:00.000Z</time><extensions/></trkpt><trkpt lat="43.04565760307014" lon="-1.2409069016575813"><ele>1405.4000244140625</ele><time>2026-08-11T08:11:03.000Z</time><extensions/></trkpt><trkpt lat="43.04565072990954" lon="-1.240909332409501"><ele>1405.4000244140625</ele><time>2026-08-11T08:11:04.000Z</time><extensions/></trkpt><trkpt lat="43.04564645513892" lon="-1.2409121822565794"><ele>1405.5999755859375</ele><time>2026-08-11T08:11:05.000Z</time><extensions/></trkpt><trkpt lat="43.04564821533859" lon="-1.2409129366278648"><ele>1405.5999755859375</ele><time>2026-08-11T08:11:07.000Z</time><extensions/></trkpt><trkpt lat="43.04564821533859" lon="-1.2409129366278648"><ele>1404.5999755859375</ele><time>2026-08-11T08:11:16.000Z</time><extensions/></trkpt><trkpt lat="43.04564821533859" lon="-1.2409129366278648"><ele>1404.4000244140625</ele><time>2026-08-11T08:11:17.000Z</time><extensions/></trkpt><trkpt lat="43.0456527415663" lon="-1.2409098353236914"><ele>1405.4000244140625</ele><time>2026-08-11T08:11:24.000Z</time><extensions/></trkpt><trkpt lat="43.04565710015595" lon="-1.2408957537263632"><ele>1405.5999755859375</ele><time>2026-08-11T08:11:25.000Z</time><extensions/></trkpt><trkpt lat="43.04565743543208" lon="-1.240877229720354"><ele>1405.0</ele><time>2026-08-11T08:11:28.000Z</time><extensions/></trkpt><trkpt lat="43.04565751925111" lon="-1.240877229720354"><ele>1404.5999755859375</ele><time>2026-08-11T08:11:36.000Z</time><extensions/></trkpt><trkpt lat="43.04565751925111" lon="-1.240877229720354"><ele>1404.4000244140625</ele><time>2026-08-11T08:11:38.000Z</time><extensions/></trkpt><trkpt lat="43.04565751925111" lon="-1.240877229720354"><ele>1404.4000244140625</ele><time>2026-08-11T08:11:41.000Z</time><extensions/></trkpt><trkpt lat="43.04565751925111" lon="-1.240877229720354"><ele>1404.199951171875</ele><time>2026-08-11T08:11:45.000Z</time><extensions/></trkpt><trkpt lat="43.04565751925111" lon="-1.240877229720354"><ele>1404.800048828125</ele><time>2026-08-11T08:11:51.000Z</time><extensions/></trkpt><trkpt lat="43.04565626196563" lon="-1.2409009505063295"><ele>1404.800048828125</ele><time>2026-08-11T08:11:57.000Z</time><extensions/></trkpt><trkpt lat="43.04565601050854" lon="-1.240902291610837"><ele>1404.800048828125</ele><time>2026-08-11T08:11:58.000Z</time><extensions/></trkpt><trkpt lat="43.045655926689506" lon="-1.2409023754298687"><ele>1404.800048828125</ele><time>2026-08-11T08:12:02.000Z</time><extensions/></trkpt><trkpt lat="43.04564528167248" lon="-1.2408848572522402"><ele>1404.800048828125</ele><time>2026-08-11T08:12:10.000Z</time><extensions/></trkpt><trkpt lat="43.045605635270476" lon="-1.240742951631546"><ele>1404.199951171875</ele><time>2026-08-11T08:12:14.000Z</time><extensions/></trkpt><trkpt lat="43.04559901356697" lon="-1.240690229460597"><ele>1403.5999755859375</ele><time>2026-08-11T08:12:15.000Z</time><extensions/></trkpt><trkpt lat="43.04559440352023" lon="-1.2406305503100157"><ele>1402.0</ele><time>2026-08-11T08:12:16.000Z</time><extensions/></trkpt><trkpt lat="43.04559691809118" lon="-1.2405747268348932"><ele>1400.800048828125</ele><time>2026-08-11T08:12:17.000Z</time><extensions/></trkpt><trkpt lat="43.04559323005378" lon="-1.2404836993664503"><ele>1399.5999755859375</ele><time>2026-08-11T08:12:19.000Z</time><extensions/></trkpt><trkpt lat="43.04557856172323" lon="-1.240452267229557"><ele>1399.0</ele><time>2026-08-11T08:12:20.000Z</time><extensions/></trkpt><trkpt lat="43.04555559530854" lon="-1.2404387723654509"><ele>1398.4000244140625</ele><time>2026-08-11T08:12:21.000Z</time><extensions/></trkpt><trkpt lat="43.04553095251322" lon="-1.24043726362288"><ele>1397.5999755859375</ele><time>2026-08-11T08:12:22.000Z</time><extensions/></trkpt><trkpt lat="43.04550597444177" lon="-1.2404365092515945"><ele>1396.800048828125</ele><time>2026-08-11T08:12:23.000Z</time><extensions/></trkpt><trkpt lat="43.04543984122574" lon="-1.2404011376202106"><ele>1396.0</ele><time>2026-08-11T08:12:27.000Z</time><extensions/></trkpt><trkpt lat="43.045437494292855" lon="-1.2403913307935"><ele>1396.199951171875</ele><time>2026-08-11T08:12:31.000Z</time><extensions/></trkpt><trkpt lat="43.04541704244912" lon="-1.2403764948248863"><ele>1396.0</ele><time>2026-08-11T08:12:34.000Z</time><extensions/></trkpt><trkpt lat="43.04541218094528" lon="-1.2403693702071905"><ele>1396.0</ele><time>2026-08-11T08:12:35.000Z</time><extensions/></trkpt><trkpt lat="43.04540857672691" lon="-1.2403636705130339"><ele>1395.800048828125</ele><time>2026-08-11T08:12:36.000Z</time><extensions/></trkpt><trkpt lat="43.0453990213573" lon="-1.2403435539454222"><ele>1394.5999755859375</ele><time>2026-08-11T08:12:41.000Z</time><extensions/></trkpt><trkpt lat="43.045360799878836" lon="-1.2402612436562777"><ele>1394.199951171875</ele><time>2026-08-11T08:12:45.000Z</time><extensions/></trkpt><trkpt lat="43.04535744711757" lon="-1.2401552125811577"><ele>1393.4000244140625</ele><time>2026-08-11T08:12:48.000Z</time><extensions/></trkpt><trkpt lat="43.04535803385079" lon="-1.240135096013546"><ele>1393.199951171875</ele><time>2026-08-11T08:12:49.000Z</time><extensions/></trkpt><trkpt lat="43.0453659966588" lon="-1.2400161568075418"><ele>1392.800048828125</ele><time>2026-08-11T08:12:54.000Z</time><extensions/></trkpt><trkpt lat="43.045374965295196" lon="-1.239923033863306"><ele>1392.199951171875</ele><time>2026-08-11T08:12:58.000Z</time><extensions/></trkpt><trkpt lat="43.04536306299269" lon="-1.2398864887654781"><ele>1391.199951171875</ele><time>2026-08-11T08:13:00.000Z</time><extensions/></trkpt><trkpt lat="43.04534520953894" lon="-1.239885650575161"><ele>1390.800048828125</ele><time>2026-08-11T08:13:01.000Z</time><extensions/></trkpt><trkpt lat="43.04532970301807" lon="-1.2398943677544594"><ele>1390.4000244140625</ele><time>2026-08-11T08:13:02.000Z</time><extensions/></trkpt><trkpt lat="43.04529030807316" lon="-1.2399094551801682"><ele>1389.5999755859375</ele><time>2026-08-11T08:13:05.000Z</time><extensions/></trkpt><trkpt lat="43.04526273161173" lon="-1.2398731615394354"><ele>1389.0</ele><time>2026-08-11T08:13:08.000Z</time><extensions/></trkpt><trkpt lat="43.04524672217667" lon="-1.2398562300950289"><ele>1388.5999755859375</ele><time>2026-08-11T08:13:09.000Z</time><extensions/></trkpt><trkpt lat="43.045203387737274" lon="-1.2398716527968645"><ele>1387.800048828125</ele><time>2026-08-11T08:13:11.000Z</time><extensions/></trkpt><trkpt lat="43.04518352262676" lon="-1.239895038306713"><ele>1387.800048828125</ele><time>2026-08-11T08:13:12.000Z</time><extensions/></trkpt><trkpt lat="43.04514454677701" lon="-1.239957818761468"><ele>1387.5999755859375</ele><time>2026-08-11T08:13:16.000Z</time><extensions/></trkpt><trkpt lat="43.04514295421541" lon="-1.2399575673043728"><ele>1387.4000244140625</ele><time>2026-08-11T08:13:17.000Z</time><extensions/></trkpt><trkpt lat="43.045125771313906" lon="-1.2399667873978615"><ele>1387.4000244140625</ele><time>2026-08-11T08:13:21.000Z</time><extensions/></trkpt><trkpt lat="43.04510506801307" lon="-1.2399682123214006"><ele>1387.0</ele><time>2026-08-11T08:13:27.000Z</time><extensions/></trkpt><trkpt lat="43.04507900029421" lon="-1.2399833835661411"><ele>1387.4000244140625</ele><time>2026-08-11T08:13:32.000Z</time><extensions/></trkpt><trkpt lat="43.04507128894329" lon="-1.2399814557284117"><ele>1387.4000244140625</ele><time>2026-08-11T08:13:33.000Z</time><extensions/></trkpt><trkpt lat="43.04504128172994" lon="-1.239956645295024"><ele>1387.800048828125</ele><time>2026-08-11T08:13:38.000Z</time><extensions/></trkpt><trkpt lat="43.044997779652476" lon="-1.2399312481284142"><ele>1387.5999755859375</ele><time>2026-08-11T08:13:44.000Z</time><extensions/></trkpt><trkpt lat="43.04499417543411" lon="-1.2399269733577967"><ele>1387.800048828125</ele><time>2026-08-11T08:13:48.000Z</time><extensions/></trkpt><trkpt lat="43.044957211241126" lon="-1.239930996671319"><ele>1387.5999755859375</ele><time>2026-08-11T08:13:51.000Z</time><extensions/></trkpt><trkpt lat="43.044950757175684" lon="-1.239935690537095"><ele>1387.800048828125</ele><time>2026-08-11T08:13:52.000Z</time><extensions/></trkpt><trkpt lat="43.04493013769388" lon="-1.2399594113230705"><ele>1387.800048828125</ele><time>2026-08-11T08:13:55.000Z</time><extensions/></trkpt><trkpt lat="43.04492946714163" lon="-1.2400042545050383"><ele>1387.4000244140625</ele><time>2026-08-11T08:13:58.000Z</time><extensions/></trkpt><trkpt lat="43.04493986070156" lon="-1.2400219403207302"><ele>1387.199951171875</ele><time>2026-08-11T08:13:59.000Z</time><extensions/></trkpt><trkpt lat="43.04496710188687" lon="-1.2400334235280752"><ele>1386.5999755859375</ele><time>2026-08-11T08:14:02.000Z</time><extensions/></trkpt><trkpt lat="43.044973807409406" lon="-1.2400324176996946"><ele>1386.199951171875</ele><time>2026-08-11T08:14:03.000Z</time><extensions/></trkpt><trkpt lat="43.04500171914697" lon="-1.2400524504482746"><ele>1385.199951171875</ele><time>2026-08-11T08:14:08.000Z</time><extensions/></trkpt><trkpt lat="43.045001635327935" lon="-1.240060580894351"><ele>1385.199951171875</ele><time>2026-08-11T08:14:09.000Z</time><extensions/></trkpt><trkpt lat="43.044999707490206" lon="-1.2400639336556196"><ele>1385.0</ele><time>2026-08-11T08:14:14.000Z</time><extensions/></trkpt><trkpt lat="43.04499794729054" lon="-1.2400729861110449"><ele>1385.0</ele><time>2026-08-11T08:14:15.000Z</time><extensions/></trkpt><trkpt lat="43.044999623671174" lon="-1.2400633469223976"><ele>1384.800048828125</ele><time>2026-08-11T08:14:20.000Z</time><extensions/></trkpt><trkpt lat="43.04499459452927" lon="-1.2401050888001919"><ele>1384.800048828125</ele><time>2026-08-11T08:14:22.000Z</time><extensions/></trkpt><trkpt lat="43.04499023593962" lon="-1.2401266302913427"><ele>1384.5999755859375</ele><time>2026-08-11T08:14:24.000Z</time><extensions/></trkpt><trkpt lat="43.044987469911575" lon="-1.2401423882693052"><ele>1384.5999755859375</ele><time>2026-08-11T08:14:25.000Z</time><extensions/></trkpt><trkpt lat="43.044982105493546" lon="-1.2402345053851604"><ele>1384.0</ele><time>2026-08-11T08:14:28.000Z</time><extensions/></trkpt><trkpt lat="43.04497539997101" lon="-1.240306170657277"><ele>1383.4000244140625</ele><time>2026-08-11T08:14:30.000Z</time><extensions/></trkpt><trkpt lat="43.04497707635164" lon="-1.2404044903814793"><ele>1382.800048828125</ele><time>2026-08-11T08:14:33.000Z</time><extensions/></trkpt><trkpt lat="43.04497498087585" lon="-1.2405230943113565"><ele>1382.4000244140625</ele><time>2026-08-11T08:14:37.000Z</time><extensions/></trkpt><trkpt lat="43.0449809320271" lon="-1.240556538105011"><ele>1382.199951171875</ele><time>2026-08-11T08:14:41.000Z</time><extensions/></trkpt><trkpt lat="43.04499736055732" lon="-1.2406187318265438"><ele>1383.0</ele><time>2026-08-11T08:14:47.000Z</time><extensions/></trkpt><trkpt lat="43.045009430497885" lon="-1.2406346574425697"><ele>1382.800048828125</ele><time>2026-08-11T08:14:53.000Z</time><extensions/></trkpt><trkpt lat="43.04499409161508" lon="-1.2407012097537518"><ele>1381.5999755859375</ele><time>2026-08-11T08:14:59.000Z</time><extensions/></trkpt><trkpt lat="43.044988391920924" lon="-1.2407211586833"><ele>1381.0</ele><time>2026-08-11T08:15:01.000Z</time><extensions/></trkpt><trkpt lat="43.04498562589288" lon="-1.2407442089170218"><ele>1380.199951171875</ele><time>2026-08-11T08:15:03.000Z</time><extensions/></trkpt><trkpt lat="43.04496081545949" lon="-1.2407616432756186"><ele>1379.199951171875</ele><time>2026-08-11T08:15:07.000Z</time><extensions/></trkpt><trkpt lat="43.04494463838637" lon="-1.2407666724175215"><ele>1378.5999755859375</ele><time>2026-08-11T08:15:09.000Z</time><extensions/></trkpt><trkpt lat="43.044928293675184" lon="-1.2407747190445662"><ele>1378.0</ele><time>2026-08-11T08:15:11.000Z</time><extensions/></trkpt><trkpt lat="43.04489677771926" lon="-1.2407887168228626"><ele>1376.800048828125</ele><time>2026-08-11T08:15:15.000Z</time><extensions/></trkpt><trkpt lat="43.0448963586241" lon="-1.2408177182078362"><ele>1375.5999755859375</ele><time>2026-08-11T08:15:19.000Z</time><extensions/></trkpt><trkpt lat="43.044900465756655" lon="-1.2408183049410582"><ele>1375.4000244140625</ele><time>2026-08-11T08:15:20.000Z</time><extensions/></trkpt><trkpt lat="43.04490272887051" lon="-1.2408155389130116"><ele>1375.199951171875</ele><time>2026-08-11T08:15:24.000Z</time><extensions/></trkpt><trkpt lat="43.04493198171258" lon="-1.2408711109310389"><ele>1374.800048828125</ele><time>2026-08-11T08:15:29.000Z</time><extensions/></trkpt><trkpt lat="43.044942542910576" lon="-1.2408998608589172"><ele>1374.5999755859375</ele><time>2026-08-11T08:15:31.000Z</time><extensions/></trkpt><trkpt lat="43.04495855234563" lon="-1.240960294380784"><ele>1373.800048828125</ele><time>2026-08-11T08:15:34.000Z</time><extensions/></trkpt><trkpt lat="43.044963497668505" lon="-1.2409845180809498"><ele>1373.5999755859375</ele><time>2026-08-11T08:15:35.000Z</time><extensions/></trkpt><trkpt lat="43.04498562589288" lon="-1.2410576920956373"><ele>1372.4000244140625</ele><time>2026-08-11T08:15:39.000Z</time><extensions/></trkpt><trkpt lat="43.04499518126249" lon="-1.2410743720829487"><ele>1372.0</ele><time>2026-08-11T08:15:40.000Z</time><extensions/></trkpt><trkpt lat="43.045020159333944" lon="-1.241133799776435"><ele>1371.199951171875</ele><time>2026-08-11T08:15:43.000Z</time><extensions/></trkpt><trkpt lat="43.04504195228219" lon="-1.2412031181156635"><ele>1370.5999755859375</ele><time>2026-08-11T08:15:46.000Z</time><extensions/></trkpt><trkpt lat="43.045053351670504" lon="-1.2412275094538927"><ele>1370.199951171875</ele><time>2026-08-11T08:15:47.000Z</time><extensions/></trkpt><trkpt lat="43.045076318085194" lon="-1.2412907928228378"><ele>1369.0</ele><time>2026-08-11T08:15:51.000Z</time><extensions/></trkpt><trkpt lat="43.04507841356099" lon="-1.2412983365356922"><ele>1368.800048828125</ele><time>2026-08-11T08:15:52.000Z</time><extensions/></trkpt><trkpt lat="43.04508754983544" lon="-1.2413394916802645"><ele>1368.0</ele><time>2026-08-11T08:15:55.000Z</time><extensions/></trkpt><trkpt lat="43.045088136568666" lon="-1.2413474544882774"><ele>1367.5999755859375</ele><time>2026-08-11T08:15:57.000Z</time><extensions/></trkpt><trkpt lat="43.04510531947017" lon="-1.2414083909243345"><ele>1366.800048828125</ele><time>2026-08-11T08:16:01.000Z</time><extensions/></trkpt><trkpt lat="43.0451122764498" lon="-1.241423562169075"><ele>1366.4000244140625</ele><time>2026-08-11T08:16:04.000Z</time><extensions/></trkpt><trkpt lat="43.04511613212526" lon="-1.2414566706866026"><ele>1365.800048828125</ele><time>2026-08-11T08:16:07.000Z</time><extensions/></trkpt><trkpt lat="43.045122250914574" lon="-1.2414663936942816"><ele>1365.5999755859375</ele><time>2026-08-11T08:16:08.000Z</time><extensions/></trkpt><trkpt lat="43.04515125229955" lon="-1.2415034417062998"><ele>1364.4000244140625</ele><time>2026-08-11T08:16:12.000Z</time><extensions/></trkpt><trkpt lat="43.04515292868018" lon="-1.241504279896617"><ele>1364.4000244140625</ele><time>2026-08-11T08:16:17.000Z</time><extensions/></trkpt><trkpt lat="43.04515292868018" lon="-1.241504279896617"><ele>1364.199951171875</ele><time>2026-08-11T08:16:29.000Z</time><extensions/></trkpt><trkpt lat="43.04514421150088" lon="-1.2415345385670662"><ele>1364.0</ele><time>2026-08-11T08:16:39.000Z</time><extensions/></trkpt><trkpt lat="43.045154018327594" lon="-1.2415580078959465"><ele>1363.5999755859375</ele><time>2026-08-11T08:16:43.000Z</time><extensions/></trkpt><trkpt lat="43.045160975307226" lon="-1.241566725075245"><ele>1363.4000244140625</ele><time>2026-08-11T08:16:45.000Z</time><extensions/></trkpt><trkpt lat="43.04515737108886" lon="-1.2415629532188177"><ele>1363.0</ele><time>2026-08-11T08:16:50.000Z</time><extensions/></trkpt><trkpt lat="43.045156951993704" lon="-1.2415580078959465"><ele>1362.800048828125</ele><time>2026-08-11T08:16:52.000Z</time><extensions/></trkpt><trkpt lat="43.04515661671758" lon="-1.2415588460862637"><ele>1362.800048828125</ele><time>2026-08-11T08:16:54.000Z</time><extensions/></trkpt><trkpt lat="43.04515661671758" lon="-1.2415588460862637"><ele>1362.4000244140625</ele><time>2026-08-11T08:16:58.000Z</time><extensions/></trkpt><trkpt lat="43.04515594616532" lon="-1.24155817553401"><ele>1362.0</ele><time>2026-08-11T08:17:00.000Z</time><extensions/></trkpt><trkpt lat="43.04511588066816" lon="-1.2415247317403555"><ele>1361.5999755859375</ele><time>2026-08-11T08:17:02.000Z</time><extensions/></trkpt><trkpt lat="43.0450966861099" lon="-1.2415080517530441"><ele>1361.199951171875</ele><time>2026-08-11T08:17:03.000Z</time><extensions/></trkpt><trkpt lat="43.04499878548086" lon="-1.2414043676108122"><ele>1362.4000244140625</ele><time>2026-08-11T08:17:10.000Z</time><extensions/></trkpt><trkpt lat="43.04494564421475" lon="-1.2413213029503822"><ele>1363.0</ele><time>2026-08-11T08:17:15.000Z</time><extensions/></trkpt><trkpt lat="43.044916139915586" lon="-1.2412767950445414"><ele>1363.0</ele><time>2026-08-11T08:17:18.000Z</time><extensions/></trkpt><trkpt lat="43.044872134923935" lon="-1.241223569959402"><ele>1363.0</ele><time>2026-08-11T08:17:22.000Z</time><extensions/></trkpt><trkpt lat="43.0448495876044" lon="-1.241224491968751"><ele>1362.5999755859375</ele><time>2026-08-11T08:17:26.000Z</time><extensions/></trkpt><trkpt lat="43.04479183629155" lon="-1.241209739819169"><ele>1361.199951171875</ele><time>2026-08-11T08:17:30.000Z</time><extensions/></trkpt><trkpt lat="43.04477666504681" lon="-1.2412178702652454"><ele>1360.5999755859375</ele><time>2026-08-11T08:17:32.000Z</time><extensions/></trkpt><trkpt lat="43.04476895369589" lon="-1.2412177864462137"><ele>1360.4000244140625</ele><time>2026-08-11T08:17:33.000Z</time><extensions/></trkpt><trkpt lat="43.04475503973663" lon="-1.2412148527801037"><ele>1360.0</ele><time>2026-08-11T08:17:34.000Z</time><extensions/></trkpt><trkpt lat="43.04472394287586" lon="-1.2412065546959639"><ele>1359.0</ele><time>2026-08-11T08:17:37.000Z</time><extensions/></trkpt><trkpt lat="43.04472394287586" lon="-1.2412065546959639"><ele>1359.0</ele><time>2026-08-11T08:17:38.000Z</time><extensions/></trkpt><trkpt lat="43.04468857124448" lon="-1.2411887850612402"><ele>1359.0</ele><time>2026-08-11T08:17:44.000Z</time><extensions/></trkpt><trkpt lat="43.04466920904815" lon="-1.2411837559193373"><ele>1359.0</ele><time>2026-08-11T08:17:50.000Z</time><extensions/></trkpt><trkpt lat="43.04464481770992" lon="-1.2411617953330278"><ele>1359.0</ele><time>2026-08-11T08:17:55.000Z</time><extensions/></trkpt><trkpt lat="43.04456552490592" lon="-1.2411226518452168"><ele>1358.4000244140625</ele><time>2026-08-11T08:18:01.000Z</time><extensions/></trkpt><trkpt lat="43.044507689774036" lon="-1.2411250825971365"><ele>1357.5999755859375</ele><time>2026-08-11T08:18:07.000Z</time><extensions/></trkpt><trkpt lat="43.04447273723781" lon="-1.241121394559741"><ele>1356.4000244140625</ele><time>2026-08-11T08:18:09.000Z</time><extensions/></trkpt><trkpt lat="43.04444683715701" lon="-1.2411236576735973"><ele>1355.4000244140625</ele><time>2026-08-11T08:18:11.000Z</time><extensions/></trkpt><trkpt lat="43.04440341889858" lon="-1.241124663501978"><ele>1354.199951171875</ele><time>2026-08-11T08:18:14.000Z</time><extensions/></trkpt><trkpt lat="43.04435689933598" lon="-1.2411221489310265"><ele>1353.0</ele><time>2026-08-11T08:18:17.000Z</time><extensions/></trkpt><trkpt lat="43.044336531311274" lon="-1.2411192990839481"><ele>1351.800048828125</ele><time>2026-08-11T08:18:20.000Z</time><extensions/></trkpt><trkpt lat="43.04429244250059" lon="-1.2411256693303585"><ele>1351.5999755859375</ele><time>2026-08-11T08:18:26.000Z</time><extensions/></trkpt><trkpt lat="43.04425313137472" lon="-1.241133213043213"><ele>1350.199951171875</ele><time>2026-08-11T08:18:28.000Z</time><extensions/></trkpt><trkpt lat="43.04422203451395" lon="-1.241144360974431"><ele>1348.800048828125</ele><time>2026-08-11T08:18:30.000Z</time><extensions/></trkpt><trkpt lat="43.044207533821464" lon="-1.2411494739353657"><ele>1348.4000244140625</ele><time>2026-08-11T08:18:33.000Z</time><extensions/></trkpt><trkpt lat="43.044207533821464" lon="-1.2411494739353657"><ele>1348.199951171875</ele><time>2026-08-11T08:18:38.000Z</time><extensions/></trkpt><trkpt lat="43.044207533821464" lon="-1.2411494739353657"><ele>1348.199951171875</ele><time>2026-08-11T08:18:44.000Z</time><extensions/></trkpt><trkpt lat="43.04419060237706" lon="-1.2411825824528933"><ele>1348.4000244140625</ele><time>2026-08-11T08:18:49.000Z</time><extensions/></trkpt><trkpt lat="43.044184651225805" lon="-1.2412005197256804"><ele>1348.199951171875</ele><time>2026-08-11T08:18:50.000Z</time><extensions/></trkpt><trkpt lat="43.044179789721966" lon="-1.241214433684945"><ele>1347.5999755859375</ele><time>2026-08-11T08:18:51.000Z</time><extensions/></trkpt><trkpt lat="43.04417266510427" lon="-1.2412420939654112"><ele>1346.199951171875</ele><time>2026-08-11T08:18:53.000Z</time><extensions/></trkpt><trkpt lat="43.04416126571596" lon="-1.241270424798131"><ele>1344.800048828125</ele><time>2026-08-11T08:18:55.000Z</time><extensions/></trkpt><trkpt lat="43.04415497928858" lon="-1.2412802316248417"><ele>1344.4000244140625</ele><time>2026-08-11T08:18:56.000Z</time><extensions/></trkpt><trkpt lat="43.04415154270828" lon="-1.2413021922111511"><ele>1343.4000244140625</ele><time>2026-08-11T08:18:58.000Z</time><extensions/></trkpt><trkpt lat="43.044157326221466" lon="-1.241324907168746"><ele>1342.800048828125</ele><time>2026-08-11T08:19:00.000Z</time><extensions/></trkpt><trkpt lat="43.04416528902948" lon="-1.2413321994245052"><ele>1342.4000244140625</ele><time>2026-08-11T08:19:01.000Z</time><extensions/></trkpt><trkpt lat="43.04417551495135" lon="-1.2413372285664082"><ele>1342.199951171875</ele><time>2026-08-11T08:19:02.000Z</time><extensions/></trkpt><trkpt lat="43.04417409002781" lon="-1.2413372285664082"><ele>1342.0</ele><time>2026-08-11T08:19:04.000Z</time><extensions/></trkpt><trkpt lat="43.0441917758435" lon="-1.241354662925005"><ele>1342.0</ele><time>2026-08-11T08:19:06.000Z</time><extensions/></trkpt><trkpt lat="43.04428171366453" lon="-1.2414593528956175"><ele>1341.4000244140625</ele><time>2026-08-11T08:19:11.000Z</time><extensions/></trkpt><trkpt lat="43.044442143291235" lon="-1.2416087184101343"><ele>1340.5999755859375</ele><time>2026-08-11T08:19:17.000Z</time><extensions/></trkpt><trkpt lat="43.044506683945656" lon="-1.2416695710271597"><ele>1340.199951171875</ele><time>2026-08-11T08:19:21.000Z</time><extensions/></trkpt><trkpt lat="43.04456535726786" lon="-1.2417434994131327"><ele>1339.199951171875</ele><time>2026-08-11T08:19:26.000Z</time><extensions/></trkpt><trkpt lat="43.044579438865185" lon="-1.2417730037122965"><ele>1338.800048828125</ele><time>2026-08-11T08:19:27.000Z</time><extensions/></trkpt><trkpt lat="43.044651271775365" lon="-1.2418710719794035"><ele>1338.0</ele><time>2026-08-11T08:19:30.000Z</time><extensions/></trkpt><trkpt lat="43.04467189125717" lon="-1.2419002410024405"><ele>1337.800048828125</ele><time>2026-08-11T08:19:31.000Z</time><extensions/></trkpt><trkpt lat="43.044767025858164" lon="-1.2419859040528536"><ele>1337.199951171875</ele><time>2026-08-11T08:19:35.000Z</time><extensions/></trkpt><trkpt lat="43.04479024372995" lon="-1.2420100439339876"><ele>1337.0</ele><time>2026-08-11T08:19:36.000Z</time><extensions/></trkpt><trkpt lat="43.0448585562408" lon="-1.2420919351279736"><ele>1336.4000244140625</ele><time>2026-08-11T08:19:40.000Z</time><extensions/></trkpt><trkpt lat="43.04491924121976" lon="-1.2421428132802248"><ele>1336.4000244140625</ele><time>2026-08-11T08:19:43.000Z</time><extensions/></trkpt><trkpt lat="43.04495494812727" lon="-1.2421709764748812"><ele>1336.199951171875</ele><time>2026-08-11T08:19:45.000Z</time><extensions/></trkpt><trkpt lat="43.045010352507234" lon="-1.2422353494912386"><ele>1335.800048828125</ele><time>2026-08-11T08:19:48.000Z</time><extensions/></trkpt><trkpt lat="43.045036168769" lon="-1.2422562204301357"><ele>1335.5999755859375</ele><time>2026-08-11T08:19:49.000Z</time><extensions/></trkpt><trkpt lat="43.045110097154975" lon="-1.2423545401543379"><ele>1334.800048828125</ele><time>2026-08-11T08:19:52.000Z</time><extensions/></trkpt><trkpt lat="43.045159885659814" lon="-1.2424291390925646"><ele>1333.800048828125</ele><time>2026-08-11T08:19:54.000Z</time><extensions/></trkpt><trkpt lat="43.04519383236766" lon="-1.2424529436975718"><ele>1333.4000244140625</ele><time>2026-08-11T08:19:55.000Z</time><extensions/></trkpt><trkpt lat="43.0452468059957" lon="-1.242488818243146"><ele>1332.800048828125</ele><time>2026-08-11T08:19:58.000Z</time><extensions/></trkpt><trkpt lat="43.04524856619537" lon="-1.2425089348107576"><ele>1332.5999755859375</ele><time>2026-08-11T08:20:03.000Z</time><extensions/></trkpt><trkpt lat="43.04524077102542" lon="-1.2425167299807072"><ele>1332.4000244140625</ele><time>2026-08-11T08:20:04.000Z</time><extensions/></trkpt><trkpt lat="43.04521939717233" lon="-1.2425284646451473"><ele>1331.4000244140625</ele><time>2026-08-11T08:20:07.000Z</time><extensions/></trkpt><trkpt lat="43.045217050239444" lon="-1.242527961730957"><ele>1330.800048828125</ele><time>2026-08-11T08:20:09.000Z</time><extensions/></trkpt><trkpt lat="43.04521487094462" lon="-1.242584204301238"><ele>1330.199951171875</ele><time>2026-08-11T08:20:15.000Z</time><extensions/></trkpt><trkpt lat="43.04522752761841" lon="-1.24260189011693"><ele>1328.800048828125</ele><time>2026-08-11T08:20:18.000Z</time><extensions/></trkpt><trkpt lat="43.04523507133126" lon="-1.2426235154271126"><ele>1328.4000244140625</ele><time>2026-08-11T08:20:21.000Z</time><extensions/></trkpt><trkpt lat="43.04525317624211" lon="-1.242647236213088"><ele>1328.199951171875</ele><time>2026-08-11T08:20:22.000Z</time><extensions/></trkpt><trkpt lat="43.045306568965316" lon="-1.2426867987960577"><ele>1327.5999755859375</ele><time>2026-08-11T08:20:25.000Z</time><extensions/></trkpt><trkpt lat="43.04544931277633" lon="-1.242828955873847"><ele>1327.0</ele><time>2026-08-11T08:20:32.000Z</time><extensions/></trkpt><trkpt lat="43.04550672881305" lon="-1.2428889703005552"><ele>1326.4000244140625</ele><time>2026-08-11T08:20:34.000Z</time><extensions/></trkpt><trkpt lat="43.04563865996897" lon="-1.2430029641836882"><ele>1325.5999755859375</ele><time>2026-08-11T08:20:38.000Z</time><extensions/></trkpt><trkpt lat="43.04571317508817" lon="-1.2430661637336016"><ele>1325.199951171875</ele><time>2026-08-11T08:20:40.000Z</time><extensions/></trkpt><trkpt lat="43.045794228091836" lon="-1.2431229930371046"><ele>1324.800048828125</ele><time>2026-08-11T08:20:43.000Z</time><extensions/></trkpt><trkpt lat="43.045881651341915" lon="-1.2431893777102232"><ele>1325.0</ele><time>2026-08-11T08:20:49.000Z</time><extensions/></trkpt><trkpt lat="43.04591274820268" lon="-1.2432191334664822"><ele>1324.5999755859375</ele><time>2026-08-11T08:20:51.000Z</time><extensions/></trkpt><trkpt lat="43.04593655280769" lon="-1.2432464584708214"><ele>1324.199951171875</ele><time>2026-08-11T08:20:52.000Z</time><extensions/></trkpt><trkpt lat="43.04601391777396" lon="-1.2433130946010351"><ele>1323.199951171875</ele><time>2026-08-11T08:20:55.000Z</time><extensions/></trkpt><trkpt lat="43.04602196440101" lon="-1.2433138489723206"><ele>1323.0</ele><time>2026-08-11T08:20:58.000Z</time><extensions/></trkpt><trkpt lat="43.04602003656328" lon="-1.243323152884841"><ele>1322.5999755859375</ele><time>2026-08-11T08:21:02.000Z</time><extensions/></trkpt><trkpt lat="43.046006793156266" lon="-1.2433191295713186"><ele>1322.4000244140625</ele><time>2026-08-11T08:21:03.000Z</time><extensions/></trkpt><trkpt lat="43.04598558694124" lon="-1.2433129269629717"><ele>1322.0</ele><time>2026-08-11T08:21:05.000Z</time><extensions/></trkpt><trkpt lat="43.045982234179974" lon="-1.2433166150003672"><ele>1321.800048828125</ele><time>2026-08-11T08:21:08.000Z</time><extensions/></trkpt><trkpt lat="43.04596924223006" lon="-1.2433109153062105"><ele>1321.5999755859375</ele><time>2026-08-11T08:21:11.000Z</time><extensions/></trkpt><trkpt lat="43.04592867381871" lon="-1.2433223146945238"><ele>1321.0</ele><time>2026-08-11T08:21:14.000Z</time><extensions/></trkpt><trkpt lat="43.04591232910752" lon="-1.2433333788067102"><ele>1320.4000244140625</ele><time>2026-08-11T08:21:15.000Z</time><extensions/></trkpt><trkpt lat="43.0458736885339" lon="-1.243348466232419"><ele>1319.0</ele><time>2026-08-11T08:21:17.000Z</time><extensions/></trkpt><trkpt lat="43.04584418423474" lon="-1.2433638889342546"><ele>1317.5999755859375</ele><time>2026-08-11T08:21:19.000Z</time><extensions/></trkpt><trkpt lat="43.04582364857197" lon="-1.243372354656458"><ele>1317.0</ele><time>2026-08-11T08:21:20.000Z</time><extensions/></trkpt><trkpt lat="43.04580034688115" lon="-1.2433752045035362"><ele>1316.199951171875</ele><time>2026-08-11T08:21:21.000Z</time><extensions/></trkpt><trkpt lat="43.04573664441705" lon="-1.2433528248220682"><ele>1315.0</ele><time>2026-08-11T08:21:24.000Z</time><extensions/></trkpt><trkpt lat="43.04571200162172" lon="-1.2433378212153912"><ele>1314.5999755859375</ele><time>2026-08-11T08:21:25.000Z</time><extensions/></trkpt><trkpt lat="43.045658357441425" lon="-1.2433332111686468"><ele>1313.800048828125</ele><time>2026-08-11T08:21:28.000Z</time><extensions/></trkpt><trkpt lat="43.045644024387" lon="-1.2433370668441057"><ele>1313.4000244140625</ele><time>2026-08-11T08:21:29.000Z</time><extensions/></trkpt><trkpt lat="43.04561661556363" lon="-1.2433394137769938"><ele>1312.5999755859375</ele><time>2026-08-11T08:21:31.000Z</time><extensions/></trkpt><trkpt lat="43.045575711876154" lon="-1.2433229852467775"><ele>1311.4000244140625</ele><time>2026-08-11T08:21:34.000Z</time><extensions/></trkpt><trkpt lat="43.04555752314627" lon="-1.243311082944274"><ele>1311.199951171875</ele><time>2026-08-11T08:21:35.000Z</time><extensions/></trkpt><trkpt lat="43.04543330334127" lon="-1.243253080174327"><ele>1310.199951171875</ele><time>2026-08-11T08:21:41.000Z</time><extensions/></trkpt><trkpt lat="43.04540631361306" lon="-1.2432529963552952"><ele>1310.0</ele><time>2026-08-11T08:21:42.000Z</time><extensions/></trkpt><trkpt lat="43.045341186225414" lon="-1.2432482186704874"><ele>1309.0</ele><time>2026-08-11T08:21:44.000Z</time><extensions/></trkpt><trkpt lat="43.045263485983014" lon="-1.2432420160621405"><ele>1307.199951171875</ele><time>2026-08-11T08:21:46.000Z</time><extensions/></trkpt><trkpt lat="43.04521579295397" lon="-1.2432369031012058"><ele>1306.199951171875</ele><time>2026-08-11T08:21:47.000Z</time><extensions/></trkpt><trkpt lat="43.045163825154305" lon="-1.2432229053229094"><ele>1305.199951171875</ele><time>2026-08-11T08:21:48.000Z</time><extensions/></trkpt><trkpt lat="43.04510749876499" lon="-1.2432045489549637"><ele>1304.0</ele><time>2026-08-11T08:21:49.000Z</time><extensions/></trkpt><trkpt lat="43.04504941217601" lon="-1.2431884557008743"><ele>1302.800048828125</ele><time>2026-08-11T08:21:50.000Z</time><extensions/></trkpt><trkpt lat="43.044951343908906" lon="-1.243152329698205"><ele>1301.5999755859375</ele><time>2026-08-11T08:21:52.000Z</time><extensions/></trkpt><trkpt lat="43.04481673054397" lon="-1.2430964224040508"><ele>1302.199951171875</ele><time>2026-08-11T08:21:56.000Z</time><extensions/></trkpt><trkpt lat="43.044791501015425" lon="-1.243099607527256"><ele>1302.0</ele><time>2026-08-11T08:22:00.000Z</time><extensions/></trkpt><trkpt lat="43.04479334503412" lon="-1.243101954460144"><ele>1302.5999755859375</ele><time>2026-08-11T08:22:05.000Z</time><extensions/></trkpt><trkpt lat="43.044780269265175" lon="-1.243105223402381"><ele>1302.5999755859375</ele><time>2026-08-11T08:22:08.000Z</time><extensions/></trkpt><trkpt lat="43.04469108581543" lon="-1.2430988531559706"><ele>1300.0</ele><time>2026-08-11T08:22:12.000Z</time><extensions/></trkpt><trkpt lat="43.04466602392495" lon="-1.243093153461814"><ele>1299.5999755859375</ele><time>2026-08-11T08:22:13.000Z</time><extensions/></trkpt><trkpt lat="43.044589161872864" lon="-1.243070187047124"><ele>1299.0</ele><time>2026-08-11T08:22:16.000Z</time><extensions/></trkpt><trkpt lat="43.044484220445156" lon="-1.2430467177182436"><ele>1297.800048828125</ele><time>2026-08-11T08:22:19.000Z</time><extensions/></trkpt><trkpt lat="43.044401658698916" lon="-1.243030373007059"><ele>1296.5999755859375</ele><time>2026-08-11T08:22:21.000Z</time><extensions/></trkpt><trkpt lat="43.044283306226134" lon="-1.2430366594344378"><ele>1295.4000244140625</ele><time>2026-08-11T08:22:24.000Z</time><extensions/></trkpt><trkpt lat="43.04419060237706" lon="-1.2430397607386112"><ele>1294.199951171875</ele><time>2026-08-11T08:22:26.000Z</time><extensions/></trkpt><trkpt lat="43.04411147721112" lon="-1.2430802453309298"><ele>1292.4000244140625</ele><time>2026-08-11T08:22:28.000Z</time><extensions/></trkpt><trkpt lat="43.04408029653132" lon="-1.2431110069155693"><ele>1291.4000244140625</ele><time>2026-08-11T08:22:29.000Z</time><extensions/></trkpt><trkpt lat="43.04404718801379" lon="-1.2431409303098917"><ele>1290.800048828125</ele><time>2026-08-11T08:22:30.000Z</time><extensions/></trkpt><trkpt lat="43.04400636814535" lon="-1.243166159838438"><ele>1290.199951171875</ele><time>2026-08-11T08:22:31.000Z</time><extensions/></trkpt><trkpt lat="43.04395800456405" lon="-1.2431892938911915"><ele>1289.0</ele><time>2026-08-11T08:22:32.000Z</time><extensions/></trkpt><trkpt lat="43.0439119040966" lon="-1.2432173732668161"><ele>1287.800048828125</ele><time>2026-08-11T08:22:33.000Z</time><extensions/></trkpt><trkpt lat="43.04387217387557" lon="-1.2432403396815062"><ele>1286.5999755859375</ele><time>2026-08-11T08:22:34.000Z</time><extensions/></trkpt><trkpt lat="43.04383068345487" lon="-1.2432608753442764"><ele>1285.5999755859375</ele><time>2026-08-11T08:22:36.000Z</time><extensions/></trkpt><trkpt lat="43.04383462294936" lon="-1.2432613782584667"><ele>1286.800048828125</ele><time>2026-08-11T08:22:40.000Z</time><extensions/></trkpt><trkpt lat="43.04383504204452" lon="-1.2432641442865133"><ele>1287.0</ele><time>2026-08-11T08:22:41.000Z</time><extensions/></trkpt><trkpt lat="43.04383453913033" lon="-1.2432614620774984"><ele>1287.0</ele><time>2026-08-11T08:22:46.000Z</time><extensions/></trkpt><trkpt lat="43.04378022439778" lon="-1.243263054639101"><ele>1285.800048828125</ele><time>2026-08-11T08:22:55.000Z</time><extensions/></trkpt><trkpt lat="43.04374703206122" lon="-1.243264563381672"><ele>1285.199951171875</ele><time>2026-08-11T08:22:56.000Z</time><extensions/></trkpt><trkpt lat="43.043676959350705" lon="-1.2432840093970299"><ele>1283.199951171875</ele><time>2026-08-11T08:22:58.000Z</time><extensions/></trkpt><trkpt lat="43.04360345005989" lon="-1.2433350551873446"><ele>1281.5999755859375</ele><time>2026-08-11T08:23:00.000Z</time><extensions/></trkpt><trkpt lat="43.043583165854216" lon="-1.2433792278170586"><ele>1281.199951171875</ele><time>2026-08-11T08:23:01.000Z</time><extensions/></trkpt><trkpt lat="43.04356271401048" lon="-1.2434795591980219"><ele>1281.0</ele><time>2026-08-11T08:23:03.000Z</time><extensions/></trkpt><trkpt lat="43.04354217834771" lon="-1.2435374781489372"><ele>1279.800048828125</ele><time>2026-08-11T08:23:04.000Z</time><extensions/></trkpt><trkpt lat="43.043523989617825" lon="-1.2436093110591173"><ele>1278.5999755859375</ele><time>2026-08-11T08:23:05.000Z</time><extensions/></trkpt><trkpt lat="43.043508399277925" lon="-1.243680389598012"><ele>1277.0</ele><time>2026-08-11T08:23:06.000Z</time><extensions/></trkpt><trkpt lat="43.04348845034838" lon="-1.2437606882303953"><ele>1274.5999755859375</ele><time>2026-08-11T08:23:07.000Z</time><extensions/></trkpt><trkpt lat="43.04347453638911" lon="-1.2438394781202078"><ele>1274.0</ele><time>2026-08-11T08:23:08.000Z</time><extensions/></trkpt><trkpt lat="43.043466908857226" lon="-1.243909802287817"><ele>1273.199951171875</ele><time>2026-08-11T08:23:09.000Z</time><extensions/></trkpt><trkpt lat="43.04345525801182" lon="-1.2440501991659403"><ele>1272.0</ele><time>2026-08-11T08:23:11.000Z</time><extensions/></trkpt><trkpt lat="43.043441008776426" lon="-1.2441129796206951"><ele>1271.4000244140625</ele><time>2026-08-11T08:23:12.000Z</time><extensions/></trkpt><trkpt lat="43.043414102867246" lon="-1.2441659532487392"><ele>1270.4000244140625</ele><time>2026-08-11T08:23:13.000Z</time><extensions/></trkpt><trkpt lat="43.04338434711099" lon="-1.2442144006490707"><ele>1269.0</ele><time>2026-08-11T08:23:14.000Z</time><extensions/></trkpt><trkpt lat="43.04336188361049" lon="-1.2442700564861298"><ele>1267.5999755859375</ele><time>2026-08-11T08:23:15.000Z</time><extensions/></trkpt><trkpt lat="43.043345119804144" lon="-1.2443298194557428"><ele>1266.4000244140625</ele><time>2026-08-11T08:23:16.000Z</time><extensions/></trkpt><trkpt lat="43.04332592524588" lon="-1.2443957012146711"><ele>1265.199951171875</ele><time>2026-08-11T08:23:17.000Z</time><extensions/></trkpt><trkpt lat="43.04330421611667" lon="-1.244468204677105"><ele>1264.199951171875</ele><time>2026-08-11T08:23:18.000Z</time><extensions/></trkpt><trkpt lat="43.043283093720675" lon="-1.244542384520173"><ele>1262.800048828125</ele><time>2026-08-11T08:23:19.000Z</time><extensions/></trkpt><trkpt lat="43.04326364770532" lon="-1.2446137983351946"><ele>1261.5999755859375</ele><time>2026-08-11T08:23:20.000Z</time><extensions/></trkpt><trkpt lat="43.043227437883615" lon="-1.2447427958250046"><ele>1259.800048828125</ele><time>2026-08-11T08:23:22.000Z</time><extensions/></trkpt><trkpt lat="43.04319106042385" lon="-1.244877576828003"><ele>1258.4000244140625</ele><time>2026-08-11T08:23:24.000Z</time><extensions/></trkpt><trkpt lat="43.04318225942552" lon="-1.2449407763779163"><ele>1257.800048828125</ele><time>2026-08-11T08:23:25.000Z</time><extensions/></trkpt><trkpt lat="43.043167255818844" lon="-1.245010094717145"><ele>1256.5999755859375</ele><time>2026-08-11T08:23:26.000Z</time><extensions/></trkpt><trkpt lat="43.043125765398145" lon="-1.2451528385281563"><ele>1254.5999755859375</ele><time>2026-08-11T08:23:28.000Z</time><extensions/></trkpt><trkpt lat="43.0431074090302" lon="-1.2452216539531946"><ele>1253.5999755859375</ele><time>2026-08-11T08:23:29.000Z</time><extensions/></trkpt><trkpt lat="43.043098356574774" lon="-1.2452929839491844"><ele>1252.800048828125</ele><time>2026-08-11T08:23:30.000Z</time><extensions/></trkpt><trkpt lat="43.043097015470266" lon="-1.245364984497428"><ele>1252.199951171875</ele><time>2026-08-11T08:23:31.000Z</time><extensions/></trkpt><trkpt lat="43.04309383034706" lon="-1.2455275934189558"><ele>1251.199951171875</ele><time>2026-08-11T08:23:33.000Z</time><extensions/></trkpt><trkpt lat="43.043077401816845" lon="-1.2456088978797197"><ele>1250.199951171875</ele><time>2026-08-11T08:23:34.000Z</time><extensions/></trkpt><trkpt lat="43.04305183701217" lon="-1.2456900347024202"><ele>1249.199951171875</ele><time>2026-08-11T08:23:35.000Z</time><extensions/></trkpt><trkpt lat="43.04302677512169" lon="-1.245762286707759"><ele>1247.800048828125</ele><time>2026-08-11T08:23:36.000Z</time><extensions/></trkpt><trkpt lat="43.04300481453538" lon="-1.245834119617939"><ele>1246.5999755859375</ele><time>2026-08-11T08:23:37.000Z</time><extensions/></trkpt><trkpt lat="43.042984614148736" lon="-1.2459088861942291"><ele>1245.4000244140625</ele><time>2026-08-11T08:23:38.000Z</time><extensions/></trkpt><trkpt lat="43.04294236935675" lon="-1.2460646219551563"><ele>1244.199951171875</ele><time>2026-08-11T08:23:40.000Z</time><extensions/></trkpt><trkpt lat="43.04289643652737" lon="-1.2462283205240965"><ele>1242.800048828125</ele><time>2026-08-11T08:23:42.000Z</time><extensions/></trkpt><trkpt lat="43.04287531413138" lon="-1.24630618840456"><ele>1241.199951171875</ele><time>2026-08-11T08:23:43.000Z</time><extensions/></trkpt><trkpt lat="43.0428536888212" lon="-1.246381625533104"><ele>1240.0</ele><time>2026-08-11T08:23:44.000Z</time><extensions/></trkpt><trkpt lat="43.04283273406327" lon="-1.246458487585187"><ele>1238.800048828125</ele><time>2026-08-11T08:23:45.000Z</time><extensions/></trkpt><trkpt lat="43.0428119469434" lon="-1.24653828330338"><ele>1237.5999755859375</ele><time>2026-08-11T08:23:46.000Z</time><extensions/></trkpt><trkpt lat="43.04276945069432" lon="-1.2466965336352587"><ele>1236.0</ele><time>2026-08-11T08:23:48.000Z</time><extensions/></trkpt><trkpt lat="43.04272452369332" lon="-1.2468412052839994"><ele>1235.0</ele><time>2026-08-11T08:23:50.000Z</time><extensions/></trkpt><trkpt lat="43.04268864914775" lon="-1.2469681911170483"><ele>1234.0</ele><time>2026-08-11T08:23:52.000Z</time><extensions/></trkpt><trkpt lat="43.04267046041787" lon="-1.2470259424299002"><ele>1233.800048828125</ele><time>2026-08-11T08:23:53.000Z</time><extensions/></trkpt><trkpt lat="43.0425909999758" lon="-1.2472701910883188"><ele>1233.800048828125</ele><time>2026-08-11T08:23:58.000Z</time><extensions/></trkpt><trkpt lat="43.042544815689325" lon="-1.247330792248249"><ele>1233.5999755859375</ele><time>2026-08-11T08:24:01.000Z</time><extensions/></trkpt><trkpt lat="43.04253769107163" lon="-1.2473246734589338"><ele>1233.4000244140625</ele><time>2026-08-11T08:24:02.000Z</time><extensions/></trkpt><trkpt lat="43.04253777489066" lon="-1.247325511649251"><ele>1234.0</ele><time>2026-08-11T08:24:08.000Z</time><extensions/></trkpt><trkpt lat="43.04253777489066" lon="-1.247325511649251"><ele>1234.4000244140625</ele><time>2026-08-11T08:24:13.000Z</time><extensions/></trkpt><trkpt lat="43.04253777489066" lon="-1.247325511649251"><ele>1234.800048828125</ele><time>2026-08-11T08:24:16.000Z</time><extensions/></trkpt><trkpt lat="43.04254741407931" lon="-1.2473308760672808"><ele>1234.0</ele><time>2026-08-11T08:24:25.000Z</time><extensions/></trkpt><trkpt lat="43.04253777489066" lon="-1.247325511649251"><ele>1234.0</ele><time>2026-08-11T08:24:26.000Z</time><extensions/></trkpt><trkpt lat="43.04253777489066" lon="-1.247325511649251"><ele>1233.800048828125</ele><time>2026-08-11T08:24:27.000Z</time><extensions/></trkpt><trkpt lat="43.04253777489066" lon="-1.247325511649251"><ele>1233.800048828125</ele><time>2026-08-11T08:24:29.000Z</time><extensions/></trkpt><trkpt lat="43.04253777489066" lon="-1.247325511649251"><ele>1232.800048828125</ele><time>2026-08-11T08:24:42.000Z</time><extensions/></trkpt><trkpt lat="43.04253777489066" lon="-1.247325511649251"><ele>1232.5999755859375</ele><time>2026-08-11T08:24:50.000Z</time><extensions/></trkpt><trkpt lat="43.04253777489066" lon="-1.247325511649251"><ele>1232.5999755859375</ele><time>2026-08-11T08:25:02.000Z</time><extensions/></trkpt><trkpt lat="43.04253777489066" lon="-1.247325511649251"><ele>1233.0</ele><time>2026-08-11T08:25:04.000Z</time><extensions/></trkpt><trkpt lat="43.04253777489066" lon="-1.247325511649251"><ele>1233.0</ele><time>2026-08-11T08:25:12.000Z</time><extensions/></trkpt><trkpt lat="43.04253777489066" lon="-1.247325511649251"><ele>1233.0</ele><time>2026-08-11T08:25:15.000Z</time><extensions/></trkpt><trkpt lat="43.04253777489066" lon="-1.247325511649251"><ele>1233.0</ele><time>2026-08-11T08:25:17.000Z</time><extensions/></trkpt><trkpt lat="43.04253777489066" lon="-1.247325511649251"><ele>1233.0</ele><time>2026-08-11T08:25:29.000Z</time><extensions/></trkpt><trkpt lat="43.04253777489066" lon="-1.247325511649251"><ele>1233.0</ele><time>2026-08-11T08:25:36.000Z</time><extensions/></trkpt><trkpt lat="43.04253777489066" lon="-1.247325511649251"><ele>1233.0</ele><time>2026-08-11T08:25:51.000Z</time><extensions/></trkpt><trkpt lat="43.04253777489066" lon="-1.247325511649251"><ele>1233.0</ele><time>2026-08-11T08:25:53.000Z</time><extensions/></trkpt><trkpt lat="43.04253777489066" lon="-1.247325511649251"><ele>1233.0</ele><time>2026-08-11T08:26:08.000Z</time><extensions/></trkpt><trkpt lat="43.04253777489066" lon="-1.247325511649251"><ele>1233.0</ele><time>2026-08-11T08:26:16.000Z</time><extensions/></trkpt><trkpt lat="43.04253777489066" lon="-1.247325511649251"><ele>1233.0</ele><time>2026-08-11T08:26:32.000Z</time><extensions/></trkpt><trkpt lat="43.04253777489066" lon="-1.247325511649251"><ele>1233.0</ele><time>2026-08-11T08:26:41.000Z</time><extensions/></trkpt><trkpt lat="43.04253777489066" lon="-1.247325511649251"><ele>1233.0</ele><time>2026-08-11T08:27:01.000Z</time><extensions/></trkpt><trkpt lat="43.04253777489066" lon="-1.247325511649251"><ele>1233.0</ele><time>2026-08-11T08:27:08.000Z</time><extensions/></trkpt><trkpt lat="43.04253777489066" lon="-1.247325511649251"><ele>1233.0</ele><time>2026-08-11T08:27:09.000Z</time><extensions/></trkpt><trkpt lat="43.04254590533674" lon="-1.2473270203918219"><ele>1233.0</ele><time>2026-08-11T08:27:13.000Z</time><extensions/></trkpt><trkpt lat="43.04252008907497" lon="-1.2473179679363966"><ele>1233.5999755859375</ele><time>2026-08-11T08:27:15.000Z</time><extensions/></trkpt><trkpt lat="43.042443143203855" lon="-1.2472815066576004"><ele>1232.800048828125</ele><time>2026-08-11T08:27:20.000Z</time><extensions/></trkpt><trkpt lat="43.04237902164459" lon="-1.2472569476813078"><ele>1233.199951171875</ele><time>2026-08-11T08:27:23.000Z</time><extensions/></trkpt><trkpt lat="43.042339542880654" lon="-1.24730103649199"><ele>1232.800048828125</ele><time>2026-08-11T08:27:25.000Z</time><extensions/></trkpt><trkpt lat="43.042280953377485" lon="-1.247377898544073"><ele>1232.199951171875</ele><time>2026-08-11T08:27:28.000Z</time><extensions/></trkpt><trkpt lat="43.0422128085047" lon="-1.2474196404218674"><ele>1231.800048828125</ele><time>2026-08-11T08:27:31.000Z</time><extensions/></trkpt><trkpt lat="43.042165199294686" lon="-1.2474369071424007"><ele>1231.4000244140625</ele><time>2026-08-11T08:27:34.000Z</time><extensions/></trkpt><trkpt lat="43.04212681017816" lon="-1.2474355660378933"><ele>1231.199951171875</ele><time>2026-08-11T08:27:36.000Z</time><extensions/></trkpt><trkpt lat="43.042107950896025" lon="-1.247418550774455"><ele>1231.0</ele><time>2026-08-11T08:27:37.000Z</time><extensions/></trkpt><trkpt lat="43.04207785986364" lon="-1.2473445385694504"><ele>1230.800048828125</ele><time>2026-08-11T08:27:39.000Z</time><extensions/></trkpt><trkpt lat="43.04200460202992" lon="-1.2471368350088596"><ele>1229.5999755859375</ele><time>2026-08-11T08:27:44.000Z</time><extensions/></trkpt><trkpt lat="43.04199487902224" lon="-1.247095763683319"><ele>1229.199951171875</ele><time>2026-08-11T08:27:45.000Z</time><extensions/></trkpt><trkpt lat="43.04197182878852" lon="-1.246921420097351"><ele>1228.199951171875</ele><time>2026-08-11T08:27:48.000Z</time><extensions/></trkpt><trkpt lat="43.041963363066316" lon="-1.2468504253774881"><ele>1227.5999755859375</ele><time>2026-08-11T08:27:49.000Z</time><extensions/></trkpt><trkpt lat="43.041957244277" lon="-1.2466859724372625"><ele>1226.4000244140625</ele><time>2026-08-11T08:27:51.000Z</time><extensions/></trkpt><trkpt lat="43.04195288568735" lon="-1.2465081922709942"><ele>1223.4000244140625</ele><time>2026-08-11T08:27:53.000Z</time><extensions/></trkpt><trkpt lat="43.04194944910705" lon="-1.2464128900319338"><ele>1221.5999755859375</ele><time>2026-08-11T08:27:54.000Z</time><extensions/></trkpt><trkpt lat="43.041946766898036" lon="-1.246311804279685"><ele>1220.199951171875</ele><time>2026-08-11T08:27:55.000Z</time><extensions/></trkpt><trkpt lat="43.041937965899706" lon="-1.2462077010422945"><ele>1219.0</ele><time>2026-08-11T08:27:56.000Z</time><extensions/></trkpt><trkpt lat="43.04192740470171" lon="-1.2461081240326166"><ele>1217.4000244140625</ele><time>2026-08-11T08:27:57.000Z</time><extensions/></trkpt><trkpt lat="43.041927153244615" lon="-1.246004607528448"><ele>1215.199951171875</ele><time>2026-08-11T08:27:58.000Z</time><extensions/></trkpt><trkpt lat="43.041925644502044" lon="-1.245899498462677"><ele>1215.0</ele><time>2026-08-11T08:27:59.000Z</time><extensions/></trkpt><trkpt lat="43.041916927322745" lon="-1.2457977421581745"><ele>1213.4000244140625</ele><time>2026-08-11T08:28:00.000Z</time><extensions/></trkpt><trkpt lat="43.04190049879253" lon="-1.2457000091671944"><ele>1213.199951171875</ele><time>2026-08-11T08:28:01.000Z</time><extensions/></trkpt><trkpt lat="43.04188407026231" lon="-1.2455976661294699"><ele>1211.5999755859375</ele><time>2026-08-11T08:28:02.000Z</time><extensions/></trkpt><trkpt lat="43.04186386987567" lon="-1.2454919703304768"><ele>1210.5999755859375</ele><time>2026-08-11T08:28:03.000Z</time><extensions/></trkpt><trkpt lat="43.04183897562325" lon="-1.245379401370883"><ele>1209.0</ele><time>2026-08-11T08:28:04.000Z</time><extensions/></trkpt><trkpt lat="43.04181064479053" lon="-1.2452633120119572"><ele>1207.5999755859375</ele><time>2026-08-11T08:28:05.000Z</time><extensions/></trkpt><trkpt lat="43.04175331257284" lon="-1.245026858523488"><ele>1205.800048828125</ele><time>2026-08-11T08:28:07.000Z</time><extensions/></trkpt><trkpt lat="43.041720455512404" lon="-1.2449076678603888"><ele>1204.800048828125</ele><time>2026-08-11T08:28:08.000Z</time><extensions/></trkpt><trkpt lat="43.04168592207134" lon="-1.2447878066450357"><ele>1204.199951171875</ele><time>2026-08-11T08:28:09.000Z</time><extensions/></trkpt><trkpt lat="43.04161626845598" lon="-1.2445529457181692"><ele>1202.800048828125</ele><time>2026-08-11T08:28:11.000Z</time><extensions/></trkpt><trkpt lat="43.04156974889338" lon="-1.2444496806710958"><ele>1202.5999755859375</ele><time>2026-08-11T08:28:12.000Z</time><extensions/></trkpt><trkpt lat="43.04151845164597" lon="-1.2443535402417183"><ele>1202.4000244140625</ele><time>2026-08-11T08:28:13.000Z</time><extensions/></trkpt><trkpt lat="43.041323740035295" lon="-1.2439968902617693"><ele>1201.800048828125</ele><time>2026-08-11T08:28:17.000Z</time><extensions/></trkpt><trkpt lat="43.04124151356518" lon="-1.2438328564167023"><ele>1201.199951171875</ele><time>2026-08-11T08:28:19.000Z</time><extensions/></trkpt><trkpt lat="43.041152665391564" lon="-1.243698913604021"><ele>1201.800048828125</ele><time>2026-08-11T08:28:21.000Z</time><extensions/></trkpt><trkpt lat="43.04102006368339" lon="-1.2435182835906744"><ele>1201.5999755859375</ele><time>2026-08-11T08:28:24.000Z</time><extensions/></trkpt><trkpt lat="43.04085980169475" lon="-1.243298426270485"><ele>1202.5999755859375</ele><time>2026-08-11T08:28:29.000Z</time><extensions/></trkpt><trkpt lat="43.04074689745903" lon="-1.2431475520133972"><ele>1203.199951171875</ele><time>2026-08-11T08:28:34.000Z</time><extensions/></trkpt><trkpt lat="43.040689481422305" lon="-1.2430924829095602"><ele>1203.4000244140625</ele><time>2026-08-11T08:28:36.000Z</time><extensions/></trkpt><trkpt lat="43.04066098295152" lon="-1.2430653255432844"><ele>1203.5999755859375</ele><time>2026-08-11T08:28:37.000Z</time><extensions/></trkpt><trkpt lat="43.040552185848355" lon="-1.2429359927773476"><ele>1203.800048828125</ele><time>2026-08-11T08:28:41.000Z</time><extensions/></trkpt><trkpt lat="43.04052712395787" lon="-1.2429045606404543"><ele>1203.800048828125</ele><time>2026-08-11T08:28:42.000Z</time><extensions/></trkpt><trkpt lat="43.04034121334553" lon="-1.2426955997943878"><ele>1203.4000244140625</ele><time>2026-08-11T08:28:49.000Z</time><extensions/></trkpt><trkpt lat="43.040219843387604" lon="-1.2425829470157623"><ele>1203.5999755859375</ele><time>2026-08-11T08:28:53.000Z</time><extensions/></trkpt><trkpt lat="43.04016997106373" lon="-1.2425130419433117"><ele>1204.0</ele><time>2026-08-11T08:28:55.000Z</time><extensions/></trkpt><trkpt lat="43.04007198661566" lon="-1.2422908376902342"><ele>1204.4000244140625</ele><time>2026-08-11T08:29:00.000Z</time><extensions/></trkpt><trkpt lat="43.03996696136892" lon="-1.2420591618865728"><ele>1204.199951171875</ele><time>2026-08-11T08:29:06.000Z</time><extensions/></trkpt><trkpt lat="43.03984835743904" lon="-1.2418110575526953"><ele>1203.800048828125</ele><time>2026-08-11T08:29:12.000Z</time><extensions/></trkpt><trkpt lat="43.039707792922854" lon="-1.241540489718318"><ele>1203.5999755859375</ele><time>2026-08-11T08:29:19.000Z</time><extensions/></trkpt><trkpt lat="43.03959958255291" lon="-1.2412648927420378"><ele>1202.4000244140625</ele><time>2026-08-11T08:29:25.000Z</time><extensions/></trkpt><trkpt lat="43.03952196612954" lon="-1.241080490872264"><ele>1202.0</ele><time>2026-08-11T08:29:29.000Z</time><extensions/></trkpt><trkpt lat="43.03949740715325" lon="-1.241035396233201"><ele>1201.800048828125</ele><time>2026-08-11T08:29:30.000Z</time><extensions/></trkpt><trkpt lat="43.03944946266711" lon="-1.2409391719847918"><ele>1201.199951171875</ele><time>2026-08-11T08:29:32.000Z</time><extensions/></trkpt><trkpt lat="43.03939648903906" lon="-1.2408408522605896"><ele>1200.4000244140625</ele><time>2026-08-11T08:29:34.000Z</time><extensions/></trkpt><trkpt lat="43.039366733282804" lon="-1.240788633003831"><ele>1200.199951171875</ele><time>2026-08-11T08:29:35.000Z</time><extensions/></trkpt><trkpt lat="43.039334043860435" lon="-1.240733563899994"><ele>1200.0</ele><time>2026-08-11T08:29:36.000Z</time><extensions/></trkpt><trkpt lat="43.039265144616365" lon="-1.2406225875020027"><ele>1199.800048828125</ele><time>2026-08-11T08:29:38.000Z</time><extensions/></trkpt><trkpt lat="43.03917998448014" lon="-1.2405156344175339"><ele>1198.800048828125</ele><time>2026-08-11T08:29:40.000Z</time><extensions/></trkpt><trkpt lat="43.03913933224976" lon="-1.2404511775821447"><ele>1198.4000244140625</ele><time>2026-08-11T08:29:41.000Z</time><extensions/></trkpt><trkpt lat="43.03909842856228" lon="-1.2403849605470896"><ele>1197.800048828125</ele><time>2026-08-11T08:29:42.000Z</time><extensions/></trkpt><trkpt lat="43.038980746641755" lon="-1.2401925958693027"><ele>1196.5999755859375</ele><time>2026-08-11T08:29:45.000Z</time><extensions/></trkpt><trkpt lat="43.03889801725745" lon="-1.2400937732309103"><ele>1196.5999755859375</ele><time>2026-08-11T08:29:47.000Z</time><extensions/></trkpt><trkpt lat="43.0388542637229" lon="-1.2400577310472727"><ele>1196.800048828125</ele><time>2026-08-11T08:29:48.000Z</time><extensions/></trkpt><trkpt lat="43.03877463564277" lon="-1.2399871554225683"><ele>1197.199951171875</ele><time>2026-08-11T08:29:50.000Z</time><extensions/></trkpt><trkpt lat="43.038709089159966" lon="-1.2399202678352594"><ele>1198.199951171875</ele><time>2026-08-11T08:29:52.000Z</time><extensions/></trkpt><trkpt lat="43.03864982910454" lon="-1.239870060235262"><ele>1199.0</ele><time>2026-08-11T08:29:54.000Z</time><extensions/></trkpt><trkpt lat="43.038624599575996" lon="-1.239840555936098"><ele>1199.5999755859375</ele><time>2026-08-11T08:29:55.000Z</time><extensions/></trkpt><trkpt lat="43.03850951604545" lon="-1.2397391349077225"><ele>1200.5999755859375</ele><time>2026-08-11T08:29:59.000Z</time><extensions/></trkpt><trkpt lat="43.03848160430789" lon="-1.2397138215601444"><ele>1200.800048828125</ele><time>2026-08-11T08:30:00.000Z</time><extensions/></trkpt><trkpt lat="43.03829703480005" lon="-1.2395310960710049"><ele>1201.4000244140625</ele><time>2026-08-11T08:30:07.000Z</time><extensions/></trkpt><trkpt lat="43.038274655118585" lon="-1.239503938704729"><ele>1201.800048828125</ele><time>2026-08-11T08:30:08.000Z</time><extensions/></trkpt><trkpt lat="43.0382030736655" lon="-1.2394285015761852"><ele>1202.800048828125</ele><time>2026-08-11T08:30:11.000Z</time><extensions/></trkpt><trkpt lat="43.03814481943846" lon="-1.2393477838486433"><ele>1204.0</ele><time>2026-08-11T08:30:14.000Z</time><extensions/></trkpt><trkpt lat="43.03804574534297" lon="-1.2392259109765291"><ele>1204.4000244140625</ele><time>2026-08-11T08:30:19.000Z</time><extensions/></trkpt><trkpt lat="43.038004003465176" lon="-1.2391713447868824"><ele>1204.4000244140625</ele><time>2026-08-11T08:30:21.000Z</time><extensions/></trkpt><trkpt lat="43.03796326741576" lon="-1.2391158565878868"><ele>1204.800048828125</ele><time>2026-08-11T08:30:23.000Z</time><extensions/></trkpt><trkpt lat="43.037859331816435" lon="-1.238948218524456"><ele>1204.800048828125</ele><time>2026-08-11T08:30:29.000Z</time><extensions/></trkpt><trkpt lat="43.03777056746185" lon="-1.238804804161191"><ele>1205.0</ele><time>2026-08-11T08:30:34.000Z</time><extensions/></trkpt><trkpt lat="43.03771633654833" lon="-1.2387216556817293"><ele>1205.199951171875</ele><time>2026-08-11T08:30:37.000Z</time><extensions/></trkpt><trkpt lat="43.03758348338306" lon="-1.2384903151541948"><ele>1206.199951171875</ele><time>2026-08-11T08:30:45.000Z</time><extensions/></trkpt><trkpt lat="43.0375555716455" lon="-1.238433988764882"><ele>1206.5999755859375</ele><time>2026-08-11T08:30:47.000Z</time><extensions/></trkpt><trkpt lat="43.037533862516284" lon="-1.2383541092276573"><ele>1207.199951171875</ele><time>2026-08-11T08:30:50.000Z</time><extensions/></trkpt><trkpt lat="43.03750972263515" lon="-1.2382782530039549"><ele>1207.800048828125</ele><time>2026-08-11T08:30:53.000Z</time><extensions/></trkpt><trkpt lat="43.0374968983233" lon="-1.2382550351321697"><ele>1208.0</ele><time>2026-08-11T08:30:54.000Z</time><extensions/></trkpt><trkpt lat="43.03749639540911" lon="-1.2382360082119703"><ele>1208.199951171875</ele><time>2026-08-11T08:30:55.000Z</time><extensions/></trkpt><trkpt lat="43.037503100931644" lon="-1.2382147181779146"><ele>1208.4000244140625</ele><time>2026-08-11T08:30:56.000Z</time><extensions/></trkpt><trkpt lat="43.037500251084566" lon="-1.238205498084426"><ele>1209.0</ele><time>2026-08-11T08:30:57.000Z</time><extensions/></trkpt><trkpt lat="43.03750251419842" lon="-1.2382108625024557"><ele>1209.800048828125</ele><time>2026-08-11T08:30:59.000Z</time><extensions/></trkpt><trkpt lat="43.03750251419842" lon="-1.2382108625024557"><ele>1209.800048828125</ele><time>2026-08-11T08:31:02.000Z</time><extensions/></trkpt><trkpt lat="43.03750251419842" lon="-1.2382108625024557"><ele>1209.5999755859375</ele><time>2026-08-11T08:31:10.000Z</time><extensions/></trkpt><trkpt lat="43.03750251419842" lon="-1.2382108625024557"><ele>1209.4000244140625</ele><time>2026-08-11T08:31:22.000Z</time><extensions/></trkpt><trkpt lat="43.03750251419842" lon="-1.2382108625024557"><ele>1209.4000244140625</ele><time>2026-08-11T08:31:24.000Z</time><extensions/></trkpt><trkpt lat="43.037504609674215" lon="-1.2382087670266628"><ele>1209.4000244140625</ele><time>2026-08-11T08:31:31.000Z</time><extensions/></trkpt><trkpt lat="43.03749882616103" lon="-1.2381918355822563"><ele>1209.4000244140625</ele><time>2026-08-11T08:31:32.000Z</time><extensions/></trkpt><trkpt lat="43.03744979202747" lon="-1.2380734831094742"><ele>1208.800048828125</ele><time>2026-08-11T08:31:38.000Z</time><extensions/></trkpt><trkpt lat="43.037442080676556" lon="-1.2380577251315117"><ele>1208.800048828125</ele><time>2026-08-11T08:31:42.000Z</time><extensions/></trkpt><trkpt lat="43.037442080676556" lon="-1.2380577251315117"><ele>1209.0</ele><time>2026-08-11T08:31:46.000Z</time><extensions/></trkpt><trkpt lat="43.037442080676556" lon="-1.2380577251315117"><ele>1209.0</ele><time>2026-08-11T08:31:48.000Z</time><extensions/></trkpt><trkpt lat="43.037442080676556" lon="-1.2380577251315117"><ele>1209.0</ele><time>2026-08-11T08:31:53.000Z</time><extensions/></trkpt><trkpt lat="43.037442080676556" lon="-1.2380577251315117"><ele>1209.0</ele><time>2026-08-11T08:32:01.000Z</time><extensions/></trkpt><trkpt lat="43.037442080676556" lon="-1.2380577251315117"><ele>1209.199951171875</ele><time>2026-08-11T08:32:08.000Z</time><extensions/></trkpt><trkpt lat="43.037442080676556" lon="-1.2380577251315117"><ele>1209.5999755859375</ele><time>2026-08-11T08:32:16.000Z</time><extensions/></trkpt><trkpt lat="43.037442080676556" lon="-1.2380577251315117"><ele>1209.5999755859375</ele><time>2026-08-11T08:32:20.000Z</time><extensions/></trkpt><trkpt lat="43.037442080676556" lon="-1.2380577251315117"><ele>1209.800048828125</ele><time>2026-08-11T08:32:29.000Z</time><extensions/></trkpt><trkpt lat="43.037442080676556" lon="-1.2380577251315117"><ele>1209.800048828125</ele><time>2026-08-11T08:32:30.000Z</time><extensions/></trkpt><trkpt lat="43.037442080676556" lon="-1.2380577251315117"><ele>1209.5999755859375</ele><time>2026-08-11T08:32:33.000Z</time><extensions/></trkpt><trkpt lat="43.037442080676556" lon="-1.2380577251315117"><ele>1209.4000244140625</ele><time>2026-08-11T08:32:42.000Z</time><extensions/></trkpt><trkpt lat="43.037442080676556" lon="-1.2380577251315117"><ele>1209.5999755859375</ele><time>2026-08-11T08:32:45.000Z</time><extensions/></trkpt><trkpt lat="43.037442080676556" lon="-1.2380577251315117"><ele>1209.5999755859375</ele><time>2026-08-11T08:33:00.000Z</time><extensions/></trkpt><trkpt lat="43.037442080676556" lon="-1.2380577251315117"><ele>1209.5999755859375</ele><time>2026-08-11T08:33:01.000Z</time><extensions/></trkpt><trkpt lat="43.037442080676556" lon="-1.2380577251315117"><ele>1209.4000244140625</ele><time>2026-08-11T08:33:09.000Z</time><extensions/></trkpt><trkpt lat="43.037442080676556" lon="-1.2380577251315117"><ele>1209.5999755859375</ele><time>2026-08-11T08:33:22.000Z</time><extensions/></trkpt><trkpt lat="43.037442080676556" lon="-1.2380577251315117"><ele>1209.800048828125</ele><time>2026-08-11T08:33:40.000Z</time><extensions/></trkpt><trkpt lat="43.037442080676556" lon="-1.2380577251315117"><ele>1209.4000244140625</ele><time>2026-08-11T08:33:51.000Z</time><extensions/></trkpt><trkpt lat="43.0374414101243" lon="-1.2380559649318457"><ele>1209.4000244140625</ele><time>2026-08-11T08:33:53.000Z</time><extensions/></trkpt><trkpt lat="43.037413749843836" lon="-1.2379999738186598"><ele>1209.0</ele><time>2026-08-11T08:33:55.000Z</time><extensions/></trkpt><trkpt lat="43.03740092553198" lon="-1.2379632610827684"><ele>1208.5999755859375</ele><time>2026-08-11T08:33:56.000Z</time><extensions/></trkpt><trkpt lat="43.03737502545118" lon="-1.2378810346126556"><ele>1207.5999755859375</ele><time>2026-08-11T08:33:58.000Z</time><extensions/></trkpt><trkpt lat="43.0373499635607" lon="-1.2377991434186697"><ele>1206.4000244140625</ele><time>2026-08-11T08:34:00.000Z</time><extensions/></trkpt><trkpt lat="43.037316938862205" lon="-1.237695124000311"><ele>1205.199951171875</ele><time>2026-08-11T08:34:04.000Z</time><extensions/></trkpt><trkpt lat="43.03729715757072" lon="-1.2375931162387133"><ele>1203.4000244140625</ele><time>2026-08-11T08:34:07.000Z</time><extensions/></trkpt><trkpt lat="43.03730143234134" lon="-1.2375035975128412"><ele>1202.199951171875</ele><time>2026-08-11T08:34:09.000Z</time><extensions/></trkpt><trkpt lat="43.037336049601436" lon="-1.2374113127589226"><ele>1201.199951171875</ele><time>2026-08-11T08:34:11.000Z</time><extensions/></trkpt><trkpt lat="43.0374001711607" lon="-1.2373212072998285"><ele>1199.5999755859375</ele><time>2026-08-11T08:34:13.000Z</time><extensions/></trkpt><trkpt lat="43.03743596188724" lon="-1.2372778728604317"><ele>1198.5999755859375</ele><time>2026-08-11T08:34:14.000Z</time><extensions/></trkpt><trkpt lat="43.03747493773699" lon="-1.2372329458594322"><ele>1197.5999755859375</ele><time>2026-08-11T08:34:15.000Z</time><extensions/></trkpt><trkpt lat="43.03754936903715" lon="-1.2371394876390696"><ele>1196.199951171875</ele><time>2026-08-11T08:34:17.000Z</time><extensions/></trkpt><trkpt lat="43.03758365102112" lon="-1.2370932195335627"><ele>1195.0</ele><time>2026-08-11T08:34:18.000Z</time><extensions/></trkpt><trkpt lat="43.0376089643687" lon="-1.2370415031909943"><ele>1194.4000244140625</ele><time>2026-08-11T08:34:19.000Z</time><extensions/></trkpt><trkpt lat="43.03761726245284" lon="-1.2369845900684595"><ele>1193.0</ele><time>2026-08-11T08:34:20.000Z</time><extensions/></trkpt><trkpt lat="43.037634026259184" lon="-1.236929940059781"><ele>1191.5999755859375</ele><time>2026-08-11T08:34:21.000Z</time><extensions/></trkpt><trkpt lat="43.03764601238072" lon="-1.236875206232071"><ele>1191.0</ele><time>2026-08-11T08:34:22.000Z</time><extensions/></trkpt><trkpt lat="43.03764156997204" lon="-1.2368371523916721"><ele>1190.4000244140625</ele><time>2026-08-11T08:34:23.000Z</time><extensions/></trkpt><trkpt lat="43.0376383010298" lon="-1.2368279322981834"><ele>1190.0</ele><time>2026-08-11T08:34:25.000Z</time><extensions/></trkpt><trkpt lat="43.0376383010298" lon="-1.2368280999362469"><ele>1190.0</ele><time>2026-08-11T08:34:26.000Z</time><extensions/></trkpt><trkpt lat="43.03763050585985" lon="-1.2368353083729744"><ele>1190.0</ele><time>2026-08-11T08:34:28.000Z</time><extensions/></trkpt><trkpt lat="43.03763226605952" lon="-1.236827177926898"><ele>1190.0</ele><time>2026-08-11T08:34:31.000Z</time><extensions/></trkpt><trkpt lat="43.03763226605952" lon="-1.236827177926898"><ele>1189.4000244140625</ele><time>2026-08-11T08:34:36.000Z</time><extensions/></trkpt><trkpt lat="43.03763226605952" lon="-1.236827177926898"><ele>1189.4000244140625</ele><time>2026-08-11T08:34:39.000Z</time><extensions/></trkpt><trkpt lat="43.03763276897371" lon="-1.2368285190314054"><ele>1189.4000244140625</ele><time>2026-08-11T08:34:41.000Z</time><extensions/></trkpt><trkpt lat="43.037628158926964" lon="-1.2368216458708048"><ele>1189.5999755859375</ele><time>2026-08-11T08:34:43.000Z</time><extensions/></trkpt><trkpt lat="43.03763226605952" lon="-1.236827177926898"><ele>1189.5999755859375</ele><time>2026-08-11T08:34:47.000Z</time><extensions/></trkpt><trkpt lat="43.03759186528623" lon="-1.2367397546768188"><ele>1188.800048828125</ele><time>2026-08-11T08:34:52.000Z</time><extensions/></trkpt><trkpt lat="43.037555906921625" lon="-1.2367081549018621"><ele>1188.0</ele><time>2026-08-11T08:34:53.000Z</time><extensions/></trkpt><trkpt lat="43.03750972263515" lon="-1.2366887927055359"><ele>1187.0</ele><time>2026-08-11T08:34:54.000Z</time><extensions/></trkpt><trkpt lat="43.03745272569358" lon="-1.2366750463843346"><ele>1185.5999755859375</ele><time>2026-08-11T08:34:55.000Z</time><extensions/></trkpt><trkpt lat="43.03739287890494" lon="-1.236671106889844"><ele>1184.4000244140625</ele><time>2026-08-11T08:34:56.000Z</time><extensions/></trkpt><trkpt lat="43.037333115935326" lon="-1.2366651557385921"><ele>1183.0</ele><time>2026-08-11T08:34:57.000Z</time><extensions/></trkpt><trkpt lat="43.03727821446955" lon="-1.2366422731429338"><ele>1181.5999755859375</ele><time>2026-08-11T08:34:58.000Z</time><extensions/></trkpt><trkpt lat="43.03722482174635" lon="-1.2366187199950218"><ele>1181.0</ele><time>2026-08-11T08:34:59.000Z</time><extensions/></trkpt><trkpt lat="43.037176206707954" lon="-1.236605141311884"><ele>1179.5999755859375</ele><time>2026-08-11T08:35:00.000Z</time><extensions/></trkpt><trkpt lat="43.03709305822849" lon="-1.2365471385419369"><ele>1177.4000244140625</ele><time>2026-08-11T08:35:02.000Z</time><extensions/></trkpt><trkpt lat="43.03705098107457" lon="-1.2365057319402695"><ele>1175.800048828125</ele><time>2026-08-11T08:35:03.000Z</time><extensions/></trkpt><trkpt lat="43.03700513206422" lon="-1.2364720366895199"><ele>1174.5999755859375</ele><time>2026-08-11T08:35:04.000Z</time><extensions/></trkpt><trkpt lat="43.03695844486356" lon="-1.2364252656698227"><ele>1173.199951171875</ele><time>2026-08-11T08:35:05.000Z</time><extensions/></trkpt><trkpt lat="43.0368631426245" lon="-1.2363395188003778"><ele>1170.800048828125</ele><time>2026-08-11T08:35:07.000Z</time><extensions/></trkpt><trkpt lat="43.036811677739024" lon="-1.236295010894537"><ele>1169.0</ele><time>2026-08-11T08:35:08.000Z</time><extensions/></trkpt><trkpt lat="43.03676063194871" lon="-1.2362396903336048"><ele>1167.4000244140625</ele><time>2026-08-11T08:35:09.000Z</time><extensions/></trkpt><trkpt lat="43.036706652492285" lon="-1.2361802626401186"><ele>1165.5999755859375</ele><time>2026-08-11T08:35:10.000Z</time><extensions/></trkpt><trkpt lat="43.03665082901716" lon="-1.2361236847937107"><ele>1164.0</ele><time>2026-08-11T08:35:11.000Z</time><extensions/></trkpt><trkpt lat="43.036590814590454" lon="-1.236083284020424"><ele>1162.5999755859375</ele><time>2026-08-11T08:35:12.000Z</time><extensions/></trkpt><trkpt lat="43.0365330632776" lon="-1.2360488343983889"><ele>1160.5999755859375</ele><time>2026-08-11T08:35:13.000Z</time><extensions/></trkpt><trkpt lat="43.03648545406759" lon="-1.2359952740371227"><ele>1159.0</ele><time>2026-08-11T08:35:14.000Z</time><extensions/></trkpt><trkpt lat="43.03644614294171" lon="-1.2359277158975601"><ele>1157.800048828125</ele><time>2026-08-11T08:35:15.000Z</time><extensions/></trkpt><trkpt lat="43.03641722537577" lon="-1.2358480039983988"><ele>1156.4000244140625</ele><time>2026-08-11T08:35:16.000Z</time><extensions/></trkpt><trkpt lat="43.03635452874005" lon="-1.2357044219970703"><ele>1154.800048828125</ele><time>2026-08-11T08:35:18.000Z</time><extensions/></trkpt><trkpt lat="43.036317732185125" lon="-1.2356480956077576"><ele>1153.800048828125</ele><time>2026-08-11T08:35:19.000Z</time><extensions/></trkpt><trkpt lat="43.03627842105925" lon="-1.235598474740982"><ele>1152.5999755859375</ele><time>2026-08-11T08:35:20.000Z</time><extensions/></trkpt><trkpt lat="43.036244390532374" lon="-1.2355408910661936"><ele>1151.4000244140625</ele><time>2026-08-11T08:35:21.000Z</time><extensions/></trkpt><trkpt lat="43.03621631115675" lon="-1.2354705668985844"><ele>1150.0</ele><time>2026-08-11T08:35:22.000Z</time><extensions/></trkpt><trkpt lat="43.03619778715074" lon="-1.2353905197232962"><ele>1148.800048828125</ele><time>2026-08-11T08:35:23.000Z</time><extensions/></trkpt><trkpt lat="43.03618362173438" lon="-1.2353091314435005"><ele>1147.5999755859375</ele><time>2026-08-11T08:35:24.000Z</time><extensions/></trkpt><trkpt lat="43.0361741501838" lon="-1.2352243065834045"><ele>1146.5999755859375</ele><time>2026-08-11T08:35:25.000Z</time><extensions/></trkpt><trkpt lat="43.03616560064256" lon="-1.235143169760704"><ele>1145.5999755859375</ele><time>2026-08-11T08:35:26.000Z</time><extensions/></trkpt><trkpt lat="43.03615135140717" lon="-1.2350718397647142"><ele>1144.4000244140625</ele><time>2026-08-11T08:35:27.000Z</time><extensions/></trkpt><trkpt lat="43.036135425791144" lon="-1.2350012641400099"><ele>1143.199951171875</ele><time>2026-08-11T08:35:28.000Z</time><extensions/></trkpt><trkpt lat="43.03612360730767" lon="-1.234922306612134"><ele>1141.5999755859375</ele><time>2026-08-11T08:35:29.000Z</time><extensions/></trkpt><trkpt lat="43.03612360730767" lon="-1.234922306612134"><ele>1140.5999755859375</ele><time>2026-08-11T08:35:30.000Z</time><extensions/></trkpt><trkpt lat="43.03610743023455" lon="-1.2348096538335085"><ele>1139.4000244140625</ele><time>2026-08-11T08:35:31.000Z</time><extensions/></trkpt><trkpt lat="43.0360964499414" lon="-1.2347653973847628"><ele>1138.4000244140625</ele><time>2026-08-11T08:35:32.000Z</time><extensions/></trkpt><trkpt lat="43.036086559295654" lon="-1.23472323641181"><ele>1137.5999755859375</ele><time>2026-08-11T08:35:33.000Z</time><extensions/></trkpt><trkpt lat="43.036086056381464" lon="-1.2346668262034655"><ele>1136.800048828125</ele><time>2026-08-11T08:35:34.000Z</time><extensions/></trkpt><trkpt lat="43.03609016351402" lon="-1.23460303992033"><ele>1135.5999755859375</ele><time>2026-08-11T08:35:35.000Z</time><extensions/></trkpt><trkpt lat="43.03610583767295" lon="-1.234530285000801"><ele>1134.800048828125</ele><time>2026-08-11T08:35:36.000Z</time><extensions/></trkpt><trkpt lat="43.03612218238413" lon="-1.2344494834542274"><ele>1133.4000244140625</ele><time>2026-08-11T08:35:37.000Z</time><extensions/></trkpt><trkpt lat="43.03615193814039" lon="-1.2343747168779373"><ele>1132.199951171875</ele><time>2026-08-11T08:35:38.000Z</time><extensions/></trkpt><trkpt lat="43.03618052043021" lon="-1.2342945020645857"><ele>1131.0</ele><time>2026-08-11T08:35:39.000Z</time><extensions/></trkpt><trkpt lat="43.03620315156877" lon="-1.234217556193471"><ele>1129.199951171875</ele><time>2026-08-11T08:35:40.000Z</time><extensions/></trkpt><trkpt lat="43.036239109933376" lon="-1.2340957671403885"><ele>1127.800048828125</ele><time>2026-08-11T08:35:42.000Z</time><extensions/></trkpt><trkpt lat="43.036254700273275" lon="-1.2340344954282045"><ele>1127.4000244140625</ele><time>2026-08-11T08:35:44.000Z</time><extensions/></trkpt><trkpt lat="43.03626115433872" lon="-1.2339985370635986"><ele>1127.5999755859375</ele><time>2026-08-11T08:35:46.000Z</time><extensions/></trkpt><trkpt lat="43.03623408079147" lon="-1.2339472398161888"><ele>1127.0</ele><time>2026-08-11T08:35:49.000Z</time><extensions/></trkpt><trkpt lat="43.03622477687895" lon="-1.2339189928025007"><ele>1126.199951171875</ele><time>2026-08-11T08:35:50.000Z</time><extensions/></trkpt><trkpt lat="43.03620818071067" lon="-1.233832910656929"><ele>1124.199951171875</ele><time>2026-08-11T08:35:52.000Z</time><extensions/></trkpt><trkpt lat="43.03619569167495" lon="-1.233776668086648"><ele>1123.0</ele><time>2026-08-11T08:35:53.000Z</time><extensions/></trkpt><trkpt lat="43.03617540746927" lon="-1.2337155640125275"><ele>1121.800048828125</ele><time>2026-08-11T08:35:54.000Z</time><extensions/></trkpt><trkpt lat="43.03614975884557" lon="-1.233655298128724"><ele>1120.4000244140625</ele><time>2026-08-11T08:35:55.000Z</time><extensions/></trkpt><trkpt lat="43.03611991927028" lon="-1.233593774959445"><ele>1119.0</ele><time>2026-08-11T08:35:56.000Z</time><extensions/></trkpt><trkpt lat="43.036087565124035" lon="-1.2335317488759756"><ele>1118.4000244140625</ele><time>2026-08-11T08:35:57.000Z</time><extensions/></trkpt><trkpt lat="43.03605412133038" lon="-1.2334731593728065"><ele>1116.4000244140625</ele><time>2026-08-11T08:35:58.000Z</time><extensions/></trkpt><trkpt lat="43.03602922707796" lon="-1.233415575698018"><ele>1114.800048828125</ele><time>2026-08-11T08:35:59.000Z</time><extensions/></trkpt><trkpt lat="43.03601640276611" lon="-1.2333574891090393"><ele>1113.4000244140625</ele><time>2026-08-11T08:36:00.000Z</time><extensions/></trkpt><trkpt lat="43.03600466810167" lon="-1.233297809958458"><ele>1112.199951171875</ele><time>2026-08-11T08:36:01.000Z</time><extensions/></trkpt><trkpt lat="43.03596192039549" lon="-1.2332063633948565"><ele>1110.5999755859375</ele><time>2026-08-11T08:36:03.000Z</time><extensions/></trkpt><trkpt lat="43.035893524065614" lon="-1.2331625260412693"><ele>1108.800048828125</ele><time>2026-08-11T08:36:05.000Z</time><extensions/></trkpt><trkpt lat="43.03586418740451" lon="-1.2331757694482803"><ele>1108.0</ele><time>2026-08-11T08:36:06.000Z</time><extensions/></trkpt><trkpt lat="43.035835856571794" lon="-1.233193539083004"><ele>1107.4000244140625</ele><time>2026-08-11T08:36:07.000Z</time><extensions/></trkpt><trkpt lat="43.03580006584525" lon="-1.2332006637006998"><ele>1106.199951171875</ele><time>2026-08-11T08:36:08.000Z</time><extensions/></trkpt><trkpt lat="43.03576075471938" lon="-1.2332020048052073"><ele>1105.199951171875</ele><time>2026-08-11T08:36:09.000Z</time><extensions/></trkpt><trkpt lat="43.0357111338526" lon="-1.2332023400813341"><ele>1104.199951171875</ele><time>2026-08-11T08:36:10.000Z</time><extensions/></trkpt><trkpt lat="43.03565631620586" lon="-1.2331921979784966"><ele>1103.0</ele><time>2026-08-11T08:36:11.000Z</time><extensions/></trkpt><trkpt lat="43.035603845492005" lon="-1.2331592570990324"><ele>1102.199951171875</ele><time>2026-08-11T08:36:12.000Z</time><extensions/></trkpt><trkpt lat="43.03555095568299" lon="-1.2331218738108873"><ele>1101.4000244140625</ele><time>2026-08-11T08:36:13.000Z</time><extensions/></trkpt><trkpt lat="43.03544467315078" lon="-1.233046017587185"><ele>1099.0</ele><time>2026-08-11T08:36:15.000Z</time><extensions/></trkpt><trkpt lat="43.03533973172307" lon="-1.232993882149458"><ele>1097.0</ele><time>2026-08-11T08:36:17.000Z</time><extensions/></trkpt><trkpt lat="43.03528751246631" lon="-1.2329675629734993"><ele>1096.0</ele><time>2026-08-11T08:36:18.000Z</time><extensions/></trkpt><trkpt lat="43.03523453883827" lon="-1.232932610437274"><ele>1095.199951171875</ele><time>2026-08-11T08:36:19.000Z</time><extensions/></trkpt><trkpt lat="43.03513211198151" lon="-1.232864549383521"><ele>1093.5999755859375</ele><time>2026-08-11T08:36:21.000Z</time><extensions/></trkpt><trkpt lat="43.035081988200545" lon="-1.232839822769165"><ele>1093.199951171875</ele><time>2026-08-11T08:36:22.000Z</time><extensions/></trkpt><trkpt lat="43.03503295406699" lon="-1.2328219693154097"><ele>1092.800048828125</ele><time>2026-08-11T08:36:23.000Z</time><extensions/></trkpt><trkpt lat="43.03498785942793" lon="-1.232800679281354"><ele>1091.800048828125</ele><time>2026-08-11T08:36:24.000Z</time><extensions/></trkpt><trkpt lat="43.03494653664529" lon="-1.2327748630195856"><ele>1091.4000244140625</ele><time>2026-08-11T08:36:25.000Z</time><extensions/></trkpt><trkpt lat="43.034860119223595" lon="-1.2327257450670004"><ele>1090.0</ele><time>2026-08-11T08:36:27.000Z</time><extensions/></trkpt><trkpt lat="43.03478501737118" lon="-1.23267930932343"><ele>1088.800048828125</ele><time>2026-08-11T08:36:29.000Z</time><extensions/></trkpt><trkpt lat="43.03472642786801" lon="-1.2326101586222649"><ele>1087.199951171875</ele><time>2026-08-11T08:36:31.000Z</time><extensions/></trkpt><trkpt lat="43.03466892801225" lon="-1.232522651553154"><ele>1086.199951171875</ele><time>2026-08-11T08:36:33.000Z</time><extensions/></trkpt><trkpt lat="43.03464260883629" lon="-1.2324664928019047"><ele>1084.5999755859375</ele><time>2026-08-11T08:36:34.000Z</time><extensions/></trkpt><trkpt lat="43.03462131880224" lon="-1.2324053049087524"><ele>1083.199951171875</ele><time>2026-08-11T08:36:35.000Z</time><extensions/></trkpt><trkpt lat="43.03460966795683" lon="-1.2323392555117607"><ele>1082.0</ele><time>2026-08-11T08:36:36.000Z</time><extensions/></trkpt><trkpt lat="43.03459659218788" lon="-1.2322758045047522"><ele>1081.0</ele><time>2026-08-11T08:36:37.000Z</time><extensions/></trkpt><trkpt lat="43.034550407901406" lon="-1.2320906482636929"><ele>1079.4000244140625</ele><time>2026-08-11T08:36:40.000Z</time><extensions/></trkpt><trkpt lat="43.03454093635082" lon="-1.2320239283144474"><ele>1078.4000244140625</ele><time>2026-08-11T08:36:41.000Z</time><extensions/></trkpt><trkpt lat="43.0345247592777" lon="-1.2319603934884071"><ele>1077.4000244140625</ele><time>2026-08-11T08:36:42.000Z</time><extensions/></trkpt><trkpt lat="43.03451185114682" lon="-1.2318979483097792"><ele>1076.4000244140625</ele><time>2026-08-11T08:36:43.000Z</time><extensions/></trkpt><trkpt lat="43.03450279869139" lon="-1.2318301387131214"><ele>1075.4000244140625</ele><time>2026-08-11T08:36:44.000Z</time><extensions/></trkpt><trkpt lat="43.03448963910341" lon="-1.23176165856421"><ele>1074.5999755859375</ele><time>2026-08-11T08:36:45.000Z</time><extensions/></trkpt><trkpt lat="43.03443817421794" lon="-1.2315682042390108"><ele>1073.199951171875</ele><time>2026-08-11T08:36:48.000Z</time><extensions/></trkpt><trkpt lat="43.03441344760358" lon="-1.2314268853515387"><ele>1071.5999755859375</ele><time>2026-08-11T08:36:50.000Z</time><extensions/></trkpt><trkpt lat="43.03440439514816" lon="-1.2313022464513779"><ele>1069.800048828125</ele><time>2026-08-11T08:36:52.000Z</time><extensions/></trkpt><trkpt lat="43.03441361524165" lon="-1.2312472611665726"><ele>1069.0</ele><time>2026-08-11T08:36:53.000Z</time><extensions/></trkpt><trkpt lat="43.03441562689841" lon="-1.2311912700533867"><ele>1068.4000244140625</ele><time>2026-08-11T08:36:54.000Z</time><extensions/></trkpt><trkpt lat="43.034403221681714" lon="-1.2310741748660803"><ele>1067.199951171875</ele><time>2026-08-11T08:36:56.000Z</time><extensions/></trkpt><trkpt lat="43.034391570836306" lon="-1.2310183513909578"><ele>1066.5999755859375</ele><time>2026-08-11T08:36:57.000Z</time><extensions/></trkpt><trkpt lat="43.03437262773514" lon="-1.2309633661061525"><ele>1066.199951171875</ele><time>2026-08-11T08:36:58.000Z</time><extensions/></trkpt><trkpt lat="43.034370951354504" lon="-1.2308521382510662"><ele>1065.0</ele><time>2026-08-11T08:37:00.000Z</time><extensions/></trkpt><trkpt lat="43.03437338210642" lon="-1.230796817690134"><ele>1064.5999755859375</ele><time>2026-08-11T08:37:01.000Z</time><extensions/></trkpt><trkpt lat="43.034368604421616" lon="-1.2306954804807901"><ele>1063.5999755859375</ele><time>2026-08-11T08:37:03.000Z</time><extensions/></trkpt><trkpt lat="43.03436734713614" lon="-1.2305786367505789"><ele>1062.5999755859375</ele><time>2026-08-11T08:37:05.000Z</time><extensions/></trkpt><trkpt lat="43.0343572050333" lon="-1.230525327846408"><ele>1062.0</ele><time>2026-08-11T08:37:06.000Z</time><extensions/></trkpt><trkpt lat="43.03434622474015" lon="-1.2304739467799664"><ele>1061.199951171875</ele><time>2026-08-11T08:37:07.000Z</time><extensions/></trkpt><trkpt lat="43.03433180786669" lon="-1.2303840089589357"><ele>1059.800048828125</ele><time>2026-08-11T08:37:09.000Z</time><extensions/></trkpt><trkpt lat="43.0343281198293" lon="-1.2302729487419128"><ele>1058.5999755859375</ele><time>2026-08-11T08:37:11.000Z</time><extensions/></trkpt><trkpt lat="43.034366676583886" lon="-1.2301541771739721"><ele>1057.199951171875</ele><time>2026-08-11T08:37:13.000Z</time><extensions/></trkpt><trkpt lat="43.0343936663121" lon="-1.2300261855125427"><ele>1055.800048828125</ele><time>2026-08-11T08:37:15.000Z</time><extensions/></trkpt><trkpt lat="43.034389559179544" lon="-1.2298795860260725"><ele>1054.0</ele><time>2026-08-11T08:37:17.000Z</time><extensions/></trkpt><trkpt lat="43.03439140319824" lon="-1.2298023886978626"><ele>1053.0</ele><time>2026-08-11T08:37:18.000Z</time><extensions/></trkpt><trkpt lat="43.03439014591277" lon="-1.2297247722744942"><ele>1052.4000244140625</ele><time>2026-08-11T08:37:19.000Z</time><extensions/></trkpt><trkpt lat="43.03438897244632" lon="-1.2296453956514597"><ele>1051.0</ele><time>2026-08-11T08:37:20.000Z</time><extensions/></trkpt><trkpt lat="43.034395929425955" lon="-1.2294810265302658"><ele>1049.4000244140625</ele><time>2026-08-11T08:37:22.000Z</time><extensions/></trkpt><trkpt lat="43.034401796758175" lon="-1.2293877359479666"><ele>1048.199951171875</ele><time>2026-08-11T08:37:23.000Z</time><extensions/></trkpt><trkpt lat="43.03442752920091" lon="-1.2292062677443027"><ele>1046.5999755859375</ele><time>2026-08-11T08:37:25.000Z</time><extensions/></trkpt><trkpt lat="43.03445686586201" lon="-1.229037707671523"><ele>1045.0</ele><time>2026-08-11T08:37:27.000Z</time><extensions/></trkpt><trkpt lat="43.034496596083045" lon="-1.2288873363286257"><ele>1043.800048828125</ele><time>2026-08-11T08:37:29.000Z</time><extensions/></trkpt><trkpt lat="43.03454479202628" lon="-1.2287537287920713"><ele>1042.5999755859375</ele><time>2026-08-11T08:37:31.000Z</time><extensions/></trkpt><trkpt lat="43.03458577953279" lon="-1.2286455184221268"><ele>1041.5999755859375</ele><time>2026-08-11T08:37:33.000Z</time><extensions/></trkpt><trkpt lat="43.0346283596009" lon="-1.2285497970879078"><ele>1040.199951171875</ele><time>2026-08-11T08:37:35.000Z</time><extensions/></trkpt><trkpt lat="43.03465819917619" lon="-1.2285028584301472"><ele>1039.4000244140625</ele><time>2026-08-11T08:37:36.000Z</time><extensions/></trkpt><trkpt lat="43.03468787111342" lon="-1.228446951135993"><ele>1038.800048828125</ele><time>2026-08-11T08:37:37.000Z</time><extensions/></trkpt><trkpt lat="43.03471125662327" lon="-1.2283863499760628"><ele>1038.199951171875</ele><time>2026-08-11T08:37:38.000Z</time><extensions/></trkpt><trkpt lat="43.03473053500056" lon="-1.2283279281109571"><ele>1037.199951171875</ele><time>2026-08-11T08:37:39.000Z</time><extensions/></trkpt><trkpt lat="43.03475727327168" lon="-1.2282726913690567"><ele>1036.4000244140625</ele><time>2026-08-11T08:37:40.000Z</time><extensions/></trkpt><trkpt lat="43.034789711236954" lon="-1.2282167002558708"><ele>1035.5999755859375</ele><time>2026-08-11T08:37:41.000Z</time><extensions/></trkpt><trkpt lat="43.034819047898054" lon="-1.2281554285436869"><ele>1034.4000244140625</ele><time>2026-08-11T08:37:42.000Z</time><extensions/></trkpt><trkpt lat="43.03488442674279" lon="-1.2280302867293358"><ele>1032.5999755859375</ele><time>2026-08-11T08:37:44.000Z</time><extensions/></trkpt><trkpt lat="43.034938741475344" lon="-1.2279069889336824"><ele>1030.5999755859375</ele><time>2026-08-11T08:37:46.000Z</time><extensions/></trkpt><trkpt lat="43.0349600315094" lon="-1.2278509140014648"><ele>1030.0</ele><time>2026-08-11T08:37:47.000Z</time><extensions/></trkpt><trkpt lat="43.03500562906265" lon="-1.2277568690478802"><ele>1029.0</ele><time>2026-08-11T08:37:49.000Z</time><extensions/></trkpt><trkpt lat="43.035045778378844" lon="-1.2276668474078178"><ele>1028.0</ele><time>2026-08-11T08:37:52.000Z</time><extensions/></trkpt><trkpt lat="43.035042844712734" lon="-1.2276642490178347"><ele>1027.4000244140625</ele><time>2026-08-11T08:37:54.000Z</time><extensions/></trkpt><trkpt lat="43.035043850541115" lon="-1.2276681046932936"><ele>1027.199951171875</ele><time>2026-08-11T08:37:56.000Z</time><extensions/></trkpt><trkpt lat="43.03505617193878" lon="-1.2276056595146656"><ele>1027.0</ele><time>2026-08-11T08:38:04.000Z</time><extensions/></trkpt><trkpt lat="43.03506170399487" lon="-1.2275683600455523"><ele>1026.5999755859375</ele><time>2026-08-11T08:38:05.000Z</time><extensions/></trkpt><trkpt lat="43.03506840951741" lon="-1.22746710665524"><ele>1025.199951171875</ele><time>2026-08-11T08:38:07.000Z</time><extensions/></trkpt><trkpt lat="43.035074695944786" lon="-1.2273991294205189"><ele>1024.199951171875</ele><time>2026-08-11T08:38:08.000Z</time><extensions/></trkpt><trkpt lat="43.03508726879954" lon="-1.2273200880736113"><ele>1023.0</ele><time>2026-08-11T08:38:09.000Z</time><extensions/></trkpt><trkpt lat="43.035098584368825" lon="-1.227227384224534"><ele>1021.800048828125</ele><time>2026-08-11T08:38:10.000Z</time><extensions/></trkpt><trkpt lat="43.035104954615235" lon="-1.227139038965106"><ele>1020.4000244140625</ele><time>2026-08-11T08:38:11.000Z</time><extensions/></trkpt><trkpt lat="43.035116689279675" lon="-1.2270573154091835"><ele>1019.199951171875</ele><time>2026-08-11T08:38:12.000Z</time><extensions/></trkpt><trkpt lat="43.035136051476" lon="-1.2269803695380688"><ele>1018.5999755859375</ele><time>2026-08-11T08:38:13.000Z</time><extensions/></trkpt><trkpt lat="43.03514862433076" lon="-1.2269099615514278"><ele>1017.4000244140625</ele><time>2026-08-11T08:38:14.000Z</time><extensions/></trkpt><trkpt lat="43.03515105508268" lon="-1.2268388830125332"><ele>1016.5999755859375</ele><time>2026-08-11T08:38:15.000Z</time><extensions/></trkpt><trkpt lat="43.03514577448368" lon="-1.2267636973410845"><ele>1016.0</ele><time>2026-08-11T08:38:16.000Z</time><extensions/></trkpt><trkpt lat="43.03513747639954" lon="-1.2266794592142105"><ele>1015.199951171875</ele><time>2026-08-11T08:38:17.000Z</time><extensions/></trkpt><trkpt lat="43.035131860524416" lon="-1.2265796307474375"><ele>1014.4000244140625</ele><time>2026-08-11T08:38:18.000Z</time><extensions/></trkpt><trkpt lat="43.03512289188802" lon="-1.226480221375823"><ele>1013.0</ele><time>2026-08-11T08:38:19.000Z</time><extensions/></trkpt><trkpt lat="43.03510520607233" lon="-1.2263850029557943"><ele>1011.5999755859375</ele><time>2026-08-11T08:38:20.000Z</time><extensions/></trkpt><trkpt lat="43.03507645614445" lon="-1.22628852725029"><ele>1010.0</ele><time>2026-08-11T08:38:21.000Z</time><extensions/></trkpt><trkpt lat="43.03505231626332" lon="-1.2261943146586418"><ele>1008.800048828125</ele><time>2026-08-11T08:38:22.000Z</time><extensions/></trkpt><trkpt lat="43.03500294685364" lon="-1.2260004412382841"><ele>1007.0</ele><time>2026-08-11T08:38:24.000Z</time><extensions/></trkpt><trkpt lat="43.034934382885695" lon="-1.2258255947381258"><ele>1005.4000244140625</ele><time>2026-08-11T08:38:26.000Z</time><extensions/></trkpt><trkpt lat="43.034910997375846" lon="-1.2257300410419703"><ele>1004.5999755859375</ele><time>2026-08-11T08:38:27.000Z</time><extensions/></trkpt><trkpt lat="43.034893898293376" lon="-1.225636750459671"><ele>1003.800048828125</ele><time>2026-08-11T08:38:28.000Z</time><extensions/></trkpt><trkpt lat="43.03487654775381" lon="-1.225539855659008"><ele>1002.800048828125</ele><time>2026-08-11T08:38:29.000Z</time><extensions/></trkpt><trkpt lat="43.03485877811909" lon="-1.225445307791233"><ele>1001.800048828125</ele><time>2026-08-11T08:38:30.000Z</time><extensions/></trkpt><trkpt lat="43.03484913893044" lon="-1.2253561243414879"><ele>1001.0</ele><time>2026-08-11T08:38:31.000Z</time><extensions/></trkpt><trkpt lat="43.03484997712076" lon="-1.2252758257091045"><ele>1000.4000244140625</ele><time>2026-08-11T08:38:32.000Z</time><extensions/></trkpt><trkpt lat="43.03485810756683" lon="-1.225204411894083"><ele>999.800048828125</ele><time>2026-08-11T08:38:33.000Z</time><extensions/></trkpt><trkpt lat="43.03489255718887" lon="-1.2250848859548569"><ele>999.4000244140625</ele><time>2026-08-11T08:38:35.000Z</time><extensions/></trkpt><trkpt lat="43.03491300903261" lon="-1.2250433955341578"><ele>999.199951171875</ele><time>2026-08-11T08:38:36.000Z</time><extensions/></trkpt><trkpt lat="43.03493136540055" lon="-1.2250066827982664"><ele>999.0</ele><time>2026-08-11T08:38:37.000Z</time><extensions/></trkpt><trkpt lat="43.03499833680689" lon="-1.224853629246354"><ele>998.4000244140625</ele><time>2026-08-11T08:38:42.000Z</time><extensions/></trkpt><trkpt lat="43.03500143811107" lon="-1.2248222809284925"><ele>998.4000244140625</ele><time>2026-08-11T08:38:43.000Z</time><extensions/></trkpt><trkpt lat="43.03498551249504" lon="-1.224775593727827"><ele>998.5999755859375</ele><time>2026-08-11T08:38:45.000Z</time><extensions/></trkpt><trkpt lat="43.034922145307064" lon="-1.2246626894921064"><ele>998.800048828125</ele><time>2026-08-11T08:38:50.000Z</time><extensions/></trkpt><trkpt lat="43.03483296185732" lon="-1.2246170081198215"><ele>999.4000244140625</ele><time>2026-08-11T08:38:55.000Z</time><extensions/></trkpt><trkpt lat="43.0346611328423" lon="-1.224559424445033"><ele>999.5999755859375</ele><time>2026-08-11T08:39:03.000Z</time><extensions/></trkpt><trkpt lat="43.03454437293112" lon="-1.224529668688774"><ele>999.800048828125</ele><time>2026-08-11T08:39:08.000Z</time><extensions/></trkpt><trkpt lat="43.03438687697053" lon="-1.2245210353285074"><ele>999.800048828125</ele><time>2026-08-11T08:39:15.000Z</time><extensions/></trkpt><trkpt lat="43.03439090028405" lon="-1.224516173824668"><ele>1000.199951171875</ele><time>2026-08-11T08:39:19.000Z</time><extensions/></trkpt><trkpt lat="43.03439090028405" lon="-1.2245162576436996"><ele>1000.0</ele><time>2026-08-11T08:39:26.000Z</time><extensions/></trkpt><trkpt lat="43.03439090028405" lon="-1.2245162576436996"><ele>999.800048828125</ele><time>2026-08-11T08:39:34.000Z</time><extensions/></trkpt><trkpt lat="43.03439090028405" lon="-1.2245162576436996"><ele>999.5999755859375</ele><time>2026-08-11T08:39:43.000Z</time><extensions/></trkpt><trkpt lat="43.03439090028405" lon="-1.2245162576436996"><ele>999.5999755859375</ele><time>2026-08-11T08:39:48.000Z</time><extensions/></trkpt><trkpt lat="43.03439090028405" lon="-1.2245162576436996"><ele>999.5999755859375</ele><time>2026-08-11T08:40:01.000Z</time><extensions/></trkpt><trkpt lat="43.03439090028405" lon="-1.2245162576436996"><ele>999.5999755859375</ele><time>2026-08-11T08:40:04.000Z</time><extensions/></trkpt><trkpt lat="43.03439090028405" lon="-1.2245162576436996"><ele>999.5999755859375</ele><time>2026-08-11T08:40:08.000Z</time><extensions/></trkpt><trkpt lat="43.03439090028405" lon="-1.2245162576436996"><ele>999.5999755859375</ele><time>2026-08-11T08:40:13.000Z</time><extensions/></trkpt><trkpt lat="43.03439090028405" lon="-1.2245162576436996"><ele>999.4000244140625</ele><time>2026-08-11T08:40:17.000Z</time><extensions/></trkpt><trkpt lat="43.03439090028405" lon="-1.2245162576436996"><ele>999.4000244140625</ele><time>2026-08-11T08:40:22.000Z</time><extensions/></trkpt><trkpt lat="43.03439090028405" lon="-1.2245162576436996"><ele>999.4000244140625</ele><time>2026-08-11T08:40:32.000Z</time><extensions/></trkpt><trkpt lat="43.03439090028405" lon="-1.2245162576436996"><ele>999.4000244140625</ele><time>2026-08-11T08:40:48.000Z</time><extensions/></trkpt><trkpt lat="43.03439090028405" lon="-1.2245162576436996"><ele>999.4000244140625</ele><time>2026-08-11T08:40:49.000Z</time><extensions/></trkpt><trkpt lat="43.03439090028405" lon="-1.2245162576436996"><ele>999.199951171875</ele><time>2026-08-11T08:40:51.000Z</time><extensions/></trkpt><trkpt lat="43.03439090028405" lon="-1.2245162576436996"><ele>999.4000244140625</ele><time>2026-08-11T08:41:01.000Z</time><extensions/></trkpt><trkpt lat="43.03439090028405" lon="-1.2245162576436996"><ele>999.4000244140625</ele><time>2026-08-11T08:41:13.000Z</time><extensions/></trkpt><trkpt lat="43.03439090028405" lon="-1.2245162576436996"><ele>999.199951171875</ele><time>2026-08-11T08:41:24.000Z</time><extensions/></trkpt><trkpt lat="43.03439090028405" lon="-1.2245162576436996"><ele>999.199951171875</ele><time>2026-08-11T08:41:38.000Z</time><extensions/></trkpt><trkpt lat="43.03438788279891" lon="-1.2245235498994589"><ele>999.199951171875</ele><time>2026-08-11T08:41:50.000Z</time><extensions/></trkpt><trkpt lat="43.03437656722963" lon="-1.2245166767388582"><ele>999.199951171875</ele><time>2026-08-11T08:41:51.000Z</time><extensions/></trkpt><trkpt lat="43.03426081314683" lon="-1.2244844064116478"><ele>999.0</ele><time>2026-08-11T08:41:56.000Z</time><extensions/></trkpt><trkpt lat="43.034088062122464" lon="-1.224452555179596"><ele>999.4000244140625</ele><time>2026-08-11T08:42:03.000Z</time><extensions/></trkpt><trkpt lat="43.03399343043566" lon="-1.2245103064924479"><ele>998.800048828125</ele><time>2026-08-11T08:42:06.000Z</time><extensions/></trkpt><trkpt lat="43.033955628052354" lon="-1.2245468515902758"><ele>998.4000244140625</ele><time>2026-08-11T08:42:07.000Z</time><extensions/></trkpt><trkpt lat="43.033911203965545" lon="-1.2245884258300066"><ele>997.800048828125</ele><time>2026-08-11T08:42:08.000Z</time><extensions/></trkpt><trkpt lat="43.03385906852782" lon="-1.224625390022993"><ele>997.0</ele><time>2026-08-11T08:42:09.000Z</time><extensions/></trkpt><trkpt lat="43.03379712626338" lon="-1.2246530503034592"><ele>996.4000244140625</ele><time>2026-08-11T08:42:10.000Z</time><extensions/></trkpt><trkpt lat="43.03373392671347" lon="-1.2246630247682333"><ele>995.800048828125</ele><time>2026-08-11T08:42:11.000Z</time><extensions/></trkpt><trkpt lat="43.03359772078693" lon="-1.2246997375041246"><ele>996.199951171875</ele><time>2026-08-11T08:42:14.000Z</time><extensions/></trkpt><trkpt lat="43.03351775743067" lon="-1.2247424013912678"><ele>997.5999755859375</ele><time>2026-08-11T08:42:17.000Z</time><extensions/></trkpt><trkpt lat="43.033461682498455" lon="-1.224770899862051"><ele>998.199951171875</ele><time>2026-08-11T08:42:19.000Z</time><extensions/></trkpt><trkpt lat="43.03336462005973" lon="-1.2248091213405132"><ele>998.4000244140625</ele><time>2026-08-11T08:42:22.000Z</time><extensions/></trkpt><trkpt lat="43.033332182094455" lon="-1.2248239573091269"><ele>998.4000244140625</ele><time>2026-08-11T08:42:23.000Z</time><extensions/></trkpt><trkpt lat="43.033299408853054" lon="-1.2248328421264887"><ele>998.5999755859375</ele><time>2026-08-11T08:42:24.000Z</time><extensions/></trkpt><trkpt lat="43.03322933614254" lon="-1.2248535454273224"><ele>998.5999755859375</ele><time>2026-08-11T08:42:26.000Z</time><extensions/></trkpt><trkpt lat="43.033194383606315" lon="-1.2248620949685574"><ele>998.800048828125</ele><time>2026-08-11T08:42:27.000Z</time><extensions/></trkpt><trkpt lat="43.033061530441046" lon="-1.2249185889959335"><ele>999.199951171875</ele><time>2026-08-11T08:42:31.000Z</time><extensions/></trkpt><trkpt lat="43.03300025872886" lon="-1.2249486800283194"><ele>999.5999755859375</ele><time>2026-08-11T08:42:33.000Z</time><extensions/></trkpt><trkpt lat="43.032969580963254" lon="-1.2249644380062819"><ele>999.800048828125</ele><time>2026-08-11T08:42:34.000Z</time><extensions/></trkpt><trkpt lat="43.03285248577595" lon="-1.225022440776229"><ele>1001.0</ele><time>2026-08-11T08:42:38.000Z</time><extensions/></trkpt><trkpt lat="43.03276791237295" lon="-1.2250678706914186"><ele>1001.800048828125</ele><time>2026-08-11T08:42:41.000Z</time><extensions/></trkpt><trkpt lat="43.03271627984941" lon="-1.225096620619297"><ele>1002.199951171875</ele><time>2026-08-11T08:42:43.000Z</time><extensions/></trkpt><trkpt lat="43.032658863812685" lon="-1.2251188326627016"><ele>1002.5999755859375</ele><time>2026-08-11T08:42:45.000Z</time><extensions/></trkpt><trkpt lat="43.03260195069015" lon="-1.225146995857358"><ele>1003.0</ele><time>2026-08-11T08:42:47.000Z</time><extensions/></trkpt><trkpt lat="43.032480580732226" lon="-1.2252024840563536"><ele>1003.4000244140625</ele><time>2026-08-11T08:42:51.000Z</time><extensions/></trkpt><trkpt lat="43.03239248692989" lon="-1.225228300318122"><ele>1003.800048828125</ele><time>2026-08-11T08:42:54.000Z</time><extensions/></trkpt><trkpt lat="43.03229911252856" lon="-1.225254787132144"><ele>1004.4000244140625</ele><time>2026-08-11T08:42:57.000Z</time><extensions/></trkpt><trkpt lat="43.03214689716697" lon="-1.2252996303141117"><ele>1005.199951171875</ele><time>2026-08-11T08:43:02.000Z</time><extensions/></trkpt><trkpt lat="43.0319585558027" lon="-1.225329888984561"><ele>1005.4000244140625</ele><time>2026-08-11T08:43:08.000Z</time><extensions/></trkpt><trkpt lat="43.03192427381873" lon="-1.2253371812403202"><ele>1005.5999755859375</ele><time>2026-08-11T08:43:09.000Z</time><extensions/></trkpt><trkpt lat="43.03188915364444" lon="-1.2253445573151112"><ele>1005.800048828125</ele><time>2026-08-11T08:43:10.000Z</time><extensions/></trkpt><trkpt lat="43.03163828328252" lon="-1.2253550346940756"><ele>1006.199951171875</ele><time>2026-08-11T08:43:17.000Z</time><extensions/></trkpt><trkpt lat="43.031362518668175" lon="-1.2253512628376484"><ele>1005.0</ele><time>2026-08-11T08:43:23.000Z</time><extensions/></trkpt><trkpt lat="43.03121474571526" lon="-1.2253547832369804"><ele>1004.4000244140625</ele><time>2026-08-11T08:43:26.000Z</time><extensions/></trkpt><trkpt lat="43.03107166662812" lon="-1.2253274582326412"><ele>1004.199951171875</ele><time>2026-08-11T08:43:29.000Z</time><extensions/></trkpt><trkpt lat="43.03102405741811" lon="-1.2253148015588522"><ele>1004.4000244140625</ele><time>2026-08-11T08:43:30.000Z</time><extensions/></trkpt><trkpt lat="43.03078760392964" lon="-1.225259816274047"><ele>1004.5999755859375</ele><time>2026-08-11T08:43:35.000Z</time><extensions/></trkpt><trkpt lat="43.03070009686053" lon="-1.2252254504710436"><ele>1004.5999755859375</ele><time>2026-08-11T08:43:37.000Z</time><extensions/></trkpt><trkpt lat="43.03061510436237" lon="-1.2251754943281412"><ele>1004.199951171875</ele><time>2026-08-11T08:43:39.000Z</time><extensions/></trkpt><trkpt lat="43.03057461977005" lon="-1.225138446316123"><ele>1004.0</ele><time>2026-08-11T08:43:40.000Z</time><extensions/></trkpt><trkpt lat="43.030530447140336" lon="-1.2250940222293139"><ele>1003.4000244140625</ele><time>2026-08-11T08:43:41.000Z</time><extensions/></trkpt><trkpt lat="43.03043154068291" lon="-1.225002659484744"><ele>1002.5999755859375</ele><time>2026-08-11T08:43:43.000Z</time><extensions/></trkpt><trkpt lat="43.030378902330995" lon="-1.2249584030359983"><ele>1002.199951171875</ele><time>2026-08-11T08:43:44.000Z</time><extensions/></trkpt><trkpt lat="43.03033112548292" lon="-1.2249338440597057"><ele>1002.199951171875</ele><time>2026-08-11T08:43:45.000Z</time><extensions/></trkpt><trkpt lat="43.0302404332906" lon="-1.224902579560876"><ele>1003.4000244140625</ele><time>2026-08-11T08:43:47.000Z</time><extensions/></trkpt><trkpt lat="43.030163403600454" lon="-1.2248688843101263"><ele>1005.0</ele><time>2026-08-11T08:43:49.000Z</time><extensions/></trkpt><trkpt lat="43.0301283672452" lon="-1.2248496897518635"><ele>1005.4000244140625</ele><time>2026-08-11T08:43:50.000Z</time><extensions/></trkpt><trkpt lat="43.02996818907559" lon="-1.2248214427381754"><ele>1005.800048828125</ele><time>2026-08-11T08:43:55.000Z</time><extensions/></trkpt><trkpt lat="43.02993441000581" lon="-1.2248241249471903"><ele>1006.199951171875</ele><time>2026-08-11T08:43:56.000Z</time><extensions/></trkpt><trkpt lat="43.02971228957176" lon="-1.224830411374569"><ele>1007.199951171875</ele><time>2026-08-11T08:44:02.000Z</time><extensions/></trkpt><trkpt lat="43.02942428737879" lon="-1.2248061038553715"><ele>1006.199951171875</ele><time>2026-08-11T08:44:08.000Z</time><extensions/></trkpt><trkpt lat="43.0293751694262" lon="-1.2247990630567074"><ele>1006.0</ele><time>2026-08-11T08:44:09.000Z</time><extensions/></trkpt><trkpt lat="43.0291092954576" lon="-1.2247900944203138"><ele>1006.4000244140625</ele><time>2026-08-11T08:44:15.000Z</time><extensions/></trkpt><trkpt lat="43.02876530215144" lon="-1.2247378751635551"><ele>1006.4000244140625</ele><time>2026-08-11T08:44:23.000Z</time><extensions/></trkpt><trkpt lat="43.028421895578504" lon="-1.224681381136179"><ele>1005.0</ele><time>2026-08-11T08:44:30.000Z</time><extensions/></trkpt><trkpt lat="43.02836716175079" lon="-1.2246874999254942"><ele>1004.800048828125</ele><time>2026-08-11T08:44:31.000Z</time><extensions/></trkpt><trkpt lat="43.02820086479187" lon="-1.2247268110513687"><ele>1004.199951171875</ele><time>2026-08-11T08:44:34.000Z</time><extensions/></trkpt><trkpt lat="43.02814261056483" lon="-1.2247481849044561"><ele>1004.0</ele><time>2026-08-11T08:44:35.000Z</time><extensions/></trkpt><trkpt lat="43.02808100357652" lon="-1.2247662898153067"><ele>1003.5999755859375</ele><time>2026-08-11T08:44:36.000Z</time><extensions/></trkpt><trkpt lat="43.02801562473178" lon="-1.224772660061717"><ele>1003.199951171875</ele><time>2026-08-11T08:44:37.000Z</time><extensions/></trkpt><trkpt lat="43.02794773131609" lon="-1.224773246794939"><ele>1002.5999755859375</ele><time>2026-08-11T08:44:38.000Z</time><extensions/></trkpt><trkpt lat="43.027802137658" lon="-1.2247524596750736"><ele>1001.5999755859375</ele><time>2026-08-11T08:44:40.000Z</time><extensions/></trkpt><trkpt lat="43.02772795781493" lon="-1.2247463408857584"><ele>1001.0</ele><time>2026-08-11T08:44:41.000Z</time><extensions/></trkpt><trkpt lat="43.02758068777621" lon="-1.2247579917311668"><ele>1000.199951171875</ele><time>2026-08-11T08:44:43.000Z</time><extensions/></trkpt><trkpt lat="43.02744397893548" lon="-1.224773833528161"><ele>999.5999755859375</ele><time>2026-08-11T08:44:45.000Z</time><extensions/></trkpt><trkpt lat="43.027168130502105" lon="-1.2248256336897612"><ele>1001.0</ele><time>2026-08-11T08:44:50.000Z</time><extensions/></trkpt><trkpt lat="43.02712203003466" lon="-1.2248419784009457"><ele>1001.4000244140625</ele><time>2026-08-11T08:44:51.000Z</time><extensions/></trkpt><trkpt lat="43.026959504932165" lon="-1.2249201815575361"><ele>1002.5999755859375</ele><time>2026-08-11T08:44:55.000Z</time><extensions/></trkpt><trkpt lat="43.026923798024654" lon="-1.2249414715915918"><ele>1003.0</ele><time>2026-08-11T08:44:56.000Z</time><extensions/></trkpt><trkpt lat="43.02682572975755" lon="-1.2250078562647104"><ele>1004.0</ele><time>2026-08-11T08:44:59.000Z</time><extensions/></trkpt><trkpt lat="43.026794297620654" lon="-1.2250322476029396"><ele>1004.199951171875</ele><time>2026-08-11T08:45:00.000Z</time><extensions/></trkpt><trkpt lat="43.02673143334687" lon="-1.2250751629471779"><ele>1004.800048828125</ele><time>2026-08-11T08:45:02.000Z</time><extensions/></trkpt><trkpt lat="43.02666395902634" lon="-1.2251107022166252"><ele>1005.199951171875</ele><time>2026-08-11T08:45:04.000Z</time><extensions/></trkpt><trkpt lat="43.02655809558928" lon="-1.2252027355134487"><ele>1006.4000244140625</ele><time>2026-08-11T08:45:08.000Z</time><extensions/></trkpt><trkpt lat="43.02653320133686" lon="-1.2252213433384895"><ele>1006.5999755859375</ele><time>2026-08-11T08:45:09.000Z</time><extensions/></trkpt><trkpt lat="43.026483580470085" lon="-1.2252465728670359"><ele>1007.4000244140625</ele><time>2026-08-11T08:45:11.000Z</time><extensions/></trkpt><trkpt lat="43.026393139734864" lon="-1.2253011390566826"><ele>1008.5999755859375</ele><time>2026-08-11T08:45:15.000Z</time><extensions/></trkpt><trkpt lat="43.02632549777627" lon="-1.2253518495708704"><ele>1009.5999755859375</ele><time>2026-08-11T08:45:18.000Z</time><extensions/></trkpt><trkpt lat="43.02629766985774" lon="-1.2253652606159449"><ele>1009.800048828125</ele><time>2026-08-11T08:45:19.000Z</time><extensions/></trkpt><trkpt lat="43.02624545060098" lon="-1.2253764923661947"><ele>1010.199951171875</ele><time>2026-08-11T08:45:21.000Z</time><extensions/></trkpt><trkpt lat="43.02617068402469" lon="-1.225382862612605"><ele>1011.0</ele><time>2026-08-11T08:45:24.000Z</time><extensions/></trkpt><trkpt lat="43.02608652971685" lon="-1.2253794260323048"><ele>1011.800048828125</ele><time>2026-08-11T08:45:28.000Z</time><extensions/></trkpt><trkpt lat="43.02603833377361" lon="-1.2253644224256277"><ele>1012.0</ele><time>2026-08-11T08:45:30.000Z</time><extensions/></trkpt><trkpt lat="43.02592685446143" lon="-1.2253480777144432"><ele>1012.800048828125</ele><time>2026-08-11T08:45:35.000Z</time><extensions/></trkpt><trkpt lat="43.025906486436725" lon="-1.2253484968096018"><ele>1013.0</ele><time>2026-08-11T08:45:36.000Z</time><extensions/></trkpt><trkpt lat="43.025795090943575" lon="-1.2253401149064302"><ele>1014.0</ele><time>2026-08-11T08:45:41.000Z</time><extensions/></trkpt><trkpt lat="43.02573541179299" lon="-1.2253215070813894"><ele>1014.5999755859375</ele><time>2026-08-11T08:45:44.000Z</time><extensions/></trkpt><trkpt lat="43.02560138516128" lon="-1.225303402170539"><ele>1015.0</ele><time>2026-08-11T08:45:50.000Z</time><extensions/></trkpt><trkpt lat="43.02558118477464" lon="-1.225300133228302"><ele>1015.199951171875</ele><time>2026-08-11T08:45:51.000Z</time><extensions/></trkpt><trkpt lat="43.025441374629736" lon="-1.2252739816904068"><ele>1015.4000244140625</ele><time>2026-08-11T08:45:57.000Z</time><extensions/></trkpt><trkpt lat="43.025200897827744" lon="-1.2252307310700417"><ele>1015.800048828125</ele><time>2026-08-11T08:46:06.000Z</time><extensions/></trkpt><trkpt lat="43.025034852325916" lon="-1.2251086067408323"><ele>1015.199951171875</ele><time>2026-08-11T08:46:12.000Z</time><extensions/></trkpt><trkpt lat="43.02486268803477" lon="-1.2249294854700565"><ele>1014.0</ele><time>2026-08-11T08:46:17.000Z</time><extensions/></trkpt><trkpt lat="43.02466847933829" lon="-1.2247421499341726"><ele>1012.800048828125</ele><time>2026-08-11T08:46:22.000Z</time><extensions/></trkpt><trkpt lat="43.0246264860034" lon="-1.2247197702527046"><ele>1012.800048828125</ele><time>2026-08-11T08:46:23.000Z</time><extensions/></trkpt><trkpt lat="43.02458097226918" lon="-1.2247004080563784"><ele>1012.5999755859375</ele><time>2026-08-11T08:46:24.000Z</time><extensions/></trkpt><trkpt lat="43.024490447714925" lon="-1.2246662937104702"><ele>1012.4000244140625</ele><time>2026-08-11T08:46:26.000Z</time><extensions/></trkpt><trkpt lat="43.02439388819039" lon="-1.2246550619602203"><ele>1012.199951171875</ele><time>2026-08-11T08:46:28.000Z</time><extensions/></trkpt><trkpt lat="43.02430612966418" lon="-1.2246750108897686"><ele>1012.199951171875</ele><time>2026-08-11T08:46:30.000Z</time><extensions/></trkpt><trkpt lat="43.02417939528823" lon="-1.2247330136597157"><ele>1012.199951171875</ele><time>2026-08-11T08:46:33.000Z</time><extensions/></trkpt><trkpt lat="43.02410311996937" lon="-1.2248067744076252"><ele>1012.0</ele><time>2026-08-11T08:46:35.000Z</time><extensions/></trkpt><trkpt lat="43.024016534909606" lon="-1.2249654438346624"><ele>1012.199951171875</ele><time>2026-08-11T08:46:38.000Z</time><extensions/></trkpt><trkpt lat="43.02398988045752" lon="-1.2250154837965965"><ele>1012.199951171875</ele><time>2026-08-11T08:46:39.000Z</time><extensions/></trkpt><trkpt lat="43.023770693689585" lon="-1.2253694515675306"><ele>1011.800048828125</ele><time>2026-08-11T08:46:46.000Z</time><extensions/></trkpt><trkpt lat="43.02347623743117" lon="-1.225702716037631"><ele>1010.800048828125</ele><time>2026-08-11T08:46:53.000Z</time><extensions/></trkpt><trkpt lat="43.023427706211805" lon="-1.225742194801569"><ele>1010.5999755859375</ele><time>2026-08-11T08:46:54.000Z</time><extensions/></trkpt><trkpt lat="43.02317381836474" lon="-1.2259161192923784"><ele>1009.4000244140625</ele><time>2026-08-11T08:46:59.000Z</time><extensions/></trkpt><trkpt lat="43.023115480318666" lon="-1.2259469646960497"><ele>1009.0</ele><time>2026-08-11T08:47:00.000Z</time><extensions/></trkpt><trkpt lat="43.02299117669463" lon="-1.226012846454978"><ele>1008.0</ele><time>2026-08-11T08:47:02.000Z</time><extensions/></trkpt><trkpt lat="43.02285069599748" lon="-1.2260783091187477"><ele>1006.4000244140625</ele><time>2026-08-11T08:47:04.000Z</time><extensions/></trkpt><trkpt lat="43.022772911936045" lon="-1.2261114176362753"><ele>1005.4000244140625</ele><time>2026-08-11T08:47:05.000Z</time><extensions/></trkpt><trkpt lat="43.02269202657044" lon="-1.226140335202217"><ele>1005.0</ele><time>2026-08-11T08:47:06.000Z</time><extensions/></trkpt><trkpt lat="43.022514414042234" lon="-1.2261840049177408"><ele>1003.4000244140625</ele><time>2026-08-11T08:47:08.000Z</time><extensions/></trkpt><trkpt lat="43.022335125133395" lon="-1.2262074742466211"><ele>1002.0</ele><time>2026-08-11T08:47:10.000Z</time><extensions/></trkpt><trkpt lat="43.02218341268599" lon="-1.2261796463280916"><ele>1001.199951171875</ele><time>2026-08-11T08:47:12.000Z</time><extensions/></trkpt><trkpt lat="43.022121554240584" lon="-1.226153327152133"><ele>1001.0</ele><time>2026-08-11T08:47:13.000Z</time><extensions/></trkpt><trkpt lat="43.02201049402356" lon="-1.2260793149471283"><ele>1001.0</ele><time>2026-08-11T08:47:16.000Z</time><extensions/></trkpt><trkpt lat="43.02197906188667" lon="-1.2260503973811865"><ele>1000.800048828125</ele><time>2026-08-11T08:47:19.000Z</time><extensions/></trkpt><trkpt lat="43.02197906188667" lon="-1.2260503135621548"><ele>1000.800048828125</ele><time>2026-08-11T08:47:20.000Z</time><extensions/></trkpt><trkpt lat="43.02197906188667" lon="-1.2260503135621548"><ele>1000.5999755859375</ele><time>2026-08-11T08:47:26.000Z</time><extensions/></trkpt><trkpt lat="43.02197906188667" lon="-1.2260503135621548"><ele>1000.5999755859375</ele><time>2026-08-11T08:47:31.000Z</time><extensions/></trkpt><trkpt lat="43.02197906188667" lon="-1.2260503135621548"><ele>1000.5999755859375</ele><time>2026-08-11T08:47:33.000Z</time><extensions/></trkpt><trkpt lat="43.02197964861989" lon="-1.2260513193905354"><ele>1000.5999755859375</ele><time>2026-08-11T08:47:34.000Z</time><extensions/></trkpt><trkpt lat="43.021972524002194" lon="-1.2260492239147425"><ele>1000.5999755859375</ele><time>2026-08-11T08:47:35.000Z</time><extensions/></trkpt><trkpt lat="43.02197906188667" lon="-1.2260503135621548"><ele>1000.5999755859375</ele><time>2026-08-11T08:47:37.000Z</time><extensions/></trkpt><trkpt lat="43.02197000943124" lon="-1.2260191328823566"><ele>1000.4000244140625</ele><time>2026-08-11T08:47:44.000Z</time><extensions/></trkpt><trkpt lat="43.021973529830575" lon="-1.226020473986864"><ele>1000.199951171875</ele><time>2026-08-11T08:47:46.000Z</time><extensions/></trkpt><trkpt lat="43.02197813987732" lon="-1.2260301131755114"><ele>1000.199951171875</ele><time>2026-08-11T08:47:48.000Z</time><extensions/></trkpt><trkpt lat="43.02197244018316" lon="-1.226044949144125"><ele>1000.4000244140625</ele><time>2026-08-11T08:47:54.000Z</time><extensions/></trkpt><trkpt lat="43.02196120843291" lon="-1.2260226532816887"><ele>1000.0</ele><time>2026-08-11T08:47:59.000Z</time><extensions/></trkpt><trkpt lat="43.02196288481355" lon="-1.226019049063325"><ele>1000.0</ele><time>2026-08-11T08:48:00.000Z</time><extensions/></trkpt><trkpt lat="43.02196221426129" lon="-1.2260206416249275"><ele>999.800048828125</ele><time>2026-08-11T08:48:03.000Z</time><extensions/></trkpt><trkpt lat="43.02196221426129" lon="-1.2260206416249275"><ele>999.800048828125</ele><time>2026-08-11T08:48:09.000Z</time><extensions/></trkpt><trkpt lat="43.02196221426129" lon="-1.2260206416249275"><ele>999.5999755859375</ele><time>2026-08-11T08:48:18.000Z</time><extensions/></trkpt><trkpt lat="43.021963303908706" lon="-1.226016702130437"><ele>999.5999755859375</ele><time>2026-08-11T08:48:19.000Z</time><extensions/></trkpt><trkpt lat="43.02191276103258" lon="-1.2259625550359488"><ele>999.0</ele><time>2026-08-11T08:48:22.000Z</time><extensions/></trkpt><trkpt lat="43.021890884265304" lon="-1.2259331345558167"><ele>998.5999755859375</ele><time>2026-08-11T08:48:23.000Z</time><extensions/></trkpt><trkpt lat="43.021865570917726" lon="-1.225888542830944"><ele>998.0</ele><time>2026-08-11T08:48:24.000Z</time><extensions/></trkpt><trkpt lat="43.02183204330504" lon="-1.2258384190499783"><ele>997.4000244140625</ele><time>2026-08-11T08:48:25.000Z</time><extensions/></trkpt><trkpt lat="43.021793654188514" lon="-1.2257806677371264"><ele>996.5999755859375</ele><time>2026-08-11T08:48:26.000Z</time><extensions/></trkpt><trkpt lat="43.021748308092356" lon="-1.2257231678813696"><ele>995.800048828125</ele><time>2026-08-11T08:48:27.000Z</time><extensions/></trkpt><trkpt lat="43.021692568436265" lon="-1.2256665900349617"><ele>994.800048828125</ele><time>2026-08-11T08:48:28.000Z</time><extensions/></trkpt><trkpt lat="43.02163062617183" lon="-1.2256094254553318"><ele>993.800048828125</ele><time>2026-08-11T08:48:29.000Z</time><extensions/></trkpt><trkpt lat="43.02156139165163" lon="-1.2255477346479893"><ele>992.5999755859375</ele><time>2026-08-11T08:48:30.000Z</time><extensions/></trkpt><trkpt lat="43.02148595452309" lon="-1.225481852889061"><ele>991.0</ele><time>2026-08-11T08:48:31.000Z</time><extensions/></trkpt><trkpt lat="43.02140347659588" lon="-1.2254086788743734"><ele>989.199951171875</ele><time>2026-08-11T08:48:32.000Z</time><extensions/></trkpt><trkpt lat="43.02131571806967" lon="-1.2253323197364807"><ele>987.4000244140625</ele><time>2026-08-11T08:48:33.000Z</time><extensions/></trkpt><trkpt lat="43.021227456629276" lon="-1.225249171257019"><ele>985.5999755859375</ele><time>2026-08-11T08:48:34.000Z</time><extensions/></trkpt><trkpt lat="43.021140368655324" lon="-1.2251591496169567"><ele>984.0</ele><time>2026-08-11T08:48:35.000Z</time><extensions/></trkpt><trkpt lat="43.0210533645004" lon="-1.2250744085758924"><ele>982.800048828125</ele><time>2026-08-11T08:48:36.000Z</time><extensions/></trkpt><trkpt lat="43.02095588296652" lon="-1.225007101893425"><ele>981.5999755859375</ele><time>2026-08-11T08:48:37.000Z</time><extensions/></trkpt><trkpt lat="43.02085337229073" lon="-1.2249610852450132"><ele>980.4000244140625</ele><time>2026-08-11T08:48:38.000Z</time><extensions/></trkpt><trkpt lat="43.020751029253006" lon="-1.224939376115799"><ele>979.199951171875</ele><time>2026-08-11T08:48:39.000Z</time><extensions/></trkpt><trkpt lat="43.02064809948206" lon="-1.2249423936009407"><ele>978.5999755859375</ele><time>2026-08-11T08:48:40.000Z</time><extensions/></trkpt><trkpt lat="43.02055573090911" lon="-1.224965276196599"><ele>978.800048828125</ele><time>2026-08-11T08:48:41.000Z</time><extensions/></trkpt><trkpt lat="43.020331682637334" lon="-1.2250753305852413"><ele>980.199951171875</ele><time>2026-08-11T08:48:44.000Z</time><extensions/></trkpt><trkpt lat="43.02026563324034" lon="-1.2251096963882446"><ele>980.800048828125</ele><time>2026-08-11T08:48:45.000Z</time><extensions/></trkpt><trkpt lat="43.020145017653704" lon="-1.2251665256917477"><ele>981.5999755859375</ele><time>2026-08-11T08:48:47.000Z</time><extensions/></trkpt><trkpt lat="43.019914515316486" lon="-1.2252643425017595"><ele>981.5999755859375</ele><time>2026-08-11T08:48:51.000Z</time><extensions/></trkpt><trkpt lat="43.01985223777592" lon="-1.2252877280116081"><ele>981.199951171875</ele><time>2026-08-11T08:48:52.000Z</time><extensions/></trkpt><trkpt lat="43.01972550339997" lon="-1.2253241892904043"><ele>980.4000244140625</ele><time>2026-08-11T08:48:54.000Z</time><extensions/></trkpt><trkpt lat="43.01953456364572" lon="-1.2253869697451591"><ele>979.199951171875</ele><time>2026-08-11T08:48:57.000Z</time><extensions/></trkpt><trkpt lat="43.01933381706476" lon="-1.225454779341817"><ele>978.0</ele><time>2026-08-11T08:49:00.000Z</time><extensions/></trkpt><trkpt lat="43.01922024227679" lon="-1.225502472370863"><ele>977.5999755859375</ele><time>2026-08-11T08:49:02.000Z</time><extensions/></trkpt><trkpt lat="43.01914162002504" lon="-1.2255318090319633"><ele>977.800048828125</ele><time>2026-08-11T08:49:05.000Z</time><extensions/></trkpt><trkpt lat="43.019143380224705" lon="-1.2255309708416462"><ele>978.0</ele><time>2026-08-11T08:49:11.000Z</time><extensions/></trkpt><trkpt lat="43.019143380224705" lon="-1.2255309708416462"><ele>978.0</ele><time>2026-08-11T08:49:13.000Z</time><extensions/></trkpt><trkpt lat="43.019143380224705" lon="-1.2255309708416462"><ele>978.0</ele><time>2026-08-11T08:49:16.000Z</time><extensions/></trkpt><trkpt lat="43.019143380224705" lon="-1.2255309708416462"><ele>977.800048828125</ele><time>2026-08-11T08:49:23.000Z</time><extensions/></trkpt><trkpt lat="43.019143380224705" lon="-1.2255309708416462"><ele>977.800048828125</ele><time>2026-08-11T08:49:24.000Z</time><extensions/></trkpt><trkpt lat="43.019143380224705" lon="-1.2255309708416462"><ele>977.800048828125</ele><time>2026-08-11T08:49:27.000Z</time><extensions/></trkpt><trkpt lat="43.019143380224705" lon="-1.2255309708416462"><ele>977.800048828125</ele><time>2026-08-11T08:49:30.000Z</time><extensions/></trkpt><trkpt lat="43.019143380224705" lon="-1.2255309708416462"><ele>977.800048828125</ele><time>2026-08-11T08:49:44.000Z</time><extensions/></trkpt><trkpt lat="43.019143380224705" lon="-1.2255309708416462"><ele>977.800048828125</ele><time>2026-08-11T08:49:50.000Z</time><extensions/></trkpt><trkpt lat="43.019143380224705" lon="-1.2255309708416462"><ele>977.800048828125</ele><time>2026-08-11T08:50:10.000Z</time><extensions/></trkpt><trkpt lat="43.019143380224705" lon="-1.2255309708416462"><ele>977.800048828125</ele><time>2026-08-11T08:50:12.000Z</time><extensions/></trkpt><trkpt lat="43.019143380224705" lon="-1.2255309708416462"><ele>977.800048828125</ele><time>2026-08-11T08:50:23.000Z</time><extensions/></trkpt><trkpt lat="43.019143380224705" lon="-1.2255309708416462"><ele>977.800048828125</ele><time>2026-08-11T08:50:30.000Z</time><extensions/></trkpt><trkpt lat="43.01912938244641" lon="-1.2255319766700268"><ele>977.800048828125</ele><time>2026-08-11T08:50:36.000Z</time><extensions/></trkpt><trkpt lat="43.019107254222035" lon="-1.2255349941551685"><ele>977.5999755859375</ele><time>2026-08-11T08:50:38.000Z</time><extensions/></trkpt><trkpt lat="43.01902142353356" lon="-1.2255665101110935"><ele>977.199951171875</ele><time>2026-08-11T08:50:42.000Z</time><extensions/></trkpt><trkpt lat="43.01898915320635" lon="-1.2255788315087557"><ele>976.800048828125</ele><time>2026-08-11T08:50:43.000Z</time><extensions/></trkpt><trkpt lat="43.01895218901336" lon="-1.2255864590406418"><ele>976.4000244140625</ele><time>2026-08-11T08:50:44.000Z</time><extensions/></trkpt><trkpt lat="43.0188674479723" lon="-1.225601714104414"><ele>975.5999755859375</ele><time>2026-08-11T08:50:46.000Z</time><extensions/></trkpt><trkpt lat="43.01876996643841" lon="-1.2256330624222755"><ele>974.5999755859375</ele><time>2026-08-11T08:50:48.000Z</time><extensions/></trkpt><trkpt lat="43.01865940913558" lon="-1.2256675120443106"><ele>973.4000244140625</ele><time>2026-08-11T08:50:50.000Z</time><extensions/></trkpt><trkpt lat="43.01854893565178" lon="-1.2256982736289501"><ele>972.199951171875</ele><time>2026-08-11T08:50:52.000Z</time><extensions/></trkpt><trkpt lat="43.018496381118894" lon="-1.225716294720769"><ele>971.5999755859375</ele><time>2026-08-11T08:50:53.000Z</time><extensions/></trkpt><trkpt lat="43.018384985625744" lon="-1.2257535103708506"><ele>970.800048828125</ele><time>2026-08-11T08:50:55.000Z</time><extensions/></trkpt><trkpt lat="43.018266800791025" lon="-1.2257856968790293"><ele>969.5999755859375</ele><time>2026-08-11T08:50:57.000Z</time><extensions/></trkpt><trkpt lat="43.018175438046455" lon="-1.2258069030940533"><ele>968.4000244140625</ele><time>2026-08-11T08:50:59.000Z</time><extensions/></trkpt><trkpt lat="43.018074268475175" lon="-1.225801706314087"><ele>967.4000244140625</ele><time>2026-08-11T08:51:02.000Z</time><extensions/></trkpt><trkpt lat="43.01805390045047" lon="-1.2258007004857063"><ele>967.199951171875</ele><time>2026-08-11T08:51:03.000Z</time><extensions/></trkpt><trkpt lat="43.01804962567985" lon="-1.2257946655154228"><ele>967.0</ele><time>2026-08-11T08:51:07.000Z</time><extensions/></trkpt><trkpt lat="43.01798910833895" lon="-1.2257763929665089"><ele>966.5999755859375</ele><time>2026-08-11T08:51:12.000Z</time><extensions/></trkpt><trkpt lat="43.01794828847051" lon="-1.2257697712630033"><ele>966.199951171875</ele><time>2026-08-11T08:51:13.000Z</time><extensions/></trkpt><trkpt lat="43.01785717718303" lon="-1.225756946951151"><ele>965.0</ele><time>2026-08-11T08:51:15.000Z</time><extensions/></trkpt><trkpt lat="43.0177413392812" lon="-1.2257306277751923"><ele>963.199951171875</ele><time>2026-08-11T08:51:17.000Z</time><extensions/></trkpt><trkpt lat="43.017671685665846" lon="-1.2257069908082485"><ele>962.0</ele><time>2026-08-11T08:51:18.000Z</time><extensions/></trkpt><trkpt lat="43.017596416175365" lon="-1.2256800848990679"><ele>960.800048828125</ele><time>2026-08-11T08:51:19.000Z</time><extensions/></trkpt><trkpt lat="43.017514860257506" lon="-1.2256520055234432"><ele>959.4000244140625</ele><time>2026-08-11T08:51:20.000Z</time><extensions/></trkpt><trkpt lat="43.017430789768696" lon="-1.2256133649498224"><ele>958.199951171875</ele><time>2026-08-11T08:51:21.000Z</time><extensions/></trkpt><trkpt lat="43.01734395325184" lon="-1.2255789153277874"><ele>956.800048828125</ele><time>2026-08-11T08:51:22.000Z</time><extensions/></trkpt><trkpt lat="43.01725602708757" lon="-1.2255620677024126"><ele>955.5999755859375</ele><time>2026-08-11T08:51:23.000Z</time><extensions/></trkpt><trkpt lat="43.017164999619126" lon="-1.2255497463047504"><ele>954.5999755859375</ele><time>2026-08-11T08:51:24.000Z</time><extensions/></trkpt><trkpt lat="43.01707682199776" lon="-1.225550165399909"><ele>953.800048828125</ele><time>2026-08-11T08:51:25.000Z</time><extensions/></trkpt><trkpt lat="43.01699358969927" lon="-1.2255661748349667"><ele>952.800048828125</ele><time>2026-08-11T08:51:26.000Z</time><extensions/></trkpt><trkpt lat="43.01690633408725" lon="-1.2255909852683544"><ele>952.0</ele><time>2026-08-11T08:51:27.000Z</time><extensions/></trkpt><trkpt lat="43.01681782118976" lon="-1.2256173882633448"><ele>951.4000244140625</ele><time>2026-08-11T08:51:28.000Z</time><extensions/></trkpt><trkpt lat="43.01674246788025" lon="-1.2256437912583351"><ele>950.5999755859375</ele><time>2026-08-11T08:51:29.000Z</time><extensions/></trkpt><trkpt lat="43.01661154255271" lon="-1.2256702780723572"><ele>949.800048828125</ele><time>2026-08-11T08:51:31.000Z</time><extensions/></trkpt><trkpt lat="43.01655689254403" lon="-1.2256622314453125"><ele>949.5999755859375</ele><time>2026-08-11T08:51:32.000Z</time><extensions/></trkpt><trkpt lat="43.01651129499078" lon="-1.2256437912583351"><ele>949.0</ele><time>2026-08-11T08:51:33.000Z</time><extensions/></trkpt><trkpt lat="43.016473073512316" lon="-1.225617891177535"><ele>948.800048828125</ele><time>2026-08-11T08:51:34.000Z</time><extensions/></trkpt><trkpt lat="43.01643485203385" lon="-1.225586123764515"><ele>948.199951171875</ele><time>2026-08-11T08:51:35.000Z</time><extensions/></trkpt><trkpt lat="43.01640233024955" lon="-1.2255496624857187"><ele>947.800048828125</ele><time>2026-08-11T08:51:36.000Z</time><extensions/></trkpt><trkpt lat="43.016357235610485" lon="-1.225465089082718"><ele>947.199951171875</ele><time>2026-08-11T08:51:38.000Z</time><extensions/></trkpt><trkpt lat="43.0163392983377" lon="-1.2254152167588472"><ele>946.800048828125</ele><time>2026-08-11T08:51:39.000Z</time><extensions/></trkpt><trkpt lat="43.0163062736392" lon="-1.225308096036315"><ele>945.5999755859375</ele><time>2026-08-11T08:51:41.000Z</time><extensions/></trkpt><trkpt lat="43.016285402700305" lon="-1.2252091895788908"><ele>944.199951171875</ele><time>2026-08-11T08:51:43.000Z</time><extensions/></trkpt><trkpt lat="43.01626813597977" lon="-1.2250755820423365"><ele>942.800048828125</ele><time>2026-08-11T08:51:45.000Z</time><extensions/></trkpt><trkpt lat="43.01625195890665" lon="-1.2250049225986004"><ele>942.199951171875</ele><time>2026-08-11T08:51:46.000Z</time><extensions/></trkpt><trkpt lat="43.01622689701617" lon="-1.2249247077852488"><ele>941.199951171875</ele><time>2026-08-11T08:51:47.000Z</time><extensions/></trkpt><trkpt lat="43.0161889269948" lon="-1.2248584069311619"><ele>940.4000244140625</ele><time>2026-08-11T08:51:48.000Z</time><extensions/></trkpt><trkpt lat="43.016153052449226" lon="-1.2248134799301624"><ele>939.5999755859375</ele><time>2026-08-11T08:51:49.000Z</time><extensions/></trkpt><trkpt lat="43.016126146540046" lon="-1.2247826345264912"><ele>939.199951171875</ele><time>2026-08-11T08:51:50.000Z</time><extensions/></trkpt><trkpt lat="43.016093373298645" lon="-1.2247722409665585"><ele>938.800048828125</ele><time>2026-08-11T08:51:51.000Z</time><extensions/></trkpt><trkpt lat="43.01605163142085" lon="-1.224781796336174"><ele>938.4000244140625</ele><time>2026-08-11T08:51:52.000Z</time><extensions/></trkpt><trkpt lat="43.01600066944957" lon="-1.2248117197304964"><ele>937.800048828125</ele><time>2026-08-11T08:51:53.000Z</time><extensions/></trkpt><trkpt lat="43.0159420799464" lon="-1.2248468399047852"><ele>936.800048828125</ele><time>2026-08-11T08:51:54.000Z</time><extensions/></trkpt><trkpt lat="43.01587091758847" lon="-1.224883133545518"><ele>935.5999755859375</ele><time>2026-08-11T08:51:55.000Z</time><extensions/></trkpt><trkpt lat="43.015791457146406" lon="-1.2249169126152992"><ele>934.0</ele><time>2026-08-11T08:51:56.000Z</time><extensions/></trkpt><trkpt lat="43.01571166142821" lon="-1.2249392922967672"><ele>932.5999755859375</ele><time>2026-08-11T08:51:57.000Z</time><extensions/></trkpt><trkpt lat="43.0156328715384" lon="-1.2249580677598715"><ele>931.4000244140625</ele><time>2026-08-11T08:51:58.000Z</time><extensions/></trkpt><trkpt lat="43.015550561249256" lon="-1.2249589059501886"><ele>930.199951171875</ele><time>2026-08-11T08:51:59.000Z</time><extensions/></trkpt><trkpt lat="43.015387365594506" lon="-1.2249328382313251"><ele>929.4000244140625</ele><time>2026-08-11T08:52:01.000Z</time><extensions/></trkpt><trkpt lat="43.015310587361455" lon="-1.2249115481972694"><ele>929.199951171875</ele><time>2026-08-11T08:52:02.000Z</time><extensions/></trkpt><trkpt lat="43.01518443971872" lon="-1.2248358596116304"><ele>929.4000244140625</ele><time>2026-08-11T08:52:04.000Z</time><extensions/></trkpt><trkpt lat="43.01512409001589" lon="-1.2248157430440187"><ele>929.5999755859375</ele><time>2026-08-11T08:52:05.000Z</time><extensions/></trkpt><trkpt lat="43.0150680989027" lon="-1.2248206045478582"><ele>929.800048828125</ele><time>2026-08-11T08:52:06.000Z</time><extensions/></trkpt><trkpt lat="43.014949914067984" lon="-1.224807444959879"><ele>929.800048828125</ele><time>2026-08-11T08:52:08.000Z</time><extensions/></trkpt><trkpt lat="43.01489249803126" lon="-1.2247902620583773"><ele>929.5999755859375</ele><time>2026-08-11T08:52:09.000Z</time><extensions/></trkpt><trkpt lat="43.01465160213411" lon="-1.2246714904904366"><ele>929.5999755859375</ele><time>2026-08-11T08:52:14.000Z</time><extensions/></trkpt><trkpt lat="43.01451933570206" lon="-1.2246131524443626"><ele>930.4000244140625</ele><time>2026-08-11T08:52:17.000Z</time><extensions/></trkpt><trkpt lat="43.01441288553178" lon="-1.2245892640203238"><ele>929.800048828125</ele><time>2026-08-11T08:52:19.000Z</time><extensions/></trkpt><trkpt lat="43.01435496658087" lon="-1.224575936794281"><ele>929.199951171875</ele><time>2026-08-11T08:52:20.000Z</time><extensions/></trkpt><trkpt lat="43.01421884447336" lon="-1.2245392240583897"><ele>927.4000244140625</ele><time>2026-08-11T08:52:22.000Z</time><extensions/></trkpt><trkpt lat="43.01408523693681" lon="-1.2245051935315132"><ele>926.5999755859375</ele><time>2026-08-11T08:52:24.000Z</time><extensions/></trkpt><trkpt lat="43.014034358784556" lon="-1.2245205324143171"><ele>926.199951171875</ele><time>2026-08-11T08:52:25.000Z</time><extensions/></trkpt><trkpt lat="43.013983983546495" lon="-1.224561519920826"><ele>925.800048828125</ele><time>2026-08-11T08:52:26.000Z</time><extensions/></trkpt><trkpt lat="43.013930255547166" lon="-1.224603597074747"><ele>925.199951171875</ele><time>2026-08-11T08:52:27.000Z</time><extensions/></trkpt><trkpt lat="43.01386311650276" lon="-1.2246457580477"><ele>924.199951171875</ele><time>2026-08-11T08:52:28.000Z</time><extensions/></trkpt><trkpt lat="43.013786002993584" lon="-1.2246797885745764"><ele>922.800048828125</ele><time>2026-08-11T08:52:29.000Z</time><extensions/></trkpt><trkpt lat="43.01370318979025" lon="-1.2247083708643913"><ele>921.0</ele><time>2026-08-11T08:52:30.000Z</time><extensions/></trkpt><trkpt lat="43.01355675794184" lon="-1.2247674632817507"><ele>919.5999755859375</ele><time>2026-08-11T08:52:32.000Z</time><extensions/></trkpt><trkpt lat="43.01342918537557" lon="-1.224836278706789"><ele>919.4000244140625</ele><time>2026-08-11T08:52:34.000Z</time><extensions/></trkpt><trkpt lat="43.01317663863301" lon="-1.2250219378620386"><ele>918.5999755859375</ele><time>2026-08-11T08:52:38.000Z</time><extensions/></trkpt><trkpt lat="43.01311553455889" lon="-1.2250673677772284"><ele>918.5999755859375</ele><time>2026-08-11T08:52:39.000Z</time><extensions/></trkpt><trkpt lat="43.01291713491082" lon="-1.2252148892730474"><ele>919.5999755859375</ele><time>2026-08-11T08:52:43.000Z</time><extensions/></trkpt><trkpt lat="43.01288134418428" lon="-1.2252455670386553"><ele>919.800048828125</ele><time>2026-08-11T08:52:44.000Z</time><extensions/></trkpt><trkpt lat="43.01274413242936" lon="-1.2253435514867306"><ele>920.800048828125</ele><time>2026-08-11T08:52:48.000Z</time><extensions/></trkpt><trkpt lat="43.012650003656745" lon="-1.225392585620284"><ele>921.0</ele><time>2026-08-11T08:52:51.000Z</time><extensions/></trkpt><trkpt lat="43.0125055834651" lon="-1.225384958088398"><ele>921.0</ele><time>2026-08-11T08:52:55.000Z</time><extensions/></trkpt><trkpt lat="43.01246836781502" lon="-1.2253623269498348"><ele>920.5999755859375</ele><time>2026-08-11T08:52:56.000Z</time><extensions/></trkpt><trkpt lat="43.012344567105174" lon="-1.2252193316817284"><ele>920.0</ele><time>2026-08-11T08:53:01.000Z</time><extensions/></trkpt><trkpt lat="43.01232688128948" lon="-1.2251231912523508"><ele>919.5999755859375</ele><time>2026-08-11T08:53:03.000Z</time><extensions/></trkpt><trkpt lat="43.012312296777964" lon="-1.2250677030533552"><ele>919.4000244140625</ele><time>2026-08-11T08:53:04.000Z</time><extensions/></trkpt><trkpt lat="43.01229880191386" lon="-1.225000899285078"><ele>918.800048828125</ele><time>2026-08-11T08:53:05.000Z</time><extensions/></trkpt><trkpt lat="43.0122827924788" lon="-1.2249382864683867"><ele>918.199951171875</ele><time>2026-08-11T08:53:06.000Z</time><extensions/></trkpt><trkpt lat="43.012238033115864" lon="-1.2248179223388433"><ele>917.5999755859375</ele><time>2026-08-11T08:53:08.000Z</time><extensions/></trkpt><trkpt lat="43.012215150520205" lon="-1.224756734445691"><ele>917.199951171875</ele><time>2026-08-11T08:53:09.000Z</time><extensions/></trkpt><trkpt lat="43.012189669534564" lon="-1.2247013300657272"><ele>917.0</ele><time>2026-08-11T08:53:10.000Z</time><extensions/></trkpt><trkpt lat="43.012156561017036" lon="-1.224662521854043"><ele>916.5999755859375</ele><time>2026-08-11T08:53:11.000Z</time><extensions/></trkpt><trkpt lat="43.01212387159467" lon="-1.224612146615982"><ele>915.800048828125</ele><time>2026-08-11T08:53:12.000Z</time><extensions/></trkpt><trkpt lat="43.012100318446755" lon="-1.2245527189224958"><ele>914.800048828125</ele><time>2026-08-11T08:53:13.000Z</time><extensions/></trkpt><trkpt lat="43.012087745592" lon="-1.2244812212884426"><ele>913.800048828125</ele><time>2026-08-11T08:53:14.000Z</time><extensions/></trkpt><trkpt lat="43.012079782783985" lon="-1.2244127411395311"><ele>912.800048828125</ele><time>2026-08-11T08:53:15.000Z</time><extensions/></trkpt><trkpt lat="43.01207307726145" lon="-1.2242900300770998"><ele>911.199951171875</ele><time>2026-08-11T08:53:17.000Z</time><extensions/></trkpt><trkpt lat="43.0120668746531" lon="-1.2242380622774363"><ele>910.800048828125</ele><time>2026-08-11T08:53:18.000Z</time><extensions/></trkpt><trkpt lat="43.012043153867126" lon="-1.2241290137171745"><ele>910.4000244140625</ele><time>2026-08-11T08:53:20.000Z</time><extensions/></trkpt><trkpt lat="43.01203519105911" lon="-1.2240600306540728"><ele>909.0</ele><time>2026-08-11T08:53:21.000Z</time><extensions/></trkpt><trkpt lat="43.012024126946926" lon="-1.2239902932196856"><ele>906.5999755859375</ele><time>2026-08-11T08:53:22.000Z</time><extensions/></trkpt><trkpt lat="43.01201750524342" lon="-1.223916532471776"><ele>904.800048828125</ele><time>2026-08-11T08:53:23.000Z</time><extensions/></trkpt><trkpt lat="43.0120166670531" lon="-1.2238341383635998"><ele>903.199951171875</ele><time>2026-08-11T08:53:24.000Z</time><extensions/></trkpt><trkpt lat="43.01202102564275" lon="-1.2237476371228695"><ele>902.0</ele><time>2026-08-11T08:53:25.000Z</time><extensions/></trkpt><trkpt lat="43.01201993599534" lon="-1.2236619740724564"><ele>900.800048828125</ele><time>2026-08-11T08:53:26.000Z</time><extensions/></trkpt><trkpt lat="43.01200954243541" lon="-1.2234717048704624"><ele>898.4000244140625</ele><time>2026-08-11T08:53:28.000Z</time><extensions/></trkpt><trkpt lat="43.01200090907514" lon="-1.2233706191182137"><ele>897.199951171875</ele><time>2026-08-11T08:53:29.000Z</time><extensions/></trkpt><trkpt lat="43.011986492201686" lon="-1.2231954373419285"><ele>895.5999755859375</ele><time>2026-08-11T08:53:31.000Z</time><extensions/></trkpt><trkpt lat="43.01195950247347" lon="-1.222914643585682"><ele>894.4000244140625</ele><time>2026-08-11T08:53:35.000Z</time><extensions/></trkpt><trkpt lat="43.01195363514125" lon="-1.2228581495583057"><ele>894.4000244140625</ele><time>2026-08-11T08:53:36.000Z</time><extensions/></trkpt><trkpt lat="43.01191876642406" lon="-1.2226633541285992"><ele>893.800048828125</ele><time>2026-08-11T08:53:40.000Z</time><extensions/></trkpt><trkpt lat="43.011902840808034" lon="-1.222609207034111"><ele>893.4000244140625</ele><time>2026-08-11T08:53:41.000Z</time><extensions/></trkpt><trkpt lat="43.011860931292176" lon="-1.2225127313286066"><ele>892.4000244140625</ele><time>2026-08-11T08:53:43.000Z</time><extensions/></trkpt><trkpt lat="43.01183603703976" lon="-1.2224648706614971"><ele>892.0</ele><time>2026-08-11T08:53:44.000Z</time><extensions/></trkpt><trkpt lat="43.01174467429519" lon="-1.2223098892718554"><ele>891.4000244140625</ele><time>2026-08-11T08:53:48.000Z</time><extensions/></trkpt><trkpt lat="43.011644845828414" lon="-1.2223817221820354"><ele>891.4000244140625</ele><time>2026-08-11T08:53:51.000Z</time><extensions/></trkpt><trkpt lat="43.011631267145276" lon="-1.222425140440464"><ele>891.5999755859375</ele><time>2026-08-11T08:53:52.000Z</time><extensions/></trkpt><trkpt lat="43.011593632400036" lon="-1.2225056067109108"><ele>892.0</ele><time>2026-08-11T08:53:54.000Z</time><extensions/></trkpt><trkpt lat="43.01153336651623" lon="-1.2226042617112398"><ele>893.0</ele><time>2026-08-11T08:53:57.000Z</time><extensions/></trkpt><trkpt lat="43.01151383668184" lon="-1.2226357776671648"><ele>893.199951171875</ele><time>2026-08-11T08:53:58.000Z</time><extensions/></trkpt><trkpt lat="43.01141643896699" lon="-1.222765278071165"><ele>894.0</ele><time>2026-08-11T08:54:02.000Z</time><extensions/></trkpt><trkpt lat="43.01138752140105" lon="-1.2227930221706629"><ele>894.199951171875</ele><time>2026-08-11T08:54:03.000Z</time><extensions/></trkpt><trkpt lat="43.01133337430656" lon="-1.2228513602167368"><ele>894.4000244140625</ele><time>2026-08-11T08:54:05.000Z</time><extensions/></trkpt><trkpt lat="43.01127872429788" lon="-1.2229080218821764"><ele>894.5999755859375</ele><time>2026-08-11T08:54:07.000Z</time><extensions/></trkpt><trkpt lat="43.0112206377089" lon="-1.2229648511856794"><ele>894.800048828125</ele><time>2026-08-11T08:54:09.000Z</time><extensions/></trkpt><trkpt lat="43.01116422750056" lon="-1.2230263743549585"><ele>895.199951171875</ele><time>2026-08-11T08:54:11.000Z</time><extensions/></trkpt><trkpt lat="43.011038498952985" lon="-1.223160233348608"><ele>895.5999755859375</ele><time>2026-08-11T08:54:15.000Z</time><extensions/></trkpt><trkpt lat="43.01093565300107" lon="-1.223293673247099"><ele>896.199951171875</ele><time>2026-08-11T08:54:19.000Z</time><extensions/></trkpt><trkpt lat="43.01090774126351" lon="-1.2233284581452608"><ele>896.4000244140625</ele><time>2026-08-11T08:54:20.000Z</time><extensions/></trkpt><trkpt lat="43.01082517951727" lon="-1.2234992813318968"><ele>896.800048828125</ele><time>2026-08-11T08:54:24.000Z</time><extensions/></trkpt><trkpt lat="43.01078813150525" lon="-1.2235905602574348"><ele>896.800048828125</ele><time>2026-08-11T08:54:26.000Z</time><extensions/></trkpt><trkpt lat="43.01067078486085" lon="-1.2238265108317137"><ele>897.199951171875</ele><time>2026-08-11T08:54:31.000Z</time><extensions/></trkpt><trkpt lat="43.01063189283013" lon="-1.223918879404664"><ele>897.4000244140625</ele><time>2026-08-11T08:54:33.000Z</time><extensions/></trkpt><trkpt lat="43.01049451343715" lon="-1.2242102343589067"><ele>897.5999755859375</ele><time>2026-08-11T08:54:39.000Z</time><extensions/></trkpt><trkpt lat="43.01049409434199" lon="-1.2242206279188395"><ele>898.0</ele><time>2026-08-11T08:54:42.000Z</time><extensions/></trkpt><trkpt lat="43.01049409434199" lon="-1.2242206279188395"><ele>898.199951171875</ele><time>2026-08-11T08:54:50.000Z</time><extensions/></trkpt><trkpt lat="43.01049409434199" lon="-1.2242206279188395"><ele>898.199951171875</ele><time>2026-08-11T08:54:56.000Z</time><extensions/></trkpt><trkpt lat="43.01049409434199" lon="-1.2242206279188395"><ele>898.199951171875</ele><time>2026-08-11T08:55:02.000Z</time><extensions/></trkpt><trkpt lat="43.01049409434199" lon="-1.2242206279188395"><ele>898.199951171875</ele><time>2026-08-11T08:55:06.000Z</time><extensions/></trkpt><trkpt lat="43.01049409434199" lon="-1.2242206279188395"><ele>898.199951171875</ele><time>2026-08-11T08:55:13.000Z</time><extensions/></trkpt><trkpt lat="43.01049409434199" lon="-1.2242206279188395"><ele>898.199951171875</ele><time>2026-08-11T08:55:15.000Z</time><extensions/></trkpt><trkpt lat="43.01049409434199" lon="-1.2242206279188395"><ele>898.199951171875</ele><time>2026-08-11T08:55:18.000Z</time><extensions/></trkpt><trkpt lat="43.01049409434199" lon="-1.2242206279188395"><ele>898.199951171875</ele><time>2026-08-11T08:55:25.000Z</time><extensions/></trkpt><trkpt lat="43.01049409434199" lon="-1.2242206279188395"><ele>898.199951171875</ele><time>2026-08-11T08:55:28.000Z</time><extensions/></trkpt><trkpt lat="43.01049409434199" lon="-1.2242206279188395"><ele>898.199951171875</ele><time>2026-08-11T08:55:29.000Z</time><extensions/></trkpt><trkpt lat="43.01049409434199" lon="-1.2242206279188395"><ele>898.199951171875</ele><time>2026-08-11T08:55:30.000Z</time><extensions/></trkpt><trkpt lat="43.01049409434199" lon="-1.2242206279188395"><ele>898.199951171875</ele><time>2026-08-11T08:55:33.000Z</time><extensions/></trkpt><trkpt lat="43.01049409434199" lon="-1.2242206279188395"><ele>898.199951171875</ele><time>2026-08-11T08:55:42.000Z</time><extensions/></trkpt><trkpt lat="43.01049409434199" lon="-1.2242206279188395"><ele>898.199951171875</ele><time>2026-08-11T08:55:44.000Z</time><extensions/></trkpt><trkpt lat="43.01049409434199" lon="-1.2242206279188395"><ele>898.199951171875</ele><time>2026-08-11T08:55:45.000Z</time><extensions/></trkpt><trkpt lat="43.01049409434199" lon="-1.2242206279188395"><ele>898.199951171875</ele><time>2026-08-11T08:55:46.000Z</time><extensions/></trkpt><trkpt lat="43.01049409434199" lon="-1.2242206279188395"><ele>898.199951171875</ele><time>2026-08-11T08:55:50.000Z</time><extensions/></trkpt><trkpt lat="43.01049409434199" lon="-1.2242206279188395"><ele>898.199951171875</ele><time>2026-08-11T08:55:51.000Z</time><extensions/></trkpt><trkpt lat="43.01049409434199" lon="-1.2242206279188395"><ele>898.199951171875</ele><time>2026-08-11T08:55:52.000Z</time><extensions/></trkpt><trkpt lat="43.01049409434199" lon="-1.2242206279188395"><ele>898.199951171875</ele><time>2026-08-11T08:55:56.000Z</time><extensions/></trkpt><trkpt lat="43.01049409434199" lon="-1.2242206279188395"><ele>898.199951171875</ele><time>2026-08-11T08:56:09.000Z</time><extensions/></trkpt><trkpt lat="43.01049409434199" lon="-1.2242206279188395"><ele>898.199951171875</ele><time>2026-08-11T08:56:15.000Z</time><extensions/></trkpt><trkpt lat="43.010481521487236" lon="-1.2242285069078207"><ele>898.199951171875</ele><time>2026-08-11T08:56:18.000Z</time><extensions/></trkpt><trkpt lat="43.010480934754014" lon="-1.2242292612791061"><ele>898.199951171875</ele><time>2026-08-11T08:56:20.000Z</time><extensions/></trkpt><trkpt lat="43.01046073436737" lon="-1.2242518085986376"><ele>898.199951171875</ele><time>2026-08-11T08:56:25.000Z</time><extensions/></trkpt><trkpt lat="43.010390158742666" lon="-1.2243955582380295"><ele>897.800048828125</ele><time>2026-08-11T08:56:30.000Z</time><extensions/></trkpt><trkpt lat="43.01033349707723" lon="-1.2244953028857708"><ele>896.800048828125</ele><time>2026-08-11T08:56:32.000Z</time><extensions/></trkpt><trkpt lat="43.01024724729359" lon="-1.2245963886380196"><ele>895.4000244140625</ele><time>2026-08-11T08:56:34.000Z</time><extensions/></trkpt><trkpt lat="43.01015085540712" lon="-1.2246926128864288"><ele>894.4000244140625</ele><time>2026-08-11T08:56:36.000Z</time><extensions/></trkpt><trkpt lat="43.01007189787924" lon="-1.2248076125979424"><ele>894.0</ele><time>2026-08-11T08:56:38.000Z</time><extensions/></trkpt><trkpt lat="43.01004289649427" lon="-1.2248667888343334"><ele>894.199951171875</ele><time>2026-08-11T08:56:39.000Z</time><extensions/></trkpt><trkpt lat="43.009934267029166" lon="-1.225019171833992"><ele>894.5999755859375</ele><time>2026-08-11T08:56:42.000Z</time><extensions/></trkpt><trkpt lat="43.00984801724553" lon="-1.2250854726880789"><ele>894.5999755859375</ele><time>2026-08-11T08:56:44.000Z</time><extensions/></trkpt><trkpt lat="43.009752966463566" lon="-1.2251107022166252"><ele>894.5999755859375</ele><time>2026-08-11T08:56:46.000Z</time><extensions/></trkpt><trkpt lat="43.00966219045222" lon="-1.2250899150967598"><ele>894.800048828125</ele><time>2026-08-11T08:56:48.000Z</time><extensions/></trkpt><trkpt lat="43.00946337170899" lon="-1.224937615916133"><ele>895.0</ele><time>2026-08-11T08:56:53.000Z</time><extensions/></trkpt><trkpt lat="43.009358095005155" lon="-1.2248576525598764"><ele>895.5999755859375</ele><time>2026-08-11T08:56:56.000Z</time><extensions/></trkpt><trkpt lat="43.009248208254576" lon="-1.2248117197304964"><ele>896.4000244140625</ele><time>2026-08-11T08:56:59.000Z</time><extensions/></trkpt><trkpt lat="43.00920772366226" lon="-1.2247859872877598"><ele>896.5999755859375</ele><time>2026-08-11T08:57:00.000Z</time><extensions/></trkpt><trkpt lat="43.00909188576043" lon="-1.2247436586767435"><ele>897.4000244140625</ele><time>2026-08-11T08:57:03.000Z</time><extensions/></trkpt><trkpt lat="43.00905827432871" lon="-1.2247313372790813"><ele>897.5999755859375</ele><time>2026-08-11T08:57:04.000Z</time><extensions/></trkpt><trkpt lat="43.00884956493974" lon="-1.2246843986213207"><ele>898.4000244140625</ele><time>2026-08-11T08:57:10.000Z</time><extensions/></trkpt><trkpt lat="43.00878041423857" lon="-1.2246643658727407"><ele>898.800048828125</ele><time>2026-08-11T08:57:12.000Z</time><extensions/></trkpt><trkpt lat="43.00862400792539" lon="-1.2246406450867653"><ele>898.800048828125</ele><time>2026-08-11T08:57:16.000Z</time><extensions/></trkpt><trkpt lat="43.0083039868623" lon="-1.224581552669406"><ele>897.800048828125</ele><time>2026-08-11T08:57:23.000Z</time><extensions/></trkpt><trkpt lat="43.00809125415981" lon="-1.2244816403836012"><ele>897.800048828125</ele><time>2026-08-11T08:57:28.000Z</time><extensions/></trkpt><trkpt lat="43.00805521197617" lon="-1.2244558241218328"><ele>897.800048828125</ele><time>2026-08-11T08:57:29.000Z</time><extensions/></trkpt><trkpt lat="43.00801900215447" lon="-1.2244385574012995"><ele>898.0</ele><time>2026-08-11T08:57:30.000Z</time><extensions/></trkpt><trkpt lat="43.007980613037944" lon="-1.2244282476603985"><ele>898.0</ele><time>2026-08-11T08:57:31.000Z</time><extensions/></trkpt><trkpt lat="43.00785622559488" lon="-1.2243695743381977"><ele>897.800048828125</ele><time>2026-08-11T08:57:34.000Z</time><extensions/></trkpt><trkpt lat="43.00780995748937" lon="-1.2243549898266792"><ele>897.5999755859375</ele><time>2026-08-11T08:57:35.000Z</time><extensions/></trkpt><trkpt lat="43.00768540240824" lon="-1.2243367172777653"><ele>896.199951171875</ele><time>2026-08-11T08:57:37.000Z</time><extensions/></trkpt><trkpt lat="43.00760384649038" lon="-1.224346524104476"><ele>894.5999755859375</ele><time>2026-08-11T08:57:38.000Z</time><extensions/></trkpt><trkpt lat="43.00750544294715" lon="-1.2243404053151608"><ele>892.0</ele><time>2026-08-11T08:57:39.000Z</time><extensions/></trkpt><trkpt lat="43.00739413127303" lon="-1.2243207078427076"><ele>890.199951171875</ele><time>2026-08-11T08:57:40.000Z</time><extensions/></trkpt><trkpt lat="43.00727535970509" lon="-1.2242958974093199"><ele>887.199951171875</ele><time>2026-08-11T08:57:41.000Z</time><extensions/></trkpt><trkpt lat="43.00715164281428" lon="-1.2242974899709225"><ele>883.800048828125</ele><time>2026-08-11T08:57:42.000Z</time><extensions/></trkpt><trkpt lat="43.00702666863799" lon="-1.2242901977151632"><ele>880.800048828125</ele><time>2026-08-11T08:57:43.000Z</time><extensions/></trkpt><trkpt lat="43.00690152682364" lon="-1.2242725118994713"><ele>878.4000244140625</ele><time>2026-08-11T08:57:44.000Z</time><extensions/></trkpt><trkpt lat="43.00677889958024" lon="-1.2242459412664175"><ele>877.5999755859375</ele><time>2026-08-11T08:57:45.000Z</time><extensions/></trkpt><trkpt lat="43.006656439974904" lon="-1.2242079712450504"><ele>877.199951171875</ele><time>2026-08-11T08:57:46.000Z</time><extensions/></trkpt><trkpt lat="43.00634262152016" lon="-1.2240721005946398"><ele>876.199951171875</ele><time>2026-08-11T08:57:49.000Z</time><extensions/></trkpt><trkpt lat="43.00624497234821" lon="-1.224035220220685"><ele>876.4000244140625</ele><time>2026-08-11T08:57:50.000Z</time><extensions/></trkpt><trkpt lat="43.00607121549547" lon="-1.2239435221999884"><ele>877.0</ele><time>2026-08-11T08:57:52.000Z</time><extensions/></trkpt><trkpt lat="43.00599116832018" lon="-1.2239035405218601"><ele>877.4000244140625</ele><time>2026-08-11T08:57:53.000Z</time><extensions/></trkpt><trkpt lat="43.0057533737272" lon="-1.22380874119699"><ele>878.4000244140625</ele><time>2026-08-11T08:57:56.000Z</time><extensions/></trkpt><trkpt lat="43.005513064563274" lon="-1.2236966751515865"><ele>877.199951171875</ele><time>2026-08-11T08:57:59.000Z</time><extensions/></trkpt><trkpt lat="43.00533352419734" lon="-1.2236153706908226"><ele>875.0</ele><time>2026-08-11T08:58:01.000Z</time><extensions/></trkpt><trkpt lat="43.005235539749265" lon="-1.2235702760517597"><ele>873.5999755859375</ele><time>2026-08-11T08:58:02.000Z</time><extensions/></trkpt><trkpt lat="43.00513529218733" lon="-1.2235291209071875"><ele>871.800048828125</ele><time>2026-08-11T08:58:03.000Z</time><extensions/></trkpt><trkpt lat="43.005032278597355" lon="-1.2234925758093596"><ele>870.0</ele><time>2026-08-11T08:58:04.000Z</time><extensions/></trkpt><trkpt lat="43.00492926500738" lon="-1.2234611436724663"><ele>868.199951171875</ele><time>2026-08-11T08:58:05.000Z</time><extensions/></trkpt><trkpt lat="43.00483228638768" lon="-1.2234331481158733"><ele>866.4000244140625</ele><time>2026-08-11T08:58:06.000Z</time><extensions/></trkpt><trkpt lat="43.004739582538605" lon="-1.223402889445424"><ele>865.0</ele><time>2026-08-11T08:58:07.000Z</time><extensions/></trkpt><trkpt lat="43.00465417094529" lon="-1.2233682721853256"><ele>863.800048828125</ele><time>2026-08-11T08:58:08.000Z</time><extensions/></trkpt><trkpt lat="43.00457722507417" lon="-1.2233339063823223"><ele>862.5999755859375</ele><time>2026-08-11T08:58:09.000Z</time><extensions/></trkpt><trkpt lat="43.004508493468165" lon="-1.2233017198741436"><ele>861.5999755859375</ele><time>2026-08-11T08:58:10.000Z</time><extensions/></trkpt><trkpt lat="43.00439324229956" lon="-1.2232473213225603"><ele>860.5999755859375</ele><time>2026-08-11T08:58:12.000Z</time><extensions/></trkpt><trkpt lat="43.00434194505215" lon="-1.223238604143262"><ele>860.0</ele><time>2026-08-11T08:58:13.000Z</time><extensions/></trkpt><trkpt lat="43.004259634763" lon="-1.2233194056898355"><ele>859.4000244140625</ele><time>2026-08-11T08:58:15.000Z</time><extensions/></trkpt><trkpt lat="43.004256282001734" lon="-1.2234863732010126"><ele>858.0</ele><time>2026-08-11T08:58:17.000Z</time><extensions/></trkpt><trkpt lat="43.00432652235031" lon="-1.22363087721169"><ele>856.800048828125</ele><time>2026-08-11T08:58:19.000Z</time><extensions/></trkpt><trkpt lat="43.0043790768832" lon="-1.2236804142594337"><ele>856.199951171875</ele><time>2026-08-11T08:58:20.000Z</time><extensions/></trkpt><trkpt lat="43.004483012482524" lon="-1.2237744592130184"><ele>855.199951171875</ele><time>2026-08-11T08:58:22.000Z</time><extensions/></trkpt><trkpt lat="43.00460010766983" lon="-1.2238862738013268"><ele>853.800048828125</ele><time>2026-08-11T08:58:24.000Z</time><extensions/></trkpt><trkpt lat="43.00471837632358" lon="-1.2239989265799522"><ele>852.0</ele><time>2026-08-11T08:58:26.000Z</time><extensions/></trkpt><trkpt lat="43.00483672879636" lon="-1.224130941554904"><ele>851.0</ele><time>2026-08-11T08:58:28.000Z</time><extensions/></trkpt><trkpt lat="43.00489556975663" lon="-1.2241947278380394"><ele>850.5999755859375</ele><time>2026-08-11T08:58:29.000Z</time><extensions/></trkpt><trkpt lat="43.00501216202974" lon="-1.224314421415329"><ele>850.5999755859375</ele><time>2026-08-11T08:58:31.000Z</time><extensions/></trkpt><trkpt lat="43.00525146536529" lon="-1.2245593406260014"><ele>850.4000244140625</ele><time>2026-08-11T08:58:35.000Z</time><extensions/></trkpt><trkpt lat="43.005317179486156" lon="-1.2246135715395212"><ele>850.0</ele><time>2026-08-11T08:58:36.000Z</time><extensions/></trkpt><trkpt lat="43.00537995994091" lon="-1.2246621027588844"><ele>849.199951171875</ele><time>2026-08-11T08:58:37.000Z</time><extensions/></trkpt><trkpt lat="43.0054444167763" lon="-1.2247056048363447"><ele>848.4000244140625</ele><time>2026-08-11T08:58:38.000Z</time><extensions/></trkpt><trkpt lat="43.00559051334858" lon="-1.2247884180396795"><ele>847.4000244140625</ele><time>2026-08-11T08:58:40.000Z</time><extensions/></trkpt><trkpt lat="43.00582512281835" lon="-1.2248869892209768"><ele>847.0</ele><time>2026-08-11T08:58:43.000Z</time><extensions/></trkpt><trkpt lat="43.006084291264415" lon="-1.2250122148543596"><ele>847.5999755859375</ele><time>2026-08-11T08:58:47.000Z</time><extensions/></trkpt><trkpt lat="43.00644823350012" lon="-1.225130232051015"><ele>845.5999755859375</ele><time>2026-08-11T08:58:52.000Z</time><extensions/></trkpt><trkpt lat="43.00662852823734" lon="-1.225185552611947"><ele>843.800048828125</ele><time>2026-08-11T08:58:54.000Z</time><extensions/></trkpt><trkpt lat="43.00681997090578" lon="-1.2252369336783886"><ele>842.0</ele><time>2026-08-11T08:58:56.000Z</time><extensions/></trkpt><trkpt lat="43.00700889900327" lon="-1.2253005523234606"><ele>840.5999755859375</ele><time>2026-08-11T08:58:58.000Z</time><extensions/></trkpt><trkpt lat="43.00718885846436" lon="-1.2253883946686983"><ele>839.5999755859375</ele><time>2026-08-11T08:59:00.000Z</time><extensions/></trkpt><trkpt lat="43.00743654370308" lon="-1.2255559489130974"><ele>838.4000244140625</ele><time>2026-08-11T08:59:03.000Z</time><extensions/></trkpt><trkpt lat="43.00789235159755" lon="-1.2258153688162565"><ele>838.0</ele><time>2026-08-11T08:59:09.000Z</time><extensions/></trkpt><trkpt lat="43.0081969499588" lon="-1.2258929014205933"><ele>837.0</ele><time>2026-08-11T08:59:13.000Z</time><extensions/></trkpt><trkpt lat="43.00828345119953" lon="-1.2258866988122463"><ele>835.800048828125</ele><time>2026-08-11T08:59:14.000Z</time><extensions/></trkpt><trkpt lat="43.00838386639953" lon="-1.2258755508810282"><ele>834.4000244140625</ele><time>2026-08-11T08:59:15.000Z</time><extensions/></trkpt><trkpt lat="43.00848989747465" lon="-1.2258577812463045"><ele>832.800048828125</ele><time>2026-08-11T08:59:16.000Z</time><extensions/></trkpt><trkpt lat="43.00859374925494" lon="-1.2258422747254372"><ele>831.199951171875</ele><time>2026-08-11T08:59:17.000Z</time><extensions/></trkpt><trkpt lat="43.00869533792138" lon="-1.2258475553244352"><ele>830.0</ele><time>2026-08-11T08:59:18.000Z</time><extensions/></trkpt><trkpt lat="43.00887521356344" lon="-1.225959537550807"><ele>828.800048828125</ele><time>2026-08-11T08:59:20.000Z</time><extensions/></trkpt><trkpt lat="43.009022902697325" lon="-1.2261579371988773"><ele>827.4000244140625</ele><time>2026-08-11T08:59:22.000Z</time><extensions/></trkpt><trkpt lat="43.009099178016186" lon="-1.2262716796249151"><ele>826.199951171875</ele><time>2026-08-11T08:59:23.000Z</time><extensions/></trkpt><trkpt lat="43.009164640679955" lon="-1.22638332657516"><ele>824.800048828125</ele><time>2026-08-11T08:59:24.000Z</time><extensions/></trkpt><trkpt lat="43.009215854108334" lon="-1.2264912854880095"><ele>823.4000244140625</ele><time>2026-08-11T08:59:25.000Z</time><extensions/></trkpt><trkpt lat="43.009247621521354" lon="-1.2266023457050323"><ele>822.5999755859375</ele><time>2026-08-11T08:59:26.000Z</time><extensions/></trkpt><trkpt lat="43.00926145166159" lon="-1.2267103046178818"><ele>822.0</ele><time>2026-08-11T08:59:27.000Z</time><extensions/></trkpt><trkpt lat="43.00927637144923" lon="-1.2269116379320621"><ele>821.4000244140625</ele><time>2026-08-11T08:59:29.000Z</time><extensions/></trkpt><trkpt lat="43.00928056240082" lon="-1.2270130589604378"><ele>820.800048828125</ele><time>2026-08-11T08:59:30.000Z</time><extensions/></trkpt><trkpt lat="43.009305791929364" lon="-1.227185893803835"><ele>819.5999755859375</ele><time>2026-08-11T08:59:32.000Z</time><extensions/></trkpt><trkpt lat="43.00932037644088" lon="-1.2272433936595917"><ele>819.4000244140625</ele><time>2026-08-11T08:59:33.000Z</time><extensions/></trkpt><trkpt lat="43.0093452706933" lon="-1.2272697128355503"><ele>819.199951171875</ele><time>2026-08-11T08:59:34.000Z</time><extensions/></trkpt><trkpt lat="43.0093679856509" lon="-1.2272644322365522"><ele>819.4000244140625</ele><time>2026-08-11T08:59:35.000Z</time><extensions/></trkpt><trkpt lat="43.009402519091964" lon="-1.2272673659026623"><ele>819.800048828125</ele><time>2026-08-11T08:59:39.000Z</time><extensions/></trkpt><trkpt lat="43.00940662622452" lon="-1.2272634264081717"><ele>819.800048828125</ele><time>2026-08-11T08:59:45.000Z</time><extensions/></trkpt><trkpt lat="43.009402519091964" lon="-1.2272673659026623"><ele>819.800048828125</ele><time>2026-08-11T08:59:47.000Z</time><extensions/></trkpt><trkpt lat="43.009402519091964" lon="-1.2272673659026623"><ele>820.0</ele><time>2026-08-11T08:59:54.000Z</time><extensions/></trkpt><trkpt lat="43.009402519091964" lon="-1.2272673659026623"><ele>819.800048828125</ele><time>2026-08-11T08:59:58.000Z</time><extensions/></trkpt><trkpt lat="43.009402519091964" lon="-1.2272673659026623"><ele>819.800048828125</ele><time>2026-08-11T08:59:59.000Z</time><extensions/></trkpt><trkpt lat="43.009402519091964" lon="-1.2272673659026623"><ele>819.800048828125</ele><time>2026-08-11T09:00:00.000Z</time><extensions/></trkpt><trkpt lat="43.009402519091964" lon="-1.2272673659026623"><ele>819.800048828125</ele><time>2026-08-11T09:00:04.000Z</time><extensions/></trkpt><trkpt lat="43.009402519091964" lon="-1.2272673659026623"><ele>819.5999755859375</ele><time>2026-08-11T09:00:09.000Z</time><extensions/></trkpt><trkpt lat="43.009402519091964" lon="-1.2272673659026623"><ele>819.5999755859375</ele><time>2026-08-11T09:00:13.000Z</time><extensions/></trkpt><trkpt lat="43.009402519091964" lon="-1.2272673659026623"><ele>819.5999755859375</ele><time>2026-08-11T09:00:17.000Z</time><extensions/></trkpt><trkpt lat="43.00939589738846" lon="-1.227271556854248"><ele>819.5999755859375</ele><time>2026-08-11T09:00:19.000Z</time><extensions/></trkpt><trkpt lat="43.009402519091964" lon="-1.2272673659026623"><ele>819.5999755859375</ele><time>2026-08-11T09:00:20.000Z</time><extensions/></trkpt><trkpt lat="43.009402519091964" lon="-1.2272673659026623"><ele>819.4000244140625</ele><time>2026-08-11T09:00:25.000Z</time><extensions/></trkpt><trkpt lat="43.009402519091964" lon="-1.2272673659026623"><ele>819.4000244140625</ele><time>2026-08-11T09:00:28.000Z</time><extensions/></trkpt><trkpt lat="43.00935876555741" lon="-1.2272677011787891"><ele>819.4000244140625</ele><time>2026-08-11T09:00:34.000Z</time><extensions/></trkpt><trkpt lat="43.009345941245556" lon="-1.2272737361490726"><ele>819.5999755859375</ele><time>2026-08-11T09:00:35.000Z</time><extensions/></trkpt><trkpt lat="43.00932507030666" lon="-1.2272882368415594"><ele>819.5999755859375</ele><time>2026-08-11T09:00:37.000Z</time><extensions/></trkpt><trkpt lat="43.00931626930833" lon="-1.2273056712001562"><ele>819.4000244140625</ele><time>2026-08-11T09:00:39.000Z</time><extensions/></trkpt><trkpt lat="43.00931140780449" lon="-1.2273467425256968"><ele>819.5999755859375</ele><time>2026-08-11T09:00:42.000Z</time><extensions/></trkpt><trkpt lat="43.00931878387928" lon="-1.2273452337831259"><ele>819.800048828125</ele><time>2026-08-11T09:00:44.000Z</time><extensions/></trkpt><trkpt lat="43.00931878387928" lon="-1.2273452337831259"><ele>819.800048828125</ele><time>2026-08-11T09:00:50.000Z</time><extensions/></trkpt><trkpt lat="43.00933571532369" lon="-1.2273565493524075"><ele>819.800048828125</ele><time>2026-08-11T09:00:57.000Z</time><extensions/></trkpt><trkpt lat="43.0093262437731" lon="-1.227349592372775"><ele>819.5999755859375</ele><time>2026-08-11T09:01:04.000Z</time><extensions/></trkpt><trkpt lat="43.009337056428194" lon="-1.2273538671433926"><ele>819.800048828125</ele><time>2026-08-11T09:01:08.000Z</time><extensions/></trkpt><trkpt lat="43.009337056428194" lon="-1.2273538671433926"><ele>819.5999755859375</ele><time>2026-08-11T09:01:10.000Z</time><extensions/></trkpt><trkpt lat="43.009337056428194" lon="-1.2273538671433926"><ele>819.800048828125</ele><time>2026-08-11T09:01:20.000Z</time><extensions/></trkpt><trkpt lat="43.009337056428194" lon="-1.2273538671433926"><ele>819.800048828125</ele><time>2026-08-11T09:01:30.000Z</time><extensions/></trkpt><trkpt lat="43.009337056428194" lon="-1.2273538671433926"><ele>819.5999755859375</ele><time>2026-08-11T09:01:36.000Z</time><extensions/></trkpt><trkpt lat="43.009337056428194" lon="-1.2273538671433926"><ele>819.5999755859375</ele><time>2026-08-11T09:01:40.000Z</time><extensions/></trkpt><trkpt lat="43.009337056428194" lon="-1.2273538671433926"><ele>819.5999755859375</ele><time>2026-08-11T09:01:44.000Z</time><extensions/></trkpt><trkpt lat="43.009337056428194" lon="-1.2273538671433926"><ele>819.5999755859375</ele><time>2026-08-11T09:01:49.000Z</time><extensions/></trkpt><trkpt lat="43.00931693986058" lon="-1.2273422162979841"><ele>819.5999755859375</ele><time>2026-08-11T09:01:57.000Z</time><extensions/></trkpt><trkpt lat="43.00931685604155" lon="-1.2273422162979841"><ele>819.5999755859375</ele><time>2026-08-11T09:02:03.000Z</time><extensions/></trkpt><trkpt lat="43.00931685604155" lon="-1.2273422162979841"><ele>819.5999755859375</ele><time>2026-08-11T09:02:09.000Z</time><extensions/></trkpt><trkpt lat="43.00931685604155" lon="-1.2273422162979841"><ele>819.5999755859375</ele><time>2026-08-11T09:02:20.000Z</time><extensions/></trkpt><trkpt lat="43.00931551493704" lon="-1.2273432221263647"><ele>819.5999755859375</ele><time>2026-08-11T09:02:23.000Z</time><extensions/></trkpt><trkpt lat="43.0093177780509" lon="-1.2273523584008217"><ele>819.5999755859375</ele><time>2026-08-11T09:02:25.000Z</time><extensions/></trkpt><trkpt lat="43.00931685604155" lon="-1.2273422162979841"><ele>819.5999755859375</ele><time>2026-08-11T09:02:27.000Z</time><extensions/></trkpt><trkpt lat="43.009327752515674" lon="-1.2273661885410547"><ele>819.5999755859375</ele><time>2026-08-11T09:02:37.000Z</time><extensions/></trkpt><trkpt lat="43.00940444692969" lon="-1.2274822778999805"><ele>819.5999755859375</ele><time>2026-08-11T09:02:42.000Z</time><extensions/></trkpt><trkpt lat="43.00945842638612" lon="-1.22763910330832"><ele>819.5999755859375</ele><time>2026-08-11T09:02:46.000Z</time><extensions/></trkpt><trkpt lat="43.009498827159405" lon="-1.2277649994939566"><ele>819.5999755859375</ele><time>2026-08-11T09:02:49.000Z</time><extensions/></trkpt><trkpt lat="43.00953763537109" lon="-1.227890895679593"><ele>820.0</ele><time>2026-08-11T09:02:52.000Z</time><extensions/></trkpt><trkpt lat="43.00961374305189" lon="-1.2281628884375095"><ele>820.0</ele><time>2026-08-11T09:02:58.000Z</time><extensions/></trkpt><trkpt lat="43.00969856791198" lon="-1.2283333763480186"><ele>820.0</ele><time>2026-08-11T09:03:02.000Z</time><extensions/></trkpt><trkpt lat="43.00976051017642" lon="-1.2284700851887465"><ele>819.800048828125</ele><time>2026-08-11T09:03:05.000Z</time><extensions/></trkpt><trkpt lat="43.00991825759411" lon="-1.2288284953683615"><ele>819.199951171875</ele><time>2026-08-11T09:03:13.000Z</time><extensions/></trkpt><trkpt lat="43.00995438359678" lon="-1.2289786152541637"><ele>818.5999755859375</ele><time>2026-08-11T09:03:16.000Z</time><extensions/></trkpt><trkpt lat="43.00999176688492" lon="-1.2290414795279503"><ele>818.0</ele><time>2026-08-11T09:03:17.000Z</time><extensions/></trkpt><trkpt lat="43.010082291439176" lon="-1.2291755061596632"><ele>815.800048828125</ele><time>2026-08-11T09:03:19.000Z</time><extensions/></trkpt><trkpt lat="43.01010802388191" lon="-1.2292601633816957"><ele>814.5999755859375</ele><time>2026-08-11T09:03:20.000Z</time><extensions/></trkpt><trkpt lat="43.010108694434166" lon="-1.229346664622426"><ele>813.800048828125</ele><time>2026-08-11T09:03:21.000Z</time><extensions/></trkpt><trkpt lat="43.01010944880545" lon="-1.2294314056634903"><ele>813.4000244140625</ele><time>2026-08-11T09:03:22.000Z</time><extensions/></trkpt><trkpt lat="43.01013585180044" lon="-1.2295019812881947"><ele>813.199951171875</ele><time>2026-08-11T09:03:23.000Z</time><extensions/></trkpt><trkpt lat="43.01017742604017" lon="-1.2295479141175747"><ele>813.199951171875</ele><time>2026-08-11T09:03:24.000Z</time><extensions/></trkpt><trkpt lat="43.01029644906521" lon="-1.2296615727245808"><ele>813.5999755859375</ele><time>2026-08-11T09:03:27.000Z</time><extensions/></trkpt><trkpt lat="43.01037976518273" lon="-1.2296929210424423"><ele>814.199951171875</ele><time>2026-08-11T09:03:29.000Z</time><extensions/></trkpt><trkpt lat="43.01046802662313" lon="-1.2297044042497873"><ele>814.4000244140625</ele><time>2026-08-11T09:03:31.000Z</time><extensions/></trkpt><trkpt lat="43.01059325225651" lon="-1.2297326512634754"><ele>814.5999755859375</ele><time>2026-08-11T09:03:34.000Z</time><extensions/></trkpt><trkpt lat="43.01067665219307" lon="-1.2297577131539583"><ele>814.5999755859375</ele><time>2026-08-11T09:03:36.000Z</time><extensions/></trkpt><trkpt lat="43.01082459278405" lon="-1.229897690936923"><ele>815.199951171875</ele><time>2026-08-11T09:03:41.000Z</time><extensions/></trkpt><trkpt lat="43.010833309963346" lon="-1.2299478985369205"><ele>815.4000244140625</ele><time>2026-08-11T09:03:42.000Z</time><extensions/></trkpt><trkpt lat="43.010841105133295" lon="-1.2300012912601233"><ele>815.800048828125</ele><time>2026-08-11T09:03:43.000Z</time><extensions/></trkpt><trkpt lat="43.01086960360408" lon="-1.230173371732235"><ele>816.800048828125</ele><time>2026-08-11T09:03:46.000Z</time><extensions/></trkpt><trkpt lat="43.01088276319206" lon="-1.2302283570170403"><ele>817.199951171875</ele><time>2026-08-11T09:03:47.000Z</time><extensions/></trkpt><trkpt lat="43.01089416258037" lon="-1.2302778102457523"><ele>817.800048828125</ele><time>2026-08-11T09:03:48.000Z</time><extensions/></trkpt><trkpt lat="43.01090698689222" lon="-1.2303513195365667"><ele>819.199951171875</ele><time>2026-08-11T09:03:50.000Z</time><extensions/></trkpt><trkpt lat="43.01091218367219" lon="-1.2303579412400723"><ele>819.5999755859375</ele><time>2026-08-11T09:03:51.000Z</time><extensions/></trkpt><trkpt lat="43.01090816035867" lon="-1.2303499784320593"><ele>820.4000244140625</ele><time>2026-08-11T09:03:53.000Z</time><extensions/></trkpt><trkpt lat="43.01090237684548" lon="-1.2303265929222107"><ele>820.4000244140625</ele><time>2026-08-11T09:03:56.000Z</time><extensions/></trkpt><trkpt lat="43.01090204156935" lon="-1.2303205579519272"><ele>820.199951171875</ele><time>2026-08-11T09:04:05.000Z</time><extensions/></trkpt><trkpt lat="43.010898772627115" lon="-1.2303254194557667"><ele>820.199951171875</ele><time>2026-08-11T09:04:08.000Z</time><extensions/></trkpt><trkpt lat="43.01090204156935" lon="-1.2303205579519272"><ele>820.199951171875</ele><time>2026-08-11T09:04:10.000Z</time><extensions/></trkpt><trkpt lat="43.0108979344368" lon="-1.2303402554243803"><ele>820.199951171875</ele><time>2026-08-11T09:04:15.000Z</time><extensions/></trkpt><trkpt lat="43.010902712121606" lon="-1.2303993478417397"><ele>820.199951171875</ele><time>2026-08-11T09:04:17.000Z</time><extensions/></trkpt><trkpt lat="43.01090204156935" lon="-1.2305243220180273"><ele>821.0</ele><time>2026-08-11T09:04:21.000Z</time><extensions/></trkpt><trkpt lat="43.010907489806414" lon="-1.2306179478764534"><ele>821.4000244140625</ele><time>2026-08-11T09:04:23.000Z</time><extensions/></trkpt><trkpt lat="43.01092257723212" lon="-1.2307693250477314"><ele>822.0</ele><time>2026-08-11T09:04:26.000Z</time><extensions/></trkpt><trkpt lat="43.01094160415232" lon="-1.2308664713054895"><ele>822.800048828125</ele><time>2026-08-11T09:04:28.000Z</time><extensions/></trkpt><trkpt lat="43.01095015369356" lon="-1.231014747172594"><ele>824.0</ele><time>2026-08-11T09:04:31.000Z</time><extensions/></trkpt><trkpt lat="43.01095275208354" lon="-1.2310636136680841"><ele>824.4000244140625</ele><time>2026-08-11T09:04:32.000Z</time><extensions/></trkpt><trkpt lat="43.01097068935633" lon="-1.2312131468206644"><ele>825.4000244140625</ele><time>2026-08-11T09:04:35.000Z</time><extensions/></trkpt><trkpt lat="43.01100161857903" lon="-1.231351364403963"><ele>826.800048828125</ele><time>2026-08-11T09:04:38.000Z</time><extensions/></trkpt><trkpt lat="43.01102316007018" lon="-1.2314330041408539"><ele>828.0</ele><time>2026-08-11T09:04:40.000Z</time><extensions/></trkpt><trkpt lat="43.011060459539294" lon="-1.2315720599144697"><ele>829.4000244140625</ele><time>2026-08-11T09:04:43.000Z</time><extensions/></trkpt><trkpt lat="43.01108459942043" lon="-1.2316713016480207"><ele>830.4000244140625</ele><time>2026-08-11T09:04:45.000Z</time><extensions/></trkpt><trkpt lat="43.01109633408487" lon="-1.231715390458703"><ele>831.0</ele><time>2026-08-11T09:04:46.000Z</time><extensions/></trkpt><trkpt lat="43.011106392368674" lon="-1.2318680249154568"><ele>832.199951171875</ele><time>2026-08-11T09:04:49.000Z</time><extensions/></trkpt><trkpt lat="43.01111452281475" lon="-1.2319647520780563"><ele>833.0</ele><time>2026-08-11T09:04:51.000Z</time><extensions/></trkpt><trkpt lat="43.01112030632794" lon="-1.232008170336485"><ele>833.4000244140625</ele><time>2026-08-11T09:04:52.000Z</time><extensions/></trkpt><trkpt lat="43.01112039014697" lon="-1.232148902490735"><ele>834.800048828125</ele><time>2026-08-11T09:04:55.000Z</time><extensions/></trkpt><trkpt lat="43.01112265326083" lon="-1.2322458811104298"><ele>835.800048828125</ele><time>2026-08-11T09:04:57.000Z</time><extensions/></trkpt><trkpt lat="43.01112684421241" lon="-1.232293238863349"><ele>836.199951171875</ele><time>2026-08-11T09:04:58.000Z</time><extensions/></trkpt><trkpt lat="43.01113111898303" lon="-1.2323869485408068"><ele>837.199951171875</ele><time>2026-08-11T09:05:00.000Z</time><extensions/></trkpt><trkpt lat="43.01113514229655" lon="-1.2324364017695189"><ele>837.5999755859375</ele><time>2026-08-11T09:05:01.000Z</time><extensions/></trkpt><trkpt lat="43.01113757304847" lon="-1.2325304467231035"><ele>838.5999755859375</ele><time>2026-08-11T09:05:03.000Z</time><extensions/></trkpt><trkpt lat="43.01113707013428" lon="-1.2325742840766907"><ele>838.800048828125</ele><time>2026-08-11T09:05:04.000Z</time><extensions/></trkpt><trkpt lat="43.01113497465849" lon="-1.2326748669147491"><ele>839.5999755859375</ele><time>2026-08-11T09:05:06.000Z</time><extensions/></trkpt><trkpt lat="43.01113019697368" lon="-1.2328218016773462"><ele>840.800048828125</ele><time>2026-08-11T09:05:09.000Z</time><extensions/></trkpt><trkpt lat="43.01112852059305" lon="-1.2329563312232494"><ele>841.800048828125</ele><time>2026-08-11T09:05:12.000Z</time><extensions/></trkpt><trkpt lat="43.01114712841809" lon="-1.2331082113087177"><ele>843.199951171875</ele><time>2026-08-11T09:05:15.000Z</time><extensions/></trkpt><trkpt lat="43.01116447895765" lon="-1.2332605943083763"><ele>844.199951171875</ele><time>2026-08-11T09:05:18.000Z</time><extensions/></trkpt><trkpt lat="43.011162634938955" lon="-1.2335247918963432"><ele>845.0</ele><time>2026-08-11T09:05:23.000Z</time><extensions/></trkpt><trkpt lat="43.01116188056767" lon="-1.233633253723383"><ele>845.5999755859375</ele><time>2026-08-11T09:05:25.000Z</time><extensions/></trkpt><trkpt lat="43.01116188056767" lon="-1.2336907535791397"><ele>845.800048828125</ele><time>2026-08-11T09:05:26.000Z</time><extensions/></trkpt><trkpt lat="43.01115157082677" lon="-1.2339830305427313"><ele>846.5999755859375</ele><time>2026-08-11T09:05:31.000Z</time><extensions/></trkpt><trkpt lat="43.01115157082677" lon="-1.2339830305427313"><ele>846.800048828125</ele><time>2026-08-11T09:05:32.000Z</time><extensions/></trkpt><trkpt lat="43.011124497279525" lon="-1.2344606313854456"><ele>847.4000244140625</ele><time>2026-08-11T09:05:38.000Z</time><extensions/></trkpt><trkpt lat="43.01112181507051" lon="-1.234599519520998"><ele>847.5999755859375</ele><time>2026-08-11T09:05:40.000Z</time><extensions/></trkpt><trkpt lat="43.01112432964146" lon="-1.234930856153369"><ele>848.4000244140625</ele><time>2026-08-11T09:05:45.000Z</time><extensions/></trkpt><trkpt lat="43.01111988723278" lon="-1.2350710853934288"><ele>848.5999755859375</ele><time>2026-08-11T09:05:47.000Z</time><extensions/></trkpt><trkpt lat="43.01111217588186" lon="-1.2353706546127796"><ele>849.4000244140625</ele><time>2026-08-11T09:05:51.000Z</time><extensions/></trkpt><trkpt lat="43.011105889454484" lon="-1.2354433257132769"><ele>849.800048828125</ele><time>2026-08-11T09:05:52.000Z</time><extensions/></trkpt><trkpt lat="43.01108233630657" lon="-1.2356637697666883"><ele>851.0</ele><time>2026-08-11T09:05:55.000Z</time><extensions/></trkpt><trkpt lat="43.01105685532093" lon="-1.235966356471181"><ele>852.0</ele><time>2026-08-11T09:05:59.000Z</time><extensions/></trkpt><trkpt lat="43.01104478538036" lon="-1.2360368482768536"><ele>852.199951171875</ele><time>2026-08-11T09:06:00.000Z</time><extensions/></trkpt><trkpt lat="43.01100740209222" lon="-1.236248491331935"><ele>853.0</ele><time>2026-08-11T09:06:03.000Z</time><extensions/></trkpt><trkpt lat="43.01099675707519" lon="-1.2363246828317642"><ele>853.199951171875</ele><time>2026-08-11T09:06:04.000Z</time><extensions/></trkpt><trkpt lat="43.01097831688821" lon="-1.2364745512604713"><ele>854.0</ele><time>2026-08-11T09:06:06.000Z</time><extensions/></trkpt><trkpt lat="43.01097228191793" lon="-1.2365516647696495"><ele>854.4000244140625</ele><time>2026-08-11T09:06:07.000Z</time><extensions/></trkpt><trkpt lat="43.01097471266985" lon="-1.2366261798888445"><ele>854.800048828125</ele><time>2026-08-11T09:06:08.000Z</time><extensions/></trkpt><trkpt lat="43.01099047064781" lon="-1.2367778923362494"><ele>855.4000244140625</ele><time>2026-08-11T09:06:10.000Z</time><extensions/></trkpt><trkpt lat="43.011012179777026" lon="-1.2368633039295673"><ele>855.199951171875</ele><time>2026-08-11T09:06:11.000Z</time><extensions/></trkpt><trkpt lat="43.0110723618418" lon="-1.2370481248944998"><ele>854.199951171875</ele><time>2026-08-11T09:06:13.000Z</time><extensions/></trkpt><trkpt lat="43.011125503107905" lon="-1.2372510507702827"><ele>852.4000244140625</ele><time>2026-08-11T09:06:15.000Z</time><extensions/></trkpt><trkpt lat="43.011134304106236" lon="-1.237470405176282"><ele>851.4000244140625</ele><time>2026-08-11T09:06:17.000Z</time><extensions/></trkpt><trkpt lat="43.0111120082438" lon="-1.2376807071268559"><ele>851.0</ele><time>2026-08-11T09:06:19.000Z</time><extensions/></trkpt><trkpt lat="43.011082503944635" lon="-1.2381452322006226"><ele>850.199951171875</ele><time>2026-08-11T09:06:24.000Z</time><extensions/></trkpt><trkpt lat="43.01108275540173" lon="-1.23845050111413"><ele>848.800048828125</ele><time>2026-08-11T09:06:27.000Z</time><extensions/></trkpt><trkpt lat="43.01108015701175" lon="-1.2385670095682144"><ele>848.0</ele><time>2026-08-11T09:06:28.000Z</time><extensions/></trkpt><trkpt lat="43.01107604987919" lon="-1.2386866193264723"><ele>847.199951171875</ele><time>2026-08-11T09:06:29.000Z</time><extensions/></trkpt><trkpt lat="43.01106314174831" lon="-1.2388099171221256"><ele>846.5999755859375</ele><time>2026-08-11T09:06:30.000Z</time><extensions/></trkpt><trkpt lat="43.01104445010424" lon="-1.238927012309432"><ele>845.800048828125</ele><time>2026-08-11T09:06:31.000Z</time><extensions/></trkpt><trkpt lat="43.01101385615766" lon="-1.239039497449994"><ele>845.4000244140625</ele><time>2026-08-11T09:06:32.000Z</time><extensions/></trkpt><trkpt lat="43.0109772272408" lon="-1.2391502223908901"><ele>845.199951171875</ele><time>2026-08-11T09:06:33.000Z</time><extensions/></trkpt><trkpt lat="43.010939257219434" lon="-1.2392653059214354"><ele>844.4000244140625</ele><time>2026-08-11T09:06:34.000Z</time><extensions/></trkpt><trkpt lat="43.01084177568555" lon="-1.239469489082694"><ele>842.800048828125</ele><time>2026-08-11T09:06:36.000Z</time><extensions/></trkpt><trkpt lat="43.01077631302178" lon="-1.2395420763641596"><ele>842.0</ele><time>2026-08-11T09:06:37.000Z</time><extensions/></trkpt><trkpt lat="43.01070020534098" lon="-1.2395994924008846"><ele>841.800048828125</ele><time>2026-08-11T09:06:38.000Z</time><extensions/></trkpt><trkpt lat="43.01053357310593" lon="-1.2396737560629845"><ele>841.0</ele><time>2026-08-11T09:06:40.000Z</time><extensions/></trkpt><trkpt lat="43.01044791005552" lon="-1.2396825570613146"><ele>840.4000244140625</ele><time>2026-08-11T09:06:41.000Z</time><extensions/></trkpt><trkpt lat="43.010362749919295" lon="-1.2396614346653223"><ele>839.800048828125</ele><time>2026-08-11T09:06:42.000Z</time><extensions/></trkpt><trkpt lat="43.01028094254434" lon="-1.2396374624222517"><ele>839.199951171875</ele><time>2026-08-11T09:06:43.000Z</time><extensions/></trkpt><trkpt lat="43.01019938662648" lon="-1.2396251410245895"><ele>838.5999755859375</ele><time>2026-08-11T09:06:44.000Z</time><extensions/></trkpt><trkpt lat="43.01005966030061" lon="-1.2396606802940369"><ele>838.199951171875</ele><time>2026-08-11T09:06:46.000Z</time><extensions/></trkpt><trkpt lat="43.01000098697841" lon="-1.2397119775414467"><ele>838.199951171875</ele><time>2026-08-11T09:06:47.000Z</time><extensions/></trkpt><trkpt lat="43.00994910299778" lon="-1.239773416891694"><ele>838.199951171875</ele><time>2026-08-11T09:06:48.000Z</time><extensions/></trkpt><trkpt lat="43.009899482131004" lon="-1.2398330960422754"><ele>838.4000244140625</ele><time>2026-08-11T09:06:49.000Z</time><extensions/></trkpt><trkpt lat="43.00985807552934" lon="-1.2398997321724892"><ele>838.4000244140625</ele><time>2026-08-11T09:06:50.000Z</time><extensions/></trkpt><trkpt lat="43.00980065949261" lon="-1.2400456611067057"><ele>838.5999755859375</ele><time>2026-08-11T09:06:52.000Z</time><extensions/></trkpt><trkpt lat="43.00979412160814" lon="-1.2401190865784883"><ele>838.800048828125</ele><time>2026-08-11T09:06:53.000Z</time><extensions/></trkpt><trkpt lat="43.00979814492166" lon="-1.240190751850605"><ele>839.0</ele><time>2026-08-11T09:06:54.000Z</time><extensions/></trkpt><trkpt lat="43.00980652682483" lon="-1.2402656022459269"><ele>839.4000244140625</ele><time>2026-08-11T09:06:55.000Z</time><extensions/></trkpt><trkpt lat="43.00982320681214" lon="-1.2403378542512655"><ele>839.800048828125</ele><time>2026-08-11T09:06:56.000Z</time><extensions/></trkpt><trkpt lat="43.00984751433134" lon="-1.2404054123908281"><ele>840.199951171875</ele><time>2026-08-11T09:06:57.000Z</time><extensions/></trkpt><trkpt lat="43.00987240858376" lon="-1.2404698692262173"><ele>840.5999755859375</ele><time>2026-08-11T09:06:58.000Z</time><extensions/></trkpt><trkpt lat="43.00998279824853" lon="-1.2407349050045013"><ele>841.800048828125</ele><time>2026-08-11T09:07:02.000Z</time><extensions/></trkpt><trkpt lat="43.01001280546188" lon="-1.2407955899834633"><ele>842.199951171875</ele><time>2026-08-11T09:07:03.000Z</time><extensions/></trkpt><trkpt lat="43.01007801666856" lon="-1.2409101705998182"><ele>843.0</ele><time>2026-08-11T09:07:05.000Z</time><extensions/></trkpt><trkpt lat="43.01011514849961" lon="-1.2409595400094986"><ele>843.4000244140625</ele><time>2026-08-11T09:07:06.000Z</time><extensions/></trkpt><trkpt lat="43.01020265556872" lon="-1.2410560995340347"><ele>844.199951171875</ele><time>2026-08-11T09:07:08.000Z</time><extensions/></trkpt><trkpt lat="43.01024816930294" lon="-1.2411072291433811"><ele>844.4000244140625</ele><time>2026-08-11T09:07:09.000Z</time><extensions/></trkpt><trkpt lat="43.010543463751674" lon="-1.2413872685283422"><ele>844.5999755859375</ele><time>2026-08-11T09:07:15.000Z</time><extensions/></trkpt><trkpt lat="43.01057900302112" lon="-1.2414462771266699"><ele>845.0</ele><time>2026-08-11T09:07:16.000Z</time><extensions/></trkpt><trkpt lat="43.010608088225126" lon="-1.2415156792849302"><ele>845.4000244140625</ele><time>2026-08-11T09:07:17.000Z</time><extensions/></trkpt><trkpt lat="43.010672461241484" lon="-1.2417182698845863"><ele>846.199951171875</ele><time>2026-08-11T09:07:20.000Z</time><extensions/></trkpt><trkpt lat="43.010672964155674" lon="-1.24180200509727"><ele>846.4000244140625</ele><time>2026-08-11T09:07:21.000Z</time><extensions/></trkpt><trkpt lat="43.01066583953798" lon="-1.2418825551867485"><ele>846.5999755859375</ele><time>2026-08-11T09:07:22.000Z</time><extensions/></trkpt><trkpt lat="43.01064589060843" lon="-1.242045247927308"><ele>846.5999755859375</ele><time>2026-08-11T09:07:24.000Z</time><extensions/></trkpt><trkpt lat="43.01059157587588" lon="-1.2425404507666826"><ele>846.199951171875</ele><time>2026-08-11T09:07:30.000Z</time><extensions/></trkpt><trkpt lat="43.01057699136436" lon="-1.2426115293055773"><ele>846.4000244140625</ele><time>2026-08-11T09:07:31.000Z</time><extensions/></trkpt><trkpt lat="43.010567435994744" lon="-1.2426777463406324"><ele>846.5999755859375</ele><time>2026-08-11T09:07:32.000Z</time><extensions/></trkpt><trkpt lat="43.01055419258773" lon="-1.2428679317235947"><ele>847.4000244140625</ele><time>2026-08-11T09:07:35.000Z</time><extensions/></trkpt><trkpt lat="43.010563580319285" lon="-1.2429255153983831"><ele>847.5999755859375</ele><time>2026-08-11T09:07:36.000Z</time><extensions/></trkpt><trkpt lat="43.01057715900242" lon="-1.242982428520918"><ele>848.0</ele><time>2026-08-11T09:07:37.000Z</time><extensions/></trkpt><trkpt lat="43.01059450954199" lon="-1.243102289736271"><ele>848.800048828125</ele><time>2026-08-11T09:07:39.000Z</time><extensions/></trkpt><trkpt lat="43.01059836521745" lon="-1.243223575875163"><ele>849.5999755859375</ele><time>2026-08-11T09:07:41.000Z</time><extensions/></trkpt><trkpt lat="43.010596772655845" lon="-1.243281327188015"><ele>850.0</ele><time>2026-08-11T09:07:42.000Z</time><extensions/></trkpt><trkpt lat="43.010588977485895" lon="-1.2434374820441008"><ele>851.4000244140625</ele><time>2026-08-11T09:07:45.000Z</time><extensions/></trkpt><trkpt lat="43.010593922808766" lon="-1.2435403279960155"><ele>852.0</ele><time>2026-08-11T09:07:47.000Z</time><extensions/></trkpt><trkpt lat="43.01059962250292" lon="-1.2436565849930048"><ele>852.4000244140625</ele><time>2026-08-11T09:07:49.000Z</time><extensions/></trkpt><trkpt lat="43.0106267798692" lon="-1.243878286331892"><ele>853.4000244140625</ele><time>2026-08-11T09:07:52.000Z</time><extensions/></trkpt><trkpt lat="43.01064010709524" lon="-1.2439562380313873"><ele>853.800048828125</ele><time>2026-08-11T09:07:53.000Z</time><extensions/></trkpt><trkpt lat="43.0106455553323" lon="-1.244034105911851"><ele>854.4000244140625</ele><time>2026-08-11T09:07:54.000Z</time><extensions/></trkpt><trkpt lat="43.01065125502646" lon="-1.244106525555253"><ele>855.0</ele><time>2026-08-11T09:07:55.000Z</time><extensions/></trkpt><trkpt lat="43.010689141228795" lon="-1.2442541308701038"><ele>855.800048828125</ele><time>2026-08-11T09:07:57.000Z</time><extensions/></trkpt><trkpt lat="43.0107166338712" lon="-1.244320934638381"><ele>856.4000244140625</ele><time>2026-08-11T09:07:58.000Z</time><extensions/></trkpt><trkpt lat="43.010776061564684" lon="-1.2444480042904615"><ele>857.0</ele><time>2026-08-11T09:08:00.000Z</time><extensions/></trkpt><trkpt lat="43.0108582880348" lon="-1.244539450854063"><ele>857.4000244140625</ele><time>2026-08-11T09:08:02.000Z</time><extensions/></trkpt><trkpt lat="43.01090740598738" lon="-1.244573313742876"><ele>857.5999755859375</ele><time>2026-08-11T09:08:03.000Z</time><extensions/></trkpt><trkpt lat="43.011052664369345" lon="-1.2446984555572271"><ele>858.0</ele><time>2026-08-11T09:08:06.000Z</time><extensions/></trkpt><trkpt lat="43.01113639958203" lon="-1.2448276206851006"><ele>858.0</ele><time>2026-08-11T09:08:08.000Z</time><extensions/></trkpt><trkpt lat="43.01116866990924" lon="-1.244901129975915"><ele>858.0</ele><time>2026-08-11T09:08:09.000Z</time><extensions/></trkpt><trkpt lat="43.01125416532159" lon="-1.2451256811618805"><ele>858.5999755859375</ele><time>2026-08-11T09:08:12.000Z</time><extensions/></trkpt><trkpt lat="43.01127763465047" lon="-1.2452080752700567"><ele>858.800048828125</ele><time>2026-08-11T09:08:13.000Z</time><extensions/></trkpt><trkpt lat="43.01129423081875" lon="-1.2452939059585333"><ele>859.0</ele><time>2026-08-11T09:08:14.000Z</time><extensions/></trkpt><trkpt lat="43.01141199655831" lon="-1.2457031942903996"><ele>859.4000244140625</ele><time>2026-08-11T09:08:19.000Z</time><extensions/></trkpt><trkpt lat="43.01161869429052" lon="-1.2460651248693466"><ele>858.0</ele><time>2026-08-11T09:08:24.000Z</time><extensions/></trkpt><trkpt lat="43.01172045059502" lon="-1.2461927812546492"><ele>857.800048828125</ele><time>2026-08-11T09:08:26.000Z</time><extensions/></trkpt><trkpt lat="43.0118424911052" lon="-1.2462657876312733"><ele>857.5999755859375</ele><time>2026-08-11T09:08:28.000Z</time><extensions/></trkpt><trkpt lat="43.01194500178099" lon="-1.2463454995304346"><ele>857.199951171875</ele><time>2026-08-11T09:08:30.000Z</time><extensions/></trkpt><trkpt lat="43.01199051551521" lon="-1.2464694678783417"><ele>857.199951171875</ele><time>2026-08-11T09:08:32.000Z</time><extensions/></trkpt><trkpt lat="43.01196847110987" lon="-1.2465811148285866"><ele>858.199951171875</ele><time>2026-08-11T09:08:34.000Z</time><extensions/></trkpt><trkpt lat="43.01194525323808" lon="-1.246631909161806"><ele>858.800048828125</ele><time>2026-08-11T09:08:35.000Z</time><extensions/></trkpt><trkpt lat="43.011912144720554" lon="-1.246734755113721"><ele>860.199951171875</ele><time>2026-08-11T09:08:37.000Z</time><extensions/></trkpt><trkpt lat="43.01190502010286" lon="-1.2467934284359217"><ele>860.5999755859375</ele><time>2026-08-11T09:08:38.000Z</time><extensions/></trkpt><trkpt lat="43.01190066151321" lon="-1.2468532752245665"><ele>861.199951171875</ele><time>2026-08-11T09:08:39.000Z</time><extensions/></trkpt><trkpt lat="43.011903427541256" lon="-1.2469189893454313"><ele>861.5999755859375</ele><time>2026-08-11T09:08:40.000Z</time><extensions/></trkpt><trkpt lat="43.011911641806364" lon="-1.2470436282455921"><ele>862.4000244140625</ele><time>2026-08-11T09:08:42.000Z</time><extensions/></trkpt><trkpt lat="43.01190745085478" lon="-1.2472294550389051"><ele>863.800048828125</ele><time>2026-08-11T09:08:45.000Z</time><extensions/></trkpt><trkpt lat="43.01190309226513" lon="-1.2472955044358969"><ele>864.199951171875</ele><time>2026-08-11T09:08:46.000Z</time><extensions/></trkpt><trkpt lat="43.011903930455446" lon="-1.247356692329049"><ele>864.800048828125</ele><time>2026-08-11T09:08:47.000Z</time><extensions/></trkpt><trkpt lat="43.011899488046765" lon="-1.2474256753921509"><ele>865.199951171875</ele><time>2026-08-11T09:08:48.000Z</time><extensions/></trkpt><trkpt lat="43.01188934594393" lon="-1.2474996037781239"><ele>865.5999755859375</ele><time>2026-08-11T09:08:49.000Z</time><extensions/></trkpt><trkpt lat="43.011886244639754" lon="-1.2475768849253654"><ele>865.800048828125</ele><time>2026-08-11T09:08:50.000Z</time><extensions/></trkpt><trkpt lat="43.01189194433391" lon="-1.2477441038936377"><ele>866.0</ele><time>2026-08-11T09:08:52.000Z</time><extensions/></trkpt><trkpt lat="43.01187727600336" lon="-1.2479041144251823"><ele>866.199951171875</ele><time>2026-08-11T09:08:54.000Z</time><extensions/></trkpt><trkpt lat="43.011872163042426" lon="-1.2479886040091515"><ele>866.4000244140625</ele><time>2026-08-11T09:08:55.000Z</time><extensions/></trkpt><trkpt lat="43.011845173314214" lon="-1.248391354456544"><ele>867.4000244140625</ele><time>2026-08-11T09:09:00.000Z</time><extensions/></trkpt><trkpt lat="43.011847687885165" lon="-1.2484724074602127"><ele>867.4000244140625</ele><time>2026-08-11T09:09:01.000Z</time><extensions/></trkpt><trkpt lat="43.01182698458433" lon="-1.2488167360424995"><ele>867.0</ele><time>2026-08-11T09:09:05.000Z</time><extensions/></trkpt><trkpt lat="43.01179856993258" lon="-1.2490096036344767"><ele>866.199951171875</ele><time>2026-08-11T09:09:07.000Z</time><extensions/></trkpt><trkpt lat="43.01175867207348" lon="-1.2491948436945677"><ele>865.4000244140625</ele><time>2026-08-11T09:09:09.000Z</time><extensions/></trkpt><trkpt lat="43.01167208701372" lon="-1.2493177223950624"><ele>865.4000244140625</ele><time>2026-08-11T09:09:11.000Z</time><extensions/></trkpt><trkpt lat="43.01157276146114" lon="-1.2494105100631714"><ele>866.0</ele><time>2026-08-11T09:09:13.000Z</time><extensions/></trkpt><trkpt lat="43.011480225250125" lon="-1.249510170891881"><ele>866.5999755859375</ele><time>2026-08-11T09:09:15.000Z</time><extensions/></trkpt><trkpt lat="43.01143647171557" lon="-1.2495649047195911"><ele>866.800048828125</ele><time>2026-08-11T09:09:16.000Z</time><extensions/></trkpt><trkpt lat="43.0113535746932" lon="-1.2496760487556458"><ele>867.5999755859375</ele><time>2026-08-11T09:09:18.000Z</time><extensions/></trkpt><trkpt lat="43.0112433526665" lon="-1.249831784516573"><ele>869.199951171875</ele><time>2026-08-11T09:09:21.000Z</time><extensions/></trkpt><trkpt lat="43.01121208816767" lon="-1.2498885300010443"><ele>869.5999755859375</ele><time>2026-08-11T09:09:22.000Z</time><extensions/></trkpt><trkpt lat="43.011182164773345" lon="-1.2499461974948645"><ele>870.199951171875</ele><time>2026-08-11T09:09:23.000Z</time><extensions/></trkpt><trkpt lat="43.0110290274024" lon="-1.2502694875001907"><ele>870.4000244140625</ele><time>2026-08-11T09:09:28.000Z</time><extensions/></trkpt><trkpt lat="43.010940263047814" lon="-1.2505061086267233"><ele>869.5999755859375</ele><time>2026-08-11T09:09:31.000Z</time><extensions/></trkpt><trkpt lat="43.0109048075974" lon="-1.2506724055856466"><ele>869.5999755859375</ele><time>2026-08-11T09:09:33.000Z</time><extensions/></trkpt><trkpt lat="43.01090388558805" lon="-1.250827806070447"><ele>870.199951171875</ele><time>2026-08-11T09:09:35.000Z</time><extensions/></trkpt><trkpt lat="43.01092592999339" lon="-1.2509714718908072"><ele>870.5999755859375</ele><time>2026-08-11T09:09:37.000Z</time><extensions/></trkpt><trkpt lat="43.01093582063913" lon="-1.2511269561946392"><ele>871.0</ele><time>2026-08-11T09:09:39.000Z</time><extensions/></trkpt><trkpt lat="43.01088636741042" lon="-1.2512494157999754"><ele>871.4000244140625</ele><time>2026-08-11T09:09:41.000Z</time><extensions/></trkpt><trkpt lat="43.01080288365483" lon="-1.2512989528477192"><ele>871.800048828125</ele><time>2026-08-11T09:09:43.000Z</time><extensions/></trkpt><trkpt lat="43.01076223142445" lon="-1.2513023056089878"><ele>872.199951171875</ele><time>2026-08-11T09:09:44.000Z</time><extensions/></trkpt><trkpt lat="43.01072082482278" lon="-1.2513046525418758"><ele>872.5999755859375</ele><time>2026-08-11T09:09:45.000Z</time><extensions/></trkpt><trkpt lat="43.01064840517938" lon="-1.2513342406600714"><ele>874.0</ele><time>2026-08-11T09:09:47.000Z</time><extensions/></trkpt><trkpt lat="43.01059165969491" lon="-1.2513644993305206"><ele>875.4000244140625</ele><time>2026-08-11T09:09:49.000Z</time><extensions/></trkpt><trkpt lat="43.01051722839475" lon="-1.251443289220333"><ele>876.800048828125</ele><time>2026-08-11T09:09:52.000Z</time><extensions/></trkpt><trkpt lat="43.01047188229859" lon="-1.2515138648450375"><ele>877.800048828125</ele><time>2026-08-11T09:09:54.000Z</time><extensions/></trkpt><trkpt lat="43.01043181680143" lon="-1.251578824594617"><ele>879.0</ele><time>2026-08-11T09:09:56.000Z</time><extensions/></trkpt><trkpt lat="43.01039862446487" lon="-1.2516537588089705"><ele>880.199951171875</ele><time>2026-08-11T09:09:58.000Z</time><extensions/></trkpt><trkpt lat="43.01036970689893" lon="-1.2517271842807531"><ele>881.4000244140625</ele><time>2026-08-11T09:10:00.000Z</time><extensions/></trkpt><trkpt lat="43.010355457663536" lon="-1.2517671659588814"><ele>882.199951171875</ele><time>2026-08-11T09:10:01.000Z</time><extensions/></trkpt><trkpt lat="43.01034011878073" lon="-1.2518018670380116"><ele>882.5999755859375</ele><time>2026-08-11T09:10:02.000Z</time><extensions/></trkpt><trkpt lat="43.010314889252186" lon="-1.2518878653645515"><ele>884.0</ele><time>2026-08-11T09:10:04.000Z</time><extensions/></trkpt><trkpt lat="43.01031983457506" lon="-1.2519341334700584"><ele>884.5999755859375</ele><time>2026-08-11T09:10:05.000Z</time><extensions/></trkpt><trkpt lat="43.010326037183404" lon="-1.2519801501184702"><ele>884.800048828125</ele><time>2026-08-11T09:10:06.000Z</time><extensions/></trkpt><trkpt lat="43.0103365983814" lon="-1.2520288489758968"><ele>885.199951171875</ele><time>2026-08-11T09:10:07.000Z</time><extensions/></trkpt><trkpt lat="43.01042108796537" lon="-1.252262620255351"><ele>884.5999755859375</ele><time>2026-08-11T09:10:11.000Z</time><extensions/></trkpt><trkpt lat="43.01047783344984" lon="-1.2524079624563456"><ele>883.800048828125</ele><time>2026-08-11T09:10:13.000Z</time><extensions/></trkpt><trkpt lat="43.010560143738985" lon="-1.2526440806686878"><ele>882.800048828125</ele><time>2026-08-11T09:10:16.000Z</time><extensions/></trkpt><trkpt lat="43.010585037991405" lon="-1.2528129760175943"><ele>882.199951171875</ele><time>2026-08-11T09:10:18.000Z</time><extensions/></trkpt><trkpt lat="43.010587049648166" lon="-1.252978602424264"><ele>881.5999755859375</ele><time>2026-08-11T09:10:20.000Z</time><extensions/></trkpt><trkpt lat="43.01056592725217" lon="-1.2532277964055538"><ele>881.5999755859375</ele><time>2026-08-11T09:10:23.000Z</time><extensions/></trkpt><trkpt lat="43.0105282086879" lon="-1.2533863820135593"><ele>882.0</ele><time>2026-08-11T09:10:25.000Z</time><extensions/></trkpt><trkpt lat="43.01046408712864" lon="-1.253526108339429"><ele>882.199951171875</ele><time>2026-08-11T09:10:27.000Z</time><extensions/></trkpt><trkpt lat="43.010366102680564" lon="-1.2537202332168818"><ele>882.4000244140625</ele><time>2026-08-11T09:10:30.000Z</time><extensions/></trkpt><trkpt lat="43.01031262613833" lon="-1.2538478057831526"><ele>882.800048828125</ele><time>2026-08-11T09:10:32.000Z</time><extensions/></trkpt><trkpt lat="43.010242972522974" lon="-1.2540296092629433"><ele>884.199951171875</ele><time>2026-08-11T09:10:35.000Z</time><extensions/></trkpt><trkpt lat="43.01022629253566" lon="-1.2540928088128567"><ele>884.5999755859375</ele><time>2026-08-11T09:10:36.000Z</time><extensions/></trkpt><trkpt lat="43.01021640188992" lon="-1.254158103838563"><ele>885.0</ele><time>2026-08-11T09:10:37.000Z</time><extensions/></trkpt><trkpt lat="43.010208355262876" lon="-1.2542957346886396"><ele>885.199951171875</ele><time>2026-08-11T09:10:39.000Z</time><extensions/></trkpt><trkpt lat="43.01021137274802" lon="-1.2543684896081686"><ele>885.199951171875</ele><time>2026-08-11T09:10:40.000Z</time><extensions/></trkpt><trkpt lat="43.010222436860204" lon="-1.2544421665370464"><ele>885.0</ele><time>2026-08-11T09:10:41.000Z</time><extensions/></trkpt><trkpt lat="43.01024037413299" lon="-1.2545114010572433"><ele>885.0</ele><time>2026-08-11T09:10:42.000Z</time><extensions/></trkpt><trkpt lat="43.01028731279075" lon="-1.2547781970351934"><ele>885.5999755859375</ele><time>2026-08-11T09:10:46.000Z</time><extensions/></trkpt><trkpt lat="43.010292844846845" lon="-1.254911720752716"><ele>886.4000244140625</ele><time>2026-08-11T09:10:48.000Z</time><extensions/></trkpt><trkpt lat="43.010299718007445" lon="-1.2551048398017883"><ele>887.5999755859375</ele><time>2026-08-11T09:10:51.000Z</time><extensions/></trkpt><trkpt lat="43.01028085872531" lon="-1.2552192527800798"><ele>888.4000244140625</ele><time>2026-08-11T09:10:53.000Z</time><extensions/></trkpt><trkpt lat="43.01022721454501" lon="-1.255340538918972"><ele>888.800048828125</ele><time>2026-08-11T09:10:55.000Z</time><extensions/></trkpt><trkpt lat="43.01001397892833" lon="-1.2557642441242933"><ele>889.800048828125</ele><time>2026-08-11T09:11:02.000Z</time><extensions/></trkpt><trkpt lat="43.00998623482883" lon="-1.255822330713272"><ele>890.199951171875</ele><time>2026-08-11T09:11:03.000Z</time><extensions/></trkpt><trkpt lat="43.009897051379085" lon="-1.2559982668608427"><ele>891.199951171875</ele><time>2026-08-11T09:11:06.000Z</time><extensions/></trkpt><trkpt lat="43.00980250351131" lon="-1.2561941519379616"><ele>892.5999755859375</ele><time>2026-08-11T09:11:09.000Z</time><extensions/></trkpt><trkpt lat="43.00976788625121" lon="-1.256258524954319"><ele>892.5999755859375</ele><time>2026-08-11T09:11:10.000Z</time><extensions/></trkpt><trkpt lat="43.00962271168828" lon="-1.2565219681710005"><ele>893.5999755859375</ele><time>2026-08-11T09:11:14.000Z</time><extensions/></trkpt><trkpt lat="43.009549202397466" lon="-1.2566573359072208"><ele>894.800048828125</ele><time>2026-08-11T09:11:16.000Z</time><extensions/></trkpt><trkpt lat="43.00944392569363" lon="-1.2568548135459423"><ele>896.0</ele><time>2026-08-11T09:11:19.000Z</time><extensions/></trkpt><trkpt lat="43.009403105825186" lon="-1.2569110561162233"><ele>896.199951171875</ele><time>2026-08-11T09:11:20.000Z</time><extensions/></trkpt><trkpt lat="43.009306294843554" lon="-1.256999233737588"><ele>896.5999755859375</ele><time>2026-08-11T09:11:22.000Z</time><extensions/></trkpt><trkpt lat="43.00914469175041" lon="-1.2570958770811558"><ele>897.0</ele><time>2026-08-11T09:11:25.000Z</time><extensions/></trkpt><trkpt lat="43.00909699872136" lon="-1.2571321707218885"><ele>897.4000244140625</ele><time>2026-08-11T09:11:26.000Z</time><extensions/></trkpt><trkpt lat="43.0090069770813" lon="-1.257218923419714"><ele>897.800048828125</ele><time>2026-08-11T09:11:28.000Z</time><extensions/></trkpt><trkpt lat="43.00897378474474" lon="-1.2572765070945024"><ele>898.199951171875</ele><time>2026-08-11T09:11:29.000Z</time><extensions/></trkpt><trkpt lat="43.008920727297664" lon="-1.2574110366404057"><ele>898.4000244140625</ele><time>2026-08-11T09:11:31.000Z</time><extensions/></trkpt><trkpt lat="43.00889893434942" lon="-1.257486306130886"><ele>898.199951171875</ele><time>2026-08-11T09:11:32.000Z</time><extensions/></trkpt><trkpt lat="43.00875082612038" lon="-1.2579777371138334"><ele>897.800048828125</ele><time>2026-08-11T09:11:38.000Z</time><extensions/></trkpt><trkpt lat="43.0086700245738" lon="-1.2581091653555632"><ele>898.0</ele><time>2026-08-11T09:11:40.000Z</time><extensions/></trkpt><trkpt lat="43.00857455469668" lon="-1.2582099996507168"><ele>898.0</ele><time>2026-08-11T09:11:42.000Z</time><extensions/></trkpt><trkpt lat="43.00828194245696" lon="-1.2583830021321774"><ele>898.199951171875</ele><time>2026-08-11T09:11:47.000Z</time><extensions/></trkpt><trkpt lat="43.007867289707065" lon="-1.2585799768567085"><ele>898.800048828125</ele><time>2026-08-11T09:11:54.000Z</time><extensions/></trkpt><trkpt lat="43.0074352864176" lon="-1.2587590981274843"><ele>897.5999755859375</ele><time>2026-08-11T09:12:01.000Z</time><extensions/></trkpt><trkpt lat="43.006937485188246" lon="-1.2587920390069485"><ele>898.0</ele><time>2026-08-11T09:12:09.000Z</time><extensions/></trkpt><trkpt lat="43.006498189643025" lon="-1.2587528117001057"><ele>898.199951171875</ele><time>2026-08-11T09:12:16.000Z</time><extensions/></trkpt><trkpt lat="43.00614061765373" lon="-1.2588539812713861"><ele>898.5999755859375</ele><time>2026-08-11T09:12:22.000Z</time><extensions/></trkpt><trkpt lat="43.00593509338796" lon="-1.2590026762336493"><ele>899.4000244140625</ele><time>2026-08-11T09:12:26.000Z</time><extensions/></trkpt><trkpt lat="43.00583618693054" lon="-1.2590830586850643"><ele>899.800048828125</ele><time>2026-08-11T09:12:28.000Z</time><extensions/></trkpt><trkpt lat="43.005683636292815" lon="-1.2592094577848911"><ele>900.5999755859375</ele><time>2026-08-11T09:12:31.000Z</time><extensions/></trkpt><trkpt lat="43.00554910674691" lon="-1.2593510281294584"><ele>901.5999755859375</ele><time>2026-08-11T09:12:34.000Z</time><extensions/></trkpt><trkpt lat="43.00551105290651" lon="-1.259406516328454"><ele>901.800048828125</ele><time>2026-08-11T09:12:35.000Z</time><extensions/></trkpt><trkpt lat="43.00537459552288" lon="-1.2596726417541504"><ele>902.4000244140625</ele><time>2026-08-11T09:12:39.000Z</time><extensions/></trkpt><trkpt lat="43.00535942427814" lon="-1.259780265390873"><ele>902.5999755859375</ele><time>2026-08-11T09:12:41.000Z</time><extensions/></trkpt><trkpt lat="43.005306366831064" lon="-1.2598873022943735"><ele>903.0</ele><time>2026-08-11T09:12:44.000Z</time><extensions/></trkpt><trkpt lat="43.005274096503854" lon="-1.2599288765341043"><ele>903.199951171875</ele><time>2026-08-11T09:12:45.000Z</time><extensions/></trkpt><trkpt lat="43.005243837833405" lon="-1.2599791679531336"><ele>903.0</ele><time>2026-08-11T09:12:46.000Z</time><extensions/></trkpt><trkpt lat="43.005162198096514" lon="-1.2601599656045437"><ele>903.199951171875</ele><time>2026-08-11T09:12:49.000Z</time><extensions/></trkpt><trkpt lat="43.00508919171989" lon="-1.260255603119731"><ele>903.800048828125</ele><time>2026-08-11T09:12:51.000Z</time><extensions/></trkpt><trkpt lat="43.00505951978266" lon="-1.2603076547384262"><ele>904.199951171875</ele><time>2026-08-11T09:12:52.000Z</time><extensions/></trkpt><trkpt lat="43.00503596663475" lon="-1.2604274321347475"><ele>905.199951171875</ele><time>2026-08-11T09:12:54.000Z</time><extensions/></trkpt><trkpt lat="43.005027417093515" lon="-1.2605561781674623"><ele>906.199951171875</ele><time>2026-08-11T09:12:56.000Z</time><extensions/></trkpt><trkpt lat="43.00499791279435" lon="-1.260761534795165"><ele>907.0</ele><time>2026-08-11T09:12:59.000Z</time><extensions/></trkpt><trkpt lat="43.00498517230153" lon="-1.2608271650969982"><ele>907.5999755859375</ele><time>2026-08-11T09:13:00.000Z</time><extensions/></trkpt><trkpt lat="43.004954159259796" lon="-1.2610046099871397"><ele>909.199951171875</ele><time>2026-08-11T09:13:03.000Z</time><extensions/></trkpt><trkpt lat="43.00493194721639" lon="-1.2611250579357147"><ele>910.199951171875</ele><time>2026-08-11T09:13:05.000Z</time><extensions/></trkpt><trkpt lat="43.004921302199364" lon="-1.2611851561814547"><ele>910.5999755859375</ele><time>2026-08-11T09:13:06.000Z</time><extensions/></trkpt><trkpt lat="43.00490638241172" lon="-1.2612970545887947"><ele>911.5999755859375</ele><time>2026-08-11T09:13:08.000Z</time><extensions/></trkpt><trkpt lat="43.00489774905145" lon="-1.2613947037607431"><ele>912.800048828125</ele><time>2026-08-11T09:13:10.000Z</time><extensions/></trkpt><trkpt lat="43.00489263609052" lon="-1.261490760371089"><ele>913.800048828125</ele><time>2026-08-11T09:13:12.000Z</time><extensions/></trkpt><trkpt lat="43.00489481538534" lon="-1.261648004874587"><ele>915.199951171875</ele><time>2026-08-11T09:13:15.000Z</time><extensions/></trkpt><trkpt lat="43.00489221699536" lon="-1.2617742363363504"><ele>916.0</ele><time>2026-08-11T09:13:17.000Z</time><extensions/></trkpt><trkpt lat="43.00488400273025" lon="-1.2618365976959467"><ele>916.4000244140625</ele><time>2026-08-11T09:13:18.000Z</time><extensions/></trkpt><trkpt lat="43.004858354106545" lon="-1.262014713138342"><ele>917.800048828125</ele><time>2026-08-11T09:13:21.000Z</time><extensions/></trkpt><trkpt lat="43.004844104871154" lon="-1.2621208280324936"><ele>919.199951171875</ele><time>2026-08-11T09:13:23.000Z</time><extensions/></trkpt><trkpt lat="43.00483672879636" lon="-1.2621709518134594"><ele>919.800048828125</ele><time>2026-08-11T09:13:24.000Z</time><extensions/></trkpt><trkpt lat="43.00482574850321" lon="-1.2622233387082815"><ele>920.4000244140625</ele><time>2026-08-11T09:13:25.000Z</time><extensions/></trkpt><trkpt lat="43.00480873323977" lon="-1.2623219098895788"><ele>921.4000244140625</ele><time>2026-08-11T09:13:27.000Z</time><extensions/></trkpt><trkpt lat="43.00478811375797" lon="-1.2624164577573538"><ele>922.5999755859375</ele><time>2026-08-11T09:13:29.000Z</time><extensions/></trkpt><trkpt lat="43.00476632080972" lon="-1.262505054473877"><ele>923.4000244140625</ele><time>2026-08-11T09:13:31.000Z</time><extensions/></trkpt><trkpt lat="43.00475466996431" lon="-1.262548891827464"><ele>923.800048828125</ele><time>2026-08-11T09:13:32.000Z</time><extensions/></trkpt><trkpt lat="43.0046758800745" lon="-1.2627371493726969"><ele>925.0</ele><time>2026-08-11T09:13:36.000Z</time><extensions/></trkpt><trkpt lat="43.00464981235564" lon="-1.2627806514501572"><ele>925.4000244140625</ele><time>2026-08-11T09:13:37.000Z</time><extensions/></trkpt><trkpt lat="43.00459801219404" lon="-1.2628658954054117"><ele>926.199951171875</ele><time>2026-08-11T09:13:39.000Z</time><extensions/></trkpt><trkpt lat="43.00455400720239" lon="-1.2630001734942198"><ele>927.5999755859375</ele><time>2026-08-11T09:13:42.000Z</time><extensions/></trkpt><trkpt lat="43.00454914569855" lon="-1.2630438432097435"><ele>928.199951171875</ele><time>2026-08-11T09:13:43.000Z</time><extensions/></trkpt><trkpt lat="43.00453271716833" lon="-1.2631365470588207"><ele>929.199951171875</ele><time>2026-08-11T09:13:45.000Z</time><extensions/></trkpt><trkpt lat="43.00453657284379" lon="-1.2632347829639912"><ele>930.199951171875</ele><time>2026-08-11T09:13:47.000Z</time><extensions/></trkpt><trkpt lat="43.0045410990715" lon="-1.2633353658020496"><ele>931.199951171875</ele><time>2026-08-11T09:13:49.000Z</time><extensions/></trkpt><trkpt lat="43.0045447871089" lon="-1.263386495411396"><ele>931.5999755859375</ele><time>2026-08-11T09:13:50.000Z</time><extensions/></trkpt><trkpt lat="43.00455618649721" lon="-1.2634870782494545"><ele>932.800048828125</ele><time>2026-08-11T09:13:52.000Z</time><extensions/></trkpt><trkpt lat="43.00456632860005" lon="-1.2635892536491156"><ele>934.0</ele><time>2026-08-11T09:13:54.000Z</time><extensions/></trkpt><trkpt lat="43.00457563251257" lon="-1.2636397127062082"><ele>934.5999755859375</ele><time>2026-08-11T09:13:55.000Z</time><extensions/></trkpt><trkpt lat="43.00458778627217" lon="-1.2636846397072077"><ele>935.199951171875</ele><time>2026-08-11T09:13:56.000Z</time><extensions/></trkpt><trkpt lat="43.00461410544813" lon="-1.2638300657272339"><ele>936.5999755859375</ele><time>2026-08-11T09:13:59.000Z</time><extensions/></trkpt><trkpt lat="43.00461435690522" lon="-1.2639256194233894"><ele>937.4000244140625</ele><time>2026-08-11T09:14:01.000Z</time><extensions/></trkpt><trkpt lat="43.004605220630765" lon="-1.263971719890833"><ele>937.800048828125</ele><time>2026-08-11T09:14:02.000Z</time><extensions/></trkpt><trkpt lat="43.004587115719914" lon="-1.264113374054432"><ele>939.0</ele><time>2026-08-11T09:14:05.000Z</time><extensions/></trkpt><trkpt lat="43.00456976518035" lon="-1.2642033118754625"><ele>939.800048828125</ele><time>2026-08-11T09:14:07.000Z</time><extensions/></trkpt><trkpt lat="43.00456305965781" lon="-1.2642459757626057"><ele>940.199951171875</ele><time>2026-08-11T09:14:08.000Z</time><extensions/></trkpt><trkpt lat="43.00455316901207" lon="-1.264287382364273"><ele>940.800048828125</ele><time>2026-08-11T09:14:09.000Z</time><extensions/></trkpt><trkpt lat="43.004526011645794" lon="-1.2643777392804623"><ele>941.5999755859375</ele><time>2026-08-11T09:14:11.000Z</time><extensions/></trkpt><trkpt lat="43.00450279377401" lon="-1.2644749693572521"><ele>942.5999755859375</ele><time>2026-08-11T09:14:13.000Z</time><extensions/></trkpt><trkpt lat="43.00449348986149" lon="-1.2645189743489027"><ele>943.199951171875</ele><time>2026-08-11T09:14:14.000Z</time><extensions/></trkpt><trkpt lat="43.00448049791157" lon="-1.2645638175308704"><ele>943.800048828125</ele><time>2026-08-11T09:14:15.000Z</time><extensions/></trkpt><trkpt lat="43.00445803441107" lon="-1.264653503894806"><ele>944.800048828125</ele><time>2026-08-11T09:14:17.000Z</time><extensions/></trkpt><trkpt lat="43.00442970357835" lon="-1.2647734489291906"><ele>946.199951171875</ele><time>2026-08-11T09:14:20.000Z</time><extensions/></trkpt><trkpt lat="43.00441989675164" lon="-1.2648994289338589"><ele>947.199951171875</ele><time>2026-08-11T09:14:23.000Z</time><extensions/></trkpt><trkpt lat="43.00442576408386" lon="-1.265031946823001"><ele>947.800048828125</ele><time>2026-08-11T09:14:26.000Z</time><extensions/></trkpt><trkpt lat="43.004439342767" lon="-1.2651145085692406"><ele>948.199951171875</ele><time>2026-08-11T09:14:28.000Z</time><extensions/></trkpt><trkpt lat="43.00447831861675" lon="-1.2652750220149755"><ele>949.4000244140625</ele><time>2026-08-11T09:14:32.000Z</time><extensions/></trkpt><trkpt lat="43.004486951977015" lon="-1.2653077952563763"><ele>949.800048828125</ele><time>2026-08-11T09:14:33.000Z</time><extensions/></trkpt><trkpt lat="43.00450279377401" lon="-1.2653942126780748"><ele>950.5999755859375</ele><time>2026-08-11T09:14:35.000Z</time><extensions/></trkpt><trkpt lat="43.004538835957646" lon="-1.2655150797218084"><ele>951.800048828125</ele><time>2026-08-11T09:14:38.000Z</time><extensions/></trkpt><trkpt lat="43.004586193710566" lon="-1.2656653672456741"><ele>953.0</ele><time>2026-08-11T09:14:42.000Z</time><extensions/></trkpt><trkpt lat="43.00458636134863" lon="-1.2657455820590258"><ele>953.5999755859375</ele><time>2026-08-11T09:14:44.000Z</time><extensions/></trkpt><trkpt lat="43.00457378849387" lon="-1.2658302392810583"><ele>954.199951171875</ele><time>2026-08-11T09:14:46.000Z</time><extensions/></trkpt><trkpt lat="43.004506481811404" lon="-1.265971977263689"><ele>955.4000244140625</ele><time>2026-08-11T09:14:50.000Z</time><extensions/></trkpt><trkpt lat="43.00435787066817" lon="-1.2661632522940636"><ele>956.5999755859375</ele><time>2026-08-11T09:14:56.000Z</time><extensions/></trkpt><trkpt lat="43.004274386912584" lon="-1.2662386056035757"><ele>957.5999755859375</ele><time>2026-08-11T09:14:59.000Z</time><extensions/></trkpt><trkpt lat="43.00418956205249" lon="-1.266287136822939"><ele>958.800048828125</ele><time>2026-08-11T09:15:02.000Z</time><extensions/></trkpt><trkpt lat="43.00410213880241" lon="-1.2663411162793636"><ele>960.0</ele><time>2026-08-11T09:15:05.000Z</time><extensions/></trkpt><trkpt lat="43.00404656678438" lon="-1.2663793377578259"><ele>961.199951171875</ele><time>2026-08-11T09:15:07.000Z</time><extensions/></trkpt><trkpt lat="43.00398646853864" lon="-1.2664241809397936"><ele>962.199951171875</ele><time>2026-08-11T09:15:09.000Z</time><extensions/></trkpt><trkpt lat="43.003928968682885" lon="-1.2664704490453005"><ele>963.199951171875</ele><time>2026-08-11T09:15:11.000Z</time><extensions/></trkpt><trkpt lat="43.00384556874633" lon="-1.2665482331067324"><ele>964.5999755859375</ele><time>2026-08-11T09:15:14.000Z</time><extensions/></trkpt><trkpt lat="43.003780944272876" lon="-1.2666421104222536"><ele>965.800048828125</ele><time>2026-08-11T09:15:17.000Z</time><extensions/></trkpt><trkpt lat="43.003722270950675" lon="-1.2667552661150694"><ele>966.800048828125</ele><time>2026-08-11T09:15:20.000Z</time><extensions/></trkpt><trkpt lat="43.00367893651128" lon="-1.266876133158803"><ele>968.0</ele><time>2026-08-11T09:15:23.000Z</time><extensions/></trkpt><trkpt lat="43.00363074056804" lon="-1.267056092619896"><ele>969.0</ele><time>2026-08-11T09:15:27.000Z</time><extensions/></trkpt><trkpt lat="43.00359402783215" lon="-1.26724099740386"><ele>970.199951171875</ele><time>2026-08-11T09:15:31.000Z</time><extensions/></trkpt><trkpt lat="43.00358631648123" lon="-1.267290199175477"><ele>970.5999755859375</ele><time>2026-08-11T09:15:32.000Z</time><extensions/></trkpt><trkpt lat="43.00355681218207" lon="-1.2674375530332327"><ele>971.199951171875</ele><time>2026-08-11T09:15:35.000Z</time><extensions/></trkpt><trkpt lat="43.003501407802105" lon="-1.2676766887307167"><ele>972.199951171875</ele><time>2026-08-11T09:15:40.000Z</time><extensions/></trkpt><trkpt lat="43.00349369645119" lon="-1.2677249684929848"><ele>972.4000244140625</ele><time>2026-08-11T09:15:41.000Z</time><extensions/></trkpt><trkpt lat="43.00345530733466" lon="-1.2679477594792843"><ele>973.4000244140625</ele><time>2026-08-11T09:15:46.000Z</time><extensions/></trkpt><trkpt lat="43.00341423600912" lon="-1.2681765016168356"><ele>974.5999755859375</ele><time>2026-08-11T09:15:51.000Z</time><extensions/></trkpt><trkpt lat="43.00341038033366" lon="-1.2682297267019749"><ele>974.800048828125</ele><time>2026-08-11T09:15:52.000Z</time><extensions/></trkpt><trkpt lat="43.00337894819677" lon="-1.2684353347867727"><ele>975.800048828125</ele><time>2026-08-11T09:15:56.000Z</time><extensions/></trkpt><trkpt lat="43.00336436368525" lon="-1.2685830239206553"><ele>976.5999755859375</ele><time>2026-08-11T09:15:59.000Z</time><extensions/></trkpt><trkpt lat="43.00336251966655" lon="-1.268631387501955"><ele>977.0</ele><time>2026-08-11T09:16:00.000Z</time><extensions/></trkpt><trkpt lat="43.00334759987891" lon="-1.2688285298645496"><ele>978.199951171875</ele><time>2026-08-11T09:16:04.000Z</time><extensions/></trkpt><trkpt lat="43.00333896651864" lon="-1.268978649750352"><ele>979.0</ele><time>2026-08-11T09:16:07.000Z</time><extensions/></trkpt><trkpt lat="43.00333703868091" lon="-1.2690272647887468"><ele>979.199951171875</ele><time>2026-08-11T09:16:08.000Z</time><extensions/></trkpt><trkpt lat="43.00332815386355" lon="-1.2692253291606903"><ele>980.199951171875</ele><time>2026-08-11T09:16:12.000Z</time><extensions/></trkpt><trkpt lat="43.00334324128926" lon="-1.269488437101245"><ele>981.199951171875</ele><time>2026-08-11T09:16:17.000Z</time><extensions/></trkpt><trkpt lat="43.00334433093667" lon="-1.26954291947186"><ele>981.4000244140625</ele><time>2026-08-11T09:16:18.000Z</time><extensions/></trkpt><trkpt lat="43.00329253077507" lon="-1.2697850726544857"><ele>981.800048828125</ele><time>2026-08-11T09:16:23.000Z</time><extensions/></trkpt><trkpt lat="43.00326034426689" lon="-1.2698080390691757"><ele>981.800048828125</ele><time>2026-08-11T09:16:24.000Z</time><extensions/></trkpt><trkpt lat="43.00318608060479" lon="-1.2698245514184237"><ele>981.800048828125</ele><time>2026-08-11T09:16:26.000Z</time><extensions/></trkpt><trkpt lat="43.00307611003518" lon="-1.269855396822095"><ele>982.4000244140625</ele><time>2026-08-11T09:16:29.000Z</time><extensions/></trkpt><trkpt lat="43.00301433540881" lon="-1.269902167841792"><ele>982.800048828125</ele><time>2026-08-11T09:16:31.000Z</time><extensions/></trkpt><trkpt lat="43.00293336622417" lon="-1.2700205203145742"><ele>983.5999755859375</ele><time>2026-08-11T09:16:34.000Z</time><extensions/></trkpt><trkpt lat="43.00289782695472" lon="-1.270122779533267"><ele>983.800048828125</ele><time>2026-08-11T09:16:36.000Z</time><extensions/></trkpt><trkpt lat="43.00282532349229" lon="-1.2704738974571228"><ele>984.5999755859375</ele><time>2026-08-11T09:16:42.000Z</time><extensions/></trkpt><trkpt lat="43.00280964933336" lon="-1.2705295532941818"><ele>984.5999755859375</ele><time>2026-08-11T09:16:43.000Z</time><extensions/></trkpt><trkpt lat="43.00271208398044" lon="-1.2708333972841501"><ele>985.4000244140625</ele><time>2026-08-11T09:16:48.000Z</time><extensions/></trkpt><trkpt lat="43.002695068717" lon="-1.2709033023566008"><ele>985.5999755859375</ele><time>2026-08-11T09:16:49.000Z</time><extensions/></trkpt><trkpt lat="43.002654584124684" lon="-1.2711068149656057"><ele>986.800048828125</ele><time>2026-08-11T09:16:52.000Z</time><extensions/></trkpt><trkpt lat="43.00263974815607" lon="-1.2712438590824604"><ele>987.5999755859375</ele><time>2026-08-11T09:16:54.000Z</time><extensions/></trkpt><trkpt lat="43.00263245590031" lon="-1.2713079806417227"><ele>988.0</ele><time>2026-08-11T09:16:55.000Z</time><extensions/></trkpt><trkpt lat="43.00262390635908" lon="-1.271435134112835"><ele>988.5999755859375</ele><time>2026-08-11T09:16:57.000Z</time><extensions/></trkpt><trkpt lat="43.00262222997844" lon="-1.2714980822056532"><ele>989.0</ele><time>2026-08-11T09:16:58.000Z</time><extensions/></trkpt><trkpt lat="43.00260789692402" lon="-1.271692207083106"><ele>989.800048828125</ele><time>2026-08-11T09:17:01.000Z</time><extensions/></trkpt><trkpt lat="43.0025983415544" lon="-1.2717538978904486"><ele>990.199951171875</ele><time>2026-08-11T09:17:02.000Z</time><extensions/></trkpt><trkpt lat="43.00257906317711" lon="-1.2719391379505396"><ele>991.199951171875</ele><time>2026-08-11T09:17:05.000Z</time><extensions/></trkpt><trkpt lat="43.00257864408195" lon="-1.2720045167952776"><ele>991.5999755859375</ele><time>2026-08-11T09:17:06.000Z</time><extensions/></trkpt><trkpt lat="43.00257361494005" lon="-1.2720667943358421"><ele>991.800048828125</ele><time>2026-08-11T09:17:07.000Z</time><extensions/></trkpt><trkpt lat="43.0025589466095" lon="-1.2721848115324974"><ele>992.5999755859375</ele><time>2026-08-11T09:17:09.000Z</time><extensions/></trkpt><trkpt lat="43.00254344008863" lon="-1.2723738234490156"><ele>993.5999755859375</ele><time>2026-08-11T09:17:12.000Z</time><extensions/></trkpt><trkpt lat="43.002519719302654" lon="-1.272558057680726"><ele>994.5999755859375</ele><time>2026-08-11T09:17:15.000Z</time><extensions/></trkpt><trkpt lat="43.00250865519047" lon="-1.2726190779358149"><ele>995.0</ele><time>2026-08-11T09:17:16.000Z</time><extensions/></trkpt><trkpt lat="43.00248719751835" lon="-1.2727384362369776"><ele>996.0</ele><time>2026-08-11T09:17:18.000Z</time><extensions/></trkpt><trkpt lat="43.00247211009264" lon="-1.2728588003665209"><ele>997.0</ele><time>2026-08-11T09:17:20.000Z</time><extensions/></trkpt><trkpt lat="43.00245584920049" lon="-1.272986875846982"><ele>998.4000244140625</ele><time>2026-08-11T09:17:22.000Z</time><extensions/></trkpt><trkpt lat="43.00244486890733" lon="-1.2731145322322845"><ele>999.4000244140625</ele><time>2026-08-11T09:17:24.000Z</time><extensions/></trkpt><trkpt lat="43.00243883393705" lon="-1.2731769774109125"><ele>999.800048828125</ele><time>2026-08-11T09:17:25.000Z</time><extensions/></trkpt><trkpt lat="43.00243983976543" lon="-1.273428350687027"><ele>1000.800048828125</ele><time>2026-08-11T09:17:29.000Z</time><extensions/></trkpt><trkpt lat="43.00244562327862" lon="-1.2735483795404434"><ele>1001.5999755859375</ele><time>2026-08-11T09:17:31.000Z</time><extensions/></trkpt><trkpt lat="43.00245366990566" lon="-1.2736028619110584"><ele>1001.800048828125</ele><time>2026-08-11T09:17:32.000Z</time><extensions/></trkpt><trkpt lat="43.00248049199581" lon="-1.273902514949441"><ele>1002.5999755859375</ele><time>2026-08-11T09:17:37.000Z</time><extensions/></trkpt><trkpt lat="43.00248275510967" lon="-1.2739619426429272"><ele>1002.800048828125</ele><time>2026-08-11T09:17:38.000Z</time><extensions/></trkpt><trkpt lat="43.00248183310032" lon="-1.2740159220993519"><ele>1003.0</ele><time>2026-08-11T09:17:39.000Z</time><extensions/></trkpt><trkpt lat="43.00246414728463" lon="-1.2741557322442532"><ele>1003.800048828125</ele><time>2026-08-11T09:17:43.000Z</time><extensions/></trkpt><trkpt lat="43.00247152335942" lon="-1.2741517927497625"><ele>1004.0</ele><time>2026-08-11T09:17:44.000Z</time><extensions/></trkpt><trkpt lat="43.002470852807164" lon="-1.2741527985781431"><ele>1004.199951171875</ele><time>2026-08-11T09:17:47.000Z</time><extensions/></trkpt><trkpt lat="43.002470852807164" lon="-1.2741527985781431"><ele>1004.199951171875</ele><time>2026-08-11T09:17:53.000Z</time><extensions/></trkpt><trkpt lat="43.002470852807164" lon="-1.2741527985781431"><ele>1004.199951171875</ele><time>2026-08-11T09:17:55.000Z</time><extensions/></trkpt><trkpt lat="43.002470852807164" lon="-1.2741527985781431"><ele>1004.199951171875</ele><time>2026-08-11T09:18:06.000Z</time><extensions/></trkpt><trkpt lat="43.002470852807164" lon="-1.2741527985781431"><ele>1004.199951171875</ele><time>2026-08-11T09:18:09.000Z</time><extensions/></trkpt><trkpt lat="43.002470852807164" lon="-1.2741527985781431"><ele>1004.0</ele><time>2026-08-11T09:18:12.000Z</time><extensions/></trkpt><trkpt lat="43.00247076898813" lon="-1.274152547121048"><ele>1004.0</ele><time>2026-08-11T09:18:14.000Z</time><extensions/></trkpt><trkpt lat="43.002470852807164" lon="-1.2741527985781431"><ele>1004.199951171875</ele><time>2026-08-11T09:18:19.000Z</time><extensions/></trkpt><trkpt lat="43.002470852807164" lon="-1.2741527985781431"><ele>1004.0</ele><time>2026-08-11T09:18:20.000Z</time><extensions/></trkpt><trkpt lat="43.002470852807164" lon="-1.2741527985781431"><ele>1004.199951171875</ele><time>2026-08-11T09:18:27.000Z</time><extensions/></trkpt><trkpt lat="43.002470852807164" lon="-1.2741527985781431"><ele>1004.199951171875</ele><time>2026-08-11T09:18:28.000Z</time><extensions/></trkpt><trkpt lat="43.002470852807164" lon="-1.2741527985781431"><ele>1004.199951171875</ele><time>2026-08-11T09:18:30.000Z</time><extensions/></trkpt><trkpt lat="43.002470852807164" lon="-1.2741527985781431"><ele>1004.199951171875</ele><time>2026-08-11T09:18:34.000Z</time><extensions/></trkpt><trkpt lat="43.002470852807164" lon="-1.2741527147591114"><ele>1004.199951171875</ele><time>2026-08-11T09:18:39.000Z</time><extensions/></trkpt><trkpt lat="43.002470852807164" lon="-1.2741527147591114"><ele>1004.199951171875</ele><time>2026-08-11T09:18:40.000Z</time><extensions/></trkpt><trkpt lat="43.002470852807164" lon="-1.2741527147591114"><ele>1004.0</ele><time>2026-08-11T09:18:45.000Z</time><extensions/></trkpt><trkpt lat="43.002470852807164" lon="-1.2741527147591114"><ele>1004.0</ele><time>2026-08-11T09:19:00.000Z</time><extensions/></trkpt><trkpt lat="43.002470852807164" lon="-1.2741527985781431"><ele>1004.0</ele><time>2026-08-11T09:19:10.000Z</time><extensions/></trkpt><trkpt lat="43.002470852807164" lon="-1.2741527985781431"><ele>1004.0</ele><time>2026-08-11T09:19:12.000Z</time><extensions/></trkpt><trkpt lat="43.002470852807164" lon="-1.2741527147591114"><ele>1004.0</ele><time>2026-08-11T09:19:18.000Z</time><extensions/></trkpt><trkpt lat="43.002470852807164" lon="-1.2741527147591114"><ele>1004.0</ele><time>2026-08-11T09:19:25.000Z</time><extensions/></trkpt><trkpt lat="43.002470852807164" lon="-1.2741527147591114"><ele>1004.0</ele><time>2026-08-11T09:19:33.000Z</time><extensions/></trkpt><trkpt lat="43.002466075122356" lon="-1.274153720587492"><ele>1004.0</ele><time>2026-08-11T09:19:39.000Z</time><extensions/></trkpt><trkpt lat="43.002468002960086" lon="-1.2741809617727995"><ele>1004.0</ele><time>2026-08-11T09:19:40.000Z</time><extensions/></trkpt><trkpt lat="43.002480240538716" lon="-1.2743269745260477"><ele>1004.4000244140625</ele><time>2026-08-11T09:19:44.000Z</time><extensions/></trkpt><trkpt lat="43.00248770043254" lon="-1.2744882423430681"><ele>1005.0</ele><time>2026-08-11T09:19:47.000Z</time><extensions/></trkpt><trkpt lat="43.0025018658489" lon="-1.274645235389471"><ele>1006.199951171875</ele><time>2026-08-11T09:19:50.000Z</time><extensions/></trkpt><trkpt lat="43.00249893218279" lon="-1.2746965326368809"><ele>1006.5999755859375</ele><time>2026-08-11T09:19:51.000Z</time><extensions/></trkpt><trkpt lat="43.002483593299985" lon="-1.2747392803430557"><ele>1006.800048828125</ele><time>2026-08-11T09:19:52.000Z</time><extensions/></trkpt><trkpt lat="43.00241008400917" lon="-1.2747767474502325"><ele>1007.4000244140625</ele><time>2026-08-11T09:19:54.000Z</time><extensions/></trkpt><trkpt lat="43.00237345509231" lon="-1.274777501821518"><ele>1007.800048828125</ele><time>2026-08-11T09:19:55.000Z</time><extensions/></trkpt><trkpt lat="43.00233967602253" lon="-1.2747793458402157"><ele>1008.0</ele><time>2026-08-11T09:19:56.000Z</time><extensions/></trkpt><trkpt lat="43.002301873639226" lon="-1.27478395588696"><ele>1008.4000244140625</ele><time>2026-08-11T09:19:57.000Z</time><extensions/></trkpt><trkpt lat="43.00226826220751" lon="-1.2747779209166765"><ele>1008.800048828125</ele><time>2026-08-11T09:19:58.000Z</time><extensions/></trkpt><trkpt lat="43.00223473459482" lon="-1.2747625820338726"><ele>1009.0</ele><time>2026-08-11T09:19:59.000Z</time><extensions/></trkpt><trkpt lat="43.00216030329466" lon="-1.2747479137033224"><ele>1010.0</ele><time>2026-08-11T09:20:01.000Z</time><extensions/></trkpt><trkpt lat="43.002046309411526" lon="-1.2747398670762777"><ele>1011.4000244140625</ele><time>2026-08-11T09:20:04.000Z</time><extensions/></trkpt><trkpt lat="43.00200691446662" lon="-1.2747504282742739"><ele>1011.800048828125</ele><time>2026-08-11T09:20:05.000Z</time><extensions/></trkpt><trkpt lat="43.00193063914776" lon="-1.2747708801180124"><ele>1012.4000244140625</ele><time>2026-08-11T09:20:07.000Z</time><extensions/></trkpt><trkpt lat="43.00178814679384" lon="-1.2748225964605808"><ele>1013.5999755859375</ele><time>2026-08-11T09:20:11.000Z</time><extensions/></trkpt><trkpt lat="43.00174959003925" lon="-1.2748271226882935"><ele>1013.800048828125</ele><time>2026-08-11T09:20:12.000Z</time><extensions/></trkpt><trkpt lat="43.0015985481441" lon="-1.2748513463884592"><ele>1014.5999755859375</ele><time>2026-08-11T09:20:16.000Z</time><extensions/></trkpt><trkpt lat="43.00150274299085" lon="-1.2748827785253525"><ele>1015.199951171875</ele><time>2026-08-11T09:20:19.000Z</time><extensions/></trkpt><trkpt lat="43.00140601582825" lon="-1.274936506524682"><ele>1015.800048828125</ele><time>2026-08-11T09:20:22.000Z</time><extensions/></trkpt><trkpt lat="43.00133988261223" lon="-1.2749895639717579"><ele>1016.5999755859375</ele><time>2026-08-11T09:20:24.000Z</time><extensions/></trkpt><trkpt lat="43.00130928866565" lon="-1.2750203255563974"><ele>1017.0</ele><time>2026-08-11T09:20:25.000Z</time><extensions/></trkpt><trkpt lat="43.00121909938753" lon="-1.2751186452805996"><ele>1018.199951171875</ele><time>2026-08-11T09:20:28.000Z</time><extensions/></trkpt><trkpt lat="43.00117635168135" lon="-1.275207744911313"><ele>1019.0</ele><time>2026-08-11T09:20:30.000Z</time><extensions/></trkpt><trkpt lat="43.00115346908569" lon="-1.2752500735223293"><ele>1019.4000244140625</ele><time>2026-08-11T09:20:31.000Z</time><extensions/></trkpt><trkpt lat="43.001128155738115" lon="-1.2752870377153158"><ele>1019.800048828125</ele><time>2026-08-11T09:20:32.000Z</time><extensions/></trkpt><trkpt lat="43.00107811577618" lon="-1.275366498157382"><ele>1020.800048828125</ele><time>2026-08-11T09:20:34.000Z</time><extensions/></trkpt><trkpt lat="43.00102329812944" lon="-1.2755153607577085"><ele>1022.0</ele><time>2026-08-11T09:20:37.000Z</time><extensions/></trkpt><trkpt lat="43.00098557956517" lon="-1.275665732100606"><ele>1023.4000244140625</ele><time>2026-08-11T09:20:40.000Z</time><extensions/></trkpt><trkpt lat="43.000959008932114" lon="-1.2758175283670425"><ele>1024.4000244140625</ele><time>2026-08-11T09:20:43.000Z</time><extensions/></trkpt><trkpt lat="43.00094895064831" lon="-1.275867149233818"><ele>1024.800048828125</ele><time>2026-08-11T09:20:44.000Z</time><extensions/></trkpt><trkpt lat="43.00092849880457" lon="-1.2760154251009226"><ele>1025.800048828125</ele><time>2026-08-11T09:20:47.000Z</time><extensions/></trkpt><trkpt lat="43.0009095557034" lon="-1.2762124836444855"><ele>1026.800048828125</ele><time>2026-08-11T09:20:51.000Z</time><extensions/></trkpt><trkpt lat="43.00091718323529" lon="-1.2763071991503239"><ele>1027.4000244140625</ele><time>2026-08-11T09:20:53.000Z</time><extensions/></trkpt><trkpt lat="43.00102514214814" lon="-1.2765440717339516"><ele>1027.5999755859375</ele><time>2026-08-11T09:20:58.000Z</time><extensions/></trkpt><trkpt lat="43.00126771442592" lon="-1.276941541582346"><ele>1027.199951171875</ele><time>2026-08-11T09:21:06.000Z</time><extensions/></trkpt><trkpt lat="43.001327058300376" lon="-1.2770286295562983"><ele>1027.5999755859375</ele><time>2026-08-11T09:21:08.000Z</time><extensions/></trkpt><trkpt lat="43.00139268860221" lon="-1.2771878018975258"><ele>1027.800048828125</ele><time>2026-08-11T09:21:11.000Z</time><extensions/></trkpt><trkpt lat="43.00141557119787" lon="-1.2772389315068722"><ele>1028.0</ele><time>2026-08-11T09:21:12.000Z</time><extensions/></trkpt><trkpt lat="43.00152897834778" lon="-1.2774975970387459"><ele>1029.0</ele><time>2026-08-11T09:21:17.000Z</time><extensions/></trkpt><trkpt lat="43.00157491117716" lon="-1.2776064779609442"><ele>1029.199951171875</ele><time>2026-08-11T09:21:19.000Z</time><extensions/></trkpt><trkpt lat="43.00180985592306" lon="-1.2781650479882956"><ele>1029.4000244140625</ele><time>2026-08-11T09:21:29.000Z</time><extensions/></trkpt><trkpt lat="43.002026192843914" lon="-1.278616413474083"><ele>1029.5999755859375</ele><time>2026-08-11T09:21:37.000Z</time><extensions/></trkpt><trkpt lat="43.002129290252924" lon="-1.2787790223956108"><ele>1030.0</ele><time>2026-08-11T09:21:40.000Z</time><extensions/></trkpt><trkpt lat="43.00220430828631" lon="-1.2788748275488615"><ele>1030.4000244140625</ele><time>2026-08-11T09:21:42.000Z</time><extensions/></trkpt><trkpt lat="43.00224211066961" lon="-1.2789247836917639"><ele>1030.4000244140625</ele><time>2026-08-11T09:21:43.000Z</time><extensions/></trkpt><trkpt lat="43.002412766218185" lon="-1.2791965249925852"><ele>1030.800048828125</ele><time>2026-08-11T09:21:48.000Z</time><extensions/></trkpt><trkpt lat="43.00247512757778" lon="-1.2793142069131136"><ele>1031.0</ele><time>2026-08-11T09:21:50.000Z</time><extensions/></trkpt><trkpt lat="43.00250639207661" lon="-1.2793730478733778"><ele>1031.199951171875</ele><time>2026-08-11T09:21:51.000Z</time><extensions/></trkpt><trkpt lat="43.00253271125257" lon="-1.2794353254139423"><ele>1031.199951171875</ele><time>2026-08-11T09:21:52.000Z</time><extensions/></trkpt><trkpt lat="43.00256188027561" lon="-1.279565580189228"><ele>1031.5999755859375</ele><time>2026-08-11T09:21:54.000Z</time><extensions/></trkpt><trkpt lat="43.00257487222552" lon="-1.2796291150152683"><ele>1031.5999755859375</ele><time>2026-08-11T09:21:55.000Z</time><extensions/></trkpt><trkpt lat="43.00258350558579" lon="-1.279750820249319"><ele>1032.199951171875</ele><time>2026-08-11T09:21:57.000Z</time><extensions/></trkpt><trkpt lat="43.002579901367426" lon="-1.2799182906746864"><ele>1033.4000244140625</ele><time>2026-08-11T09:22:00.000Z</time><extensions/></trkpt><trkpt lat="43.00257143564522" lon="-1.2800324521958828"><ele>1034.5999755859375</ele><time>2026-08-11T09:22:02.000Z</time><extensions/></trkpt><trkpt lat="43.002565233036876" lon="-1.2801461946219206"><ele>1035.800048828125</ele><time>2026-08-11T09:22:04.000Z</time><extensions/></trkpt><trkpt lat="43.00256975926459" lon="-1.2802586797624826"><ele>1036.800048828125</ele><time>2026-08-11T09:22:06.000Z</time><extensions/></trkpt><trkpt lat="43.002574034035206" lon="-1.280313916504383"><ele>1037.199951171875</ele><time>2026-08-11T09:22:07.000Z</time><extensions/></trkpt><trkpt lat="43.00258073955774" lon="-1.2803642079234123"><ele>1037.5999755859375</ele><time>2026-08-11T09:22:08.000Z</time><extensions/></trkpt><trkpt lat="43.002609238028526" lon="-1.2804709933698177"><ele>1038.0</ele><time>2026-08-11T09:22:10.000Z</time><extensions/></trkpt><trkpt lat="43.00264888443053" lon="-1.280568977817893"><ele>1038.199951171875</ele><time>2026-08-11T09:22:12.000Z</time><extensions/></trkpt><trkpt lat="43.002769500017166" lon="-1.2808083649724722"><ele>1039.0</ele><time>2026-08-11T09:22:17.000Z</time><extensions/></trkpt><trkpt lat="43.002825658768415" lon="-1.2809112947434187"><ele>1039.0</ele><time>2026-08-11T09:22:19.000Z</time><extensions/></trkpt><trkpt lat="43.00289623439312" lon="-1.2810096982866526"><ele>1039.0</ele><time>2026-08-11T09:22:21.000Z</time><extensions/></trkpt><trkpt lat="43.003020118921995" lon="-1.2811466585844755"><ele>1038.800048828125</ele><time>2026-08-11T09:22:24.000Z</time><extensions/></trkpt><trkpt lat="43.003309378400445" lon="-1.2814060784876347"><ele>1039.800048828125</ele><time>2026-08-11T09:22:31.000Z</time><extensions/></trkpt><trkpt lat="43.00339797511697" lon="-1.2814636621624231"><ele>1040.0</ele><time>2026-08-11T09:22:33.000Z</time><extensions/></trkpt><trkpt lat="43.00353552214801" lon="-1.2815348245203495"><ele>1040.5999755859375</ele><time>2026-08-11T09:22:36.000Z</time><extensions/></trkpt><trkpt lat="43.003657814115286" lon="-1.2816158775240183"><ele>1041.199951171875</ele><time>2026-08-11T09:22:39.000Z</time><extensions/></trkpt><trkpt lat="43.003723192960024" lon="-1.281698103994131"><ele>1041.800048828125</ele><time>2026-08-11T09:22:41.000Z</time><extensions/></trkpt><trkpt lat="43.003746913746" lon="-1.2817493174225092"><ele>1042.0</ele><time>2026-08-11T09:22:42.000Z</time><extensions/></trkpt><trkpt lat="43.0037675332278" lon="-1.281806230545044"><ele>1042.4000244140625</ele><time>2026-08-11T09:22:43.000Z</time><extensions/></trkpt><trkpt lat="43.00379921682179" lon="-1.2819141894578934"><ele>1043.199951171875</ele><time>2026-08-11T09:22:45.000Z</time><extensions/></trkpt><trkpt lat="43.00381422042847" lon="-1.2819704320281744"><ele>1043.5999755859375</ele><time>2026-08-11T09:22:46.000Z</time><extensions/></trkpt><trkpt lat="43.003875156864524" lon="-1.2821986712515354"><ele>1044.800048828125</ele><time>2026-08-11T09:22:50.000Z</time><extensions/></trkpt><trkpt lat="43.0039316508919" lon="-1.282378127798438"><ele>1044.800048828125</ele><time>2026-08-11T09:22:53.000Z</time><extensions/></trkpt><trkpt lat="43.00409342162311" lon="-1.2828965485095978"><ele>1044.800048828125</ele><time>2026-08-11T09:23:01.000Z</time><extensions/></trkpt><trkpt lat="43.00421160645783" lon="-1.2833322398364544"><ele>1045.0</ele><time>2026-08-11T09:23:07.000Z</time><extensions/></trkpt><trkpt lat="43.004321325570345" lon="-1.283767344430089"><ele>1045.4000244140625</ele><time>2026-08-11T09:23:13.000Z</time><extensions/></trkpt><trkpt lat="43.00447513349354" lon="-1.2842587754130363"><ele>1045.5999755859375</ele><time>2026-08-11T09:23:20.000Z</time><extensions/></trkpt><trkpt lat="43.00450220704079" lon="-1.2843231484293938"><ele>1045.800048828125</ele><time>2026-08-11T09:23:21.000Z</time><extensions/></trkpt><trkpt lat="43.00469390116632" lon="-1.2847694009542465"><ele>1046.4000244140625</ele><time>2026-08-11T09:23:28.000Z</time><extensions/></trkpt><trkpt lat="43.00495281815529" lon="-1.285213390365243"><ele>1045.5999755859375</ele><time>2026-08-11T09:23:35.000Z</time><extensions/></trkpt><trkpt lat="43.00520502962172" lon="-1.2855864688754082"><ele>1044.800048828125</ele><time>2026-08-11T09:23:41.000Z</time><extensions/></trkpt><trkpt lat="43.00525372847915" lon="-1.2856544461101294"><ele>1044.5999755859375</ele><time>2026-08-11T09:23:42.000Z</time><extensions/></trkpt><trkpt lat="43.005355736240745" lon="-1.2857999559491873"><ele>1043.5999755859375</ele><time>2026-08-11T09:23:44.000Z</time><extensions/></trkpt><trkpt lat="43.00547165796161" lon="-1.285949321463704"><ele>1041.800048828125</ele><time>2026-08-11T09:23:46.000Z</time><extensions/></trkpt><trkpt lat="43.005621526390314" lon="-1.2860649079084396"><ele>1040.199951171875</ele><time>2026-08-11T09:23:48.000Z</time><extensions/></trkpt><trkpt lat="43.00571506842971" lon="-1.2860926520079374"><ele>1039.199951171875</ele><time>2026-08-11T09:23:49.000Z</time><extensions/></trkpt><trkpt lat="43.0058138910681" lon="-1.2861255090683699"><ele>1037.800048828125</ele><time>2026-08-11T09:23:50.000Z</time><extensions/></trkpt><trkpt lat="43.00591656938195" lon="-1.2861479725688696"><ele>1036.5999755859375</ele><time>2026-08-11T09:23:51.000Z</time><extensions/></trkpt><trkpt lat="43.00600927323103" lon="-1.2861732859164476"><ele>1035.4000244140625</ele><time>2026-08-11T09:23:52.000Z</time><extensions/></trkpt><trkpt lat="43.006150256842375" lon="-1.2862510699778795"><ele>1033.5999755859375</ele><time>2026-08-11T09:23:54.000Z</time><extensions/></trkpt><trkpt lat="43.006203481927514" lon="-1.2863954901695251"><ele>1033.0</ele><time>2026-08-11T09:23:56.000Z</time><extensions/></trkpt><trkpt lat="43.006172720342875" lon="-1.2865441851317883"><ele>1033.0</ele><time>2026-08-11T09:23:58.000Z</time><extensions/></trkpt><trkpt lat="43.006142377853394" lon="-1.286604618653655"><ele>1033.0</ele><time>2026-08-11T09:23:59.000Z</time><extensions/></trkpt><trkpt lat="43.00610130652785" lon="-1.2866455223411322"><ele>1033.0</ele><time>2026-08-11T09:24:00.000Z</time><extensions/></trkpt><trkpt lat="43.00601220689714" lon="-1.286700675264001"><ele>1033.199951171875</ele><time>2026-08-11T09:24:02.000Z</time><extensions/></trkpt><trkpt lat="43.005767706781626" lon="-1.2868828140199184"><ele>1034.800048828125</ele><time>2026-08-11T09:24:07.000Z</time><extensions/></trkpt><trkpt lat="43.00551096908748" lon="-1.2870653718709946"><ele>1036.0</ele><time>2026-08-11T09:24:12.000Z</time><extensions/></trkpt><trkpt lat="43.00546017475426" lon="-1.2870869971811771"><ele>1036.199951171875</ele><time>2026-08-11T09:24:13.000Z</time><extensions/></trkpt><trkpt lat="43.00541030243039" lon="-1.2871076166629791"><ele>1036.5999755859375</ele><time>2026-08-11T09:24:14.000Z</time><extensions/></trkpt><trkpt lat="43.005306953564286" lon="-1.2871366180479527"><ele>1037.0</ele><time>2026-08-11T09:24:16.000Z</time><extensions/></trkpt><trkpt lat="43.005090449005365" lon="-1.287165703251958"><ele>1037.5999755859375</ele><time>2026-08-11T09:24:20.000Z</time><extensions/></trkpt><trkpt lat="43.004925744608045" lon="-1.287167128175497"><ele>1038.199951171875</ele><time>2026-08-11T09:24:23.000Z</time><extensions/></trkpt><trkpt lat="43.00469432026148" lon="-1.2871663738042116"><ele>1039.199951171875</ele><time>2026-08-11T09:24:27.000Z</time><extensions/></trkpt><trkpt lat="43.004436660557985" lon="-1.2872084509581327"><ele>1040.199951171875</ele><time>2026-08-11T09:24:32.000Z</time><extensions/></trkpt><trkpt lat="43.00439156591892" lon="-1.2872370332479477"><ele>1040.5999755859375</ele><time>2026-08-11T09:24:33.000Z</time><extensions/></trkpt><trkpt lat="43.00436264835298" lon="-1.2872842233628035"><ele>1040.800048828125</ele><time>2026-08-11T09:24:34.000Z</time><extensions/></trkpt><trkpt lat="43.004353512078524" lon="-1.2873917631804943"><ele>1041.199951171875</ele><time>2026-08-11T09:24:36.000Z</time><extensions/></trkpt><trkpt lat="43.004394164308906" lon="-1.2874910049140453"><ele>1041.800048828125</ele><time>2026-08-11T09:24:38.000Z</time><extensions/></trkpt><trkpt lat="43.00442551262677" lon="-1.2875319924205542"><ele>1042.199951171875</ele><time>2026-08-11T09:24:39.000Z</time><extensions/></trkpt><trkpt lat="43.00452969968319" lon="-1.2876469921320677"><ele>1043.199951171875</ele><time>2026-08-11T09:24:42.000Z</time><extensions/></trkpt><trkpt lat="43.00465048290789" lon="-1.2877816893160343"><ele>1044.5999755859375</ele><time>2026-08-11T09:24:46.000Z</time><extensions/></trkpt><trkpt lat="43.00467864610255" lon="-1.2878157198429108"><ele>1045.0</ele><time>2026-08-11T09:24:47.000Z</time><extensions/></trkpt><trkpt lat="43.00473731942475" lon="-1.2878865469247103"><ele>1046.0</ele><time>2026-08-11T09:24:49.000Z</time><extensions/></trkpt><trkpt lat="43.004816360771656" lon="-1.2879934161901474"><ele>1047.0</ele><time>2026-08-11T09:24:52.000Z</time><extensions/></trkpt><trkpt lat="43.00484050065279" lon="-1.2880354933440685"><ele>1047.4000244140625</ele><time>2026-08-11T09:24:53.000Z</time><extensions/></trkpt><trkpt lat="43.00493245013058" lon="-1.288206148892641"><ele>1048.199951171875</ele><time>2026-08-11T09:24:57.000Z</time><extensions/></trkpt><trkpt lat="43.004984417930245" lon="-1.2883379962295294"><ele>1048.800048828125</ele><time>2026-08-11T09:25:00.000Z</time><extensions/></trkpt><trkpt lat="43.005016688257456" lon="-1.2884328793734312"><ele>1049.199951171875</ele><time>2026-08-11T09:25:02.000Z</time><extensions/></trkpt><trkpt lat="43.00503982231021" lon="-1.2886254116892815"><ele>1049.800048828125</ele><time>2026-08-11T09:25:06.000Z</time><extensions/></trkpt><trkpt lat="43.00502330996096" lon="-1.288674110546708"><ele>1049.800048828125</ele><time>2026-08-11T09:25:07.000Z</time><extensions/></trkpt><trkpt lat="43.004961367696524" lon="-1.2887178640812635"><ele>1050.0</ele><time>2026-08-11T09:25:09.000Z</time><extensions/></trkpt><trkpt lat="43.00486053340137" lon="-1.288692718371749"><ele>1050.199951171875</ele><time>2026-08-11T09:25:12.000Z</time><extensions/></trkpt><trkpt lat="43.00482449121773" lon="-1.288676206022501"><ele>1050.4000244140625</ele><time>2026-08-11T09:25:13.000Z</time><extensions/></trkpt><trkpt lat="43.0046777240932" lon="-1.2886547483503819"><ele>1051.4000244140625</ele><time>2026-08-11T09:25:17.000Z</time><extensions/></trkpt><trkpt lat="43.00460237078369" lon="-1.2886712606996298"><ele>1051.5999755859375</ele><time>2026-08-11T09:25:19.000Z</time><extensions/></trkpt><trkpt lat="43.004371616989374" lon="-1.288722138851881"><ele>1052.4000244140625</ele><time>2026-08-11T09:25:25.000Z</time><extensions/></trkpt><trkpt lat="43.0042546056211" lon="-1.2887688260525465"><ele>1053.199951171875</ele><time>2026-08-11T09:25:28.000Z</time><extensions/></trkpt><trkpt lat="43.004180090501904" lon="-1.2888171896338463"><ele>1053.5999755859375</ele><time>2026-08-11T09:25:30.000Z</time><extensions/></trkpt><trkpt lat="43.00410415045917" lon="-1.288868235424161"><ele>1054.0</ele><time>2026-08-11T09:25:32.000Z</time><extensions/></trkpt><trkpt lat="43.00403131172061" lon="-1.2889266572892666"><ele>1054.5999755859375</ele><time>2026-08-11T09:25:34.000Z</time><extensions/></trkpt><trkpt lat="43.003785805776715" lon="-1.289203343912959"><ele>1055.800048828125</ele><time>2026-08-11T09:25:42.000Z</time><extensions/></trkpt><trkpt lat="43.0036433134228" lon="-1.2894879095256329"><ele>1056.0</ele><time>2026-08-11T09:25:48.000Z</time><extensions/></trkpt><trkpt lat="43.00362571142614" lon="-1.2895474210381508"><ele>1055.800048828125</ele><time>2026-08-11T09:25:49.000Z</time><extensions/></trkpt><trkpt lat="43.003588328137994" lon="-1.2897789292037487"><ele>1055.800048828125</ele><time>2026-08-11T09:25:52.000Z</time><extensions/></trkpt><trkpt lat="43.00360048189759" lon="-1.2902340665459633"><ele>1054.5999755859375</ele><time>2026-08-11T09:25:57.000Z</time><extensions/></trkpt><trkpt lat="43.00364096648991" lon="-1.290527768433094"><ele>1053.4000244140625</ele><time>2026-08-11T09:26:00.000Z</time><extensions/></trkpt><trkpt lat="43.00366644747555" lon="-1.2907558400183916"><ele>1052.199951171875</ele><time>2026-08-11T09:26:02.000Z</time><extensions/></trkpt><trkpt lat="43.00367373973131" lon="-1.2908842507749796"><ele>1051.199951171875</ele><time>2026-08-11T09:26:03.000Z</time><extensions/></trkpt><trkpt lat="43.0036692135036" lon="-1.2910146731883287"><ele>1050.0</ele><time>2026-08-11T09:26:04.000Z</time><extensions/></trkpt><trkpt lat="43.00364767201245" lon="-1.291134785860777"><ele>1048.800048828125</ele><time>2026-08-11T09:26:05.000Z</time><extensions/></trkpt><trkpt lat="43.00361020490527" lon="-1.2912447564303875"><ele>1048.199951171875</ele><time>2026-08-11T09:26:06.000Z</time><extensions/></trkpt><trkpt lat="43.003561506047845" lon="-1.2913341913372278"><ele>1047.5999755859375</ele><time>2026-08-11T09:26:07.000Z</time><extensions/></trkpt><trkpt lat="43.00350157544017" lon="-1.2914103828370571"><ele>1047.199951171875</ele><time>2026-08-11T09:26:08.000Z</time><extensions/></trkpt><trkpt lat="43.00343183800578" lon="-1.2914517056196928"><ele>1047.199951171875</ele><time>2026-08-11T09:26:09.000Z</time><extensions/></trkpt><trkpt lat="43.003361178562045" lon="-1.2914829701185226"><ele>1047.5999755859375</ele><time>2026-08-11T09:26:10.000Z</time><extensions/></trkpt><trkpt lat="43.0032320972532" lon="-1.2915131449699402"><ele>1048.199951171875</ele><time>2026-08-11T09:26:12.000Z</time><extensions/></trkpt><trkpt lat="43.00316395238042" lon="-1.2915153242647648"><ele>1048.199951171875</ele><time>2026-08-11T09:26:13.000Z</time><extensions/></trkpt><trkpt lat="43.002875950187445" lon="-1.2914939504116774"><ele>1046.0</ele><time>2026-08-11T09:26:17.000Z</time><extensions/></trkpt><trkpt lat="43.002738654613495" lon="-1.2914764322340488"><ele>1044.800048828125</ele><time>2026-08-11T09:26:20.000Z</time><extensions/></trkpt><trkpt lat="43.002654667943716" lon="-1.2914569023996592"><ele>1044.4000244140625</ele><time>2026-08-11T09:26:22.000Z</time><extensions/></trkpt><trkpt lat="43.002604292705655" lon="-1.2914532143622637"><ele>1044.0</ele><time>2026-08-11T09:26:23.000Z</time><extensions/></trkpt><trkpt lat="43.00255274400115" lon="-1.2914493586868048"><ele>1043.4000244140625</ele><time>2026-08-11T09:26:24.000Z</time><extensions/></trkpt><trkpt lat="43.002469930797815" lon="-1.2914502806961536"><ele>1042.5999755859375</ele><time>2026-08-11T09:26:26.000Z</time><extensions/></trkpt><trkpt lat="43.00242567434907" lon="-1.2914496939629316"><ele>1042.0</ele><time>2026-08-11T09:26:27.000Z</time><extensions/></trkpt><trkpt lat="43.00232173874974" lon="-1.291438965126872"><ele>1040.800048828125</ele><time>2026-08-11T09:26:29.000Z</time><extensions/></trkpt><trkpt lat="43.00219659693539" lon="-1.291433097794652"><ele>1039.0</ele><time>2026-08-11T09:26:31.000Z</time><extensions/></trkpt><trkpt lat="43.00205687060952" lon="-1.2914441619068384"><ele>1037.199951171875</ele><time>2026-08-11T09:26:33.000Z</time><extensions/></trkpt><trkpt lat="43.00199082121253" lon="-1.2914618477225304"><ele>1035.800048828125</ele><time>2026-08-11T09:26:34.000Z</time><extensions/></trkpt><trkpt lat="43.00192938186228" lon="-1.29149260930717"><ele>1034.800048828125</ele><time>2026-08-11T09:26:35.000Z</time><extensions/></trkpt><trkpt lat="43.00187749788165" lon="-1.2915480975061655"><ele>1034.199951171875</ele><time>2026-08-11T09:26:36.000Z</time><extensions/></trkpt><trkpt lat="43.00183634273708" lon="-1.2917123828083277"><ele>1033.0</ele><time>2026-08-11T09:26:38.000Z</time><extensions/></trkpt><trkpt lat="43.00186827778816" lon="-1.291884882375598"><ele>1032.5999755859375</ele><time>2026-08-11T09:26:40.000Z</time><extensions/></trkpt><trkpt lat="43.001890908926725" lon="-1.2919628340750933"><ele>1032.0</ele><time>2026-08-11T09:26:41.000Z</time><extensions/></trkpt><trkpt lat="43.00201764330268" lon="-1.292284782975912"><ele>1032.800048828125</ele><time>2026-08-11T09:26:46.000Z</time><extensions/></trkpt><trkpt lat="43.002156279981136" lon="-1.292627602815628"><ele>1031.199951171875</ele><time>2026-08-11T09:26:51.000Z</time><extensions/></trkpt><trkpt lat="43.00221176818013" lon="-1.292793396860361"><ele>1030.5999755859375</ele><time>2026-08-11T09:26:53.000Z</time><extensions/></trkpt><trkpt lat="43.00225711427629" lon="-1.2930787168443203"><ele>1029.4000244140625</ele><time>2026-08-11T09:26:56.000Z</time><extensions/></trkpt><trkpt lat="43.0022341478616" lon="-1.293289102613926"><ele>1028.0</ele><time>2026-08-11T09:26:58.000Z</time><extensions/></trkpt><trkpt lat="43.002206571400166" lon="-1.2933894339948893"><ele>1027.4000244140625</ele><time>2026-08-11T09:26:59.000Z</time><extensions/></trkpt><trkpt lat="43.00216759555042" lon="-1.2934836465865374"><ele>1026.800048828125</ele><time>2026-08-11T09:27:00.000Z</time><extensions/></trkpt><trkpt lat="43.00205251201987" lon="-1.293649859726429"><ele>1026.0</ele><time>2026-08-11T09:27:02.000Z</time><extensions/></trkpt><trkpt lat="43.00198260694742" lon="-1.2937206868082285"><ele>1025.5999755859375</ele><time>2026-08-11T09:27:03.000Z</time><extensions/></trkpt><trkpt lat="43.00176031887531" lon="-1.2938915938138962"><ele>1024.5999755859375</ele><time>2026-08-11T09:27:06.000Z</time><extensions/></trkpt><trkpt lat="43.00154817290604" lon="-1.2940768338739872"><ele>1023.0</ele><time>2026-08-11T09:27:09.000Z</time><extensions/></trkpt><trkpt lat="43.00148656591773" lon="-1.294152857735753"><ele>1022.800048828125</ele><time>2026-08-11T09:27:10.000Z</time><extensions/></trkpt><trkpt lat="43.00143711268902" lon="-1.294238604605198"><ele>1022.4000244140625</ele><time>2026-08-11T09:27:11.000Z</time><extensions/></trkpt><trkpt lat="43.00139863975346" lon="-1.2943313922733068"><ele>1022.0</ele><time>2026-08-11T09:27:12.000Z</time><extensions/></trkpt><trkpt lat="43.001352371647954" lon="-1.2945358268916607"><ele>1021.199951171875</ele><time>2026-08-11T09:27:14.000Z</time><extensions/></trkpt><trkpt lat="43.00134013406932" lon="-1.2946460489183664"><ele>1020.4000244140625</ele><time>2026-08-11T09:27:15.000Z</time><extensions/></trkpt><trkpt lat="43.00132957287133" lon="-1.2949779722839594"><ele>1019.199951171875</ele><time>2026-08-11T09:27:18.000Z</time><extensions/></trkpt><trkpt lat="43.00133116543293" lon="-1.2950912117958069"><ele>1019.0</ele><time>2026-08-11T09:27:19.000Z</time><extensions/></trkpt><trkpt lat="43.00133259035647" lon="-1.2952064629644156"><ele>1018.5999755859375</ele><time>2026-08-11T09:27:20.000Z</time><extensions/></trkpt><trkpt lat="43.001333847641945" lon="-1.2954538967460394"><ele>1017.4000244140625</ele><time>2026-08-11T09:27:22.000Z</time><extensions/></trkpt><trkpt lat="43.00133158452809" lon="-1.2957024201750755"><ele>1015.5999755859375</ele><time>2026-08-11T09:27:24.000Z</time><extensions/></trkpt><trkpt lat="43.001325549557805" lon="-1.2959387060254812"><ele>1014.0</ele><time>2026-08-11T09:27:26.000Z</time><extensions/></trkpt><trkpt lat="43.00129939801991" lon="-1.2961598206311464"><ele>1013.199951171875</ele><time>2026-08-11T09:27:28.000Z</time><extensions/></trkpt><trkpt lat="43.001266960054636" lon="-1.2963265366852283"><ele>1013.0</ele><time>2026-08-11T09:27:30.000Z</time><extensions/></trkpt><trkpt lat="43.00120510160923" lon="-1.296546310186386"><ele>1014.0</ele><time>2026-08-11T09:27:34.000Z</time><extensions/></trkpt><trkpt lat="43.0011429078877" lon="-1.296642953529954"><ele>1014.199951171875</ele><time>2026-08-11T09:27:38.000Z</time><extensions/></trkpt><trkpt lat="43.001064117997885" lon="-1.2966851983219385"><ele>1013.199951171875</ele><time>2026-08-11T09:27:40.000Z</time><extensions/></trkpt><trkpt lat="43.00098080188036" lon="-1.2967340648174286"><ele>1012.0</ele><time>2026-08-11T09:27:42.000Z</time><extensions/></trkpt><trkpt lat="43.00093939527869" lon="-1.2967426143586636"><ele>1011.4000244140625</ele><time>2026-08-11T09:27:43.000Z</time><extensions/></trkpt><trkpt lat="43.000854486599565" lon="-1.2966960109770298"><ele>1010.800048828125</ele><time>2026-08-11T09:27:45.000Z</time><extensions/></trkpt><trkpt lat="43.00075004808605" lon="-1.2967066559940577"><ele>1009.800048828125</ele><time>2026-08-11T09:27:47.000Z</time><extensions/></trkpt><trkpt lat="43.00070285797119" lon="-1.2967167980968952"><ele>1009.800048828125</ele><time>2026-08-11T09:27:48.000Z</time><extensions/></trkpt><trkpt lat="43.000581320375204" lon="-1.2968144472688437"><ele>1010.4000244140625</ele><time>2026-08-11T09:27:52.000Z</time><extensions/></trkpt><trkpt lat="43.000501273199916" lon="-1.2969923112541437"><ele>1011.199951171875</ele><time>2026-08-11T09:27:57.000Z</time><extensions/></trkpt><trkpt lat="43.000435223802924" lon="-1.2970985099673271"><ele>1012.0</ele><time>2026-08-11T09:28:00.000Z</time><extensions/></trkpt><trkpt lat="43.00032475031912" lon="-1.297236392274499"><ele>1013.199951171875</ele><time>2026-08-11T09:28:04.000Z</time><extensions/></trkpt><trkpt lat="43.000237913802266" lon="-1.2973423395305872"><ele>1014.199951171875</ele><time>2026-08-11T09:28:07.000Z</time><extensions/></trkpt><trkpt lat="43.000139091163874" lon="-1.297502014786005"><ele>1015.4000244140625</ele><time>2026-08-11T09:28:11.000Z</time><extensions/></trkpt><trkpt lat="43.00010045059025" lon="-1.2975888513028622"><ele>1016.0</ele><time>2026-08-11T09:28:13.000Z</time><extensions/></trkpt><trkpt lat="43.00006122328341" lon="-1.2976771127432585"><ele>1016.4000244140625</ele><time>2026-08-11T09:28:15.000Z</time><extensions/></trkpt><trkpt lat="42.99999316222966" lon="-1.297788843512535"><ele>1017.0</ele><time>2026-08-11T09:28:18.000Z</time><extensions/></trkpt><trkpt lat="42.99994136206806" lon="-1.2978572398424149"><ele>1017.4000244140625</ele><time>2026-08-11T09:28:20.000Z</time><extensions/></trkpt><trkpt lat="42.99980825744569" lon="-1.2979600857943296"><ele>1018.0</ele><time>2026-08-11T09:28:24.000Z</time><extensions/></trkpt><trkpt lat="42.999738436192274" lon="-1.2980320025235415"><ele>1017.800048828125</ele><time>2026-08-11T09:28:26.000Z</time><extensions/></trkpt><trkpt lat="42.999641206115484" lon="-1.2981630116701126"><ele>1017.0</ele><time>2026-08-11T09:28:29.000Z</time><extensions/></trkpt><trkpt lat="42.99954707734287" lon="-1.2982863932847977"><ele>1016.199951171875</ele><time>2026-08-11T09:28:32.000Z</time><extensions/></trkpt><trkpt lat="42.99950315617025" lon="-1.298320759087801"><ele>1016.199951171875</ele><time>2026-08-11T09:28:34.000Z</time><extensions/></trkpt><trkpt lat="42.99947583116591" lon="-1.2983339186757803"><ele>1016.199951171875</ele><time>2026-08-11T09:28:35.000Z</time><extensions/></trkpt><trkpt lat="42.99941866658628" lon="-1.2984166480600834"><ele>1015.800048828125</ele><time>2026-08-11T09:28:38.000Z</time><extensions/></trkpt><trkpt lat="42.99936653114855" lon="-1.298485966399312"><ele>1015.0</ele><time>2026-08-11T09:28:40.000Z</time><extensions/></trkpt><trkpt lat="42.99935362301767" lon="-1.2985748145729303"><ele>1014.199951171875</ele><time>2026-08-11T09:28:42.000Z</time><extensions/></trkpt><trkpt lat="42.99935353919864" lon="-1.298660645261407"><ele>1014.0</ele><time>2026-08-11T09:28:44.000Z</time><extensions/></trkpt><trkpt lat="42.99933325499296" lon="-1.2987890560179949"><ele>1013.800048828125</ele><time>2026-08-11T09:28:47.000Z</time><extensions/></trkpt><trkpt lat="42.9993071872741" lon="-1.2989022955298424"><ele>1013.4000244140625</ele><time>2026-08-11T09:28:49.000Z</time><extensions/></trkpt><trkpt lat="42.999310875311494" lon="-1.2989946641027927"><ele>1013.199951171875</ele><time>2026-08-11T09:28:51.000Z</time><extensions/></trkpt><trkpt lat="42.99932713620365" lon="-1.2990265991538763"><ele>1013.199951171875</ele><time>2026-08-11T09:28:54.000Z</time><extensions/></trkpt><trkpt lat="42.99932537600398" lon="-1.2990270182490349"><ele>1013.199951171875</ele><time>2026-08-11T09:28:58.000Z</time><extensions/></trkpt><trkpt lat="42.999329064041376" lon="-1.2990253418684006"><ele>1013.199951171875</ele><time>2026-08-11T09:28:59.000Z</time><extensions/></trkpt><trkpt lat="42.99932537600398" lon="-1.2990270182490349"><ele>1013.0</ele><time>2026-08-11T09:29:04.000Z</time><extensions/></trkpt><trkpt lat="42.99932537600398" lon="-1.2990270182490349"><ele>1013.0</ele><time>2026-08-11T09:29:05.000Z</time><extensions/></trkpt><trkpt lat="42.99931515008211" lon="-1.2990459613502026"><ele>1013.0</ele><time>2026-08-11T09:29:07.000Z</time><extensions/></trkpt><trkpt lat="42.999316742643714" lon="-1.2990554329007864"><ele>1013.0</ele><time>2026-08-11T09:29:08.000Z</time><extensions/></trkpt><trkpt lat="42.99931523390114" lon="-1.2990610487759113"><ele>1013.199951171875</ele><time>2026-08-11T09:29:09.000Z</time><extensions/></trkpt><trkpt lat="42.99931506626308" lon="-1.2990734539926052"><ele>1013.0</ele><time>2026-08-11T09:29:14.000Z</time><extensions/></trkpt><trkpt lat="42.99931506626308" lon="-1.2990734539926052"><ele>1013.0</ele><time>2026-08-11T09:29:20.000Z</time><extensions/></trkpt><trkpt lat="42.99931506626308" lon="-1.2990734539926052"><ele>1013.0</ele><time>2026-08-11T09:29:21.000Z</time><extensions/></trkpt><trkpt lat="42.99931506626308" lon="-1.2990734539926052"><ele>1012.800048828125</ele><time>2026-08-11T09:29:27.000Z</time><extensions/></trkpt><trkpt lat="42.99930492416024" lon="-1.2990906368941069"><ele>1012.800048828125</ele><time>2026-08-11T09:29:33.000Z</time><extensions/></trkpt><trkpt lat="42.999300649389625" lon="-1.2991279363632202"><ele>1012.800048828125</ele><time>2026-08-11T09:29:34.000Z</time><extensions/></trkpt><trkpt lat="42.9992585722357" lon="-1.2993121705949306"><ele>1011.5999755859375</ele><time>2026-08-11T09:29:38.000Z</time><extensions/></trkpt><trkpt lat="42.99924859777093" lon="-1.2993785552680492"><ele>1011.199951171875</ele><time>2026-08-11T09:29:39.000Z</time><extensions/></trkpt><trkpt lat="42.99924775958061" lon="-1.299451645463705"><ele>1010.5999755859375</ele><time>2026-08-11T09:29:40.000Z</time><extensions/></trkpt><trkpt lat="42.99925236962736" lon="-1.2996167689561844"><ele>1009.4000244140625</ele><time>2026-08-11T09:29:42.000Z</time><extensions/></trkpt><trkpt lat="42.99925823695958" lon="-1.2997070420533419"><ele>1008.5999755859375</ele><time>2026-08-11T09:29:43.000Z</time><extensions/></trkpt><trkpt lat="42.99925597384572" lon="-1.2998063676059246"><ele>1008.0</ele><time>2026-08-11T09:29:44.000Z</time><extensions/></trkpt><trkpt lat="42.99925203435123" lon="-1.300022453069687"><ele>1006.199951171875</ele><time>2026-08-11T09:29:46.000Z</time><extensions/></trkpt><trkpt lat="42.99924960359931" lon="-1.3002335093915462"><ele>1004.5999755859375</ele><time>2026-08-11T09:29:48.000Z</time><extensions/></trkpt><trkpt lat="42.999266032129526" lon="-1.3004526123404503"><ele>1003.199951171875</ele><time>2026-08-11T09:29:50.000Z</time><extensions/></trkpt><trkpt lat="42.99928681924939" lon="-1.300559313967824"><ele>1002.199951171875</ele><time>2026-08-11T09:29:51.000Z</time><extensions/></trkpt><trkpt lat="42.9993019066751" lon="-1.300671212375164"><ele>1001.199951171875</ele><time>2026-08-11T09:29:52.000Z</time><extensions/></trkpt><trkpt lat="42.99931816756725" lon="-1.3007935881614685"><ele>1000.199951171875</ele><time>2026-08-11T09:29:53.000Z</time><extensions/></trkpt><trkpt lat="42.99934968352318" lon="-1.3010303769260645"><ele>998.5999755859375</ele><time>2026-08-11T09:29:55.000Z</time><extensions/></trkpt><trkpt lat="42.99936678260565" lon="-1.3012506533414125"><ele>998.0</ele><time>2026-08-11T09:29:57.000Z</time><extensions/></trkpt><trkpt lat="42.99940609373152" lon="-1.3014573510736227"><ele>997.5999755859375</ele><time>2026-08-11T09:29:59.000Z</time><extensions/></trkpt><trkpt lat="42.9994245339185" lon="-1.3015634659677744"><ele>997.0</ele><time>2026-08-11T09:30:00.000Z</time><extensions/></trkpt><trkpt lat="42.999439872801304" lon="-1.3016658928245306"><ele>996.4000244140625</ele><time>2026-08-11T09:30:01.000Z</time><extensions/></trkpt><trkpt lat="42.99945529550314" lon="-1.3017673138529062"><ele>995.5999755859375</ele><time>2026-08-11T09:30:02.000Z</time><extensions/></trkpt><trkpt lat="42.99948940984905" lon="-1.3019770290702581"><ele>994.199951171875</ele><time>2026-08-11T09:30:04.000Z</time><extensions/></trkpt><trkpt lat="42.99952419474721" lon="-1.3022016640752554"><ele>993.199951171875</ele><time>2026-08-11T09:30:06.000Z</time><extensions/></trkpt><trkpt lat="42.99952260218561" lon="-1.3024140615016222"><ele>992.199951171875</ele><time>2026-08-11T09:30:08.000Z</time><extensions/></trkpt><trkpt lat="42.99952427856624" lon="-1.3026354275643826"><ele>990.800048828125</ele><time>2026-08-11T09:30:10.000Z</time><extensions/></trkpt><trkpt lat="42.99953014589846" lon="-1.3027481641620398"><ele>989.4000244140625</ele><time>2026-08-11T09:30:11.000Z</time><extensions/></trkpt><trkpt lat="42.999528804793954" lon="-1.3029903173446655"><ele>987.5999755859375</ele><time>2026-08-11T09:30:13.000Z</time><extensions/></trkpt><trkpt lat="42.999524027109146" lon="-1.3031198177486658"><ele>986.199951171875</ele><time>2026-08-11T09:30:14.000Z</time><extensions/></trkpt><trkpt lat="42.99951346591115" lon="-1.303363312035799"><ele>985.199951171875</ele><time>2026-08-11T09:30:16.000Z</time><extensions/></trkpt><trkpt lat="42.99949150532484" lon="-1.3034754619002342"><ele>984.199951171875</ele><time>2026-08-11T09:30:17.000Z</time><extensions/></trkpt><trkpt lat="42.99946661107242" lon="-1.303592473268509"><ele>983.4000244140625</ele><time>2026-08-11T09:30:18.000Z</time><extensions/></trkpt><trkpt lat="42.99943953752518" lon="-1.3037062156945467"><ele>982.4000244140625</ele><time>2026-08-11T09:30:19.000Z</time><extensions/></trkpt><trkpt lat="42.999423863366246" lon="-1.3038213830441236"><ele>981.4000244140625</ele><time>2026-08-11T09:30:20.000Z</time><extensions/></trkpt><trkpt lat="42.99943777732551" lon="-1.3040333613753319"><ele>980.199951171875</ele><time>2026-08-11T09:30:22.000Z</time><extensions/></trkpt><trkpt lat="42.99944079481065" lon="-1.3041359558701515"><ele>978.800048828125</ele><time>2026-08-11T09:30:23.000Z</time><extensions/></trkpt><trkpt lat="42.99943190999329" lon="-1.3042313419282436"><ele>978.199951171875</ele><time>2026-08-11T09:30:24.000Z</time><extensions/></trkpt><trkpt lat="42.99940944649279" lon="-1.3043279014527798"><ele>976.5999755859375</ele><time>2026-08-11T09:30:25.000Z</time><extensions/></trkpt><trkpt lat="42.99940165132284" lon="-1.304418258368969"><ele>975.800048828125</ele><time>2026-08-11T09:30:26.000Z</time><extensions/></trkpt><trkpt lat="42.99939268268645" lon="-1.3044977188110352"><ele>974.5999755859375</ele><time>2026-08-11T09:30:27.000Z</time><extensions/></trkpt><trkpt lat="42.99936602823436" lon="-1.3045832142233849"><ele>973.800048828125</ele><time>2026-08-11T09:30:28.000Z</time><extensions/></trkpt><trkpt lat="42.999354880303144" lon="-1.304675079882145"><ele>973.4000244140625</ele><time>2026-08-11T09:30:29.000Z</time><extensions/></trkpt><trkpt lat="42.99933987669647" lon="-1.3047706335783005"><ele>972.4000244140625</ele><time>2026-08-11T09:30:30.000Z</time><extensions/></trkpt><trkpt lat="42.99931523390114" lon="-1.3048630021512508"><ele>971.5999755859375</ele><time>2026-08-11T09:30:31.000Z</time><extensions/></trkpt><trkpt lat="42.99931020475924" lon="-1.3049666862934828"><ele>971.0</ele><time>2026-08-11T09:30:32.000Z</time><extensions/></trkpt><trkpt lat="42.99932059831917" lon="-1.3050595577806234"><ele>970.4000244140625</ele><time>2026-08-11T09:30:33.000Z</time><extensions/></trkpt><trkpt lat="42.99931355752051" lon="-1.3051413651555777"><ele>969.4000244140625</ele><time>2026-08-11T09:30:34.000Z</time><extensions/></trkpt><trkpt lat="42.99928673543036" lon="-1.3052209932357073"><ele>968.800048828125</ele><time>2026-08-11T09:30:35.000Z</time><extensions/></trkpt><trkpt lat="42.9992519505322" lon="-1.3052951730787754"><ele>968.4000244140625</ele><time>2026-08-11T09:30:36.000Z</time><extensions/></trkpt><trkpt lat="42.99923493526876" lon="-1.3053706102073193"><ele>967.4000244140625</ele><time>2026-08-11T09:30:37.000Z</time><extensions/></trkpt><trkpt lat="42.999242562800646" lon="-1.3054374139755964"><ele>967.199951171875</ele><time>2026-08-11T09:30:38.000Z</time><extensions/></trkpt><trkpt lat="42.999255219474435" lon="-1.3055004458874464"><ele>966.5999755859375</ele><time>2026-08-11T09:30:39.000Z</time><extensions/></trkpt><trkpt lat="42.999244909733534" lon="-1.3055690936744213"><ele>965.800048828125</ele><time>2026-08-11T09:30:40.000Z</time><extensions/></trkpt><trkpt lat="42.99921406432986" lon="-1.3056387472897768"><ele>964.5999755859375</ele><time>2026-08-11T09:30:41.000Z</time><extensions/></trkpt><trkpt lat="42.99918464384973" lon="-1.3057054672390223"><ele>964.4000244140625</ele><time>2026-08-11T09:30:42.000Z</time><extensions/></trkpt><trkpt lat="42.999150110408664" lon="-1.3057655654847622"><ele>963.199951171875</ele><time>2026-08-11T09:30:43.000Z</time><extensions/></trkpt><trkpt lat="42.999059837311506" lon="-1.3059583492577076"><ele>962.0</ele><time>2026-08-11T09:30:46.000Z</time><extensions/></trkpt><trkpt lat="42.99905799329281" lon="-1.3061411585658789"><ele>961.199951171875</ele><time>2026-08-11T09:30:48.000Z</time><extensions/></trkpt><trkpt lat="42.99904047511518" lon="-1.3062372989952564"><ele>960.4000244140625</ele><time>2026-08-11T09:30:49.000Z</time><extensions/></trkpt><trkpt lat="42.9990014154464" lon="-1.3063155859708786"><ele>959.5999755859375</ele><time>2026-08-11T09:30:50.000Z</time><extensions/></trkpt><trkpt lat="42.99891893751919" lon="-1.306480122730136"><ele>958.199951171875</ele><time>2026-08-11T09:30:52.000Z</time><extensions/></trkpt><trkpt lat="42.99884534440935" lon="-1.3066602498292923"><ele>957.4000244140625</ele><time>2026-08-11T09:30:54.000Z</time><extensions/></trkpt><trkpt lat="42.99879530444741" lon="-1.306739877909422"><ele>956.800048828125</ele><time>2026-08-11T09:30:55.000Z</time><extensions/></trkpt><trkpt lat="42.99875356256962" lon="-1.3068203441798687"><ele>956.4000244140625</ele><time>2026-08-11T09:30:56.000Z</time><extensions/></trkpt><trkpt lat="42.998727997764945" lon="-1.306917741894722"><ele>955.800048828125</ele><time>2026-08-11T09:30:57.000Z</time><extensions/></trkpt><trkpt lat="42.99866018816829" lon="-1.3071002159267664"><ele>954.800048828125</ele><time>2026-08-11T09:30:59.000Z</time><extensions/></trkpt><trkpt lat="42.998618530109525" lon="-1.307197194546461"><ele>954.0</ele><time>2026-08-11T09:31:00.000Z</time><extensions/></trkpt><trkpt lat="42.99859338440001" lon="-1.3073012977838516"><ele>953.199951171875</ele><time>2026-08-11T09:31:01.000Z</time><extensions/></trkpt><trkpt lat="42.99857595004141" lon="-1.3074173033237457"><ele>952.4000244140625</ele><time>2026-08-11T09:31:02.000Z</time><extensions/></trkpt><trkpt lat="42.99856656230986" lon="-1.3075416907668114"><ele>951.4000244140625</ele><time>2026-08-11T09:31:03.000Z</time><extensions/></trkpt><trkpt lat="42.998546697199345" lon="-1.307665491476655"><ele>950.4000244140625</ele><time>2026-08-11T09:31:04.000Z</time><extensions/></trkpt><trkpt lat="42.99848785623908" lon="-1.307900184765458"><ele>948.800048828125</ele><time>2026-08-11T09:31:06.000Z</time><extensions/></trkpt><trkpt lat="42.99845206551254" lon="-1.3079990912228823"><ele>947.800048828125</ele><time>2026-08-11T09:31:07.000Z</time><extensions/></trkpt><trkpt lat="42.99839682877064" lon="-1.30808399990201"><ele>947.4000244140625</ele><time>2026-08-11T09:31:08.000Z</time><extensions/></trkpt><trkpt lat="42.998350225389004" lon="-1.3081781286746264"><ele>947.0</ele><time>2026-08-11T09:31:09.000Z</time><extensions/></trkpt><trkpt lat="42.99831778742373" lon="-1.308272760361433"><ele>946.199951171875</ele><time>2026-08-11T09:31:10.000Z</time><extensions/></trkpt><trkpt lat="42.998226676136255" lon="-1.3084340281784534"><ele>945.199951171875</ele><time>2026-08-11T09:31:12.000Z</time><extensions/></trkpt><trkpt lat="42.99815366975963" lon="-1.3084989041090012"><ele>944.4000244140625</ele><time>2026-08-11T09:31:13.000Z</time><extensions/></trkpt><trkpt lat="42.99808912910521" lon="-1.3085818849503994"><ele>943.4000244140625</ele><time>2026-08-11T09:31:14.000Z</time><extensions/></trkpt><trkpt lat="42.99799986183643" lon="-1.3087552227079868"><ele>941.5999755859375</ele><time>2026-08-11T09:31:16.000Z</time><extensions/></trkpt><trkpt lat="42.997949067503214" lon="-1.308841137215495"><ele>940.5999755859375</ele><time>2026-08-11T09:31:17.000Z</time><extensions/></trkpt><trkpt lat="42.99790866672993" lon="-1.3089301530271769"><ele>939.199951171875</ele><time>2026-08-11T09:31:18.000Z</time><extensions/></trkpt><trkpt lat="42.99786189571023" lon="-1.3090039137750864"><ele>938.0</ele><time>2026-08-11T09:31:19.000Z</time><extensions/></trkpt><trkpt lat="42.99781009554863" lon="-1.3090557977557182"><ele>937.4000244140625</ele><time>2026-08-11T09:31:20.000Z</time><extensions/></trkpt><trkpt lat="42.9977426212281" lon="-1.30907884798944"><ele>936.4000244140625</ele><time>2026-08-11T09:31:21.000Z</time><extensions/></trkpt><trkpt lat="42.99761865288019" lon="-1.3091083522886038"><ele>935.4000244140625</ele><time>2026-08-11T09:31:23.000Z</time><extensions/></trkpt><trkpt lat="42.99748211167753" lon="-1.309160739183426"><ele>934.199951171875</ele><time>2026-08-11T09:31:25.000Z</time><extensions/></trkpt><trkpt lat="42.99742419272661" lon="-1.3092300575226545"><ele>933.199951171875</ele><time>2026-08-11T09:31:26.000Z</time><extensions/></trkpt><trkpt lat="42.99736753106117" lon="-1.3093110267072916"><ele>932.4000244140625</ele><time>2026-08-11T09:31:27.000Z</time><extensions/></trkpt><trkpt lat="42.997316820546985" lon="-1.309394845739007"><ele>930.5999755859375</ele><time>2026-08-11T09:31:28.000Z</time><extensions/></trkpt><trkpt lat="42.99727072007954" lon="-1.30944287404418"><ele>929.800048828125</ele><time>2026-08-11T09:31:29.000Z</time><extensions/></trkpt><trkpt lat="42.99724138341844" lon="-1.3094532676041126"><ele>929.5999755859375</ele><time>2026-08-11T09:31:30.000Z</time><extensions/></trkpt><trkpt lat="42.997218165546656" lon="-1.3094381801784039"><ele>929.199951171875</ele><time>2026-08-11T09:31:31.000Z</time><extensions/></trkpt><trkpt lat="42.997184973210096" lon="-1.3094250205904245"><ele>929.199951171875</ele><time>2026-08-11T09:31:32.000Z</time><extensions/></trkpt><trkpt lat="42.997141387313604" lon="-1.309432815760374"><ele>929.5999755859375</ele><time>2026-08-11T09:31:33.000Z</time><extensions/></trkpt><trkpt lat="42.99705329351127" lon="-1.3095106836408377"><ele>928.4000244140625</ele><time>2026-08-11T09:31:35.000Z</time><extensions/></trkpt><trkpt lat="42.996986489742994" lon="-1.3096380047500134"><ele>926.800048828125</ele><time>2026-08-11T09:31:37.000Z</time><extensions/></trkpt><trkpt lat="42.996898060664535" lon="-1.309755016118288"><ele>925.4000244140625</ele><time>2026-08-11T09:31:39.000Z</time><extensions/></trkpt><trkpt lat="42.996804686263204" lon="-1.3098897971212864"><ele>924.5999755859375</ele><time>2026-08-11T09:31:41.000Z</time><extensions/></trkpt><trkpt lat="42.996767554432154" lon="-1.3099669944494963"><ele>924.199951171875</ele><time>2026-08-11T09:31:42.000Z</time><extensions/></trkpt><trkpt lat="42.99672589637339" lon="-1.3100376538932323"><ele>923.800048828125</ele><time>2026-08-11T09:31:43.000Z</time><extensions/></trkpt><trkpt lat="42.99663436599076" lon="-1.31019146181643"><ele>923.199951171875</ele><time>2026-08-11T09:31:45.000Z</time><extensions/></trkpt><trkpt lat="42.99658801406622" lon="-1.3102543260902166"><ele>922.800048828125</ele><time>2026-08-11T09:31:46.000Z</time><extensions/></trkpt><trkpt lat="42.99653126858175" lon="-1.310310149565339"><ele>922.4000244140625</ele><time>2026-08-11T09:31:47.000Z</time><extensions/></trkpt><trkpt lat="42.99646748229861" lon="-1.3103533163666725"><ele>922.199951171875</ele><time>2026-08-11T09:31:48.000Z</time><extensions/></trkpt><trkpt lat="42.99630261026323" lon="-1.310448283329606"><ele>921.800048828125</ele><time>2026-08-11T09:31:51.000Z</time><extensions/></trkpt><trkpt lat="42.996201775968075" lon="-1.310548111796379"><ele>921.800048828125</ele><time>2026-08-11T09:31:55.000Z</time><extensions/></trkpt><trkpt lat="42.99619087949395" lon="-1.3105639535933733"><ele>921.800048828125</ele><time>2026-08-11T09:31:59.000Z</time><extensions/></trkpt><trkpt lat="42.996181743219495" lon="-1.3105783704668283"><ele>921.5999755859375</ele><time>2026-08-11T09:32:06.000Z</time><extensions/></trkpt><trkpt lat="42.99618065357208" lon="-1.3105798792093992"><ele>921.5999755859375</ele><time>2026-08-11T09:32:09.000Z</time><extensions/></trkpt><trkpt lat="42.9961643088609" lon="-1.3106118980795145"><ele>921.4000244140625</ele><time>2026-08-11T09:32:12.000Z</time><extensions/></trkpt><trkpt lat="42.9961643088609" lon="-1.3106115628033876"><ele>921.4000244140625</ele><time>2026-08-11T09:32:13.000Z</time><extensions/></trkpt><trkpt lat="42.99615123309195" lon="-1.3105945475399494"><ele>921.4000244140625</ele><time>2026-08-11T09:32:16.000Z</time><extensions/></trkpt><trkpt lat="42.99615995027125" lon="-1.3105901051312685"><ele>921.4000244140625</ele><time>2026-08-11T09:32:18.000Z</time><extensions/></trkpt><trkpt lat="42.99617403186858" lon="-1.310588177293539"><ele>921.4000244140625</ele><time>2026-08-11T09:32:21.000Z</time><extensions/></trkpt><trkpt lat="42.99617453478277" lon="-1.3105994928628206"><ele>921.5999755859375</ele><time>2026-08-11T09:32:25.000Z</time><extensions/></trkpt><trkpt lat="42.99617403186858" lon="-1.310588177293539"><ele>921.5999755859375</ele><time>2026-08-11T09:32:27.000Z</time><extensions/></trkpt><trkpt lat="42.996172439306974" lon="-1.3106030970811844"><ele>921.5999755859375</ele><time>2026-08-11T09:32:28.000Z</time><extensions/></trkpt><trkpt lat="42.99616824835539" lon="-1.3106201123446226"><ele>921.5999755859375</ele><time>2026-08-11T09:32:29.000Z</time><extensions/></trkpt><trkpt lat="42.99615173600614" lon="-1.3106041867285967"><ele>921.4000244140625</ele><time>2026-08-11T09:32:33.000Z</time><extensions/></trkpt><trkpt lat="42.99611217342317" lon="-1.3106504548341036"><ele>921.199951171875</ele><time>2026-08-11T09:32:40.000Z</time><extensions/></trkpt><trkpt lat="42.99609029665589" lon="-1.3106716610491276"><ele>921.0</ele><time>2026-08-11T09:32:41.000Z</time><extensions/></trkpt><trkpt lat="42.99602475017309" lon="-1.3107147440314293"><ele>920.4000244140625</ele><time>2026-08-11T09:32:43.000Z</time><extensions/></trkpt><trkpt lat="42.99598594196141" lon="-1.3107356987893581"><ele>920.0</ele><time>2026-08-11T09:32:44.000Z</time><extensions/></trkpt><trkpt lat="42.99594445154071" lon="-1.31076168268919"><ele>919.5999755859375</ele><time>2026-08-11T09:32:45.000Z</time><extensions/></trkpt><trkpt lat="42.99580774269998" lon="-1.3108371198177338"><ele>919.0</ele><time>2026-08-11T09:32:48.000Z</time><extensions/></trkpt><trkpt lat="42.995724342763424" lon="-1.3109094556421041"><ele>918.800048828125</ele><time>2026-08-11T09:32:50.000Z</time><extensions/></trkpt><trkpt lat="42.99569299444556" lon="-1.3109588250517845"><ele>918.800048828125</ele><time>2026-08-11T09:32:51.000Z</time><extensions/></trkpt><trkpt lat="42.99566617235541" lon="-1.3110138941556215"><ele>918.5999755859375</ele><time>2026-08-11T09:32:52.000Z</time><extensions/></trkpt><trkpt lat="42.9956204071641" lon="-1.3111032452434301"><ele>918.5999755859375</ele><time>2026-08-11T09:32:54.000Z</time><extensions/></trkpt><trkpt lat="42.99551052041352" lon="-1.311288233846426"><ele>918.800048828125</ele><time>2026-08-11T09:33:00.000Z</time><extensions/></trkpt><trkpt lat="42.99543390981853" lon="-1.3113060034811497"><ele>918.800048828125</ele><time>2026-08-11T09:33:02.000Z</time><extensions/></trkpt><trkpt lat="42.99539241939783" lon="-1.3113037403672934"><ele>919.0</ele><time>2026-08-11T09:33:03.000Z</time><extensions/></trkpt><trkpt lat="42.99530189484358" lon="-1.3113024830818176"><ele>919.0</ele><time>2026-08-11T09:33:05.000Z</time><extensions/></trkpt><trkpt lat="42.99517264589667" lon="-1.3113302271813154"><ele>919.5999755859375</ele><time>2026-08-11T09:33:08.000Z</time><extensions/></trkpt><trkpt lat="42.995133167132735" lon="-1.3113440573215485"><ele>920.0</ele><time>2026-08-11T09:33:09.000Z</time><extensions/></trkpt><trkpt lat="42.99509419128299" lon="-1.3113665208220482"><ele>920.4000244140625</ele><time>2026-08-11T09:33:10.000Z</time><extensions/></trkpt><trkpt lat="42.99505664035678" lon="-1.3113926723599434"><ele>920.800048828125</ele><time>2026-08-11T09:33:11.000Z</time><extensions/></trkpt><trkpt lat="42.995024705305696" lon="-1.3114286307245493"><ele>921.0</ele><time>2026-08-11T09:33:12.000Z</time><extensions/></trkpt><trkpt lat="42.994965026155114" lon="-1.3115118630230427"><ele>921.4000244140625</ele><time>2026-08-11T09:33:14.000Z</time><extensions/></trkpt><trkpt lat="42.994888080284" lon="-1.3116614799946547"><ele>921.5999755859375</ele><time>2026-08-11T09:33:17.000Z</time><extensions/></trkpt><trkpt lat="42.99484273418784" lon="-1.3117678463459015"><ele>921.4000244140625</ele><time>2026-08-11T09:33:19.000Z</time><extensions/></trkpt><trkpt lat="42.994819013401866" lon="-1.3118229992687702"><ele>921.199951171875</ele><time>2026-08-11T09:33:20.000Z</time><extensions/></trkpt><trkpt lat="42.994656739756465" lon="-1.3122189603745937"><ele>921.5999755859375</ele><time>2026-08-11T09:33:27.000Z</time><extensions/></trkpt><trkpt lat="42.9946325160563" lon="-1.3122720178216696"><ele>921.800048828125</ele><time>2026-08-11T09:33:28.000Z</time><extensions/></trkpt><trkpt lat="42.994563365355134" lon="-1.3124308548867702"><ele>923.0</ele><time>2026-08-11T09:33:31.000Z</time><extensions/></trkpt><trkpt lat="42.994541907683015" lon="-1.31248215213418"><ele>923.4000244140625</ele><time>2026-08-11T09:33:32.000Z</time><extensions/></trkpt><trkpt lat="42.99449538812041" lon="-1.3125870935618877"><ele>924.199951171875</ele><time>2026-08-11T09:33:34.000Z</time><extensions/></trkpt><trkpt lat="42.99443596042693" lon="-1.3127596769481897"><ele>924.800048828125</ele><time>2026-08-11T09:33:37.000Z</time><extensions/></trkpt><trkpt lat="42.99440737813711" lon="-1.3128895964473486"><ele>924.800048828125</ele><time>2026-08-11T09:33:39.000Z</time><extensions/></trkpt><trkpt lat="42.99434334039688" lon="-1.3131814543157816"><ele>924.0</ele><time>2026-08-11T09:33:43.000Z</time><extensions/></trkpt><trkpt lat="42.994290282949805" lon="-1.3134433887898922"><ele>922.800048828125</ele><time>2026-08-11T09:33:46.000Z</time><extensions/></trkpt><trkpt lat="42.99425331875682" lon="-1.31363726221025"><ele>921.5999755859375</ele><time>2026-08-11T09:33:48.000Z</time><extensions/></trkpt><trkpt lat="42.99423378892243" lon="-1.31373792886734"><ele>921.0</ele><time>2026-08-11T09:33:49.000Z</time><extensions/></trkpt><trkpt lat="42.994213504716754" lon="-1.3138385955244303"><ele>920.5999755859375</ele><time>2026-08-11T09:33:50.000Z</time><extensions/></trkpt><trkpt lat="42.99412918277085" lon="-1.3142073154449463"><ele>920.4000244140625</ele><time>2026-08-11T09:33:54.000Z</time><extensions/></trkpt><trkpt lat="42.99409758299589" lon="-1.3142834231257439"><ele>920.800048828125</ele><time>2026-08-11T09:33:55.000Z</time><extensions/></trkpt><trkpt lat="42.99402424134314" lon="-1.3144202157855034"><ele>921.5999755859375</ele><time>2026-08-11T09:33:57.000Z</time><extensions/></trkpt><trkpt lat="42.993893064558506" lon="-1.3146028574556112"><ele>922.4000244140625</ele><time>2026-08-11T09:34:00.000Z</time><extensions/></trkpt><trkpt lat="42.993797762319446" lon="-1.3147046137601137"><ele>922.4000244140625</ele><time>2026-08-11T09:34:02.000Z</time><extensions/></trkpt><trkpt lat="42.993670189753175" lon="-1.3148737605661154"><ele>922.800048828125</ele><time>2026-08-11T09:34:05.000Z</time><extensions/></trkpt><trkpt lat="42.99358695745468" lon="-1.3149962201714516"><ele>923.0</ele><time>2026-08-11T09:34:07.000Z</time><extensions/></trkpt><trkpt lat="42.99332745373249" lon="-1.3154629245400429"><ele>921.800048828125</ele><time>2026-08-11T09:34:14.000Z</time><extensions/></trkpt><trkpt lat="42.993262158706784" lon="-1.3156068418174982"><ele>921.5999755859375</ele><time>2026-08-11T09:34:16.000Z</time><extensions/></trkpt><trkpt lat="42.993040373548865" lon="-1.316124340519309"><ele>920.800048828125</ele><time>2026-08-11T09:34:23.000Z</time><extensions/></trkpt><trkpt lat="42.99302017316222" lon="-1.3162026274949312"><ele>921.0</ele><time>2026-08-11T09:34:24.000Z</time><extensions/></trkpt><trkpt lat="42.99298580735922" lon="-1.316363224759698"><ele>921.4000244140625</ele><time>2026-08-11T09:34:26.000Z</time><extensions/></trkpt><trkpt lat="42.99295739270747" lon="-1.3165285997092724"><ele>921.800048828125</ele><time>2026-08-11T09:34:28.000Z</time><extensions/></trkpt><trkpt lat="42.99285848625004" lon="-1.3172733318060637"><ele>921.0</ele><time>2026-08-11T09:34:37.000Z</time><extensions/></trkpt><trkpt lat="42.99283920787275" lon="-1.3173572346568108"><ele>920.800048828125</ele><time>2026-08-11T09:34:38.000Z</time><extensions/></trkpt><trkpt lat="42.99281431362033" lon="-1.3174381200224161"><ele>920.5999755859375</ele><time>2026-08-11T09:34:39.000Z</time><extensions/></trkpt><trkpt lat="42.99278154037893" lon="-1.3175173290073872"><ele>920.199951171875</ele><time>2026-08-11T09:34:40.000Z</time><extensions/></trkpt><trkpt lat="42.99274927005172" lon="-1.3175985496491194"><ele>920.0</ele><time>2026-08-11T09:34:41.000Z</time><extensions/></trkpt><trkpt lat="42.99272487871349" lon="-1.317684045061469"><ele>920.0</ele><time>2026-08-11T09:34:42.000Z</time><extensions/></trkpt><trkpt lat="42.9927053488791" lon="-1.3178645074367523"><ele>919.800048828125</ele><time>2026-08-11T09:34:44.000Z</time><extensions/></trkpt><trkpt lat="42.992709036916494" lon="-1.3179557025432587"><ele>919.4000244140625</ele><time>2026-08-11T09:34:45.000Z</time><extensions/></trkpt><trkpt lat="42.99273342825472" lon="-1.3182402681559324"><ele>918.4000244140625</ele><time>2026-08-11T09:34:48.000Z</time><extensions/></trkpt><trkpt lat="42.99275471828878" lon="-1.3185454532504082"><ele>916.800048828125</ele><time>2026-08-11T09:34:51.000Z</time><extensions/></trkpt><trkpt lat="42.99276611767709" lon="-1.3186543341726065"><ele>916.199951171875</ele><time>2026-08-11T09:34:52.000Z</time><extensions/></trkpt><trkpt lat="42.9927759245038" lon="-1.3187655620276928"><ele>915.4000244140625</ele><time>2026-08-11T09:34:53.000Z</time><extensions/></trkpt><trkpt lat="42.99278078600764" lon="-1.3189956452697515"><ele>914.0</ele><time>2026-08-11T09:34:55.000Z</time><extensions/></trkpt><trkpt lat="42.992798471823335" lon="-1.319240564480424"><ele>912.5999755859375</ele><time>2026-08-11T09:34:57.000Z</time><extensions/></trkpt><trkpt lat="42.99283719621599" lon="-1.319494117051363"><ele>910.800048828125</ele><time>2026-08-11T09:34:59.000Z</time><extensions/></trkpt><trkpt lat="42.99286376684904" lon="-1.3197566382586956"><ele>909.5999755859375</ele><time>2026-08-11T09:35:01.000Z</time><extensions/></trkpt><trkpt lat="42.99287491478026" lon="-1.319891419261694"><ele>909.199951171875</ele><time>2026-08-11T09:35:02.000Z</time><extensions/></trkpt><trkpt lat="42.992900060489774" lon="-1.320158550515771"><ele>908.199951171875</ele><time>2026-08-11T09:35:04.000Z</time><extensions/></trkpt><trkpt lat="42.99293979071081" lon="-1.3206375762820244"><ele>907.800048828125</ele><time>2026-08-11T09:35:08.000Z</time><extensions/></trkpt><trkpt lat="42.99297692254186" lon="-1.3210568390786648"><ele>909.0</ele><time>2026-08-11T09:35:12.000Z</time><extensions/></trkpt><trkpt lat="42.993006594479084" lon="-1.321148369461298"><ele>909.199951171875</ele><time>2026-08-11T09:35:13.000Z</time><extensions/></trkpt><trkpt lat="42.993050096556544" lon="-1.3212254829704762"><ele>909.4000244140625</ele><time>2026-08-11T09:35:14.000Z</time><extensions/></trkpt><trkpt lat="42.99314464442432" lon="-1.3213637005537748"><ele>909.4000244140625</ele><time>2026-08-11T09:35:16.000Z</time><extensions/></trkpt><trkpt lat="42.99336559139192" lon="-1.3216998986899853"><ele>909.199951171875</ele><time>2026-08-11T09:35:21.000Z</time><extensions/></trkpt><trkpt lat="42.99343499355018" lon="-1.3218606635928154"><ele>908.5999755859375</ele><time>2026-08-11T09:35:23.000Z</time><extensions/></trkpt><trkpt lat="42.99347070045769" lon="-1.3219477515667677"><ele>908.0</ele><time>2026-08-11T09:35:24.000Z</time><extensions/></trkpt><trkpt lat="42.99354353919625" lon="-1.3221282977610826"><ele>907.0</ele><time>2026-08-11T09:35:26.000Z</time><extensions/></trkpt><trkpt lat="42.993649234995246" lon="-1.3224373385310173"><ele>905.4000244140625</ele><time>2026-08-11T09:35:29.000Z</time><extensions/></trkpt><trkpt lat="42.99362936988473" lon="-1.3226727023720741"><ele>903.5999755859375</ele><time>2026-08-11T09:35:31.000Z</time><extensions/></trkpt><trkpt lat="42.993582179769874" lon="-1.3227771408855915"><ele>902.800048828125</ele><time>2026-08-11T09:35:32.000Z</time><extensions/></trkpt><trkpt lat="42.993513783439994" lon="-1.322858864441514"><ele>901.800048828125</ele><time>2026-08-11T09:35:33.000Z</time><extensions/></trkpt><trkpt lat="42.993342792615294" lon="-1.3229758758097887"><ele>900.199951171875</ele><time>2026-08-11T09:35:35.000Z</time><extensions/></trkpt><trkpt lat="42.99318177625537" lon="-1.323122726753354"><ele>898.4000244140625</ele><time>2026-08-11T09:35:37.000Z</time><extensions/></trkpt><trkpt lat="42.99311673268676" lon="-1.3232186157256365"><ele>897.5999755859375</ele><time>2026-08-11T09:35:38.000Z</time><extensions/></trkpt><trkpt lat="42.99306761473417" lon="-1.323325987905264"><ele>897.199951171875</ele><time>2026-08-11T09:35:39.000Z</time><extensions/></trkpt><trkpt lat="42.99297985620797" lon="-1.3235355354845524"><ele>897.199951171875</ele><time>2026-08-11T09:35:41.000Z</time><extensions/></trkpt><trkpt lat="42.99277299083769" lon="-1.3240488432347775"><ele>897.4000244140625</ele><time>2026-08-11T09:35:46.000Z</time><extensions/></trkpt><trkpt lat="42.992714401334524" lon="-1.3242599833756685"><ele>897.0</ele><time>2026-08-11T09:35:48.000Z</time><extensions/></trkpt><trkpt lat="42.992683723568916" lon="-1.3243517652153969"><ele>896.800048828125</ele><time>2026-08-11T09:35:49.000Z</time><extensions/></trkpt><trkpt lat="42.99257786013186" lon="-1.3245087582617998"><ele>896.5999755859375</ele><time>2026-08-11T09:35:51.000Z</time><extensions/></trkpt><trkpt lat="42.992450119927526" lon="-1.324604144319892"><ele>896.5999755859375</ele><time>2026-08-11T09:35:53.000Z</time><extensions/></trkpt><trkpt lat="42.99230947159231" lon="-1.3246784918010235"><ele>896.4000244140625</ele><time>2026-08-11T09:35:55.000Z</time><extensions/></trkpt><trkpt lat="42.99224132671952" lon="-1.3247250113636255"><ele>896.0</ele><time>2026-08-11T09:35:56.000Z</time><extensions/></trkpt><trkpt lat="42.99212582409382" lon="-1.324855601415038"><ele>895.199951171875</ele><time>2026-08-11T09:35:58.000Z</time><extensions/></trkpt><trkpt lat="42.992086093872786" lon="-1.3249399233609438"><ele>895.0</ele><time>2026-08-11T09:35:59.000Z</time><extensions/></trkpt><trkpt lat="42.99205449409783" lon="-1.3250283524394035"><ele>894.199951171875</ele><time>2026-08-11T09:36:00.000Z</time><extensions/></trkpt><trkpt lat="42.99198375083506" lon="-1.32529741153121"><ele>894.199951171875</ele><time>2026-08-11T09:36:03.000Z</time><extensions/></trkpt><trkpt lat="42.991839330643415" lon="-1.3258867431432009"><ele>895.0</ele><time>2026-08-11T09:36:10.000Z</time><extensions/></trkpt><trkpt lat="42.99181032925844" lon="-1.3260415568947792"><ele>895.0</ele><time>2026-08-11T09:36:12.000Z</time><extensions/></trkpt><trkpt lat="42.99178635701537" lon="-1.3261981308460236"><ele>895.4000244140625</ele><time>2026-08-11T09:36:14.000Z</time><extensions/></trkpt><trkpt lat="42.99176632426679" lon="-1.3262738194316626"><ele>895.5999755859375</ele><time>2026-08-11T09:36:15.000Z</time><extensions/></trkpt><trkpt lat="42.99172944389284" lon="-1.326422682031989"><ele>896.0</ele><time>2026-08-11T09:36:17.000Z</time><extensions/></trkpt><trkpt lat="42.991684433072805" lon="-1.32663918659091"><ele>896.5999755859375</ele><time>2026-08-11T09:36:20.000Z</time><extensions/></trkpt><trkpt lat="42.99165199510753" lon="-1.326851835474372"><ele>896.800048828125</ele><time>2026-08-11T09:36:23.000Z</time><extensions/></trkpt><trkpt lat="42.99164252355695" lon="-1.3271576911211014"><ele>897.0</ele><time>2026-08-11T09:36:27.000Z</time><extensions/></trkpt><trkpt lat="42.99169449135661" lon="-1.3273052964359522"><ele>896.800048828125</ele><time>2026-08-11T09:36:29.000Z</time><extensions/></trkpt><trkpt lat="42.9918004386127" lon="-1.3273763749748468"><ele>896.5999755859375</ele><time>2026-08-11T09:36:31.000Z</time><extensions/></trkpt><trkpt lat="42.9918572679162" lon="-1.327400766313076"><ele>896.5999755859375</ele><time>2026-08-11T09:36:32.000Z</time><extensions/></trkpt><trkpt lat="42.99208156764507" lon="-1.327481484040618"><ele>897.199951171875</ele><time>2026-08-11T09:36:36.000Z</time><extensions/></trkpt><trkpt lat="42.99224325455725" lon="-1.3275467790663242"><ele>897.4000244140625</ele><time>2026-08-11T09:36:39.000Z</time><extensions/></trkpt><trkpt lat="42.99249714240432" lon="-1.3276576716452837"><ele>898.0</ele><time>2026-08-11T09:36:44.000Z</time><extensions/></trkpt><trkpt lat="42.99254558980465" lon="-1.3276906963437796"><ele>898.199951171875</ele><time>2026-08-11T09:36:45.000Z</time><extensions/></trkpt><trkpt lat="42.99259353429079" lon="-1.3277237210422754"><ele>898.199951171875</ele><time>2026-08-11T09:36:46.000Z</time><extensions/></trkpt><trkpt lat="42.99268581904471" lon="-1.327795721590519"><ele>898.4000244140625</ele><time>2026-08-11T09:36:48.000Z</time><extensions/></trkpt><trkpt lat="42.992759412154555" lon="-1.3278978131711483"><ele>898.5999755859375</ele><time>2026-08-11T09:36:50.000Z</time><extensions/></trkpt><trkpt lat="42.992788162082434" lon="-1.3279601745307446"><ele>898.5999755859375</ele><time>2026-08-11T09:36:51.000Z</time><extensions/></trkpt><trkpt lat="42.992805344983935" lon="-1.3280294928699732"><ele>898.5999755859375</ele><time>2026-08-11T09:36:52.000Z</time><extensions/></trkpt><trkpt lat="42.99285404384136" lon="-1.3282295688986778"><ele>899.199951171875</ele><time>2026-08-11T09:36:55.000Z</time><extensions/></trkpt><trkpt lat="42.99293350428343" lon="-1.328299893066287"><ele>899.800048828125</ele><time>2026-08-11T09:36:57.000Z</time><extensions/></trkpt><trkpt lat="42.99297792837024" lon="-1.328325793147087"><ele>900.0</ele><time>2026-08-11T09:36:58.000Z</time><extensions/></trkpt><trkpt lat="42.99302243627608" lon="-1.328354375436902"><ele>900.199951171875</ele><time>2026-08-11T09:36:59.000Z</time><extensions/></trkpt><trkpt lat="42.9930626694113" lon="-1.3283913396298885"><ele>900.4000244140625</ele><time>2026-08-11T09:37:00.000Z</time><extensions/></trkpt><trkpt lat="42.99316853284836" lon="-1.3285295572131872"><ele>900.800048828125</ele><time>2026-08-11T09:37:03.000Z</time><extensions/></trkpt><trkpt lat="42.993345223367214" lon="-1.3288296293467283"><ele>901.4000244140625</ele><time>2026-08-11T09:37:09.000Z</time><extensions/></trkpt><trkpt lat="42.99337087199092" lon="-1.328877406194806"><ele>901.800048828125</ele><time>2026-08-11T09:37:10.000Z</time><extensions/></trkpt><trkpt lat="42.99342074431479" lon="-1.3289742171764374"><ele>902.5999755859375</ele><time>2026-08-11T09:37:12.000Z</time><extensions/></trkpt><trkpt lat="42.99350338988006" lon="-1.3290978502482176"><ele>903.4000244140625</ele><time>2026-08-11T09:37:15.000Z</time><extensions/></trkpt><trkpt lat="42.99353314563632" lon="-1.3291252590715885"><ele>903.5999755859375</ele><time>2026-08-11T09:37:16.000Z</time><extensions/></trkpt><trkpt lat="42.99356600269675" lon="-1.3291477225720882"><ele>903.800048828125</ele><time>2026-08-11T09:37:17.000Z</time><extensions/></trkpt><trkpt lat="42.99367832019925" lon="-1.3291231635957956"><ele>904.0</ele><time>2026-08-11T09:37:20.000Z</time><extensions/></trkpt><trkpt lat="42.993717631325126" lon="-1.3291402626782656"><ele>904.0</ele><time>2026-08-11T09:37:21.000Z</time><extensions/></trkpt><trkpt lat="42.993776723742485" lon="-1.3292286079376936"><ele>904.0</ele><time>2026-08-11T09:37:23.000Z</time><extensions/></trkpt><trkpt lat="42.99391485750675" lon="-1.3295705057680607"><ele>904.199951171875</ele><time>2026-08-11T09:37:30.000Z</time><extensions/></trkpt><trkpt lat="42.99389759078622" lon="-1.3296166062355042"><ele>904.199951171875</ele><time>2026-08-11T09:37:31.000Z</time><extensions/></trkpt><trkpt lat="42.993824081495404" lon="-1.3296890258789062"><ele>904.0</ele><time>2026-08-11T09:37:33.000Z</time><extensions/></trkpt><trkpt lat="42.993566589429975" lon="-1.3299386389553547"><ele>903.0</ele><time>2026-08-11T09:37:39.000Z</time><extensions/></trkpt><trkpt lat="42.993477154523134" lon="-1.330032180994749"><ele>902.5999755859375</ele><time>2026-08-11T09:37:41.000Z</time><extensions/></trkpt><trkpt lat="42.99328655004501" lon="-1.3302237913012505"><ele>901.4000244140625</ele><time>2026-08-11T09:37:45.000Z</time><extensions/></trkpt><trkpt lat="42.993239695206285" lon="-1.3302807044237852"><ele>901.0</ele><time>2026-08-11T09:37:46.000Z</time><extensions/></trkpt><trkpt lat="42.99307473935187" lon="-1.3304369430989027"><ele>900.199951171875</ele><time>2026-08-11T09:37:49.000Z</time><extensions/></trkpt><trkpt lat="42.99289938993752" lon="-1.3306069280952215"><ele>899.4000244140625</ele><time>2026-08-11T09:37:52.000Z</time><extensions/></trkpt><trkpt lat="42.99277818761766" lon="-1.3307267054915428"><ele>899.199951171875</ele><time>2026-08-11T09:37:54.000Z</time><extensions/></trkpt><trkpt lat="42.99253050237894" lon="-1.3309797551482916"><ele>897.800048828125</ele><time>2026-08-11T09:37:58.000Z</time><extensions/></trkpt><trkpt lat="42.992414413020015" lon="-1.3311311323195696"><ele>897.199951171875</ele><time>2026-08-11T09:38:00.000Z</time><extensions/></trkpt><trkpt lat="42.99236353486776" lon="-1.3312162924557924"><ele>896.5999755859375</ele><time>2026-08-11T09:38:01.000Z</time><extensions/></trkpt><trkpt lat="42.99223126843572" lon="-1.331495912745595"><ele>895.5999755859375</ele><time>2026-08-11T09:38:04.000Z</time><extensions/></trkpt><trkpt lat="42.99218885600567" lon="-1.3315918017178774"><ele>895.199951171875</ele><time>2026-08-11T09:38:05.000Z</time><extensions/></trkpt><trkpt lat="42.99202096648514" lon="-1.3319830689579248"><ele>894.4000244140625</ele><time>2026-08-11T09:38:09.000Z</time><extensions/></trkpt><trkpt lat="42.99177856184542" lon="-1.3325371127575636"><ele>894.199951171875</ele><time>2026-08-11T09:38:15.000Z</time><extensions/></trkpt><trkpt lat="42.99156784079969" lon="-1.3330260291695595"><ele>894.0</ele><time>2026-08-11T09:38:21.000Z</time><extensions/></trkpt><trkpt lat="42.99153406172991" lon="-1.333101550117135"><ele>894.0</ele><time>2026-08-11T09:38:22.000Z</time><extensions/></trkpt><trkpt lat="42.991251926869154" lon="-1.3337446097284555"><ele>894.4000244140625</ele><time>2026-08-11T09:38:31.000Z</time><extensions/></trkpt><trkpt lat="42.991042798385024" lon="-1.3342214561998844"><ele>895.5999755859375</ele><time>2026-08-11T09:38:38.000Z</time><extensions/></trkpt><trkpt lat="42.99101069569588" lon="-1.3342870865017176"><ele>895.800048828125</ele><time>2026-08-11T09:38:39.000Z</time><extensions/></trkpt><trkpt lat="42.990916315466166" lon="-1.334474254399538"><ele>896.800048828125</ele><time>2026-08-11T09:38:42.000Z</time><extensions/></trkpt><trkpt lat="42.99080416560173" lon="-1.3346694689244032"><ele>896.800048828125</ele><time>2026-08-11T09:38:46.000Z</time><extensions/></trkpt><trkpt lat="42.99079888500273" lon="-1.3347113784402609"><ele>897.0</ele><time>2026-08-11T09:38:47.000Z</time><extensions/></trkpt><trkpt lat="42.99082914367318" lon="-1.3347448222339153"><ele>897.199951171875</ele><time>2026-08-11T09:38:49.000Z</time><extensions/></trkpt><trkpt lat="42.99082872457802" lon="-1.334743732586503"><ele>897.4000244140625</ele><time>2026-08-11T09:38:55.000Z</time><extensions/></trkpt></trkseg></trk></gpx>