{
"type": "FeatureCollection",
"name": "tracks",
"features": [
{ "type": "Feature", "properties": { "name": "Urkulu desde Burguete en eBike", "gpxx_TrackExtension": "<gpxx:DisplayColor>Magenta</gpxx:DisplayColor>" }, "geometry": { "type": "LineString", "coordinates": [ [ -1.3347506, 42.9908418 ], [ -1.3347508, 42.9908419 ], [ -1.3347405, 42.9908088 ], [ -1.3346585, 42.9908031 ], [ -1.3344879, 42.9908959 ], [ -1.3343469, 42.9909675 ], [ -1.3342458, 42.991015 ], [ -1.3341298, 42.9910625 ], [ -1.3337701, 42.9911911 ], [ -1.3334718, 42.9913259 ], [ -1.3331661, 42.9914698 ], [ -1.3327975, 42.9916349 ], [ -1.3327383, 42.9916611 ], [ -1.3321267, 42.991916 ], [ -1.3319332, 42.9919905 ], [ -1.3316184, 42.9921258 ], [ -1.3313835, 42.9922334 ], [ -1.3311685, 42.9923426 ], [ -1.3310211, 42.992435 ], [ -1.3309368, 42.9925076 ], [ -1.3308985, 42.9925453 ], [ -1.3306712, 42.9927672 ], [ -1.3305586, 42.992878 ], [ -1.3305203, 42.9929159 ], [ -1.330368, 42.9930723 ], [ -1.3301821, 42.9932641 ], [ -1.3301453, 42.9933007 ], [ -1.3299999, 42.9934478 ], [ -1.3298532, 42.9935965 ], [ -1.3297904, 42.9936665 ], [ -1.3297742, 42.9937555 ], [ -1.3297806, 42.9937995 ], [ -1.3297787, 42.993846 ], [ -1.3297405, 42.9939276 ], [ -1.3297114, 42.993962 ], [ -1.329642, 42.9941081 ], [ -1.329657, 42.9941503 ], [ -1.3296857, 42.9941937 ], [ -1.3297619, 42.9942661 ], [ -1.3297989, 42.994305 ], [ -1.3298228, 42.9943477 ], [ -1.3298629, 42.9944806 ], [ -1.3299764, 42.9948639 ], [ -1.3300645, 42.9951865 ], [ -1.3301001, 42.9953042 ], [ -1.3301176, 42.9953643 ], [ -1.330244, 42.9958497 ], [ -1.3302922, 42.9960255 ], [ -1.3303584, 42.9962822 ], [ -1.3303688, 42.9963288 ], [ -1.3303856, 42.996505 ], [ -1.33036, 42.9965412 ], [ -1.3303182, 42.9965653 ], [ -1.3301983, 42.9966278 ], [ -1.3300603, 42.9966819 ], [ -1.3299455, 42.9967334 ], [ -1.3298742, 42.9967642 ], [ -1.3297997, 42.9968009 ], [ -1.3295242, 42.9969173 ], [ -1.3294768, 42.9969349 ], [ -1.3292336, 42.9970639 ], [ -1.3289404, 42.9971796 ], [ -1.3286885, 42.9972848 ], [ -1.328513, 42.9974656 ], [ -1.3284534, 42.9975232 ], [ -1.3283453, 42.9976555 ], [ -1.3281798, 42.9978534 ], [ -1.3281623, 42.9978826 ], [ -1.3281473, 42.9979288 ], [ -1.3281017, 42.9980151 ], [ -1.3279577, 42.9982885 ], [ -1.3279012, 42.9983983 ], [ -1.327829, 42.9985432 ], [ -1.3277065, 42.9987505 ], [ -1.3276303, 42.9989525 ], [ -1.3275926, 42.9991353 ], [ -1.3275856, 42.9991679 ], [ -1.3275013, 42.9993302 ], [ -1.3274962, 42.9993681 ], [ -1.3275112, 42.9994825 ], [ -1.3274796, 42.9997347 ], [ -1.3274402, 42.9998264 ], [ -1.3273725, 42.999919 ], [ -1.327299, 43.0000114 ], [ -1.3271963, 43.0000676 ], [ -1.3268938, 43.0001847 ], [ -1.3266394, 43.0002978 ], [ -1.3265929, 43.0003151 ], [ -1.3265024, 43.0003452 ], [ -1.3263558, 43.0003936 ], [ -1.326147, 43.0005118 ], [ -1.3258462, 43.0006931 ], [ -1.3255873, 43.0008516 ], [ -1.3255432, 43.0008759 ], [ -1.3253331, 43.0010202 ], [ -1.3251504, 43.0011943 ], [ -1.3250595, 43.0012594 ], [ -1.3249263, 43.0013298 ], [ -1.3246986, 43.0014498 ], [ -1.3243913, 43.0015358 ], [ -1.324149, 43.0016022 ], [ -1.3240511, 43.0016359 ], [ -1.32381, 43.0017052 ], [ -1.3237184, 43.0017357 ], [ -1.3236215, 43.0017971 ], [ -1.323474, 43.0018969 ], [ -1.3232642, 43.0019435 ], [ -1.3229203, 43.0019927 ], [ -1.3226396, 43.0020324 ], [ -1.3224166, 43.0020671 ], [ -1.3222094, 43.002189 ], [ -1.3220235, 43.0023822 ], [ -1.3218088, 43.0025024 ], [ -1.3217333, 43.0025437 ], [ -1.3215935, 43.0026322 ], [ -1.3215254, 43.0026648 ], [ -1.3214553, 43.0027081 ], [ -1.3212977, 43.0028159 ], [ -1.3211418, 43.0029393 ], [ -1.3211053, 43.0029648 ], [ -1.3209251, 43.0031027 ], [ -1.3207782, 43.003224 ], [ -1.3207173, 43.0032851 ], [ -1.3206145, 43.0034122 ], [ -1.3205493, 43.0035773 ], [ -1.3204352, 43.0037659 ], [ -1.3204121, 43.0037961 ], [ -1.3202944, 43.0039463 ], [ -1.3201662, 43.0041222 ], [ -1.3201428, 43.0041543 ], [ -1.3201234, 43.0042469 ], [ -1.3200156, 43.0044413 ], [ -1.3199271, 43.0046023 ], [ -1.3198853, 43.0046657 ], [ -1.3197445, 43.0048513 ], [ -1.3196853, 43.004954 ], [ -1.3196188, 43.005049 ], [ -1.319475, 43.0052821 ], [ -1.3194124, 43.0053697 ], [ -1.3193929, 43.0054448 ], [ -1.3193359, 43.0056672 ], [ -1.319326, 43.0057407 ], [ -1.3193109, 43.0058196 ], [ -1.3193254, 43.0058872 ], [ -1.3193421, 43.0060663 ], [ -1.3193319, 43.006104 ], [ -1.3193376, 43.0062078 ], [ -1.3193434, 43.0062762 ], [ -1.3193707, 43.0064131 ], [ -1.3193911, 43.0066129 ], [ -1.3194306, 43.0069187 ], [ -1.3194597, 43.0071344 ], [ -1.3194773, 43.0073136 ], [ -1.3194923, 43.0073783 ], [ -1.3195395, 43.0075804 ], [ -1.3195457, 43.0076129 ], [ -1.3195958, 43.0078568 ], [ -1.3196053, 43.007888 ], [ -1.3196807, 43.0081274 ], [ -1.3196899, 43.008156 ], [ -1.3197974, 43.0083848 ], [ -1.3198076, 43.008414 ], [ -1.3198476, 43.0085014 ], [ -1.3199052, 43.0085478 ], [ -1.3199135, 43.0085787 ], [ -1.3198612, 43.0086129 ], [ -1.3197955, 43.008644 ], [ -1.3197619, 43.0087294 ], [ -1.3197713, 43.0088518 ], [ -1.3197686, 43.0089509 ], [ -1.3197436, 43.009203 ], [ -1.3197426, 43.0092358 ], [ -1.3197254, 43.0094919 ], [ -1.3197097, 43.0096492 ], [ -1.3197006, 43.009752 ], [ -1.3197193, 43.0099079 ], [ -1.3197259, 43.01002 ], [ -1.3197317, 43.0100336 ], [ -1.3197302, 43.010063 ], [ -1.3196474, 43.0101079 ], [ -1.3195903, 43.0101764 ], [ -1.3195162, 43.010309 ], [ -1.3195156, 43.0104503 ], [ -1.3194966, 43.0105191 ], [ -1.319461, 43.0105337 ], [ -1.3194245, 43.0105405 ], [ -1.3192839, 43.010551 ], [ -1.3191635, 43.0105664 ], [ -1.3191066, 43.0105955 ], [ -1.3190536, 43.0106377 ], [ -1.3190075, 43.010682 ], [ -1.3189718, 43.0107354 ], [ -1.3189537, 43.0107969 ], [ -1.3189452, 43.0108625 ], [ -1.3189332, 43.0109263 ], [ -1.3189107, 43.0110731 ], [ -1.3188526, 43.0111672 ], [ -1.3188496, 43.011172 ], [ -1.318866, 43.0111825 ], [ -1.3188661, 43.0111824 ], [ -1.3188699, 43.0111852 ], [ -1.3188937, 43.0112146 ], [ -1.3188894, 43.0112376 ], [ -1.3188564, 43.01132 ], [ -1.3188256, 43.011387 ], [ -1.3187587, 43.0115529 ], [ -1.3187044, 43.0116889 ], [ -1.318626, 43.0118504 ], [ -1.3185262, 43.0120893 ], [ -1.3184345, 43.0123862 ], [ -1.3184505, 43.0126547 ], [ -1.3184364, 43.012744 ], [ -1.3184035, 43.0129108 ], [ -1.3183644, 43.0130326 ], [ -1.3183111, 43.0131556 ], [ -1.3182581, 43.0132328 ], [ -1.3181753, 43.0133392 ], [ -1.3181414, 43.0133698 ], [ -1.3179937, 43.0135416 ], [ -1.3178949, 43.0136417 ], [ -1.317725, 43.0138498 ], [ -1.317643, 43.013949 ], [ -1.317541, 43.0140688 ], [ -1.3175164, 43.0140949 ], [ -1.3174592, 43.0141426 ], [ -1.3174439, 43.0141712 ], [ -1.3174188, 43.0143024 ], [ -1.3174138, 43.0143305 ], [ -1.3173994, 43.0144046 ], [ -1.3174004, 43.0144531 ], [ -1.3174047, 43.0144766 ], [ -1.3174117, 43.0145178 ], [ -1.3174221, 43.0145387 ], [ -1.3174337, 43.0145767 ], [ -1.3174426, 43.0145959 ], [ -1.3174561, 43.0146132 ], [ -1.3174867, 43.0146665 ], [ -1.3175245, 43.0147137 ], [ -1.3175385, 43.0147278 ], [ -1.3175979, 43.014786 ], [ -1.3176254, 43.0148352 ], [ -1.3176364, 43.0148525 ], [ -1.3177089, 43.0149292 ], [ -1.3177457, 43.0150001 ], [ -1.3177556, 43.0150317 ], [ -1.3177752, 43.0150623 ], [ -1.3178109, 43.0151276 ], [ -1.317872, 43.0152206 ], [ -1.3178859, 43.0152373 ], [ -1.3179547, 43.0153138 ], [ -1.3179705, 43.015326 ], [ -1.3180705, 43.0153864 ], [ -1.3181363, 43.0154251 ], [ -1.3181572, 43.0154356 ], [ -1.3182353, 43.0154916 ], [ -1.3182617, 43.0155175 ], [ -1.3183038, 43.0155485 ], [ -1.3183719, 43.0156079 ], [ -1.3183859, 43.0156214 ], [ -1.3184168, 43.0156516 ], [ -1.3184744, 43.0157099 ], [ -1.31849, 43.0157276 ], [ -1.3185426, 43.0157697 ], [ -1.3185962, 43.0158043 ], [ -1.318618, 43.0158138 ], [ -1.3186699, 43.0158301 ], [ -1.3187759, 43.015857 ], [ -1.3188465, 43.0158758 ], [ -1.3188718, 43.0158815 ], [ -1.3189616, 43.01591 ], [ -1.3190117, 43.0159213 ], [ -1.3190562, 43.0159355 ], [ -1.3191453, 43.0159675 ], [ -1.3192132, 43.0159902 ], [ -1.3192778, 43.0160136 ], [ -1.3193502, 43.0160381 ], [ -1.3193696, 43.0160465 ], [ -1.3194561, 43.0160868 ], [ -1.3194748, 43.0160993 ], [ -1.3195519, 43.0161518 ], [ -1.3196126, 43.0161913 ], [ -1.3196611, 43.0162386 ], [ -1.3197315, 43.0162993 ], [ -1.3197482, 43.0163167 ], [ -1.3198282, 43.0163937 ], [ -1.3199128, 43.016472 ], [ -1.3199482, 43.0165014 ], [ -1.3200239, 43.0165867 ], [ -1.3200366, 43.0166052 ], [ -1.3201093, 43.0166862 ], [ -1.3201368, 43.0167222 ], [ -1.320198, 43.0168387 ], [ -1.3202663, 43.016975 ], [ -1.320302, 43.0170174 ], [ -1.3203724, 43.017093 ], [ -1.3204428, 43.0171413 ], [ -1.3205054, 43.0171461 ], [ -1.3205232, 43.0171476 ], [ -1.3205943, 43.0171358 ], [ -1.3206202, 43.0171345 ], [ -1.32066, 43.0171189 ], [ -1.3207349, 43.0171102 ], [ -1.3207876, 43.0171111 ], [ -1.3208764, 43.0171138 ], [ -1.3209825, 43.0171534 ], [ -1.3210043, 43.0171602 ], [ -1.3210763, 43.0171885 ], [ -1.3211638, 43.0172362 ], [ -1.3211824, 43.0172464 ], [ -1.321263, 43.0172938 ], [ -1.3212811, 43.0173102 ], [ -1.3213645, 43.0173875 ], [ -1.3214078, 43.0174513 ], [ -1.3214574, 43.0175173 ], [ -1.3214739, 43.0175341 ], [ -1.3215244, 43.0175788 ], [ -1.3215637, 43.0175935 ], [ -1.3215854, 43.0175988 ], [ -1.3216229, 43.0176124 ], [ -1.3216268, 43.0176185 ], [ -1.321657, 43.0176313 ], [ -1.3216727, 43.0176444 ], [ -1.3217078, 43.017664 ], [ -1.3217685, 43.0176923 ], [ -1.3217624, 43.0176926 ], [ -1.3217624, 43.0176926 ], [ -1.3217624, 43.0176926 ], [ -1.3217624, 43.0176926 ], [ -1.3217624, 43.0176926 ], [ -1.3217624, 43.0176926 ], [ -1.3217655, 43.0176966 ], [ -1.3217836, 43.0177122 ], [ -1.3218668, 43.0177725 ], [ -1.3219017, 43.0178105 ], [ -1.3219322, 43.017834 ], [ -1.3219468, 43.017848 ], [ -1.3220136, 43.0179026 ], [ -1.3220658, 43.0179361 ], [ -1.3221106, 43.0179762 ], [ -1.3221746, 43.0180309 ], [ -1.3222034, 43.0180653 ], [ -1.322242, 43.0181277 ], [ -1.3222583, 43.0181605 ], [ -1.3222817, 43.0182124 ], [ -1.322344, 43.0183041 ], [ -1.3223793, 43.0183698 ], [ -1.322432, 43.0184345 ], [ -1.3224442, 43.0184499 ], [ -1.3225213, 43.0185202 ], [ -1.3226096, 43.0185903 ], [ -1.322665, 43.0186873 ], [ -1.3226711, 43.0187035 ], [ -1.3227061, 43.0187639 ], [ -1.3227385, 43.0188067 ], [ -1.3227964, 43.0188705 ], [ -1.3228277, 43.0189183 ], [ -1.322885, 43.0189692 ], [ -1.3229589, 43.0190083 ], [ -1.3229872, 43.0190176 ], [ -1.3230603, 43.0190651 ], [ -1.3231118, 43.0190937 ], [ -1.3231588, 43.0191226 ], [ -1.3232101, 43.0191588 ], [ -1.3232417, 43.019189 ], [ -1.3232894, 43.0192275 ], [ -1.3233287, 43.0192716 ], [ -1.3233432, 43.0192875 ], [ -1.3234302, 43.0193803 ], [ -1.3234464, 43.0194009 ], [ -1.3234556, 43.0194115 ], [ -1.3234663, 43.0194126 ], [ -1.3234803, 43.0194342 ], [ -1.3235406, 43.0195211 ], [ -1.3235536, 43.0195362 ], [ -1.3236111, 43.0196279 ], [ -1.323623, 43.0196435 ], [ -1.3236755, 43.0197682 ], [ -1.323679, 43.0197889 ], [ -1.3237236, 43.0198801 ], [ -1.3237327, 43.0198976 ], [ -1.323758, 43.0199505 ], [ -1.323831, 43.0200447 ], [ -1.3238474, 43.0200551 ], [ -1.3238968, 43.020089 ], [ -1.3238936, 43.0200903 ], [ -1.3238936, 43.0200903 ], [ -1.3238936, 43.0200903 ], [ -1.3238894, 43.0200867 ], [ -1.3238936, 43.0200903 ], [ -1.3238936, 43.0200903 ], [ -1.3238936, 43.0200903 ], [ -1.3238936, 43.0200903 ], [ -1.3238936, 43.0200903 ], [ -1.3238936, 43.0200903 ], [ -1.3238936, 43.0200903 ], [ -1.3238968, 43.0201018 ], [ -1.3238902, 43.0201151 ], [ -1.3238628, 43.0201452 ], [ -1.3238066, 43.020178 ], [ -1.3237798, 43.0201849 ], [ -1.323755, 43.0201877 ], [ -1.323679, 43.0201979 ], [ -1.3235359, 43.0202085 ], [ -1.323509, 43.0202086 ], [ -1.3233376, 43.0201983 ], [ -1.3232794, 43.0201935 ], [ -1.3232232, 43.0201971 ], [ -1.3231708, 43.0202074 ], [ -1.3230863, 43.0202282 ], [ -1.3229263, 43.02027 ], [ -1.3228256, 43.0202964 ], [ -1.3226601, 43.0203262 ], [ -1.3225244, 43.0203492 ], [ -1.3224964, 43.0203516 ], [ -1.322335, 43.0203269 ], [ -1.3222444, 43.0203028 ], [ -1.3221706, 43.0202689 ], [ -1.3221221, 43.0202415 ], [ -1.322086, 43.0201824 ], [ -1.3220748, 43.0201651 ], [ -1.322061, 43.0201444 ], [ -1.3220247, 43.0200628 ], [ -1.3220208, 43.0200205 ], [ -1.3220044, 43.0199149 ], [ -1.3219971, 43.0198957 ], [ -1.3219316, 43.0198296 ], [ -1.3219125, 43.0198204 ], [ -1.3218703, 43.0198237 ], [ -1.3218394, 43.0198471 ], [ -1.3217757, 43.019955 ], [ -1.3216852, 43.0201051 ], [ -1.3216605, 43.0201221 ], [ -1.3215333, 43.0202081 ], [ -1.3214486, 43.0202442 ], [ -1.3213909, 43.0202639 ], [ -1.3213021, 43.0203233 ], [ -1.3212605, 43.0203569 ], [ -1.3211602, 43.0204096 ], [ -1.3211161, 43.0204404 ], [ -1.3210269, 43.0205015 ], [ -1.3209788, 43.0205308 ], [ -1.3208449, 43.0205775 ], [ -1.3207925, 43.0205955 ], [ -1.3207191, 43.0206273 ], [ -1.3206007, 43.0206862 ], [ -1.3205746, 43.020698 ], [ -1.3204787, 43.0207761 ], [ -1.3204517, 43.0208169 ], [ -1.3203608, 43.0209239 ], [ -1.3202396, 43.0209738 ], [ -1.3202058, 43.0209748 ], [ -1.3200871, 43.0209419 ], [ -1.3200636, 43.020926 ], [ -1.3199859, 43.0208538 ], [ -1.3199366, 43.0207938 ], [ -1.3199006, 43.0207582 ], [ -1.3198, 43.0206769 ], [ -1.3197594, 43.0206438 ], [ -1.3196916, 43.0206034 ], [ -1.3195986, 43.0205525 ], [ -1.3195749, 43.0205392 ], [ -1.319416, 43.0204383 ], [ -1.3192669, 43.0203535 ], [ -1.3192178, 43.0203334 ], [ -1.3191543, 43.020305 ], [ -1.319037, 43.0202619 ], [ -1.3188972, 43.0202228 ], [ -1.3188735, 43.0202168 ], [ -1.3187007, 43.0201804 ], [ -1.3186588, 43.0201594 ], [ -1.3184859, 43.0200718 ], [ -1.3184658, 43.0200616 ], [ -1.3183508, 43.0199929 ], [ -1.3183315, 43.0199785 ], [ -1.3182477, 43.0199138 ], [ -1.3182, 43.0198682 ], [ -1.3181226, 43.0198158 ], [ -1.3180946, 43.019791 ], [ -1.3180366, 43.019732 ], [ -1.3179806, 43.0196727 ], [ -1.3178823, 43.0195548 ], [ -1.317855, 43.0195205 ], [ -1.3178006, 43.0194743 ], [ -1.3177484, 43.0194599 ], [ -1.3176507, 43.019489 ], [ -1.3176406, 43.0195101 ], [ -1.3176418, 43.0195717 ], [ -1.3176564, 43.0196297 ], [ -1.3176649, 43.0196486 ], [ -1.3177237, 43.0197094 ], [ -1.317737, 43.0197255 ], [ -1.3178051, 43.0198034 ], [ -1.3178701, 43.0198884 ], [ -1.3179137, 43.0199376 ], [ -1.3179782, 43.0200187 ], [ -1.3180026, 43.0200532 ], [ -1.3180883, 43.0201684 ], [ -1.3180998, 43.0201845 ], [ -1.3181953, 43.0202837 ], [ -1.3182998, 43.0203958 ], [ -1.3183605, 43.0205209 ], [ -1.3183753, 43.020616 ], [ -1.3183783, 43.0206341 ], [ -1.3183797, 43.0206524 ], [ -1.3183787, 43.0207437 ], [ -1.3183839, 43.0207809 ], [ -1.3183682, 43.020855 ], [ -1.318346, 43.0209124 ], [ -1.3182876, 43.0209502 ], [ -1.3182347, 43.0209487 ], [ -1.3182089, 43.020939 ], [ -1.3181678, 43.0208919 ], [ -1.3181556, 43.0207616 ], [ -1.3181136, 43.0206432 ], [ -1.318101, 43.0206257 ], [ -1.3179476, 43.0204929 ], [ -1.3177929, 43.0203839 ], [ -1.3175821, 43.0202465 ], [ -1.3174226, 43.020252 ], [ -1.3173349, 43.0202973 ], [ -1.3172607, 43.0203494 ], [ -1.3172183, 43.0203874 ], [ -1.3171195, 43.0204767 ], [ -1.3171021, 43.0204942 ], [ -1.3170214, 43.0205784 ], [ -1.3169971, 43.020619 ], [ -1.3169588, 43.0207005 ], [ -1.316935, 43.020759 ], [ -1.3169103, 43.0208411 ], [ -1.3168977, 43.0209022 ], [ -1.3168744, 43.0210292 ], [ -1.3168724, 43.0210508 ], [ -1.3168683, 43.0210707 ], [ -1.3168608, 43.0211695 ], [ -1.3168544, 43.0212264 ], [ -1.3168186, 43.0213966 ], [ -1.3167727, 43.0216248 ], [ -1.316729, 43.0218187 ], [ -1.3167246, 43.0218408 ], [ -1.3167007, 43.0219635 ], [ -1.3166731, 43.0220568 ], [ -1.3166499, 43.0221082 ], [ -1.3165727, 43.0222864 ], [ -1.3165164, 43.0224511 ], [ -1.3164771, 43.0225915 ], [ -1.316471, 43.0226112 ], [ -1.316435, 43.0226984 ], [ -1.3164075, 43.0227633 ], [ -1.3163547, 43.0228312 ], [ -1.3163066, 43.0228716 ], [ -1.316261, 43.0229167 ], [ -1.3162108, 43.0229793 ], [ -1.3161993, 43.0229955 ], [ -1.3161653, 43.0230432 ], [ -1.3160996, 43.0230971 ], [ -1.3160809, 43.0231076 ], [ -1.3160274, 43.0231383 ], [ -1.3159602, 43.0231642 ], [ -1.3158665, 43.0231774 ], [ -1.3157982, 43.023178 ], [ -1.3157544, 43.0231796 ], [ -1.3156866, 43.0231819 ], [ -1.3156403, 43.0231847 ], [ -1.3155926, 43.0231911 ], [ -1.3154988, 43.0231851 ], [ -1.3154352, 43.0231872 ], [ -1.3153899, 43.0231919 ], [ -1.3152782, 43.0232017 ], [ -1.3152553, 43.023204 ], [ -1.3151722, 43.0232182 ], [ -1.3151095, 43.0232309 ], [ -1.3150686, 43.0232366 ], [ -1.3150477, 43.023241 ], [ -1.3149376, 43.0232626 ], [ -1.3148743, 43.0232726 ], [ -1.3148144, 43.0232772 ], [ -1.314729, 43.0232933 ], [ -1.3146871, 43.0233042 ], [ -1.3145532, 43.0233276 ], [ -1.3143639, 43.0233371 ], [ -1.3143394, 43.0233357 ], [ -1.3141944, 43.023342 ], [ -1.3141719, 43.023344 ], [ -1.314075, 43.0233656 ], [ -1.3139884, 43.0234009 ], [ -1.3139687, 43.0234093 ], [ -1.3138853, 43.0234682 ], [ -1.3138703, 43.0234806 ], [ -1.3138217, 43.0235167 ], [ -1.31377, 43.0235531 ], [ -1.3137427, 43.0235831 ], [ -1.313719, 43.0236378 ], [ -1.3137136, 43.0236695 ], [ -1.3136985, 43.0237062 ], [ -1.3136849, 43.0237578 ], [ -1.3136834, 43.0237741 ], [ -1.3136919, 43.0238457 ], [ -1.3136822, 43.0238805 ], [ -1.3136628, 43.0239103 ], [ -1.3136333, 43.0239801 ], [ -1.3135467, 43.0241037 ], [ -1.3135178, 43.0241388 ], [ -1.3134327, 43.0242258 ], [ -1.3133545, 43.0242894 ], [ -1.3132918, 43.0243356 ], [ -1.3132061, 43.0243921 ], [ -1.313102, 43.0244517 ], [ -1.3130743, 43.0244645 ], [ -1.3129993, 43.0244884 ], [ -1.3129241, 43.0245318 ], [ -1.312883, 43.0245666 ], [ -1.3128696, 43.0246023 ], [ -1.3128832, 43.0246172 ], [ -1.3129048, 43.0246284 ], [ -1.3129806, 43.0246491 ], [ -1.3130097, 43.0246509 ], [ -1.3131016, 43.0246487 ], [ -1.3132246, 43.0246334 ], [ -1.3132564, 43.0246349 ], [ -1.3134047, 43.0246369 ], [ -1.3136148, 43.0246246 ], [ -1.3136969, 43.0246158 ], [ -1.3138523, 43.024623 ], [ -1.3139103, 43.024673 ], [ -1.313918, 43.0246931 ], [ -1.3138784, 43.0248003 ], [ -1.3138043, 43.0248482 ], [ -1.3137622, 43.0248597 ], [ -1.3137098, 43.0248693 ], [ -1.3136062, 43.0248885 ], [ -1.3134789, 43.0248996 ], [ -1.3133849, 43.024909 ], [ -1.3133102, 43.024915 ], [ -1.3131281, 43.0249401 ], [ -1.3129875, 43.0249585 ], [ -1.3129388, 43.0249669 ], [ -1.3128418, 43.0249733 ], [ -1.3127748, 43.0249862 ], [ -1.3127565, 43.024987 ], [ -1.3126424, 43.025002 ], [ -1.3126013, 43.0250104 ], [ -1.3124841, 43.0250093 ], [ -1.312441, 43.0250119 ], [ -1.3123555, 43.0250272 ], [ -1.312246, 43.0250416 ], [ -1.312221, 43.0250416 ], [ -1.3121076, 43.0250442 ], [ -1.3120624, 43.0250453 ], [ -1.3120435, 43.0250414 ], [ -1.3120221, 43.0250361 ], [ -1.3119072, 43.02502 ], [ -1.3118821, 43.0250186 ], [ -1.311745, 43.0250112 ], [ -1.3116154, 43.0250099 ], [ -1.3115439, 43.0250084 ], [ -1.3114722, 43.025009 ], [ -1.3113866, 43.0250114 ], [ -1.3113634, 43.0250127 ], [ -1.3112938, 43.0250117 ], [ -1.3112685, 43.0250126 ], [ -1.311193, 43.02502 ], [ -1.3111678, 43.0250214 ], [ -1.3110597, 43.0250208 ], [ -1.3109825, 43.0250188 ], [ -1.3109329, 43.0250194 ], [ -1.3108385, 43.0250165 ], [ -1.3107903, 43.0250161 ], [ -1.3107653, 43.0250163 ], [ -1.3106693, 43.0250162 ], [ -1.3106195, 43.025016 ], [ -1.3105419, 43.0250131 ], [ -1.3104447, 43.0250051 ], [ -1.3103719, 43.0250046 ], [ -1.3102974, 43.025 ], [ -1.3102215, 43.0250062 ], [ -1.3101994, 43.0250096 ], [ -1.3100534, 43.0250221 ], [ -1.3100294, 43.025026 ], [ -1.3099122, 43.0250521 ], [ -1.3098681, 43.025068 ], [ -1.3097752, 43.0250944 ], [ -1.3096609, 43.0251205 ], [ -1.3096358, 43.0251269 ], [ -1.3095231, 43.0251618 ], [ -1.3094145, 43.0251949 ], [ -1.3093481, 43.0252208 ], [ -1.3093002, 43.0252378 ], [ -1.3092566, 43.0252576 ], [ -1.3091833, 43.0252835 ], [ -1.3091589, 43.0252902 ], [ -1.3090692, 43.0253255 ], [ -1.3089996, 43.0253451 ], [ -1.3089773, 43.0253498 ], [ -1.3088448, 43.0253608 ], [ -1.3087137, 43.0253526 ], [ -1.3086897, 43.0253474 ], [ -1.3086404, 43.0253383 ], [ -1.3085371, 43.0253166 ], [ -1.308418, 43.0252915 ], [ -1.3083449, 43.0252676 ], [ -1.3082352, 43.0252265 ], [ -1.3082127, 43.0252144 ], [ -1.3080997, 43.0251408 ], [ -1.3080615, 43.0251173 ], [ -1.3079962, 43.0250912 ], [ -1.3079728, 43.0250908 ], [ -1.3079384, 43.0251115 ], [ -1.3079242, 43.0251278 ], [ -1.3079384, 43.0252089 ], [ -1.3080881, 43.0253111 ], [ -1.3081577, 43.0253816 ], [ -1.3081576, 43.0253814 ], [ -1.3081576, 43.0253814 ], [ -1.3081522, 43.0253729 ], [ -1.3081646, 43.0253744 ], [ -1.3081576, 43.0253814 ], [ -1.3081576, 43.0253814 ], [ -1.3081576, 43.0253814 ], [ -1.3081576, 43.0253814 ], [ -1.3081576, 43.0253814 ], [ -1.3081576, 43.0253814 ], [ -1.3081576, 43.0253814 ], [ -1.3081576, 43.0253814 ], [ -1.3081627, 43.0253746 ], [ -1.3081576, 43.0253814 ], [ -1.3081993, 43.0254032 ], [ -1.3082091, 43.0254243 ], [ -1.3082091, 43.0254243 ], [ -1.3082091, 43.0254243 ], [ -1.3082091, 43.0254243 ], [ -1.3082091, 43.0254243 ], [ -1.3082175, 43.0254421 ], [ -1.3082174, 43.0254421 ], [ -1.3082165, 43.0254421 ], [ -1.3082132, 43.0254456 ], [ -1.3082024, 43.0254346 ], [ -1.3081835, 43.0254056 ], [ -1.3081924, 43.0253996 ], [ -1.3081974, 43.0253985 ], [ -1.308164, 43.0254208 ], [ -1.3081513, 43.0254431 ], [ -1.308159, 43.0254615 ], [ -1.3081862, 43.0254799 ], [ -1.3081861, 43.025488 ], [ -1.3081851, 43.0254928 ], [ -1.3081665, 43.0255095 ], [ -1.3081723, 43.0255266 ], [ -1.3081898, 43.0255539 ], [ -1.3082013, 43.0255662 ], [ -1.3082014, 43.0255662 ], [ -1.3082401, 43.0255881 ], [ -1.3082563, 43.0255963 ], [ -1.3082821, 43.0256273 ], [ -1.3082864, 43.0256635 ], [ -1.3082227, 43.0257298 ], [ -1.3081971, 43.0257429 ], [ -1.3081243, 43.0257552 ], [ -1.3081011, 43.0257596 ], [ -1.3080368, 43.025788 ], [ -1.3079701, 43.0258063 ], [ -1.307908, 43.0258248 ], [ -1.3078439, 43.0258362 ], [ -1.3078244, 43.0258274 ], [ -1.3077861, 43.0257919 ], [ -1.3077414, 43.0257554 ], [ -1.3076662, 43.025714 ], [ -1.3075688, 43.0256847 ], [ -1.3075267, 43.0256947 ], [ -1.3075106, 43.025702 ], [ -1.3074422, 43.0257444 ], [ -1.3073914, 43.0258176 ], [ -1.3073804, 43.0258339 ], [ -1.3072704, 43.0258939 ], [ -1.3072298, 43.0258899 ], [ -1.3071955, 43.0258663 ], [ -1.3071788, 43.025854 ], [ -1.3071276, 43.025822 ], [ -1.3070943, 43.0257835 ], [ -1.3070639, 43.0257372 ], [ -1.3070406, 43.0257076 ], [ -1.3070135, 43.0256601 ], [ -1.3070014, 43.0256462 ], [ -1.3069627, 43.0256017 ], [ -1.3069095, 43.0255636 ], [ -1.3068287, 43.0255052 ], [ -1.3067991, 43.0254783 ], [ -1.3067873, 43.0254641 ], [ -1.3067615, 43.0254394 ], [ -1.306693, 43.0253975 ], [ -1.3066735, 43.0253865 ], [ -1.3066133, 43.0253346 ], [ -1.3065551, 43.0252822 ], [ -1.3064831, 43.0252424 ], [ -1.3064243, 43.0252164 ], [ -1.3063766, 43.0252119 ], [ -1.3063329, 43.0252261 ], [ -1.3063177, 43.0252397 ], [ -1.3062935, 43.0252657 ], [ -1.3062712, 43.0253545 ], [ -1.3062899, 43.0255031 ], [ -1.3062573, 43.0256126 ], [ -1.30625, 43.0256299 ], [ -1.3062283, 43.0257202 ], [ -1.3062163, 43.0257735 ], [ -1.3062023, 43.0258072 ], [ -1.3061844, 43.0259032 ], [ -1.3061819, 43.0259229 ], [ -1.3061662, 43.0259762 ], [ -1.3061662, 43.0259762 ], [ -1.3061662, 43.0259762 ], [ -1.3061662, 43.0259762 ], [ -1.3061662, 43.0259762 ], [ -1.3061662, 43.0259762 ], [ -1.3061662, 43.0259762 ], [ -1.3061662, 43.0259762 ], [ -1.3061676, 43.0259772 ], [ -1.3061498, 43.025992 ], [ -1.3060731, 43.0260109 ], [ -1.3060528, 43.0260179 ], [ -1.3059081, 43.026033 ], [ -1.3058261, 43.0260394 ], [ -1.3057844, 43.0260466 ], [ -1.3057631, 43.0260506 ], [ -1.3057271, 43.0260644 ], [ -1.30565, 43.0260861 ], [ -1.3055633, 43.0261302 ], [ -1.305547, 43.026142 ], [ -1.3055222, 43.0261642 ], [ -1.305473, 43.0261938 ], [ -1.3054133, 43.0262143 ], [ -1.3053975, 43.0262217 ], [ -1.3053164, 43.0262708 ], [ -1.3052828, 43.0262928 ], [ -1.3052107, 43.0263297 ], [ -1.3051721, 43.0263448 ], [ -1.3051151, 43.0263678 ], [ -1.3050778, 43.0263827 ], [ -1.3050379, 43.0263983 ], [ -1.304998, 43.0264097 ], [ -1.3049052, 43.0264483 ], [ -1.3048473, 43.0264713 ], [ -1.3047225, 43.0265304 ], [ -1.3047035, 43.0265398 ], [ -1.3046373, 43.0265687 ], [ -1.3045677, 43.0265763 ], [ -1.3044996, 43.0265697 ], [ -1.3043748, 43.0265625 ], [ -1.3043196, 43.0265722 ], [ -1.3042574, 43.0266007 ], [ -1.3042443, 43.0266125 ], [ -1.3041289, 43.0267057 ], [ -1.3041081, 43.0267174 ], [ -1.30405, 43.026751 ], [ -1.3039945, 43.026772 ], [ -1.303972, 43.0267806 ], [ -1.3039101, 43.0268204 ], [ -1.3038449, 43.0268386 ], [ -1.3038232, 43.026845 ], [ -1.3037068, 43.0268722 ], [ -1.3035522, 43.0269046 ], [ -1.3034838, 43.0269172 ], [ -1.3033785, 43.0269431 ], [ -1.3032696, 43.0269661 ], [ -1.3032094, 43.0269912 ], [ -1.3031654, 43.0270077 ], [ -1.3030712, 43.0270353 ], [ -1.3030071, 43.0270474 ], [ -1.3029386, 43.0270619 ], [ -1.3028769, 43.0270769 ], [ -1.3027626, 43.0271055 ], [ -1.3026743, 43.0271183 ], [ -1.3026116, 43.0271257 ], [ -1.3024727, 43.0271479 ], [ -1.302339, 43.0271754 ], [ -1.3022957, 43.0271794 ], [ -1.3021613, 43.0272079 ], [ -1.30212, 43.0272148 ], [ -1.3020572, 43.0272273 ], [ -1.3019955, 43.0272425 ], [ -1.3019731, 43.027248 ], [ -1.3019123, 43.0272649 ], [ -1.301849, 43.0272794 ], [ -1.3018015, 43.0272913 ], [ -1.3017786, 43.0272955 ], [ -1.3016951, 43.0273258 ], [ -1.3016539, 43.0273393 ], [ -1.3015279, 43.0273706 ], [ -1.3014254, 43.0273891 ], [ -1.3013669, 43.027402 ], [ -1.3013015, 43.0274146 ], [ -1.3012007, 43.027431 ], [ -1.3011785, 43.0274313 ], [ -1.3010739, 43.0274453 ], [ -1.3010287, 43.0274529 ], [ -1.3009587, 43.0274592 ], [ -1.3008738, 43.0274769 ], [ -1.3007671, 43.0274926 ], [ -1.3007221, 43.0274978 ], [ -1.3006145, 43.0275139 ], [ -1.3005713, 43.0275089 ], [ -1.3004397, 43.0275089 ], [ -1.3004174, 43.0275081 ], [ -1.3003287, 43.0275072 ], [ -1.3002347, 43.0275089 ], [ -1.3001939, 43.0275056 ], [ -1.3000636, 43.0275068 ], [ -1.3000428, 43.0275071 ], [ -1.299939, 43.0275035 ], [ -1.2998526, 43.0275056 ], [ -1.2998127, 43.0275064 ], [ -1.2997898, 43.0275049 ], [ -1.2997081, 43.0275115 ], [ -1.2996655, 43.0275107 ], [ -1.2995816, 43.0274983 ], [ -1.2995417, 43.0274981 ], [ -1.299416, 43.0274896 ], [ -1.2993974, 43.027486 ], [ -1.2993164, 43.027477 ], [ -1.2992501, 43.0274703 ], [ -1.2992282, 43.0274673 ], [ -1.2991253, 43.0274619 ], [ -1.299068, 43.0274507 ], [ -1.2989797, 43.0274389 ], [ -1.2988766, 43.0274225 ], [ -1.2987681, 43.0273938 ], [ -1.2987292, 43.0273788 ], [ -1.2987113, 43.02737 ], [ -1.2986243, 43.0273166 ], [ -1.2985924, 43.0272905 ], [ -1.2985435, 43.0272564 ], [ -1.2984815, 43.027212 ], [ -1.2984338, 43.0271779 ], [ -1.2983734, 43.0271271 ], [ -1.2983586, 43.0271142 ], [ -1.2982721, 43.0270399 ], [ -1.2982568, 43.0270272 ], [ -1.2982394, 43.0270145 ], [ -1.2982126, 43.026991 ], [ -1.2981623, 43.0269365 ], [ -1.2981488, 43.0269245 ], [ -1.2980938, 43.0268763 ], [ -1.2980357, 43.0268252 ], [ -1.2980193, 43.0268119 ], [ -1.2979754, 43.0267774 ], [ -1.2979272, 43.0267406 ], [ -1.2979121, 43.0267284 ], [ -1.2978512, 43.0266801 ], [ -1.2978238, 43.0266561 ], [ -1.2977551, 43.026617 ], [ -1.2977131, 43.0265848 ], [ -1.2976546, 43.0265376 ], [ -1.2976077, 43.0265063 ], [ -1.2975692, 43.0264837 ], [ -1.2975007, 43.0264449 ], [ -1.2974859, 43.026436 ], [ -1.2973912, 43.0263754 ], [ -1.2973614, 43.026356 ], [ -1.2972894, 43.0263257 ], [ -1.2972703, 43.0263173 ], [ -1.2971827, 43.026275 ], [ -1.2971605, 43.0262705 ], [ -1.2970824, 43.026229 ], [ -1.2969848, 43.0261931 ], [ -1.2969452, 43.026178 ], [ -1.2968775, 43.026157 ], [ -1.2968204, 43.0261324 ], [ -1.2967613, 43.0261064 ], [ -1.2967418, 43.026104 ], [ -1.2966553, 43.0260586 ], [ -1.2965506, 43.0259874 ], [ -1.2965076, 43.0259183 ], [ -1.2964936, 43.0258611 ], [ -1.2965071, 43.0256826 ], [ -1.2965124, 43.0255116 ], [ -1.2965162, 43.0252956 ], [ -1.2965179, 43.0252703 ], [ -1.2965136, 43.0252244 ], [ -1.2965125, 43.0251014 ], [ -1.2964997, 43.0250045 ], [ -1.29648, 43.0248821 ], [ -1.2964601, 43.0248226 ], [ -1.296398, 43.0247614 ], [ -1.296376, 43.0247542 ], [ -1.2963514, 43.024756 ], [ -1.2963101, 43.0247733 ], [ -1.2962922, 43.0248015 ], [ -1.2962941, 43.0248579 ], [ -1.2963094, 43.0249128 ], [ -1.2963041, 43.0249604 ], [ -1.2963068, 43.0249765 ], [ -1.2962984, 43.0250539 ], [ -1.2962979, 43.0250691 ], [ -1.2962901, 43.025111 ], [ -1.2962842, 43.0251402 ], [ -1.296283, 43.0251747 ], [ -1.2962581, 43.0252348 ], [ -1.296251, 43.0252466 ], [ -1.2962224, 43.0253049 ], [ -1.2961975, 43.0253457 ], [ -1.2961762, 43.0253713 ], [ -1.2961431, 43.0254255 ], [ -1.2961332, 43.0254384 ], [ -1.2960976, 43.0254919 ], [ -1.2960631, 43.0255456 ], [ -1.29603, 43.0255943 ], [ -1.2959974, 43.0256378 ], [ -1.295973, 43.0256653 ], [ -1.2959047, 43.0257324 ], [ -1.2958471, 43.0257927 ], [ -1.2958, 43.0258248 ], [ -1.2957871, 43.0258325 ], [ -1.2957104, 43.0258851 ], [ -1.295653, 43.0259428 ], [ -1.2956416, 43.0259559 ], [ -1.2955901, 43.0260005 ], [ -1.2955505, 43.026036 ], [ -1.2955572, 43.0260651 ], [ -1.2955509, 43.0260947 ], [ -1.2955598, 43.0261216 ], [ -1.2955889, 43.0261248 ], [ -1.2956069, 43.0261258 ], [ -1.2956303, 43.0261163 ], [ -1.2956303, 43.0261163 ], [ -1.2956323, 43.0261134 ], [ -1.2956303, 43.0261163 ], [ -1.2956303, 43.0261163 ], [ -1.2956303, 43.0261163 ], [ -1.2956303, 43.0261163 ], [ -1.2956291, 43.0261081 ], [ -1.2956207, 43.0261118 ], [ -1.2956303, 43.0261163 ], [ -1.2956381, 43.0261159 ], [ -1.2956277, 43.0261179 ], [ -1.2956085, 43.0261307 ], [ -1.2956054, 43.0261477 ], [ -1.2956054, 43.0261477 ], [ -1.2956054, 43.0261477 ], [ -1.2956163, 43.0261312 ], [ -1.2956163, 43.0261312 ], [ -1.2956458, 43.026123 ], [ -1.2956505, 43.026097 ], [ -1.2956505, 43.0260969 ], [ -1.2956505, 43.0260969 ], [ -1.2956505, 43.0260969 ], [ -1.2956505, 43.0260969 ], [ -1.2956465, 43.0260787 ], [ -1.2956458, 43.0260788 ], [ -1.2956458, 43.0260788 ], [ -1.2956458, 43.0260788 ], [ -1.2956458, 43.0260788 ], [ -1.2956458, 43.0260788 ], [ -1.2956458, 43.0260788 ], [ -1.2956458, 43.0260788 ], [ -1.2956453, 43.0260791 ], [ -1.2956396, 43.0261052 ], [ -1.2956385, 43.0261123 ], [ -1.2956396, 43.0261054 ], [ -1.2956396, 43.0261054 ], [ -1.2956323, 43.0261074 ], [ -1.2956338, 43.0261011 ], [ -1.2956333, 43.0260988 ], [ -1.2956312, 43.0261092 ], [ -1.2956308, 43.0261078 ], [ -1.295633, 43.0261035 ], [ -1.2956396, 43.0261054 ], [ -1.2956396, 43.0261054 ], [ -1.2956396, 43.0261054 ], [ -1.2956396, 43.0261054 ], [ -1.2956383, 43.0261105 ], [ -1.2956317, 43.0261139 ], [ -1.2956122, 43.0261256 ], [ -1.2956122, 43.0261256 ], [ -1.2956143, 43.0261224 ], [ -1.2956036, 43.0260922 ], [ -1.2955351, 43.0260928 ], [ -1.2955211, 43.0261031 ], [ -1.295493, 43.0261599 ], [ -1.2954482, 43.0262061 ], [ -1.2954496, 43.026204 ], [ -1.2954497, 43.026204 ], [ -1.2954497, 43.026204 ], [ -1.2954497, 43.026204 ], [ -1.2954497, 43.026204 ], [ -1.2954491, 43.0262035 ], [ -1.2954497, 43.026204 ], [ -1.2954497, 43.026204 ], [ -1.2954497, 43.026204 ], [ -1.2954374, 43.0262169 ], [ -1.2953703, 43.0263381 ], [ -1.295355, 43.0263779 ], [ -1.2953151, 43.0265253 ], [ -1.2953084, 43.0265833 ], [ -1.295306, 43.026648 ], [ -1.2953253, 43.026793 ], [ -1.2953452, 43.0268691 ], [ -1.2953728, 43.0269472 ], [ -1.2954313, 43.027113 ], [ -1.2954816, 43.0272901 ], [ -1.2955381, 43.0274609 ], [ -1.2956042, 43.0276265 ], [ -1.2956665, 43.0277878 ], [ -1.2957227, 43.0279309 ], [ -1.2957999, 43.0281165 ], [ -1.2958551, 43.0282231 ], [ -1.2959084, 43.0283356 ], [ -1.2959708, 43.0284435 ], [ -1.2959957, 43.0284998 ], [ -1.2960984, 43.0288712 ], [ -1.2961436, 43.0290065 ], [ -1.2962084, 43.0292837 ], [ -1.2962155, 43.0293544 ], [ -1.2962098, 43.029429 ], [ -1.2962012, 43.0295085 ], [ -1.2961758, 43.0296705 ], [ -1.2961543, 43.0297578 ], [ -1.2961154, 43.0298454 ], [ -1.2959874, 43.0300198 ], [ -1.2958992, 43.0300975 ], [ -1.2958009, 43.0301632 ], [ -1.2957002, 43.0302166 ], [ -1.2954365, 43.0303521 ], [ -1.2953683, 43.0303976 ], [ -1.2952472, 43.0304898 ], [ -1.2950153, 43.0306711 ], [ -1.2948532, 43.0307186 ], [ -1.2947655, 43.0307424 ], [ -1.2946751, 43.0307647 ], [ -1.2944892, 43.030808 ], [ -1.2942954, 43.0308428 ], [ -1.2941982, 43.0308423 ], [ -1.2940218, 43.0308533 ], [ -1.2938667, 43.0309174 ], [ -1.2937437, 43.0310122 ], [ -1.293643, 43.0311256 ], [ -1.2935968, 43.0311865 ], [ -1.2934272, 43.0313589 ], [ -1.2933609, 43.0314205 ], [ -1.293288, 43.0314813 ], [ -1.2931288, 43.0315953 ], [ -1.2930518, 43.0316529 ], [ -1.2929787, 43.0317061 ], [ -1.2929133, 43.031757 ], [ -1.2927822, 43.0318495 ], [ -1.2926548, 43.0319436 ], [ -1.2925921, 43.0319881 ], [ -1.2924661, 43.0320908 ], [ -1.2924059, 43.032152 ], [ -1.2923422, 43.0322186 ], [ -1.2922774, 43.0322858 ], [ -1.2922169, 43.0323572 ], [ -1.2921527, 43.0324278 ], [ -1.2920885, 43.0324951 ], [ -1.2919541, 43.0326147 ], [ -1.2918431, 43.0327375 ], [ -1.2917495, 43.0328583 ], [ -1.2916759, 43.0329905 ], [ -1.2916592, 43.0330642 ], [ -1.2916594, 43.0331426 ], [ -1.2916756, 43.0332229 ], [ -1.2917177, 43.033386 ], [ -1.2918333, 43.0337821 ], [ -1.2918666, 43.0339384 ], [ -1.2918369, 43.0340824 ], [ -1.2917918, 43.0342259 ], [ -1.2917636, 43.0343101 ], [ -1.2917614, 43.0343383 ], [ -1.2917287, 43.0344654 ], [ -1.2916863, 43.0344999 ], [ -1.2915597, 43.0345447 ], [ -1.2914013, 43.0345846 ], [ -1.2912322, 43.034623 ], [ -1.2911519, 43.0346466 ], [ -1.2910134, 43.0347051 ], [ -1.2909525, 43.0347869 ], [ -1.2910034, 43.0348712 ], [ -1.2910538, 43.0349117 ], [ -1.2911218, 43.034948 ], [ -1.2911997, 43.0349824 ], [ -1.2912795, 43.035018 ], [ -1.2913617, 43.0350568 ], [ -1.2914397, 43.0351003 ], [ -1.2915171, 43.035148 ], [ -1.291592, 43.0351976 ], [ -1.2916687, 43.0352407 ], [ -1.2917436, 43.0352807 ], [ -1.2918728, 43.0353463 ], [ -1.2918937, 43.0353941 ], [ -1.2918922, 43.0354453 ], [ -1.2918581, 43.0355489 ], [ -1.2917778, 43.0356338 ], [ -1.2917505, 43.0356809 ], [ -1.2917348, 43.0357349 ], [ -1.2917153, 43.0358562 ], [ -1.291693, 43.0359185 ], [ -1.2916563, 43.0359731 ], [ -1.2915399, 43.0360534 ], [ -1.2914074, 43.0361187 ], [ -1.2912453, 43.0361736 ], [ -1.2911629, 43.0362021 ], [ -1.291083, 43.0362347 ], [ -1.2909247, 43.036303 ], [ -1.290844, 43.0363333 ], [ -1.2907621, 43.0363669 ], [ -1.2906886, 43.0364034 ], [ -1.2906215, 43.0364432 ], [ -1.2905621, 43.0364855 ], [ -1.2905215, 43.0365345 ], [ -1.2904831, 43.0365844 ], [ -1.290426, 43.036619 ], [ -1.290272, 43.0366643 ], [ -1.2900868, 43.0366999 ], [ -1.289988, 43.0367258 ], [ -1.2898832, 43.0367502 ], [ -1.2896636, 43.0368029 ], [ -1.2894389, 43.0368684 ], [ -1.2892261, 43.0369308 ], [ -1.289134, 43.0369685 ], [ -1.2889052, 43.0370875 ], [ -1.2888461, 43.0371262 ], [ -1.2887659, 43.0371991 ], [ -1.2887441, 43.0372324 ], [ -1.2887214, 43.0372792 ], [ -1.2887214, 43.0372792 ], [ -1.2887214, 43.0372792 ], [ -1.2887214, 43.0372792 ], [ -1.2887166, 43.0372832 ], [ -1.2887236, 43.037278 ], [ -1.2887151, 43.0372853 ], [ -1.2886483, 43.0372868 ], [ -1.2886087, 43.0372824 ], [ -1.2886084, 43.037281 ], [ -1.2886084, 43.037281 ], [ -1.288576, 43.0372791 ], [ -1.2885551, 43.0372834 ], [ -1.2884333, 43.0373288 ], [ -1.2883949, 43.0373381 ], [ -1.2882505, 43.0373664 ], [ -1.288198, 43.037388 ], [ -1.2881349, 43.037416 ], [ -1.288067, 43.037444 ], [ -1.2879276, 43.0374972 ], [ -1.28778, 43.0375402 ], [ -1.2876979, 43.0375692 ], [ -1.2875265, 43.0376275 ], [ -1.2874376, 43.0376519 ], [ -1.2873493, 43.0376737 ], [ -1.2870387, 43.0377332 ], [ -1.2869186, 43.0377655 ], [ -1.28675, 43.0378021 ], [ -1.2866927, 43.0378134 ], [ -1.2863259, 43.0378902 ], [ -1.2860416, 43.0379365 ], [ -1.2859649, 43.0379447 ], [ -1.2854805, 43.0380142 ], [ -1.2853133, 43.0380481 ], [ -1.2851347, 43.0380924 ], [ -1.2850378, 43.0381129 ], [ -1.2849297, 43.038132 ], [ -1.2848132, 43.0381482 ], [ -1.2846899, 43.0381672 ], [ -1.284557, 43.0381878 ], [ -1.2844194, 43.0382116 ], [ -1.2842801, 43.0382376 ], [ -1.2841437, 43.0382628 ], [ -1.2840107, 43.0382846 ], [ -1.2838675, 43.0383107 ], [ -1.2837234, 43.0383448 ], [ -1.2835805, 43.0383761 ], [ -1.2834371, 43.0384124 ], [ -1.2832971, 43.0384573 ], [ -1.2830296, 43.038556 ], [ -1.2829031, 43.0386125 ], [ -1.2826697, 43.0387243 ], [ -1.282369, 43.0388992 ], [ -1.2822413, 43.0390398 ], [ -1.2821977, 43.0391085 ], [ -1.2821691, 43.0391706 ], [ -1.2821599, 43.0392189 ], [ -1.2821659, 43.0392621 ], [ -1.2821716, 43.0393034 ], [ -1.2821938, 43.0393447 ], [ -1.282213, 43.0394412 ], [ -1.2821874, 43.0394868 ], [ -1.2821404, 43.0395283 ], [ -1.2820819, 43.0395707 ], [ -1.2820113, 43.0396151 ], [ -1.2819386, 43.0396635 ], [ -1.2817926, 43.0397702 ], [ -1.2816257, 43.0399371 ], [ -1.2813366, 43.0401409 ], [ -1.2811648, 43.0402343 ], [ -1.2810547, 43.040293 ], [ -1.2809954, 43.0403185 ], [ -1.2807479, 43.0404084 ], [ -1.280688, 43.0404247 ], [ -1.2805168, 43.0404764 ], [ -1.2804101, 43.0405105 ], [ -1.280359, 43.0405274 ], [ -1.2803059, 43.0405377 ], [ -1.2801205, 43.0405781 ], [ -1.2800819, 43.0405841 ], [ -1.2800019, 43.0405944 ], [ -1.2798412, 43.0406182 ], [ -1.2796339, 43.0406592 ], [ -1.2794937, 43.040697 ], [ -1.2794492, 43.0407109 ], [ -1.2792683, 43.0407679 ], [ -1.2790972, 43.0408224 ], [ -1.2789379, 43.0408891 ], [ -1.2788248, 43.0409404 ], [ -1.2787345, 43.040975 ], [ -1.2787074, 43.040984 ], [ -1.278592, 43.041028 ], [ -1.2785652, 43.04104 ], [ -1.2784878, 43.0410823 ], [ -1.2783773, 43.0411412 ], [ -1.2783149, 43.0411601 ], [ -1.2781976, 43.0411912 ], [ -1.278056, 43.0412332 ], [ -1.2780298, 43.0412351 ], [ -1.277858, 43.0412985 ], [ -1.2778098, 43.0413219 ], [ -1.2777155, 43.0413821 ], [ -1.2776665, 43.0414213 ], [ -1.2776157, 43.0414636 ], [ -1.2775109, 43.0415656 ], [ -1.2774379, 43.0416117 ], [ -1.2773558, 43.0416498 ], [ -1.27727, 43.0416798 ], [ -1.2771872, 43.0417086 ], [ -1.2771051, 43.0417249 ], [ -1.2769717, 43.0417733 ], [ -1.2768364, 43.0418158 ], [ -1.2767061, 43.0418454 ], [ -1.2766412, 43.0418507 ], [ -1.2765065, 43.0418754 ], [ -1.2760533, 43.0419799 ], [ -1.275973, 43.0419957 ], [ -1.2758212, 43.0420305 ], [ -1.2756709, 43.042056 ], [ -1.2755319, 43.0420857 ], [ -1.2754682, 43.0421021 ], [ -1.2750957, 43.0422178 ], [ -1.2748567, 43.0422628 ], [ -1.2748219, 43.0422629 ], [ -1.2747599, 43.0422756 ], [ -1.2747205, 43.0422903 ], [ -1.2746882, 43.0422962 ], [ -1.2745708, 43.0423188 ], [ -1.2744812, 43.0423329 ], [ -1.2744537, 43.0423353 ], [ -1.274426, 43.0423369 ], [ -1.2743199, 43.0423573 ], [ -1.2742949, 43.0423722 ], [ -1.2742649, 43.0423794 ], [ -1.2741872, 43.0423959 ], [ -1.2741067, 43.0424048 ], [ -1.2740527, 43.042412 ], [ -1.273922, 43.0424366 ], [ -1.273755, 43.0424695 ], [ -1.2737321, 43.0424767 ], [ -1.2735827, 43.0425209 ], [ -1.273561, 43.0425273 ], [ -1.2734239, 43.0425668 ], [ -1.273393, 43.0425747 ], [ -1.2731709, 43.0426327 ], [ -1.2729732, 43.0426748 ], [ -1.2729046, 43.0426859 ], [ -1.2728147, 43.0426981 ], [ -1.2727373, 43.0427066 ], [ -1.2726565, 43.0427132 ], [ -1.2726126, 43.0427151 ], [ -1.2725374, 43.0427185 ], [ -1.2725096, 43.0427196 ], [ -1.2724338, 43.0427219 ], [ -1.272382, 43.0427261 ], [ -1.2723394, 43.0427284 ], [ -1.2722484, 43.0427324 ], [ -1.2722298, 43.042736 ], [ -1.2721677, 43.0427616 ], [ -1.2720974, 43.0427728 ], [ -1.2720131, 43.0427845 ], [ -1.2719658, 43.04279 ], [ -1.2718392, 43.0428157 ], [ -1.2717024, 43.0428383 ], [ -1.271589, 43.0428524 ], [ -1.2715656, 43.0428573 ], [ -1.2714229, 43.0428696 ], [ -1.2713082, 43.0428903 ], [ -1.2712815, 43.0428933 ], [ -1.2711311, 43.0429329 ], [ -1.2709265, 43.0429865 ], [ -1.270706, 43.0430471 ], [ -1.2706771, 43.0430527 ], [ -1.2705232, 43.0431099 ], [ -1.270385, 43.0431502 ], [ -1.2703234, 43.0431581 ], [ -1.2702405, 43.0431842 ], [ -1.2701427, 43.0432053 ], [ -1.2700211, 43.0432237 ], [ -1.2699634, 43.0432376 ], [ -1.269864, 43.043259 ], [ -1.2698651, 43.0432581 ], [ -1.2698651, 43.0432581 ], [ -1.2698651, 43.0432581 ], [ -1.2698651, 43.0432581 ], [ -1.2698651, 43.0432581 ], [ -1.2698651, 43.0432581 ], [ -1.2698478, 43.0432644 ], [ -1.2698359, 43.0432802 ], [ -1.2697463, 43.0433046 ], [ -1.2696358, 43.0433214 ], [ -1.2695495, 43.0433461 ], [ -1.2693977, 43.0433604 ], [ -1.2691652, 43.043421 ], [ -1.2689078, 43.0435047 ], [ -1.2686667, 43.0435994 ], [ -1.2685301, 43.0436559 ], [ -1.2684596, 43.0436815 ], [ -1.2680479, 43.0438645 ], [ -1.2679896, 43.043906 ], [ -1.2678652, 43.0439702 ], [ -1.2678006, 43.043995 ], [ -1.2676976, 43.0440599 ], [ -1.2675982, 43.0441373 ], [ -1.2673292, 43.0442645 ], [ -1.2672785, 43.0442941 ], [ -1.2671748, 43.0443459 ], [ -1.2669421, 43.0444508 ], [ -1.2669046, 43.044463 ], [ -1.2668008, 43.0444996 ], [ -1.2667419, 43.0445234 ], [ -1.2666863, 43.044552 ], [ -1.2665841, 43.0446064 ], [ -1.2665617, 43.0446203 ], [ -1.2664905, 43.0446663 ], [ -1.2663749, 43.0446845 ], [ -1.2663031, 43.0446804 ], [ -1.2661737, 43.0446794 ], [ -1.2659079, 43.0446873 ], [ -1.2657913, 43.0446652 ], [ -1.2657665, 43.0446632 ], [ -1.2656934, 43.0446374 ], [ -1.2656451, 43.0446238 ], [ -1.265623, 43.0446166 ], [ -1.2654981, 43.0445755 ], [ -1.265413, 43.0445437 ], [ -1.2653945, 43.0445359 ], [ -1.2653503, 43.0445203 ], [ -1.2652873, 43.0445021 ], [ -1.2652294, 43.0444791 ], [ -1.2651455, 43.0444467 ], [ -1.2650475, 43.0444258 ], [ -1.2649302, 43.0443978 ], [ -1.264895, 43.0443808 ], [ -1.2647382, 43.0443122 ], [ -1.2647178, 43.0443028 ], [ -1.2645579, 43.0442699 ], [ -1.2644346, 43.0442449 ], [ -1.2643836, 43.0442401 ], [ -1.2641948, 43.0442194 ], [ -1.2641672, 43.0442158 ], [ -1.2639528, 43.0441935 ], [ -1.2639361, 43.0441907 ], [ -1.2637992, 43.0441584 ], [ -1.2636952, 43.0441157 ], [ -1.2635149, 43.0440536 ], [ -1.2633295, 43.0440747 ], [ -1.2632343, 43.0440225 ], [ -1.263195, 43.0439991 ], [ -1.2631453, 43.0439722 ], [ -1.2630298, 43.0439077 ], [ -1.2629586, 43.043877 ], [ -1.262879, 43.0438503 ], [ -1.2627915, 43.0438292 ], [ -1.2626942, 43.0438148 ], [ -1.2625902, 43.0438096 ], [ -1.2624799, 43.04381 ], [ -1.2622715, 43.0438055 ], [ -1.2620743, 43.0438149 ], [ -1.2618603, 43.0438495 ], [ -1.2616303, 43.0439135 ], [ -1.2615097, 43.0439461 ], [ -1.2613831, 43.0439653 ], [ -1.2611228, 43.0439584 ], [ -1.2607521, 43.0439006 ], [ -1.260633, 43.0438795 ], [ -1.2605154, 43.0438598 ], [ -1.260287, 43.0438272 ], [ -1.2601807, 43.0438033 ], [ -1.2600808, 43.0437802 ], [ -1.2599861, 43.0437607 ], [ -1.2596126, 43.0436859 ], [ -1.2594443, 43.04366 ], [ -1.2593664, 43.0436563 ], [ -1.259291, 43.0436454 ], [ -1.2589552, 43.0436335 ], [ -1.2584871, 43.0436308 ], [ -1.2583713, 43.0436211 ], [ -1.2582666, 43.0436094 ], [ -1.2582187, 43.043605 ], [ -1.2581284, 43.0435935 ], [ -1.2580055, 43.0436018 ], [ -1.257968, 43.0436112 ], [ -1.2578952, 43.0436314 ], [ -1.2577429, 43.0436814 ], [ -1.2575946, 43.0437124 ], [ -1.2575679, 43.0437155 ], [ -1.2575587, 43.0437149 ], [ -1.2575678, 43.0437086 ], [ -1.2575678, 43.0437086 ], [ -1.2575678, 43.0437086 ], [ -1.2575675, 43.0437093 ], [ -1.2575441, 43.0437231 ], [ -1.2574885, 43.0437438 ], [ -1.2574086, 43.0437693 ], [ -1.2573053, 43.0437853 ], [ -1.257262, 43.0437875 ], [ -1.2571428, 43.0437937 ], [ -1.2570737, 43.0437909 ], [ -1.2569974, 43.0437837 ], [ -1.2568346, 43.0437575 ], [ -1.2566645, 43.0437315 ], [ -1.2565731, 43.0437197 ], [ -1.2563863, 43.043692 ], [ -1.2561973, 43.0436563 ], [ -1.2561068, 43.0436337 ], [ -1.2560157, 43.043605 ], [ -1.2558326, 43.0435412 ], [ -1.2556419, 43.0434667 ], [ -1.2555403, 43.0434245 ], [ -1.2553475, 43.0433279 ], [ -1.2552591, 43.0432753 ], [ -1.2551744, 43.0432221 ], [ -1.2550865, 43.0431714 ], [ -1.2549866, 43.0431191 ], [ -1.2548752, 43.0430689 ], [ -1.2547531, 43.0430264 ], [ -1.2546216, 43.0429933 ], [ -1.2544849, 43.0429637 ], [ -1.2543484, 43.0429324 ], [ -1.2542121, 43.0429 ], [ -1.2539398, 43.0428304 ], [ -1.2536632, 43.0427685 ], [ -1.2532443, 43.0427011 ], [ -1.2531089, 43.0426822 ], [ -1.2529825, 43.0426607 ], [ -1.2528606, 43.0426425 ], [ -1.2527375, 43.0426351 ], [ -1.2526097, 43.0426353 ], [ -1.2523519, 43.0426126 ], [ -1.2521202, 43.0425702 ], [ -1.2520053, 43.0425605 ], [ -1.2516525, 43.0425673 ], [ -1.2515442, 43.0425555 ], [ -1.2512523, 43.0425177 ], [ -1.2509809, 43.0425107 ], [ -1.2509486, 43.0425091 ], [ -1.2509486, 43.0425091 ], [ -1.2509517, 43.0425073 ], [ -1.2509486, 43.0425091 ], [ -1.2509486, 43.0425091 ], [ -1.2509486, 43.0425091 ], [ -1.2509486, 43.0425091 ], [ -1.2509486, 43.0425091 ], [ -1.2509486, 43.0425091 ], [ -1.2509486, 43.0425091 ], [ -1.2509486, 43.0425091 ], [ -1.2509486, 43.0425091 ], [ -1.2509486, 43.0425091 ], [ -1.2509486, 43.0425091 ], [ -1.2509486, 43.0425091 ], [ -1.2509486, 43.0425091 ], [ -1.2509486, 43.0425091 ], [ -1.2509486, 43.0425091 ], [ -1.2509486, 43.0425091 ], [ -1.2509486, 43.0425091 ], [ -1.2509486, 43.0425091 ], [ -1.2509486, 43.0425091 ], [ -1.2509486, 43.0425091 ], [ -1.2509486, 43.0425091 ], [ -1.2509486, 43.0425091 ], [ -1.2509486, 43.0425091 ], [ -1.2509486, 43.0425091 ], [ -1.2509486, 43.0425091 ], [ -1.2509486, 43.0425091 ], [ -1.2508607, 43.042516 ], [ -1.2507509, 43.0425198 ], [ -1.250625, 43.0425244 ], [ -1.2505541, 43.0425252 ], [ -1.2504742, 43.0425258 ], [ -1.250393, 43.0425295 ], [ -1.2503085, 43.0425332 ], [ -1.2502251, 43.042538 ], [ -1.2500675, 43.0425467 ], [ -1.2499937, 43.0425435 ], [ -1.2498393, 43.0425394 ], [ -1.2497615, 43.042538 ], [ -1.2496878, 43.0425332 ], [ -1.2496132, 43.042526 ], [ -1.2495396, 43.0425162 ], [ -1.2494675, 43.0425102 ], [ -1.2493917, 43.0425061 ], [ -1.2493125, 43.0425091 ], [ -1.2492296, 43.0425182 ], [ -1.2491453, 43.0425362 ], [ -1.2490594, 43.0425536 ], [ -1.2489724, 43.0425644 ], [ -1.2487962, 43.0425806 ], [ -1.2487046, 43.0425912 ], [ -1.2486088, 43.0425992 ], [ -1.2485141, 43.0426037 ], [ -1.2483385, 43.0426135 ], [ -1.2481837, 43.0426369 ], [ -1.2481125, 43.0426425 ], [ -1.2479436, 43.0426334 ], [ -1.2479044, 43.0426297 ], [ -1.2477705, 43.0426457 ], [ -1.247659, 43.0426798 ], [ -1.2476495, 43.0426882 ], [ -1.2476477, 43.0426895 ], [ -1.2476329, 43.0427197 ], [ -1.2476514, 43.0427371 ], [ -1.2477773, 43.0427479 ], [ -1.2478249, 43.042754 ], [ -1.2480008, 43.0428363 ], [ -1.248115, 43.0429336 ], [ -1.2481246, 43.0429679 ], [ -1.2481179, 43.0430393 ], [ -1.2480953, 43.0431232 ], [ -1.2481158, 43.0431435 ], [ -1.2481323, 43.0432248 ], [ -1.2480062, 43.04326 ], [ -1.2477695, 43.0434216 ], [ -1.2476592, 43.0435163 ], [ -1.2475859, 43.0435783 ], [ -1.2475097, 43.043641 ], [ -1.2474672, 43.0437131 ], [ -1.2474463, 43.0437521 ], [ -1.2472995, 43.043885 ], [ -1.2472528, 43.0439155 ], [ -1.2471539, 43.0439751 ], [ -1.2471094, 43.0440116 ], [ -1.2469113, 43.0442188 ], [ -1.2468319, 43.044309 ], [ -1.24667, 43.0445033 ], [ -1.2465452, 43.0446581 ], [ -1.2464632, 43.0447682 ], [ -1.2461985, 43.0452207 ], [ -1.245967, 43.045618 ], [ -1.2458979, 43.0457315 ], [ -1.2458339, 43.0459012 ], [ -1.2458624, 43.0460138 ], [ -1.2459284, 43.0461132 ], [ -1.2460106, 43.0462103 ], [ -1.2460955, 43.0463058 ], [ -1.246163, 43.0464064 ], [ -1.2462069, 43.0465135 ], [ -1.2462585, 43.0466669 ], [ -1.2462902, 43.0468575 ], [ -1.2463188, 43.0469633 ], [ -1.2463344, 43.04704 ], [ -1.2463711, 43.0472866 ], [ -1.2463805, 43.0473357 ], [ -1.2464161, 43.0475398 ], [ -1.2464529, 43.0479726 ], [ -1.2464571, 43.0480935 ], [ -1.246456, 43.0481567 ], [ -1.2464538, 43.048221 ], [ -1.2464369, 43.0483572 ], [ -1.246409, 43.0484998 ], [ -1.2463558, 43.048721 ], [ -1.2463024, 43.0488737 ], [ -1.2462309, 43.0490294 ], [ -1.2461435, 43.0491844 ], [ -1.2460867, 43.0492552 ], [ -1.2460206, 43.0493232 ], [ -1.2458676, 43.0494585 ], [ -1.245704, 43.0496068 ], [ -1.2456255, 43.0496885 ], [ -1.2455435, 43.0497699 ], [ -1.2453724, 43.0499302 ], [ -1.2452896, 43.050009 ], [ -1.2452077, 43.050089 ], [ -1.245058, 43.0502557 ], [ -1.244917, 43.050424 ], [ -1.2447832, 43.0505878 ], [ -1.2447327, 43.0506756 ], [ -1.2447078, 43.0507699 ], [ -1.2447192, 43.0508674 ], [ -1.244757, 43.0509612 ], [ -1.2448173, 43.0510496 ], [ -1.2448901, 43.0511295 ], [ -1.2449707, 43.0512056 ], [ -1.2450622, 43.051269 ], [ -1.2452535, 43.0513781 ], [ -1.2453495, 43.0514257 ], [ -1.245705, 43.0515964 ], [ -1.2458568, 43.0516731 ], [ -1.2460606, 43.0517667 ], [ -1.2462658, 43.051832 ], [ -1.2463326, 43.0518509 ], [ -1.2465116, 43.0518977 ], [ -1.2466583, 43.0519458 ], [ -1.2468368, 43.0520532 ], [ -1.2469123, 43.0521265 ], [ -1.2471447, 43.0523954 ], [ -1.2471757, 43.0524341 ], [ -1.2473678, 43.0527666 ], [ -1.2474946, 43.0530914 ], [ -1.2475211, 43.0531842 ], [ -1.2475463, 43.0532812 ], [ -1.2475899, 43.053581 ], [ -1.247605, 43.0540693 ], [ -1.2476084, 43.0542387 ], [ -1.2476032, 43.0542983 ], [ -1.2475778, 43.054419 ], [ -1.2475129, 43.0545963 ], [ -1.2475082, 43.0546427 ], [ -1.2475106, 43.0546821 ], [ -1.2474399, 43.0547661 ], [ -1.2474038, 43.0548021 ], [ -1.2473613, 43.0548914 ], [ -1.2473244, 43.0549734 ], [ -1.247269, 43.0551294 ], [ -1.2472431, 43.0551841 ], [ -1.2472046, 43.0552374 ], [ -1.247077, 43.0554062 ], [ -1.2470342, 43.0554687 ], [ -1.246992, 43.0555332 ], [ -1.2469444, 43.0555966 ], [ -1.246886, 43.0556555 ], [ -1.2468215, 43.0557112 ], [ -1.2467622, 43.0557706 ], [ -1.2465708, 43.0559435 ], [ -1.2464925, 43.0559936 ], [ -1.246405, 43.0560388 ], [ -1.2462099, 43.0561109 ], [ -1.2461082, 43.0561407 ], [ -1.2458977, 43.0562052 ], [ -1.2457001, 43.0562913 ], [ -1.2456092, 43.0563434 ], [ -1.2454434, 43.056466 ], [ -1.2453717, 43.0565333 ], [ -1.2453112, 43.0566086 ], [ -1.2452709, 43.0566946 ], [ -1.2452498, 43.0567864 ], [ -1.2452396, 43.0568826 ], [ -1.2452304, 43.0569816 ], [ -1.2452015, 43.0571994 ], [ -1.2451683, 43.0573147 ], [ -1.2451408, 43.0574325 ], [ -1.2451406, 43.0575487 ], [ -1.2451441, 43.0577654 ], [ -1.2450751, 43.0579446 ], [ -1.2450054, 43.0580141 ], [ -1.2449062, 43.0580604 ], [ -1.2447983, 43.0580886 ], [ -1.2446861, 43.0581031 ], [ -1.2445773, 43.0581139 ], [ -1.2443744, 43.0581621 ], [ -1.2442076, 43.0582574 ], [ -1.2441369, 43.0583217 ], [ -1.2440922, 43.0584039 ], [ -1.2440218, 43.0585817 ], [ -1.2438681, 43.0587097 ], [ -1.2437247, 43.0587666 ], [ -1.2436656, 43.0587843 ], [ -1.243619, 43.0588073 ], [ -1.2435811, 43.0588318 ], [ -1.2435267, 43.058875 ], [ -1.243462, 43.0589329 ], [ -1.2434384, 43.0589757 ], [ -1.2434264, 43.0589964 ], [ -1.2433882, 43.059048 ], [ -1.2433797, 43.0590702 ], [ -1.2433667, 43.0590883 ], [ -1.2433341, 43.0591421 ], [ -1.2433113, 43.059221 ], [ -1.243301, 43.0592385 ], [ -1.243161, 43.0593264 ], [ -1.2429836, 43.0593644 ], [ -1.2429588, 43.0593676 ], [ -1.2427838, 43.0593717 ], [ -1.2427622, 43.059374 ], [ -1.2427499, 43.0593711 ], [ -1.2427499, 43.0593711 ], [ -1.2427499, 43.0593711 ], [ -1.2427499, 43.0593711 ], [ -1.2427321, 43.0593658 ], [ -1.2427258, 43.0593525 ], [ -1.2427196, 43.0593398 ], [ -1.2427245, 43.0593081 ], [ -1.2427608, 43.0592804 ], [ -1.2428496, 43.0592309 ], [ -1.2428881, 43.0592105 ], [ -1.242974, 43.0591515 ], [ -1.243001, 43.0591228 ], [ -1.2430124, 43.0590449 ], [ -1.2429969, 43.0590344 ], [ -1.2429065, 43.0590217 ], [ -1.2428857, 43.0590246 ], [ -1.242772, 43.0590441 ], [ -1.2427451, 43.0590464 ], [ -1.2426256, 43.0590372 ], [ -1.2426038, 43.0590336 ], [ -1.2425821, 43.0590289 ], [ -1.242543, 43.0590181 ], [ -1.2424168, 43.0589723 ], [ -1.2423738, 43.0589592 ], [ -1.242288, 43.0589348 ], [ -1.2422281, 43.0589148 ], [ -1.2421587, 43.0588938 ], [ -1.2420504, 43.0588625 ], [ -1.2420093, 43.0588503 ], [ -1.2419025, 43.0588191 ], [ -1.241857, 43.0588108 ], [ -1.2418095, 43.0588048 ], [ -1.2417636, 43.0587733 ], [ -1.2417541, 43.0587535 ], [ -1.2417763, 43.058706 ], [ -1.241795, 43.0586936 ], [ -1.2418191, 43.0586902 ], [ -1.2418832, 43.058683 ], [ -1.2419048, 43.0586799 ], [ -1.2420907, 43.0586446 ], [ -1.2421324, 43.0586064 ], [ -1.2421377, 43.0585701 ], [ -1.2421043, 43.0585121 ], [ -1.2420649, 43.0584906 ], [ -1.241996, 43.0584804 ], [ -1.2419264, 43.0584765 ], [ -1.2419012, 43.0584761 ], [ -1.2417919, 43.0584605 ], [ -1.2417536, 43.0584466 ], [ -1.2416492, 43.0583832 ], [ -1.2415977, 43.0583548 ], [ -1.2415822, 43.0583442 ], [ -1.2415303, 43.0583052 ], [ -1.2415255, 43.0582881 ], [ -1.2415283, 43.0582707 ], [ -1.2415715, 43.0582302 ], [ -1.2415934, 43.0582252 ], [ -1.2416119, 43.0582257 ], [ -1.2416522, 43.0582232 ], [ -1.2417384, 43.0581968 ], [ -1.2417604, 43.0581915 ], [ -1.2418214, 43.0581788 ], [ -1.2419295, 43.0581718 ], [ -1.2419517, 43.0581677 ], [ -1.2420675, 43.0581586 ], [ -1.2421367, 43.0581544 ], [ -1.2423248, 43.058133 ], [ -1.2423691, 43.0581238 ], [ -1.2424889, 43.0580842 ], [ -1.242542, 43.0580544 ], [ -1.2426011, 43.0580262 ], [ -1.2426777, 43.0579615 ], [ -1.2427053, 43.0579368 ], [ -1.2427451, 43.0578617 ], [ -1.2427559, 43.0578091 ], [ -1.2427698, 43.0577324 ], [ -1.2427836, 43.0576525 ], [ -1.2427881, 43.0576013 ], [ -1.2427901, 43.0575837 ], [ -1.2428006, 43.0575354 ], [ -1.2428147, 43.0574704 ], [ -1.2428279, 43.0574069 ], [ -1.2428415, 43.0573424 ], [ -1.2428449, 43.0573274 ], [ -1.2428531, 43.0572738 ], [ -1.2428657, 43.0572133 ], [ -1.2428731, 43.0571816 ], [ -1.2428794, 43.0571493 ], [ -1.2428883, 43.0570895 ], [ -1.2428944, 43.0570589 ], [ -1.2429018, 43.0570301 ], [ -1.2429096, 43.0569698 ], [ -1.2429121, 43.0569542 ], [ -1.2429197, 43.0569089 ], [ -1.2429352, 43.0568355 ], [ -1.2429408, 43.0567911 ], [ -1.2429371, 43.0567178 ], [ -1.2429431, 43.0566992 ], [ -1.2429552, 43.0566453 ], [ -1.2429585, 43.0566103 ], [ -1.2429597, 43.0565932 ], [ -1.2429686, 43.0565251 ], [ -1.2429743, 43.0564736 ], [ -1.2429804, 43.0564563 ], [ -1.2429963, 43.0564107 ], [ -1.2429959, 43.056393 ], [ -1.2429935, 43.0563402 ], [ -1.2429843, 43.0562744 ], [ -1.2429771, 43.056243 ], [ -1.2429731, 43.0562294 ], [ -1.2429494, 43.0561716 ], [ -1.2429425, 43.0561563 ], [ -1.2429357, 43.0560888 ], [ -1.2429471, 43.0560549 ], [ -1.2429581, 43.056039 ], [ -1.2430098, 43.0559873 ], [ -1.2430446, 43.0559696 ], [ -1.2430991, 43.0559314 ], [ -1.2431071, 43.0558829 ], [ -1.2430853, 43.055856 ], [ -1.2430372, 43.0558393 ], [ -1.2429935, 43.0558265 ], [ -1.2428989, 43.0558218 ], [ -1.2428738, 43.0558223 ], [ -1.2428026, 43.0558207 ], [ -1.2426882, 43.0558111 ], [ -1.2425746, 43.0557924 ], [ -1.24253, 43.0557834 ], [ -1.2424394, 43.055757 ], [ -1.2424179, 43.0557526 ], [ -1.2423779, 43.0557383 ], [ -1.2422887, 43.0557112 ], [ -1.2422661, 43.0557036 ], [ -1.2421154, 43.0556528 ], [ -1.2420561, 43.0556251 ], [ -1.2419349, 43.0555712 ], [ -1.2418978, 43.0555512 ], [ -1.241881, 43.0555406 ], [ -1.2418227, 43.0555078 ], [ -1.2417634, 43.0554599 ], [ -1.2417514, 43.0554457 ], [ -1.2417208, 43.0553976 ], [ -1.2417137, 43.0553436 ], [ -1.241718, 43.0553266 ], [ -1.2417268, 43.0552701 ], [ -1.2417339, 43.0551729 ], [ -1.2417369, 43.0551569 ], [ -1.2417375, 43.0550933 ], [ -1.2417335, 43.0550458 ], [ -1.241729, 43.0550094 ], [ -1.241709, 43.0549393 ], [ -1.2416177, 43.0547773 ], [ -1.2414861, 43.0546505 ], [ -1.2413789, 43.0546348 ], [ -1.2412496, 43.054636 ], [ -1.2411079, 43.0546296 ], [ -1.2409683, 43.0545967 ], [ -1.2408647, 43.0545295 ], [ -1.2408245, 43.0544945 ], [ -1.2407888, 43.054456 ], [ -1.2407509, 43.0543778 ], [ -1.2407162, 43.0543011 ], [ -1.240654, 43.0541216 ], [ -1.2406515, 43.0540999 ], [ -1.2406383, 43.0540238 ], [ -1.2406315, 43.0539815 ], [ -1.2406248, 43.053944 ], [ -1.2406261, 43.0538682 ], [ -1.2406295, 43.05385 ], [ -1.2406407, 43.0538155 ], [ -1.2406668, 43.0537463 ], [ -1.2406761, 43.0537275 ], [ -1.2407069, 43.0536601 ], [ -1.2407378, 43.053607 ], [ -1.240782, 43.0535333 ], [ -1.2408304, 43.0534353 ], [ -1.2408514, 43.0533987 ], [ -1.2409025, 43.0533115 ], [ -1.2409133, 43.0532924 ], [ -1.2409733, 43.053208 ], [ -1.2410428, 43.0530722 ], [ -1.2410497, 43.0530548 ], [ -1.2411119, 43.0529163 ], [ -1.241146, 43.0528173 ], [ -1.2411602, 43.0527648 ], [ -1.2411745, 43.0526968 ], [ -1.2411675, 43.0526219 ], [ -1.241138, 43.0525759 ], [ -1.2411024, 43.0525242 ], [ -1.2410548, 43.0524764 ], [ -1.2410423, 43.0524638 ], [ -1.2409461, 43.0524116 ], [ -1.2409246, 43.0524034 ], [ -1.2408285, 43.0523827 ], [ -1.2407848, 43.0523719 ], [ -1.2405674, 43.0523532 ], [ -1.2405153, 43.0523491 ], [ -1.2403507, 43.0523355 ], [ -1.2402678, 43.0523283 ], [ -1.240122, 43.0523134 ], [ -1.239899, 43.0522783 ], [ -1.239787, 43.0522524 ], [ -1.239687, 43.0522151 ], [ -1.23954, 43.0521123 ], [ -1.239465, 43.0520169 ], [ -1.2394274, 43.0519604 ], [ -1.2394073, 43.0519218 ], [ -1.2393885, 43.0518575 ], [ -1.2393817, 43.0518178 ], [ -1.2393728, 43.0517167 ], [ -1.2393718, 43.0516589 ], [ -1.2393654, 43.0515782 ], [ -1.2393665, 43.0515072 ], [ -1.239368, 43.0514896 ], [ -1.2393686, 43.0514016 ], [ -1.2393681, 43.0513835 ], [ -1.2394052, 43.0513166 ], [ -1.2394288, 43.0512883 ], [ -1.2394997, 43.0511726 ], [ -1.239508, 43.0511585 ], [ -1.2395509, 43.051083 ], [ -1.2395968, 43.0510041 ], [ -1.2396184, 43.0509786 ], [ -1.2396691, 43.0509072 ], [ -1.2396824, 43.0508921 ], [ -1.2397481, 43.0508041 ], [ -1.2397607, 43.0507934 ], [ -1.2398592, 43.0507216 ], [ -1.2399575, 43.0506852 ], [ -1.2399731, 43.0506743 ], [ -1.2399939, 43.0506033 ], [ -1.2399654, 43.0505654 ], [ -1.2399411, 43.0505591 ], [ -1.2399157, 43.0505554 ], [ -1.2397827, 43.0505909 ], [ -1.2397365, 43.0505974 ], [ -1.2396434, 43.0505963 ], [ -1.2396226, 43.0505937 ], [ -1.2395328, 43.0505513 ], [ -1.2395023, 43.050525 ], [ -1.2394693, 43.0504902 ], [ -1.2394516, 43.0504653 ], [ -1.2394529, 43.0504645 ], [ -1.2394529, 43.0504645 ], [ -1.2394529, 43.0504645 ], [ -1.2394529, 43.0504645 ], [ -1.2394529, 43.0504645 ], [ -1.2394529, 43.0504645 ], [ -1.2394529, 43.0504645 ], [ -1.2394529, 43.0504645 ], [ -1.2394529, 43.0504645 ], [ -1.2394529, 43.0504645 ], [ -1.2394529, 43.0504645 ], [ -1.2394529, 43.0504645 ], [ -1.2394529, 43.0504645 ], [ -1.2394529, 43.0504645 ], [ -1.2394529, 43.0504645 ], [ -1.2394529, 43.0504645 ], [ -1.2394529, 43.0504645 ], [ -1.2394529, 43.0504645 ], [ -1.2394529, 43.0504645 ], [ -1.2394529, 43.0504645 ], [ -1.2394529, 43.0504645 ], [ -1.2394529, 43.0504645 ], [ -1.2394529, 43.0504645 ], [ -1.2394529, 43.0504645 ], [ -1.2394529, 43.0504645 ], [ -1.2394529, 43.0504645 ], [ -1.2394529, 43.0504645 ], [ -1.2394529, 43.0504645 ], [ -1.2394529, 43.0504645 ], [ -1.2394529, 43.0504645 ], [ -1.2394529, 43.0504645 ], [ -1.2394529, 43.0504645 ], [ -1.2394529, 43.0504645 ], [ -1.2394529, 43.0504645 ], [ -1.2394529, 43.0504645 ], [ -1.2394529, 43.0504645 ], [ -1.2394529, 43.0504645 ], [ -1.2394529, 43.0504645 ], [ -1.2394529, 43.0504645 ], [ -1.2394327, 43.0504548 ], [ -1.2394053, 43.0504036 ], [ -1.2393935, 43.0503759 ], [ -1.2393827, 43.0503458 ], [ -1.2393468, 43.0502928 ], [ -1.2393277, 43.0502685 ], [ -1.2393127, 43.05024 ], [ -1.2393084, 43.0502265 ], [ -1.2392692, 43.0501774 ], [ -1.2392619, 43.050164 ], [ -1.2392378, 43.0501267 ], [ -1.2392064, 43.0500714 ], [ -1.2391951, 43.0500418 ], [ -1.2391644, 43.0499863 ], [ -1.2391522, 43.0499573 ], [ -1.2391467, 43.0499406 ], [ -1.2391273, 43.0498871 ], [ -1.2391294, 43.0498827 ], [ -1.2391293, 43.0498827 ], [ -1.2391293, 43.0498827 ], [ -1.2391293, 43.0498827 ], [ -1.2391293, 43.0498827 ], [ -1.2391293, 43.0498827 ], [ -1.2391235, 43.0498574 ], [ -1.2390773, 43.0497824 ], [ -1.2390537, 43.0497604 ], [ -1.2390317, 43.0497195 ], [ -1.2390179, 43.0496761 ], [ -1.2390132, 43.0496643 ], [ -1.2389817, 43.0495993 ], [ -1.2389726, 43.0495854 ], [ -1.2389547, 43.0495217 ], [ -1.238932, 43.0494705 ], [ -1.2389294, 43.0494284 ], [ -1.2389253, 43.0494165 ], [ -1.2389085, 43.0493466 ], [ -1.2389063, 43.0492971 ], [ -1.2389025, 43.049282 ], [ -1.2388949, 43.0492503 ], [ -1.2388926, 43.0492372 ], [ -1.2388859, 43.0491884 ], [ -1.2388822, 43.0491742 ], [ -1.2388769, 43.0491425 ], [ -1.2388754, 43.049096 ], [ -1.2388711, 43.0490484 ], [ -1.2388709, 43.0490341 ], [ -1.2388676, 43.0489835 ], [ -1.2388784, 43.0489534 ], [ -1.2388807, 43.0489384 ], [ -1.2388845, 43.0488788 ], [ -1.2388952, 43.0488659 ], [ -1.2389139, 43.0488379 ], [ -1.2389351, 43.0487723 ], [ -1.2389496, 43.0487408 ], [ -1.2389794, 43.0486944 ], [ -1.2390002, 43.0486525 ], [ -1.2390083, 43.0486372 ], [ -1.2390238, 43.0486071 ], [ -1.2390445, 43.048582 ], [ -1.2390619, 43.0485549 ], [ -1.2390687, 43.0485404 ], [ -1.2390858, 43.0484786 ], [ -1.2390902, 43.048465 ], [ -1.2391026, 43.0484363 ], [ -1.2391247, 43.0483894 ], [ -1.2391402, 43.0483616 ], [ -1.2391449, 43.048346 ], [ -1.23918, 43.0482857 ], [ -1.2391877, 43.0482751 ], [ -1.2391921, 43.0482436 ], [ -1.2392202, 43.0481994 ], [ -1.2392494, 43.0481579 ], [ -1.23927, 43.0480957 ], [ -1.239276, 43.0480801 ], [ -1.2392997, 43.0480338 ], [ -1.2393107, 43.0480187 ], [ -1.2393284, 43.04799 ], [ -1.2393344, 43.0479728 ], [ -1.2393547, 43.0479288 ], [ -1.2393908, 43.0478697 ], [ -1.2394167, 43.0478102 ], [ -1.2394386, 43.0477653 ], [ -1.2394551, 43.0477298 ], [ -1.2394654, 43.0476936 ], [ -1.2394905, 43.0476355 ], [ -1.2394942, 43.0475996 ], [ -1.2394932, 43.0475785 ], [ -1.2395246, 43.0475079 ], [ -1.2395329, 43.0474694 ], [ -1.2395366, 43.0473935 ], [ -1.2395498, 43.0473575 ], [ -1.2395692, 43.0473254 ], [ -1.2396106, 43.0472803 ], [ -1.2396322, 43.0472684 ], [ -1.2396512, 43.0472564 ], [ -1.239709, 43.047225 ], [ -1.2397696, 43.0472051 ], [ -1.2397863, 43.0471919 ], [ -1.2398437, 43.0471615 ], [ -1.2398722, 43.0471403 ], [ -1.2398775, 43.0471275 ], [ -1.2398759, 43.0471124 ], [ -1.2398139, 43.0470614 ], [ -1.2397541, 43.046965 ], [ -1.2397011, 43.0468753 ], [ -1.2396728, 43.0467897 ], [ -1.239641, 43.0466982 ], [ -1.2396411, 43.0466628 ], [ -1.2396429, 43.0466632 ], [ -1.2396433, 43.0466608 ], [ -1.2396483, 43.0466603 ], [ -1.2396577, 43.0466505 ], [ -1.2396362, 43.0466346 ], [ -1.2395865, 43.0465997 ], [ -1.2395725, 43.0465779 ], [ -1.2395638, 43.0465633 ], [ -1.2395382, 43.0465047 ], [ -1.2395273, 43.0464302 ], [ -1.2395313, 43.0464137 ], [ -1.2395274, 43.0463783 ], [ -1.2395205, 43.0463658 ], [ -1.2394711, 43.0462871 ], [ -1.2394523, 43.0462157 ], [ -1.2394505, 43.0462 ], [ -1.2394583, 43.046173 ], [ -1.2394609, 43.0461431 ], [ -1.2394609, 43.0461432 ], [ -1.2394609, 43.0461441 ], [ -1.2394609, 43.0461432 ], [ -1.2394609, 43.0461432 ], [ -1.2394609, 43.0461432 ], [ -1.2394609, 43.0461432 ], [ -1.2394628, 43.0461522 ], [ -1.2394655, 43.0461411 ], [ -1.2394789, 43.0461355 ], [ -1.2394867, 43.0461316 ], [ -1.2395171, 43.0461254 ], [ -1.2395358, 43.0461231 ], [ -1.2395574, 43.0461221 ], [ -1.2395811, 43.0461265 ], [ -1.2396238, 43.0461311 ], [ -1.2396869, 43.0461401 ], [ -1.2397229, 43.046131 ], [ -1.2397374, 43.0461165 ], [ -1.2397636, 43.0460932 ], [ -1.2397642, 43.0460814 ], [ -1.2397544, 43.0460223 ], [ -1.2397604, 43.0460075 ], [ -1.2397898, 43.0459845 ], [ -1.2398266, 43.0459819 ], [ -1.2399338, 43.0460039 ], [ -1.2399539, 43.0460093 ], [ -1.2400814, 43.0460643 ], [ -1.2400865, 43.0460687 ], [ -1.2400865, 43.0460687 ], [ -1.2400865, 43.0460687 ], [ -1.2400889, 43.0460709 ], [ -1.2400865, 43.0460687 ], [ -1.2400865, 43.0460687 ], [ -1.2400865, 43.0460687 ], [ -1.2400865, 43.0460687 ], [ -1.2400865, 43.0460687 ], [ -1.2400865, 43.0460687 ], [ -1.2400865, 43.0460687 ], [ -1.2400865, 43.0460687 ], [ -1.2400865, 43.0460687 ], [ -1.2400865, 43.0460687 ], [ -1.2400865, 43.0460687 ], [ -1.2400748, 43.0460796 ], [ -1.2400844, 43.0460634 ], [ -1.2400815, 43.0460679 ], [ -1.2400815, 43.0460679 ], [ -1.2400815, 43.0460679 ], [ -1.2400815, 43.0460679 ], [ -1.2400815, 43.0460679 ], [ -1.2401046, 43.0460733 ], [ -1.2401059, 43.0460697 ], [ -1.2401059, 43.0460697 ], [ -1.2401179, 43.0460677 ], [ -1.2401413, 43.0460624 ], [ -1.2402453, 43.0460774 ], [ -1.2403349, 43.0461296 ], [ -1.240384, 43.0461733 ], [ -1.2404539, 43.0462479 ], [ -1.2404839, 43.0462761 ], [ -1.2405476, 43.0462997 ], [ -1.2406103, 43.0462622 ], [ -1.2406119, 43.0462474 ], [ -1.2405684, 43.0461614 ], [ -1.2405202, 43.0461028 ], [ -1.2405207, 43.0461028 ], [ -1.2405404, 43.0461018 ], [ -1.2405789, 43.0460987 ], [ -1.2406119, 43.0460893 ], [ -1.2406172, 43.0460744 ], [ -1.2406083, 43.0460693 ], [ -1.2405869, 43.0460583 ], [ -1.2405741, 43.0460433 ], [ -1.2405758, 43.0460428 ], [ -1.2405858, 43.0460402 ], [ -1.2406222, 43.0460336 ], [ -1.2406354, 43.0460303 ], [ -1.2407138, 43.0460246 ], [ -1.2408048, 43.045983 ], [ -1.2408136, 43.0459761 ], [ -1.2408704, 43.0459186 ], [ -1.2409107, 43.0458706 ], [ -1.240914, 43.0458635 ], [ -1.2409322, 43.0458501 ], [ -1.240961, 43.0458453 ], [ -1.2409748, 43.0458502 ], [ -1.2409961, 43.0458623 ], [ -1.2410325, 43.0458617 ], [ -1.2410326, 43.0458621 ], [ -1.2410337, 43.045857 ], [ -1.2410296, 43.045856 ], [ -1.2410233, 43.0458392 ], [ -1.2409968, 43.0457776 ], [ -1.240992, 43.0457728 ], [ -1.2409651, 43.0457658 ], [ -1.2409116, 43.045747 ], [ -1.2408856, 43.0457216 ], [ -1.2408869, 43.0457101 ], [ -1.2408981, 43.0456881 ], [ -1.2409069, 43.0456576 ], [ -1.2409093, 43.0456507 ], [ -1.2409122, 43.0456465 ], [ -1.2409129, 43.0456482 ], [ -1.2409129, 43.0456482 ], [ -1.2409129, 43.0456482 ], [ -1.2409098, 43.0456527 ], [ -1.2408958, 43.0456571 ], [ -1.2408772, 43.0456574 ], [ -1.2408772, 43.0456575 ], [ -1.2408772, 43.0456575 ], [ -1.2408772, 43.0456575 ], [ -1.2408772, 43.0456575 ], [ -1.2408772, 43.0456575 ], [ -1.240901, 43.0456563 ], [ -1.2409023, 43.045656 ], [ -1.2409024, 43.0456559 ], [ -1.2408849, 43.0456453 ], [ -1.240743, 43.0456056 ], [ -1.2406902, 43.045599 ], [ -1.2406306, 43.0455944 ], [ -1.2405747, 43.0455969 ], [ -1.2404837, 43.0455932 ], [ -1.2404523, 43.0455786 ], [ -1.2404388, 43.0455556 ], [ -1.2404373, 43.045531 ], [ -1.2404365, 43.045506 ], [ -1.2404011, 43.0454398 ], [ -1.2403913, 43.0454375 ], [ -1.2403765, 43.045417 ], [ -1.2403694, 43.0454122 ], [ -1.2403637, 43.0454086 ], [ -1.2403436, 43.045399 ], [ -1.2402612, 43.0453608 ], [ -1.2401552, 43.0453574 ], [ -1.2401351, 43.045358 ], [ -1.2400162, 43.045366 ], [ -1.239923, 43.045375 ], [ -1.2398865, 43.0453631 ], [ -1.2398857, 43.0453452 ], [ -1.2398944, 43.0453297 ], [ -1.2399095, 43.0452903 ], [ -1.2398732, 43.0452627 ], [ -1.2398562, 43.0452467 ], [ -1.2398717, 43.0452034 ], [ -1.239895, 43.0451835 ], [ -1.2399578, 43.0451445 ], [ -1.2399576, 43.045143 ], [ -1.2399668, 43.0451258 ], [ -1.2399682, 43.0451051 ], [ -1.2399834, 43.045079 ], [ -1.2399815, 43.0450713 ], [ -1.2399566, 43.0450413 ], [ -1.2399312, 43.0449978 ], [ -1.239927, 43.0449942 ], [ -1.239931, 43.0449572 ], [ -1.2399357, 43.0449508 ], [ -1.2399594, 43.0449301 ], [ -1.2400043, 43.0449295 ], [ -1.2400219, 43.0449399 ], [ -1.2400334, 43.0449671 ], [ -1.2400324, 43.0449738 ], [ -1.2400525, 43.0450017 ], [ -1.2400606, 43.0450016 ], [ -1.2400639, 43.0449997 ], [ -1.240073, 43.0449979 ], [ -1.2400633, 43.0449996 ], [ -1.2401051, 43.0449946 ], [ -1.2401266, 43.0449902 ], [ -1.2401424, 43.0449875 ], [ -1.2402345, 43.0449821 ], [ -1.2403062, 43.0449754 ], [ -1.2404045, 43.0449771 ], [ -1.2405231, 43.044975 ], [ -1.2405565, 43.0449809 ], [ -1.2406187, 43.0449974 ], [ -1.2406347, 43.0450094 ], [ -1.2407012, 43.0449941 ], [ -1.2407212, 43.0449884 ], [ -1.2407442, 43.0449856 ], [ -1.2407616, 43.0449608 ], [ -1.2407667, 43.0449446 ], [ -1.2407747, 43.0449283 ], [ -1.2407887, 43.0448968 ], [ -1.2408177, 43.0448964 ], [ -1.2408183, 43.0449005 ], [ -1.2408155, 43.0449027 ], [ -1.2408711, 43.044932 ], [ -1.2408999, 43.0449425 ], [ -1.2409603, 43.0449586 ], [ -1.2409845, 43.0449635 ], [ -1.2410577, 43.0449856 ], [ -1.2410744, 43.0449952 ], [ -1.2411338, 43.0450202 ], [ -1.2412031, 43.045042 ], [ -1.2412275, 43.0450534 ], [ -1.2412908, 43.0450763 ], [ -1.2412983, 43.0450784 ], [ -1.2413395, 43.0450875 ], [ -1.2413475, 43.0450881 ], [ -1.2414084, 43.0451053 ], [ -1.2414236, 43.0451123 ], [ -1.2414567, 43.0451161 ], [ -1.2414664, 43.0451223 ], [ -1.2415034, 43.0451513 ], [ -1.2415043, 43.0451529 ], [ -1.2415043, 43.0451529 ], [ -1.2415345, 43.0451442 ], [ -1.241558, 43.045154 ], [ -1.2415667, 43.045161 ], [ -1.241563, 43.0451574 ], [ -1.241558, 43.045157 ], [ -1.2415588, 43.0451566 ], [ -1.2415588, 43.0451566 ], [ -1.2415582, 43.0451559 ], [ -1.2415247, 43.0451159 ], [ -1.2415081, 43.0450967 ], [ -1.2414044, 43.0449988 ], [ -1.2413213, 43.0449456 ], [ -1.2412768, 43.0449161 ], [ -1.2412236, 43.0448721 ], [ -1.2412245, 43.0448496 ], [ -1.2412097, 43.0447918 ], [ -1.2412179, 43.0447767 ], [ -1.2412178, 43.044769 ], [ -1.2412149, 43.044755 ], [ -1.2412066, 43.0447239 ], [ -1.2412066, 43.0447239 ], [ -1.2411888, 43.0446886 ], [ -1.2411838, 43.0446692 ], [ -1.2411618, 43.0446448 ], [ -1.2411227, 43.0445655 ], [ -1.2411251, 43.0445077 ], [ -1.2411214, 43.0444727 ], [ -1.2411237, 43.0444468 ], [ -1.2411247, 43.0444034 ], [ -1.2411221, 43.0443569 ], [ -1.2411193, 43.0443365 ], [ -1.2411257, 43.0442924 ], [ -1.2411332, 43.0442531 ], [ -1.2411444, 43.044222 ], [ -1.2411495, 43.0442075 ], [ -1.2411495, 43.0442075 ], [ -1.2411495, 43.0442075 ], [ -1.2411826, 43.0441906 ], [ -1.2412005, 43.0441847 ], [ -1.2412144, 43.0441798 ], [ -1.2412421, 43.0441727 ], [ -1.2412704, 43.0441613 ], [ -1.2412802, 43.044155 ], [ -1.2413022, 43.0441515 ], [ -1.2413249, 43.0441573 ], [ -1.2413322, 43.0441653 ], [ -1.2413372, 43.0441755 ], [ -1.2413372, 43.0441741 ], [ -1.2413547, 43.0441918 ], [ -1.2414594, 43.0442817 ], [ -1.2416087, 43.0444421 ], [ -1.2416696, 43.0445067 ], [ -1.2417435, 43.0445654 ], [ -1.241773, 43.0445794 ], [ -1.2418711, 43.0446513 ], [ -1.2419002, 43.0446719 ], [ -1.2419859, 43.044767 ], [ -1.24201, 43.0447902 ], [ -1.2420919, 43.0448586 ], [ -1.2421428, 43.0449192 ], [ -1.242171, 43.0449549 ], [ -1.2422353, 43.0450104 ], [ -1.2422562, 43.0450362 ], [ -1.2423545, 43.0451101 ], [ -1.2424291, 43.0451599 ], [ -1.2424529, 43.0451938 ], [ -1.2424888, 43.0452468 ], [ -1.2425089, 43.0452486 ], [ -1.2425167, 43.0452408 ], [ -1.2425285, 43.0452194 ], [ -1.242528, 43.0452171 ], [ -1.2425842, 43.0452149 ], [ -1.2426019, 43.0452275 ], [ -1.2426235, 43.0452351 ], [ -1.2426472, 43.0452532 ], [ -1.2426868, 43.0453066 ], [ -1.242829, 43.0454493 ], [ -1.242889, 43.0455067 ], [ -1.243003, 43.0456387 ], [ -1.2430662, 43.0457132 ], [ -1.243123, 43.0457942 ], [ -1.2431894, 43.0458817 ], [ -1.2432191, 43.0459127 ], [ -1.2432465, 43.0459366 ], [ -1.2433131, 43.0460139 ], [ -1.2433138, 43.046022 ], [ -1.2433232, 43.04602 ], [ -1.2433191, 43.0460068 ], [ -1.2433129, 43.0459856 ], [ -1.2433166, 43.0459822 ], [ -1.2433109, 43.0459692 ], [ -1.2433223, 43.0459287 ], [ -1.2433334, 43.0459123 ], [ -1.2433485, 43.0458737 ], [ -1.2433639, 43.0458442 ], [ -1.2433724, 43.0458236 ], [ -1.2433752, 43.0458003 ], [ -1.2433528, 43.0457366 ], [ -1.2433378, 43.045712 ], [ -1.2433332, 43.0456584 ], [ -1.2433371, 43.045644 ], [ -1.2433394, 43.0456166 ], [ -1.243323, 43.0455757 ], [ -1.2433111, 43.0455575 ], [ -1.2432531, 43.0454333 ], [ -1.243253, 43.0454063 ], [ -1.2432482, 43.0453412 ], [ -1.243242, 43.0452635 ], [ -1.2432369, 43.0452158 ], [ -1.2432229, 43.0451638 ], [ -1.2432045, 43.0451075 ], [ -1.2431885, 43.0450494 ], [ -1.2431523, 43.0449513 ], [ -1.2430964, 43.0448167 ], [ -1.2430996, 43.0447915 ], [ -1.243102, 43.0447933 ], [ -1.2431052, 43.0447803 ], [ -1.2430989, 43.0446911 ], [ -1.2430932, 43.044666 ], [ -1.2430702, 43.0445892 ], [ -1.2430467, 43.0444842 ], [ -1.2430304, 43.0444017 ], [ -1.2430367, 43.0442833 ], [ -1.2430398, 43.0441906 ], [ -1.2430802, 43.0441115 ], [ -1.243111, 43.0440803 ], [ -1.2431409, 43.0440472 ], [ -1.2431662, 43.0440064 ], [ -1.2431893, 43.043958 ], [ -1.2432174, 43.0439119 ], [ -1.2432403, 43.0438722 ], [ -1.2432609, 43.0438307 ], [ -1.2432614, 43.0438346 ], [ -1.2432641, 43.043835 ], [ -1.2432615, 43.0438345 ], [ -1.2432631, 43.0437802 ], [ -1.2432646, 43.043747 ], [ -1.243284, 43.043677 ], [ -1.2433351, 43.0436035 ], [ -1.2433792, 43.0435832 ], [ -1.2434796, 43.0435627 ], [ -1.2435375, 43.0435422 ], [ -1.2436093, 43.043524 ], [ -1.2436804, 43.0435084 ], [ -1.2437607, 43.0434885 ], [ -1.2438395, 43.0434745 ], [ -1.2439098, 43.0434669 ], [ -1.2440502, 43.0434553 ], [ -1.244113, 43.043441 ], [ -1.244166, 43.0434141 ], [ -1.2442144, 43.0433843 ], [ -1.2442701, 43.0433619 ], [ -1.2443298, 43.0433451 ], [ -1.2443957, 43.0433259 ], [ -1.2444682, 43.0433042 ], [ -1.2445424, 43.0432831 ], [ -1.2446138, 43.0432636 ], [ -1.2447428, 43.0432274 ], [ -1.2448776, 43.0431911 ], [ -1.2449408, 43.0431823 ], [ -1.2450101, 43.0431673 ], [ -1.2451528, 43.0431258 ], [ -1.2452217, 43.0431074 ], [ -1.245293, 43.0430984 ], [ -1.245365, 43.043097 ], [ -1.2455276, 43.0430938 ], [ -1.2456089, 43.0430774 ], [ -1.24569, 43.0430518 ], [ -1.2457623, 43.0430268 ], [ -1.2458341, 43.0430048 ], [ -1.2459089, 43.0429846 ], [ -1.2460646, 43.0429424 ], [ -1.2462283, 43.0428964 ], [ -1.2463062, 43.0428753 ], [ -1.2463816, 43.0428537 ], [ -1.2464585, 43.0428327 ], [ -1.2465383, 43.0428119 ], [ -1.2466965, 43.0427695 ], [ -1.2468412, 43.0427245 ], [ -1.2469682, 43.0426886 ], [ -1.2470259, 43.0426705 ], [ -1.2472702, 43.042591 ], [ -1.2473308, 43.0425448 ], [ -1.2473247, 43.0425377 ], [ -1.2473255, 43.0425378 ], [ -1.2473255, 43.0425378 ], [ -1.2473255, 43.0425378 ], [ -1.2473309, 43.0425474 ], [ -1.2473255, 43.0425378 ], [ -1.2473255, 43.0425378 ], [ -1.2473255, 43.0425378 ], [ -1.2473255, 43.0425378 ], [ -1.2473255, 43.0425378 ], [ -1.2473255, 43.0425378 ], [ -1.2473255, 43.0425378 ], [ -1.2473255, 43.0425378 ], [ -1.2473255, 43.0425378 ], [ -1.2473255, 43.0425378 ], [ -1.2473255, 43.0425378 ], [ -1.2473255, 43.0425378 ], [ -1.2473255, 43.0425378 ], [ -1.2473255, 43.0425378 ], [ -1.2473255, 43.0425378 ], [ -1.2473255, 43.0425378 ], [ -1.2473255, 43.0425378 ], [ -1.2473255, 43.0425378 ], [ -1.2473255, 43.0425378 ], [ -1.2473255, 43.0425378 ], [ -1.2473255, 43.0425378 ], [ -1.247327, 43.0425459 ], [ -1.247318, 43.0425201 ], [ -1.2472815, 43.0424431 ], [ -1.2472569, 43.042379 ], [ -1.247301, 43.0423395 ], [ -1.2473779, 43.042281 ], [ -1.2474196, 43.0422128 ], [ -1.2474369, 43.0421652 ], [ -1.2474356, 43.0421268 ], [ -1.2474186, 43.042108 ], [ -1.2473445, 43.0420779 ], [ -1.2471368, 43.0420046 ], [ -1.2470958, 43.0419949 ], [ -1.2469214, 43.0419718 ], [ -1.2468504, 43.0419634 ], [ -1.246686, 43.0419572 ], [ -1.2465082, 43.0419529 ], [ -1.2464129, 43.0419494 ], [ -1.2463118, 43.0419468 ], [ -1.2462077, 43.041938 ], [ -1.2461081, 43.0419274 ], [ -1.2460046, 43.0419272 ], [ -1.2458995, 43.0419256 ], [ -1.2457977, 43.0419169 ], [ -1.2457, 43.0419005 ], [ -1.2455977, 43.0418841 ], [ -1.245492, 43.0418639 ], [ -1.2453794, 43.041839 ], [ -1.2452633, 43.0418106 ], [ -1.2450269, 43.0417533 ], [ -1.2449077, 43.0417205 ], [ -1.2447878, 43.0416859 ], [ -1.2445529, 43.0416163 ], [ -1.2444497, 43.0415697 ], [ -1.2443535, 43.0415185 ], [ -1.2439969, 43.0413237 ], [ -1.2438329, 43.0412415 ], [ -1.2436989, 43.0411527 ], [ -1.2435183, 43.0410201 ], [ -1.2432984, 43.0408598 ], [ -1.2431476, 43.0407469 ], [ -1.2430925, 43.0406895 ], [ -1.2430653, 43.040661 ], [ -1.242936, 43.0405522 ], [ -1.2429046, 43.0405271 ], [ -1.2426956, 43.0403412 ], [ -1.2425829, 43.0402198 ], [ -1.242513, 43.04017 ], [ -1.2422908, 43.040072 ], [ -1.2420592, 43.039967 ], [ -1.2418111, 43.0398484 ], [ -1.2415405, 43.0397078 ], [ -1.2412649, 43.0395996 ], [ -1.2410805, 43.039522 ], [ -1.2410354, 43.0394974 ], [ -1.2409392, 43.0394495 ], [ -1.2408409, 43.0393965 ], [ -1.2407886, 43.0393667 ], [ -1.2407336, 43.039334 ], [ -1.2406226, 43.0392651 ], [ -1.2405156, 43.03918 ], [ -1.2404512, 43.0391393 ], [ -1.240385, 43.0390984 ], [ -1.2401926, 43.0389807 ], [ -1.2400938, 43.038898 ], [ -1.2400577, 43.0388543 ], [ -1.2399872, 43.0387746 ], [ -1.2399203, 43.0387091 ], [ -1.2398701, 43.0386498 ], [ -1.2398406, 43.0386246 ], [ -1.2397391, 43.0385095 ], [ -1.2397138, 43.0384816 ], [ -1.2395311, 43.038297 ], [ -1.2395039, 43.0382747 ], [ -1.2394285, 43.0382031 ], [ -1.2393478, 43.0381448 ], [ -1.2392259, 43.0380457 ], [ -1.2391713, 43.038004 ], [ -1.2391159, 43.0379633 ], [ -1.2389482, 43.0378593 ], [ -1.2388048, 43.0377706 ], [ -1.2387217, 43.0377163 ], [ -1.2384903, 43.0375835 ], [ -1.238434, 43.0375556 ], [ -1.2383541, 43.0375339 ], [ -1.2382783, 43.0375097 ], [ -1.238255, 43.0374969 ], [ -1.238236, 43.0374964 ], [ -1.2382147, 43.0375031 ], [ -1.2382055, 43.0375003 ], [ -1.2382109, 43.0375025 ], [ -1.2382109, 43.0375025 ], [ -1.2382109, 43.0375025 ], [ -1.2382109, 43.0375025 ], [ -1.2382109, 43.0375025 ], [ -1.2382088, 43.0375046 ], [ -1.2381918, 43.0374988 ], [ -1.2380735, 43.0374498 ], [ -1.2380577, 43.0374421 ], [ -1.2380577, 43.0374421 ], [ -1.2380577, 43.0374421 ], [ -1.2380577, 43.0374421 ], [ -1.2380577, 43.0374421 ], [ -1.2380577, 43.0374421 ], [ -1.2380577, 43.0374421 ], [ -1.2380577, 43.0374421 ], [ -1.2380577, 43.0374421 ], [ -1.2380577, 43.0374421 ], [ -1.2380577, 43.0374421 ], [ -1.2380577, 43.0374421 ], [ -1.2380577, 43.0374421 ], [ -1.2380577, 43.0374421 ], [ -1.2380577, 43.0374421 ], [ -1.2380577, 43.0374421 ], [ -1.2380577, 43.0374421 ], [ -1.2380577, 43.0374421 ], [ -1.2380577, 43.0374421 ], [ -1.238056, 43.0374414 ], [ -1.238, 43.0374137 ], [ -1.2379633, 43.0374009 ], [ -1.237881, 43.037375 ], [ -1.2377991, 43.03735 ], [ -1.2376951, 43.0373169 ], [ -1.2375931, 43.0372972 ], [ -1.2375036, 43.0373014 ], [ -1.2374113, 43.037336 ], [ -1.2373212, 43.0374002 ], [ -1.2372779, 43.037436 ], [ -1.2372329, 43.0374749 ], [ -1.2371395, 43.0375494 ], [ -1.2370932, 43.0375837 ], [ -1.2370415, 43.037609 ], [ -1.2369846, 43.0376173 ], [ -1.2369299, 43.037634 ], [ -1.2368752, 43.037646 ], [ -1.2368372, 43.0376416 ], [ -1.2368279, 43.0376383 ], [ -1.2368281, 43.0376383 ], [ -1.2368353, 43.0376305 ], [ -1.2368272, 43.0376323 ], [ -1.2368272, 43.0376323 ], [ -1.2368272, 43.0376323 ], [ -1.2368285, 43.0376328 ], [ -1.2368216, 43.0376282 ], [ -1.2368272, 43.0376323 ], [ -1.2367398, 43.0375919 ], [ -1.2367082, 43.0375559 ], [ -1.2366888, 43.0375097 ], [ -1.236675, 43.0374527 ], [ -1.2366711, 43.0373929 ], [ -1.2366652, 43.0373331 ], [ -1.2366423, 43.0372782 ], [ -1.2366187, 43.0372248 ], [ -1.2366051, 43.0371762 ], [ -1.2365471, 43.0370931 ], [ -1.2365057, 43.037051 ], [ -1.236472, 43.0370051 ], [ -1.2364253, 43.0369584 ], [ -1.2363395, 43.0368631 ], [ -1.236295, 43.0368117 ], [ -1.2362397, 43.0367606 ], [ -1.2361803, 43.0367067 ], [ -1.2361237, 43.0366508 ], [ -1.2360833, 43.0365908 ], [ -1.2360488, 43.0365331 ], [ -1.2359953, 43.0364855 ], [ -1.2359277, 43.0364461 ], [ -1.235848, 43.0364172 ], [ -1.2357044, 43.0363545 ], [ -1.2356481, 43.0363177 ], [ -1.2355985, 43.0362784 ], [ -1.2355409, 43.0362444 ], [ -1.2354706, 43.0362163 ], [ -1.2353905, 43.0361978 ], [ -1.2353091, 43.0361836 ], [ -1.2352243, 43.0361742 ], [ -1.2351432, 43.0361656 ], [ -1.2350718, 43.0361514 ], [ -1.2350013, 43.0361354 ], [ -1.2349223, 43.0361236 ], [ -1.2349223, 43.0361236 ], [ -1.2348097, 43.0361074 ], [ -1.2347654, 43.0360964 ], [ -1.2347232, 43.0360866 ], [ -1.2346668, 43.0360861 ], [ -1.234603, 43.0360902 ], [ -1.2345303, 43.0361058 ], [ -1.2344495, 43.0361222 ], [ -1.2343747, 43.0361519 ], [ -1.2342945, 43.0361805 ], [ -1.2342176, 43.0362032 ], [ -1.2340958, 43.0362391 ], [ -1.2340345, 43.0362547 ], [ -1.2339985, 43.0362612 ], [ -1.2339472, 43.0362341 ], [ -1.233919, 43.0362248 ], [ -1.2338329, 43.0362082 ], [ -1.2337767, 43.0361957 ], [ -1.2337156, 43.0361754 ], [ -1.2336553, 43.0361498 ], [ -1.2335938, 43.0361199 ], [ -1.2335317, 43.0360876 ], [ -1.2334732, 43.0360541 ], [ -1.2334156, 43.0360292 ], [ -1.2333575, 43.0360164 ], [ -1.2332978, 43.0360047 ], [ -1.2332064, 43.0359619 ], [ -1.2331625, 43.0358935 ], [ -1.2331758, 43.0358642 ], [ -1.2331935, 43.0358359 ], [ -1.2332007, 43.0358001 ], [ -1.233202, 43.0357608 ], [ -1.2332023, 43.0357111 ], [ -1.2331922, 43.0356563 ], [ -1.2331593, 43.0356038 ], [ -1.2331219, 43.035551 ], [ -1.233046, 43.0354447 ], [ -1.2329939, 43.0353397 ], [ -1.2329676, 43.0352875 ], [ -1.2329326, 43.0352345 ], [ -1.2328645, 43.0351321 ], [ -1.2328398, 43.035082 ], [ -1.232822, 43.035033 ], [ -1.2328007, 43.0349879 ], [ -1.2327749, 43.0349465 ], [ -1.2327257, 43.0348601 ], [ -1.2326793, 43.034785 ], [ -1.2326102, 43.0347264 ], [ -1.2325227, 43.0346689 ], [ -1.2324665, 43.0346426 ], [ -1.2324053, 43.0346213 ], [ -1.2323393, 43.0346097 ], [ -1.2322758, 43.0345966 ], [ -1.2320906, 43.0345504 ], [ -1.2320239, 43.0345409 ], [ -1.2319604, 43.0345248 ], [ -1.2318979, 43.0345119 ], [ -1.2318301, 43.0345028 ], [ -1.2317617, 43.0344896 ], [ -1.2315682, 43.0344382 ], [ -1.2314269, 43.0344134 ], [ -1.2313022, 43.0344044 ], [ -1.2312473, 43.0344136 ], [ -1.2311913, 43.0344156 ], [ -1.2310742, 43.0344032 ], [ -1.2310184, 43.0343916 ], [ -1.2309634, 43.0343726 ], [ -1.2308521, 43.034371 ], [ -1.2307968, 43.0343734 ], [ -1.2306955, 43.0343686 ], [ -1.2305786, 43.0343673 ], [ -1.2305253, 43.0343572 ], [ -1.2304739, 43.0343462 ], [ -1.230384, 43.0343318 ], [ -1.2302729, 43.0343281 ], [ -1.2301542, 43.0343667 ], [ -1.2300262, 43.0343937 ], [ -1.2298796, 43.0343896 ], [ -1.2298024, 43.0343914 ], [ -1.2297248, 43.0343901 ], [ -1.2296454, 43.034389 ], [ -1.229481, 43.0343959 ], [ -1.2293877, 43.0344018 ], [ -1.2292063, 43.0344275 ], [ -1.2290377, 43.0344569 ], [ -1.2288873, 43.0344966 ], [ -1.2287537, 43.0345448 ], [ -1.2286455, 43.0345858 ], [ -1.2285498, 43.0346284 ], [ -1.2285029, 43.0346582 ], [ -1.228447, 43.0346879 ], [ -1.2283863, 43.0347113 ], [ -1.2283279, 43.0347305 ], [ -1.2282727, 43.0347573 ], [ -1.2282167, 43.0347897 ], [ -1.2281554, 43.034819 ], [ -1.2280303, 43.0348844 ], [ -1.227907, 43.0349387 ], [ -1.2278509, 43.03496 ], [ -1.2277569, 43.0350056 ], [ -1.2276668, 43.0350458 ], [ -1.2276642, 43.0350428 ], [ -1.2276681, 43.0350439 ], [ -1.2276057, 43.0350562 ], [ -1.2275684, 43.0350617 ], [ -1.2274671, 43.0350684 ], [ -1.2273991, 43.0350747 ], [ -1.2273201, 43.0350873 ], [ -1.2272274, 43.0350986 ], [ -1.227139, 43.035105 ], [ -1.2270573, 43.0351167 ], [ -1.2269804, 43.0351361 ], [ -1.22691, 43.0351486 ], [ -1.2268389, 43.0351511 ], [ -1.2267637, 43.0351458 ], [ -1.2266795, 43.0351375 ], [ -1.2265796, 43.0351319 ], [ -1.2264802, 43.0351229 ], [ -1.226385, 43.0351052 ], [ -1.2262885, 43.0350765 ], [ -1.2261943, 43.0350523 ], [ -1.2260004, 43.0350029 ], [ -1.2258256, 43.0349344 ], [ -1.22573, 43.034911 ], [ -1.2256368, 43.0348939 ], [ -1.2255399, 43.0348765 ], [ -1.2254453, 43.0348588 ], [ -1.2253561, 43.0348491 ], [ -1.2252758, 43.03485 ], [ -1.2252044, 43.0348581 ], [ -1.2250849, 43.0348926 ], [ -1.2250434, 43.034913 ], [ -1.2250067, 43.0349314 ], [ -1.2248536, 43.0349983 ], [ -1.2248223, 43.0350014 ], [ -1.2247756, 43.0349855 ], [ -1.2246627, 43.0349221 ], [ -1.224617, 43.034833 ], [ -1.2245594, 43.0346611 ], [ -1.2245297, 43.0345444 ], [ -1.224521, 43.0343869 ], [ -1.2245162, 43.0343909 ], [ -1.2245163, 43.0343909 ], [ -1.2245163, 43.0343909 ], [ -1.2245163, 43.0343909 ], [ -1.2245163, 43.0343909 ], [ -1.2245163, 43.0343909 ], [ -1.2245163, 43.0343909 ], [ -1.2245163, 43.0343909 ], [ -1.2245163, 43.0343909 ], [ -1.2245163, 43.0343909 ], [ -1.2245163, 43.0343909 ], [ -1.2245163, 43.0343909 ], [ -1.2245163, 43.0343909 ], [ -1.2245163, 43.0343909 ], [ -1.2245163, 43.0343909 ], [ -1.2245163, 43.0343909 ], [ -1.2245163, 43.0343909 ], [ -1.2245163, 43.0343909 ], [ -1.2245163, 43.0343909 ], [ -1.2245235, 43.0343879 ], [ -1.2245167, 43.0343766 ], [ -1.2244844, 43.0342608 ], [ -1.2244526, 43.0340881 ], [ -1.2245103, 43.0339934 ], [ -1.2245469, 43.0339556 ], [ -1.2245884, 43.0339112 ], [ -1.2246254, 43.0338591 ], [ -1.2246531, 43.0337971 ], [ -1.224663, 43.0337339 ], [ -1.2246997, 43.0335977 ], [ -1.2247424, 43.0335178 ], [ -1.2247709, 43.0334617 ], [ -1.2248091, 43.0333646 ], [ -1.224824, 43.0333322 ], [ -1.2248328, 43.0332994 ], [ -1.2248535, 43.0332293 ], [ -1.2248621, 43.0331944 ], [ -1.2249186, 43.0330615 ], [ -1.2249487, 43.0330003 ], [ -1.2249644, 43.0329696 ], [ -1.2250224, 43.0328525 ], [ -1.2250679, 43.0327679 ], [ -1.2250966, 43.0327163 ], [ -1.2251188, 43.0326589 ], [ -1.225147, 43.032602 ], [ -1.2252025, 43.0324806 ], [ -1.2252283, 43.0323925 ], [ -1.2252548, 43.0322991 ], [ -1.2252996, 43.0321469 ], [ -1.2253299, 43.0319586 ], [ -1.2253372, 43.0319243 ], [ -1.2253446, 43.0318892 ], [ -1.225355, 43.0316383 ], [ -1.2253513, 43.0313625 ], [ -1.2253548, 43.0312147 ], [ -1.2253275, 43.0310717 ], [ -1.2253148, 43.0310241 ], [ -1.2252598, 43.0307876 ], [ -1.2252255, 43.0307001 ], [ -1.2251755, 43.0306151 ], [ -1.2251384, 43.0305746 ], [ -1.225094, 43.0305304 ], [ -1.2250027, 43.0304315 ], [ -1.2249584, 43.0303789 ], [ -1.2249338, 43.0303311 ], [ -1.2249026, 43.0302404 ], [ -1.2248689, 43.0301634 ], [ -1.2248497, 43.0301284 ], [ -1.2248214, 43.0299682 ], [ -1.2248241, 43.0299344 ], [ -1.2248304, 43.0297123 ], [ -1.2248061, 43.0294243 ], [ -1.2247991, 43.0293752 ], [ -1.2247901, 43.0291093 ], [ -1.2247379, 43.0287653 ], [ -1.2246814, 43.0284219 ], [ -1.2246875, 43.0283672 ], [ -1.2247268, 43.0282009 ], [ -1.2247482, 43.0281426 ], [ -1.2247663, 43.028081 ], [ -1.2247727, 43.0280156 ], [ -1.2247732, 43.0279477 ], [ -1.2247525, 43.0278021 ], [ -1.2247463, 43.027728 ], [ -1.224758, 43.0275807 ], [ -1.2247738, 43.027444 ], [ -1.2248256, 43.0271681 ], [ -1.224842, 43.027122 ], [ -1.2249202, 43.0269595 ], [ -1.2249415, 43.0269238 ], [ -1.2250079, 43.0268257 ], [ -1.2250322, 43.0267943 ], [ -1.2250752, 43.0267314 ], [ -1.2251107, 43.026664 ], [ -1.2252027, 43.0265581 ], [ -1.2252213, 43.0265332 ], [ -1.2252466, 43.0264836 ], [ -1.2253011, 43.0263931 ], [ -1.2253518, 43.0263255 ], [ -1.2253653, 43.0262977 ], [ -1.2253765, 43.0262455 ], [ -1.2253829, 43.0261707 ], [ -1.2253794, 43.0260865 ], [ -1.2253644, 43.0260383 ], [ -1.2253481, 43.0259269 ], [ -1.2253485, 43.0259065 ], [ -1.2253401, 43.0257951 ], [ -1.2253215, 43.0257354 ], [ -1.2253034, 43.0256014 ], [ -1.2253001, 43.0255812 ], [ -1.225274, 43.0254414 ], [ -1.2252307, 43.0252009 ], [ -1.2251086, 43.0250349 ], [ -1.2249295, 43.0248627 ], [ -1.2247421, 43.0246685 ], [ -1.2247198, 43.0246265 ], [ -1.2247004, 43.024581 ], [ -1.2246663, 43.0244904 ], [ -1.2246551, 43.0243939 ], [ -1.224675, 43.0243061 ], [ -1.224733, 43.0241794 ], [ -1.2248068, 43.0241031 ], [ -1.2249654, 43.0240165 ], [ -1.2250155, 43.0239899 ], [ -1.2253695, 43.0237707 ], [ -1.2257027, 43.0234762 ], [ -1.2257422, 43.0234277 ], [ -1.2259161, 43.0231738 ], [ -1.225947, 43.0231155 ], [ -1.2260128, 43.0229912 ], [ -1.2260783, 43.0228507 ], [ -1.2261114, 43.0227729 ], [ -1.2261403, 43.022692 ], [ -1.226184, 43.0225144 ], [ -1.2262075, 43.0223351 ], [ -1.2261796, 43.0221834 ], [ -1.2261533, 43.0221216 ], [ -1.2260793, 43.0220105 ], [ -1.2260504, 43.0219791 ], [ -1.2260503, 43.0219791 ], [ -1.2260503, 43.0219791 ], [ -1.2260503, 43.0219791 ], [ -1.2260503, 43.0219791 ], [ -1.2260513, 43.0219796 ], [ -1.2260492, 43.0219725 ], [ -1.2260503, 43.0219791 ], [ -1.2260191, 43.02197 ], [ -1.2260205, 43.0219735 ], [ -1.2260301, 43.0219781 ], [ -1.2260449, 43.0219724 ], [ -1.2260227, 43.0219612 ], [ -1.226019, 43.0219629 ], [ -1.2260206, 43.0219622 ], [ -1.2260206, 43.0219622 ], [ -1.2260206, 43.0219622 ], [ -1.2260167, 43.0219633 ], [ -1.2259626, 43.0219128 ], [ -1.2259331, 43.0218909 ], [ -1.2258885, 43.0218656 ], [ -1.2258384, 43.021832 ], [ -1.2257807, 43.0217937 ], [ -1.2257232, 43.0217483 ], [ -1.2256666, 43.0216926 ], [ -1.2256094, 43.0216306 ], [ -1.2255477, 43.0215614 ], [ -1.2254819, 43.021486 ], [ -1.2254087, 43.0214035 ], [ -1.2253323, 43.0213157 ], [ -1.2252492, 43.0212275 ], [ -1.2251591, 43.0211404 ], [ -1.2250744, 43.0210534 ], [ -1.2250071, 43.0209559 ], [ -1.2249611, 43.0208534 ], [ -1.2249394, 43.020751 ], [ -1.2249424, 43.0206481 ], [ -1.2249653, 43.0205557 ], [ -1.2250753, 43.0203317 ], [ -1.2251097, 43.0202656 ], [ -1.2251665, 43.020145 ], [ -1.2252643, 43.0199145 ], [ -1.2252877, 43.0198522 ], [ -1.2253242, 43.0197255 ], [ -1.225387, 43.0195346 ], [ -1.2254548, 43.0193338 ], [ -1.2255025, 43.0192202 ], [ -1.2255318, 43.0191416 ], [ -1.225531, 43.0191434 ], [ -1.225531, 43.0191434 ], [ -1.225531, 43.0191434 ], [ -1.225531, 43.0191434 ], [ -1.225531, 43.0191434 ], [ -1.225531, 43.0191434 ], [ -1.225531, 43.0191434 ], [ -1.225531, 43.0191434 ], [ -1.225531, 43.0191434 ], [ -1.225531, 43.0191434 ], [ -1.225531, 43.0191434 ], [ -1.225531, 43.0191434 ], [ -1.225531, 43.0191434 ], [ -1.225532, 43.0191294 ], [ -1.225535, 43.0191073 ], [ -1.2255665, 43.0190214 ], [ -1.2255788, 43.0189892 ], [ -1.2255865, 43.0189522 ], [ -1.2256017, 43.0188674 ], [ -1.2256331, 43.01877 ], [ -1.2256675, 43.0186594 ], [ -1.2256983, 43.0185489 ], [ -1.2257163, 43.0184964 ], [ -1.2257535, 43.018385 ], [ -1.2257857, 43.0182668 ], [ -1.2258069, 43.0181754 ], [ -1.2258017, 43.0180743 ], [ -1.2258007, 43.0180539 ], [ -1.2257947, 43.0180496 ], [ -1.2257764, 43.0179891 ], [ -1.2257698, 43.0179483 ], [ -1.2257569, 43.0178572 ], [ -1.2257306, 43.0177413 ], [ -1.225707, 43.0176717 ], [ -1.2256801, 43.0175964 ], [ -1.225652, 43.0175149 ], [ -1.2256134, 43.0174308 ], [ -1.2255789, 43.017344 ], [ -1.2255621, 43.017256 ], [ -1.2255497, 43.017165 ], [ -1.2255502, 43.0170768 ], [ -1.2255662, 43.0169936 ], [ -1.225591, 43.0169063 ], [ -1.2256174, 43.0168178 ], [ -1.2256438, 43.0167425 ], [ -1.2256703, 43.0166115 ], [ -1.2256622, 43.0165569 ], [ -1.2256438, 43.0165113 ], [ -1.2256179, 43.0164731 ], [ -1.2255861, 43.0164349 ], [ -1.2255497, 43.0164023 ], [ -1.2254651, 43.0163572 ], [ -1.2254152, 43.0163393 ], [ -1.2253081, 43.0163063 ], [ -1.2252092, 43.0162854 ], [ -1.2250756, 43.0162681 ], [ -1.2250049, 43.016252 ], [ -1.2249247, 43.0162269 ], [ -1.2248584, 43.0161889 ], [ -1.2248135, 43.0161531 ], [ -1.2247826, 43.0161261 ], [ -1.2247722, 43.0160934 ], [ -1.2247818, 43.0160516 ], [ -1.2248117, 43.0160007 ], [ -1.2248468, 43.0159421 ], [ -1.2248831, 43.0158709 ], [ -1.2249169, 43.0157915 ], [ -1.2249393, 43.0157117 ], [ -1.2249581, 43.0156329 ], [ -1.2249589, 43.0155506 ], [ -1.2249328, 43.0153874 ], [ -1.2249115, 43.0153106 ], [ -1.2248359, 43.0151844 ], [ -1.2248157, 43.0151241 ], [ -1.2248206, 43.0150681 ], [ -1.2248074, 43.0149499 ], [ -1.2247903, 43.0148925 ], [ -1.2246715, 43.0146516 ], [ -1.2246132, 43.0145193 ], [ -1.2245893, 43.0144129 ], [ -1.2245759, 43.014355 ], [ -1.2245392, 43.0142188 ], [ -1.2245052, 43.0140852 ], [ -1.2245205, 43.0140344 ], [ -1.2245615, 43.013984 ], [ -1.2246036, 43.0139303 ], [ -1.2246458, 43.0138631 ], [ -1.2246798, 43.013786 ], [ -1.2247084, 43.0137032 ], [ -1.2247675, 43.0135568 ], [ -1.2248363, 43.0134292 ], [ -1.2250219, 43.0131766 ], [ -1.2250674, 43.0131155 ], [ -1.2252149, 43.0129171 ], [ -1.2252456, 43.0128813 ], [ -1.2253436, 43.0127441 ], [ -1.2253926, 43.01265 ], [ -1.225385, 43.0125056 ], [ -1.2253623, 43.0124684 ], [ -1.2252193, 43.0123446 ], [ -1.2251232, 43.0123269 ], [ -1.2250677, 43.0123123 ], [ -1.2250009, 43.0122988 ], [ -1.2249383, 43.0122828 ], [ -1.2248179, 43.012238 ], [ -1.2247567, 43.0122152 ], [ -1.2247013, 43.0121897 ], [ -1.2246625, 43.0121566 ], [ -1.2246121, 43.0121239 ], [ -1.2245527, 43.0121003 ], [ -1.2244812, 43.0120877 ], [ -1.2244127, 43.0120798 ], [ -1.22429, 43.0120731 ], [ -1.2242381, 43.0120669 ], [ -1.224129, 43.0120432 ], [ -1.22406, 43.0120352 ], [ -1.2239903, 43.0120241 ], [ -1.2239165, 43.0120175 ], [ -1.2238341, 43.0120167 ], [ -1.2237476, 43.012021 ], [ -1.223662, 43.0120199 ], [ -1.2234717, 43.0120095 ], [ -1.2233706, 43.0120009 ], [ -1.2231954, 43.0119865 ], [ -1.2229146, 43.0119595 ], [ -1.2228581, 43.0119536 ], [ -1.2226634, 43.0119188 ], [ -1.2226092, 43.0119028 ], [ -1.2225127, 43.0118609 ], [ -1.2224649, 43.011836 ], [ -1.2223099, 43.0117447 ], [ -1.2223817, 43.0116448 ], [ -1.2224251, 43.0116313 ], [ -1.2225056, 43.0115936 ], [ -1.2226043, 43.0115334 ], [ -1.2226358, 43.0115138 ], [ -1.2227653, 43.0114164 ], [ -1.222793, 43.0113875 ], [ -1.2228514, 43.0113334 ], [ -1.222908, 43.0112787 ], [ -1.2229649, 43.0112206 ], [ -1.2230264, 43.0111642 ], [ -1.2231602, 43.0110385 ], [ -1.2232937, 43.0109357 ], [ -1.2233285, 43.0109077 ], [ -1.2234993, 43.0108252 ], [ -1.2235906, 43.0107881 ], [ -1.2238265, 43.0106708 ], [ -1.2239189, 43.0106319 ], [ -1.2242102, 43.0104945 ], [ -1.2242206, 43.0104941 ], [ -1.2242206, 43.0104941 ], [ -1.2242206, 43.0104941 ], [ -1.2242206, 43.0104941 ], [ -1.2242206, 43.0104941 ], [ -1.2242206, 43.0104941 ], [ -1.2242206, 43.0104941 ], [ -1.2242206, 43.0104941 ], [ -1.2242206, 43.0104941 ], [ -1.2242206, 43.0104941 ], [ -1.2242206, 43.0104941 ], [ -1.2242206, 43.0104941 ], [ -1.2242206, 43.0104941 ], [ -1.2242206, 43.0104941 ], [ -1.2242206, 43.0104941 ], [ -1.2242206, 43.0104941 ], [ -1.2242206, 43.0104941 ], [ -1.2242206, 43.0104941 ], [ -1.2242206, 43.0104941 ], [ -1.2242206, 43.0104941 ], [ -1.2242206, 43.0104941 ], [ -1.2242206, 43.0104941 ], [ -1.2242206, 43.0104941 ], [ -1.2242285, 43.0104815 ], [ -1.2242293, 43.0104809 ], [ -1.2242518, 43.0104607 ], [ -1.2243956, 43.0103902 ], [ -1.2244953, 43.0103335 ], [ -1.2245964, 43.0102472 ], [ -1.2246926, 43.0101509 ], [ -1.2248076, 43.0100719 ], [ -1.2248668, 43.0100429 ], [ -1.2250192, 43.0099343 ], [ -1.2250855, 43.009848 ], [ -1.2251107, 43.009753 ], [ -1.2250899, 43.0096622 ], [ -1.2249376, 43.0094634 ], [ -1.2248577, 43.0093581 ], [ -1.2248117, 43.0092482 ], [ -1.224786, 43.0092077 ], [ -1.2247437, 43.0090919 ], [ -1.2247313, 43.0090583 ], [ -1.2246844, 43.0088496 ], [ -1.2246644, 43.0087804 ], [ -1.2246406, 43.008624 ], [ -1.2245816, 43.008304 ], [ -1.2244816, 43.0080913 ], [ -1.2244558, 43.0080552 ], [ -1.2244386, 43.008019 ], [ -1.2244282, 43.0079806 ], [ -1.2243696, 43.0078562 ], [ -1.224355, 43.00781 ], [ -1.2243367, 43.0076854 ], [ -1.2243465, 43.0076038 ], [ -1.2243404, 43.0075054 ], [ -1.2243207, 43.0073941 ], [ -1.2242959, 43.0072754 ], [ -1.2242975, 43.0071516 ], [ -1.2242902, 43.0070267 ], [ -1.2242725, 43.0069015 ], [ -1.2242459, 43.0067789 ], [ -1.224208, 43.0066564 ], [ -1.2240721, 43.0063426 ], [ -1.2240352, 43.006245 ], [ -1.2239435, 43.0060712 ], [ -1.2239035, 43.0059912 ], [ -1.2238087, 43.0057534 ], [ -1.2236967, 43.0055131 ], [ -1.2236154, 43.0053335 ], [ -1.2235703, 43.0052355 ], [ -1.2235291, 43.0051353 ], [ -1.2234926, 43.0050323 ], [ -1.2234611, 43.0049293 ], [ -1.2234331, 43.0048323 ], [ -1.2234029, 43.0047396 ], [ -1.2233683, 43.0046542 ], [ -1.2233339, 43.0045772 ], [ -1.2233017, 43.0045085 ], [ -1.2232473, 43.0043932 ], [ -1.2232386, 43.0043419 ], [ -1.2233194, 43.0042596 ], [ -1.2234864, 43.0042563 ], [ -1.2236309, 43.0043265 ], [ -1.2236804, 43.0043791 ], [ -1.2237745, 43.004483 ], [ -1.2238863, 43.0046001 ], [ -1.2239989, 43.0047184 ], [ -1.2241309, 43.0048367 ], [ -1.2241947, 43.0048956 ], [ -1.2243144, 43.0050122 ], [ -1.2245593, 43.0052515 ], [ -1.2246136, 43.0053172 ], [ -1.2246621, 43.00538 ], [ -1.2247056, 43.0054444 ], [ -1.2247884, 43.0055905 ], [ -1.224887, 43.0058251 ], [ -1.2250122, 43.0060843 ], [ -1.2251302, 43.0064482 ], [ -1.2251856, 43.0066285 ], [ -1.2252369, 43.00682 ], [ -1.2253006, 43.0070089 ], [ -1.2253884, 43.0071889 ], [ -1.2255559, 43.0074365 ], [ -1.2258154, 43.0078924 ], [ -1.2258929, 43.0081969 ], [ -1.2258867, 43.0082835 ], [ -1.2258756, 43.0083839 ], [ -1.2258578, 43.0084899 ], [ -1.2258423, 43.0085937 ], [ -1.2258476, 43.0086953 ], [ -1.2259595, 43.0088752 ], [ -1.2261579, 43.0090229 ], [ -1.2262717, 43.0090992 ], [ -1.2263833, 43.0091646 ], [ -1.2264913, 43.0092159 ], [ -1.2266023, 43.0092476 ], [ -1.2267103, 43.0092615 ], [ -1.2269116, 43.0092764 ], [ -1.2270131, 43.0092806 ], [ -1.2271859, 43.0093058 ], [ -1.2272434, 43.0093204 ], [ -1.2272697, 43.0093453 ], [ -1.2272644, 43.009368 ], [ -1.2272674, 43.0094025 ], [ -1.2272634, 43.0094066 ], [ -1.2272674, 43.0094025 ], [ -1.2272674, 43.0094025 ], [ -1.2272674, 43.0094025 ], [ -1.2272674, 43.0094025 ], [ -1.2272674, 43.0094025 ], [ -1.2272674, 43.0094025 ], [ -1.2272674, 43.0094025 ], [ -1.2272674, 43.0094025 ], [ -1.2272674, 43.0094025 ], [ -1.2272716, 43.0093959 ], [ -1.2272674, 43.0094025 ], [ -1.2272674, 43.0094025 ], [ -1.2272674, 43.0094025 ], [ -1.2272677, 43.0093588 ], [ -1.2272737, 43.0093459 ], [ -1.2272882, 43.0093251 ], [ -1.2273057, 43.0093163 ], [ -1.2273467, 43.0093114 ], [ -1.2273452, 43.0093188 ], [ -1.2273452, 43.0093188 ], [ -1.2273565, 43.0093357 ], [ -1.2273496, 43.0093262 ], [ -1.2273539, 43.0093371 ], [ -1.2273539, 43.0093371 ], [ -1.2273539, 43.0093371 ], [ -1.2273539, 43.0093371 ], [ -1.2273539, 43.0093371 ], [ -1.2273539, 43.0093371 ], [ -1.2273539, 43.0093371 ], [ -1.2273539, 43.0093371 ], [ -1.2273422, 43.0093169 ], [ -1.2273422, 43.0093169 ], [ -1.2273422, 43.0093169 ], [ -1.2273422, 43.0093169 ], [ -1.2273432, 43.0093155 ], [ -1.2273524, 43.0093178 ], [ -1.2273422, 43.0093169 ], [ -1.2273662, 43.0093278 ], [ -1.2274823, 43.0094044 ], [ -1.2276391, 43.0094584 ], [ -1.227765, 43.0094988 ], [ -1.2278909, 43.0095376 ], [ -1.2281629, 43.0096137 ], [ -1.2283334, 43.0096986 ], [ -1.2284701, 43.0097605 ], [ -1.2288285, 43.0099183 ], [ -1.2289786, 43.0099544 ], [ -1.2290415, 43.0099918 ], [ -1.2291755, 43.0100823 ], [ -1.2292602, 43.010108 ], [ -1.2293467, 43.0101087 ], [ -1.2294314, 43.0101094 ], [ -1.229502, 43.0101359 ], [ -1.2295479, 43.0101774 ], [ -1.2296616, 43.0102964 ], [ -1.2296929, 43.0103798 ], [ -1.2297044, 43.010468 ], [ -1.2297327, 43.0105933 ], [ -1.2297577, 43.0106767 ], [ -1.2298977, 43.0108246 ], [ -1.2299479, 43.0108333 ], [ -1.2300013, 43.0108411 ], [ -1.2301734, 43.0108696 ], [ -1.2302284, 43.0108828 ], [ -1.2302778, 43.0108942 ], [ -1.2303513, 43.010907 ], [ -1.2303579, 43.0109122 ], [ -1.23035, 43.0109082 ], [ -1.2303266, 43.0109024 ], [ -1.2303206, 43.010902 ], [ -1.2303254, 43.0108988 ], [ -1.2303206, 43.010902 ], [ -1.2303403, 43.0108979 ], [ -1.2303993, 43.0109027 ], [ -1.2305243, 43.010902 ], [ -1.2306179, 43.0109075 ], [ -1.2307693, 43.0109226 ], [ -1.2308665, 43.0109416 ], [ -1.2310147, 43.0109502 ], [ -1.2310636, 43.0109528 ], [ -1.2312131, 43.0109707 ], [ -1.2313514, 43.0110016 ], [ -1.231433, 43.0110232 ], [ -1.2315721, 43.0110605 ], [ -1.2316713, 43.0110846 ], [ -1.2317154, 43.0110963 ], [ -1.231868, 43.0111064 ], [ -1.2319648, 43.0111145 ], [ -1.2320082, 43.0111203 ], [ -1.2321489, 43.0111204 ], [ -1.2322459, 43.0111227 ], [ -1.2322932, 43.0111268 ], [ -1.2323869, 43.0111311 ], [ -1.2324364, 43.0111351 ], [ -1.2325304, 43.0111376 ], [ -1.2325743, 43.0111371 ], [ -1.2326749, 43.011135 ], [ -1.2328218, 43.0111302 ], [ -1.2329563, 43.0111285 ], [ -1.2331082, 43.0111471 ], [ -1.2332606, 43.0111645 ], [ -1.2335248, 43.0111626 ], [ -1.2336333, 43.0111619 ], [ -1.2336908, 43.0111619 ], [ -1.233983, 43.0111516 ], [ -1.233983, 43.0111516 ], [ -1.2344606, 43.0111245 ], [ -1.2345995, 43.0111218 ], [ -1.2349309, 43.0111243 ], [ -1.2350711, 43.0111199 ], [ -1.2353707, 43.0111122 ], [ -1.2354433, 43.0111059 ], [ -1.2356638, 43.0110823 ], [ -1.2359664, 43.0110569 ], [ -1.2360368, 43.0110448 ], [ -1.2362485, 43.0110074 ], [ -1.2363247, 43.0109968 ], [ -1.2364746, 43.0109783 ], [ -1.2365517, 43.0109723 ], [ -1.2366262, 43.0109747 ], [ -1.2367779, 43.0109905 ], [ -1.2368633, 43.0110122 ], [ -1.2370481, 43.0110724 ], [ -1.2372511, 43.0111255 ], [ -1.2374704, 43.0111343 ], [ -1.2376807, 43.011112 ], [ -1.2381452, 43.0110825 ], [ -1.2384505, 43.0110828 ], [ -1.238567, 43.0110802 ], [ -1.2386866, 43.011076 ], [ -1.2388099, 43.0110631 ], [ -1.238927, 43.0110445 ], [ -1.2390395, 43.0110139 ], [ -1.2391502, 43.0109772 ], [ -1.2392653, 43.0109393 ], [ -1.2394695, 43.0108418 ], [ -1.2395421, 43.0107763 ], [ -1.2395995, 43.0107002 ], [ -1.2396738, 43.0105336 ], [ -1.2396826, 43.0104479 ], [ -1.2396614, 43.0103627 ], [ -1.2396375, 43.0102809 ], [ -1.2396251, 43.0101994 ], [ -1.2396607, 43.0100597 ], [ -1.239712, 43.010001 ], [ -1.2397734, 43.0099491 ], [ -1.2398331, 43.0098995 ], [ -1.2398997, 43.0098581 ], [ -1.2400457, 43.0098007 ], [ -1.2401191, 43.0097941 ], [ -1.2401908, 43.0097981 ], [ -1.2402656, 43.0098065 ], [ -1.2403379, 43.0098232 ], [ -1.2404054, 43.0098475 ], [ -1.2404699, 43.0098724 ], [ -1.2407349, 43.0099828 ], [ -1.2407956, 43.0100128 ], [ -1.2409102, 43.010078 ], [ -1.2409595, 43.0101151 ], [ -1.2410561, 43.0102027 ], [ -1.2411072, 43.0102482 ], [ -1.2413873, 43.0105435 ], [ -1.2414463, 43.010579 ], [ -1.2415157, 43.0106081 ], [ -1.2417183, 43.0106725 ], [ -1.241802, 43.010673 ], [ -1.2418826, 43.0106658 ], [ -1.2420452, 43.0106459 ], [ -1.2425405, 43.0105916 ], [ -1.2426115, 43.010577 ], [ -1.2426777, 43.0105674 ], [ -1.2428679, 43.0105542 ], [ -1.2429255, 43.0105636 ], [ -1.2429824, 43.0105772 ], [ -1.2431023, 43.0105945 ], [ -1.2432236, 43.0105984 ], [ -1.2432813, 43.0105968 ], [ -1.2434375, 43.010589 ], [ -1.2435403, 43.0105939 ], [ -1.2436566, 43.0105996 ], [ -1.2438783, 43.0106268 ], [ -1.2439562, 43.0106401 ], [ -1.2440341, 43.0106456 ], [ -1.2441065, 43.0106513 ], [ -1.2442541, 43.0106891 ], [ -1.2443209, 43.0107166 ], [ -1.244448, 43.0107761 ], [ -1.2445395, 43.0108583 ], [ -1.2445733, 43.0109074 ], [ -1.2446985, 43.0110527 ], [ -1.2448276, 43.0111364 ], [ -1.2449011, 43.0111687 ], [ -1.2451257, 43.0112542 ], [ -1.2452081, 43.0112776 ], [ -1.2452939, 43.0112942 ], [ -1.2457032, 43.011412 ], [ -1.2460651, 43.0116187 ], [ -1.2461928, 43.0117205 ], [ -1.2462658, 43.0118425 ], [ -1.2463455, 43.011945 ], [ -1.2464695, 43.0119905 ], [ -1.2465811, 43.0119685 ], [ -1.2466319, 43.0119453 ], [ -1.2467348, 43.0119121 ], [ -1.2467934, 43.011905 ], [ -1.2468533, 43.0119007 ], [ -1.246919, 43.0119034 ], [ -1.2470436, 43.0119116 ], [ -1.2472295, 43.0119075 ], [ -1.2472955, 43.0119031 ], [ -1.2473567, 43.0119039 ], [ -1.2474257, 43.0118995 ], [ -1.2474996, 43.0118893 ], [ -1.2475769, 43.0118862 ], [ -1.2477441, 43.0118919 ], [ -1.2479041, 43.0118773 ], [ -1.2479886, 43.0118722 ], [ -1.2483914, 43.0118452 ], [ -1.2484724, 43.0118477 ], [ -1.2488167, 43.011827 ], [ -1.2490096, 43.0117986 ], [ -1.2491948, 43.0117587 ], [ -1.2493177, 43.0116721 ], [ -1.2494105, 43.0115728 ], [ -1.2495102, 43.0114802 ], [ -1.2495649, 43.0114365 ], [ -1.249676, 43.0113536 ], [ -1.2498318, 43.0112434 ], [ -1.2498885, 43.0112121 ], [ -1.2499462, 43.0111822 ], [ -1.2502695, 43.011029 ], [ -1.2505061, 43.0109403 ], [ -1.2506724, 43.0109048 ], [ -1.2508278, 43.0109039 ], [ -1.2509715, 43.0109259 ], [ -1.251127, 43.0109358 ], [ -1.2512494, 43.0108864 ], [ -1.251299, 43.0108029 ], [ -1.2513023, 43.0107622 ], [ -1.2513047, 43.0107208 ], [ -1.2513342, 43.0106484 ], [ -1.2513645, 43.0105917 ], [ -1.2514433, 43.0105172 ], [ -1.2515139, 43.0104719 ], [ -1.2515788, 43.0104318 ], [ -1.2516538, 43.0103986 ], [ -1.2517272, 43.0103697 ], [ -1.2517672, 43.0103555 ], [ -1.2518019, 43.0103401 ], [ -1.2518879, 43.0103149 ], [ -1.2519341, 43.0103198 ], [ -1.2519802, 43.010326 ], [ -1.2520288, 43.0103366 ], [ -1.2522626, 43.0104211 ], [ -1.252408, 43.0104778 ], [ -1.2526441, 43.0105601 ], [ -1.252813, 43.010585 ], [ -1.2529786, 43.010587 ], [ -1.2532278, 43.0105659 ], [ -1.2533864, 43.0105282 ], [ -1.2535261, 43.0104641 ], [ -1.2537202, 43.0103661 ], [ -1.2538478, 43.0103126 ], [ -1.2540296, 43.010243 ], [ -1.2540928, 43.0102263 ], [ -1.2541581, 43.0102164 ], [ -1.2542957, 43.0102084 ], [ -1.2543685, 43.0102114 ], [ -1.2544422, 43.0102224 ], [ -1.2545114, 43.0102404 ], [ -1.2547782, 43.0102873 ], [ -1.2549117, 43.0102928 ], [ -1.2551048, 43.0102997 ], [ -1.2552193, 43.0102809 ], [ -1.2553405, 43.0102272 ], [ -1.2557642, 43.010014 ], [ -1.2558223, 43.0099862 ], [ -1.2559983, 43.0098971 ], [ -1.2561942, 43.0098025 ], [ -1.2562585, 43.0097679 ], [ -1.256522, 43.0096227 ], [ -1.2566573, 43.0095492 ], [ -1.2568548, 43.0094439 ], [ -1.2569111, 43.0094031 ], [ -1.2569992, 43.0093063 ], [ -1.2570959, 43.0091447 ], [ -1.2571322, 43.009097 ], [ -1.2572189, 43.009007 ], [ -1.2572765, 43.0089738 ], [ -1.257411, 43.0089207 ], [ -1.2574863, 43.0088989 ], [ -1.2579777, 43.0087508 ], [ -1.2581092, 43.00867 ], [ -1.25821, 43.0085746 ], [ -1.258383, 43.0082819 ], [ -1.25858, 43.0078673 ], [ -1.2587591, 43.0074353 ], [ -1.258792, 43.0069375 ], [ -1.2587528, 43.0064982 ], [ -1.258854, 43.0061406 ], [ -1.2590027, 43.0059351 ], [ -1.2590831, 43.0058362 ], [ -1.2592095, 43.0056836 ], [ -1.259351, 43.0055491 ], [ -1.2594065, 43.0055111 ], [ -1.2596726, 43.0053746 ], [ -1.2597803, 43.0053594 ], [ -1.2598873, 43.0053064 ], [ -1.2599289, 43.0052741 ], [ -1.2599792, 43.0052438 ], [ -1.26016, 43.0051622 ], [ -1.2602556, 43.0050892 ], [ -1.2603077, 43.0050595 ], [ -1.2604274, 43.005036 ], [ -1.2605562, 43.0050274 ], [ -1.2607615, 43.0049979 ], [ -1.2608272, 43.0049852 ], [ -1.2610046, 43.0049542 ], [ -1.2611251, 43.0049319 ], [ -1.2611852, 43.0049213 ], [ -1.2612971, 43.0049064 ], [ -1.2613947, 43.0048977 ], [ -1.2614908, 43.0048926 ], [ -1.261648, 43.0048948 ], [ -1.2617742, 43.0048922 ], [ -1.2618366, 43.004884 ], [ -1.2620147, 43.0048584 ], [ -1.2621208, 43.0048441 ], [ -1.262171, 43.0048367 ], [ -1.2622233, 43.0048257 ], [ -1.2623219, 43.0048087 ], [ -1.2624165, 43.0047881 ], [ -1.2625051, 43.0047663 ], [ -1.2625489, 43.0047547 ], [ -1.2627371, 43.0046759 ], [ -1.2627807, 43.0046498 ], [ -1.2628659, 43.004598 ], [ -1.2630002, 43.004554 ], [ -1.2630438, 43.0045491 ], [ -1.2631365, 43.0045327 ], [ -1.2632348, 43.0045366 ], [ -1.2633354, 43.0045411 ], [ -1.2633865, 43.0045448 ], [ -1.2634871, 43.0045562 ], [ -1.2635893, 43.0045663 ], [ -1.2636397, 43.0045756 ], [ -1.2636846, 43.0045878 ], [ -1.2638301, 43.0046141 ], [ -1.2639256, 43.0046144 ], [ -1.2639717, 43.0046052 ], [ -1.2641134, 43.0045871 ], [ -1.2642033, 43.0045698 ], [ -1.264246, 43.0045631 ], [ -1.2642874, 43.0045532 ], [ -1.2643777, 43.004526 ], [ -1.264475, 43.0045028 ], [ -1.264519, 43.0044935 ], [ -1.2645638, 43.0044805 ], [ -1.2646535, 43.004458 ], [ -1.2647734, 43.0044297 ], [ -1.2648994, 43.0044199 ], [ -1.2650319, 43.0044258 ], [ -1.2651145, 43.0044393 ], [ -1.265275, 43.0044783 ], [ -1.2653078, 43.004487 ], [ -1.2653942, 43.0045028 ], [ -1.2655151, 43.0045388 ], [ -1.2656654, 43.0045862 ], [ -1.2657456, 43.0045864 ], [ -1.2658302, 43.0045738 ], [ -1.265972, 43.0045065 ], [ -1.2661633, 43.0043579 ], [ -1.2662386, 43.0042744 ], [ -1.2662871, 43.0041896 ], [ -1.2663411, 43.0041021 ], [ -1.2663793, 43.0040466 ], [ -1.2664242, 43.0039865 ], [ -1.2664704, 43.003929 ], [ -1.2665482, 43.0038456 ], [ -1.2666421, 43.0037809 ], [ -1.2667553, 43.0037223 ], [ -1.2668761, 43.0036789 ], [ -1.2670561, 43.0036307 ], [ -1.267241, 43.003594 ], [ -1.2672902, 43.0035863 ], [ -1.2674376, 43.0035568 ], [ -1.2676767, 43.0035014 ], [ -1.267725, 43.0034937 ], [ -1.2679478, 43.0034553 ], [ -1.2681765, 43.0034142 ], [ -1.2682297, 43.0034104 ], [ -1.2684353, 43.0033789 ], [ -1.268583, 43.0033644 ], [ -1.2686314, 43.0033625 ], [ -1.2688285, 43.0033476 ], [ -1.2689786, 43.003339 ], [ -1.2690273, 43.003337 ], [ -1.2692253, 43.0033282 ], [ -1.2694884, 43.0033432 ], [ -1.2695429, 43.0033443 ], [ -1.2697851, 43.0032925 ], [ -1.269808, 43.0032603 ], [ -1.2698246, 43.0031861 ], [ -1.2698554, 43.0030761 ], [ -1.2699022, 43.0030143 ], [ -1.2700205, 43.0029334 ], [ -1.2701228, 43.0028978 ], [ -1.2704739, 43.0028253 ], [ -1.2705296, 43.0028096 ], [ -1.2708334, 43.0027121 ], [ -1.2709033, 43.0026951 ], [ -1.2711068, 43.0026546 ], [ -1.2712439, 43.0026397 ], [ -1.271308, 43.0026325 ], [ -1.2714351, 43.0026239 ], [ -1.2714981, 43.0026222 ], [ -1.2716922, 43.0026079 ], [ -1.2717539, 43.0025983 ], [ -1.2719391, 43.0025791 ], [ -1.2720045, 43.0025786 ], [ -1.2720668, 43.0025736 ], [ -1.2721848, 43.0025589 ], [ -1.2723738, 43.0025434 ], [ -1.2725581, 43.0025197 ], [ -1.2726191, 43.0025087 ], [ -1.2727384, 43.0024872 ], [ -1.2728588, 43.0024721 ], [ -1.2729869, 43.0024558 ], [ -1.2731145, 43.0024449 ], [ -1.273177, 43.0024388 ], [ -1.2734284, 43.0024398 ], [ -1.2735484, 43.0024456 ], [ -1.2736029, 43.0024537 ], [ -1.2739025, 43.0024805 ], [ -1.2739619, 43.0024828 ], [ -1.2740159, 43.0024818 ], [ -1.2741557, 43.0024641 ], [ -1.2741518, 43.0024715 ], [ -1.2741528, 43.0024709 ], [ -1.2741528, 43.0024709 ], [ -1.2741528, 43.0024709 ], [ -1.2741528, 43.0024709 ], [ -1.2741528, 43.0024709 ], [ -1.2741528, 43.0024709 ], [ -1.2741525, 43.0024708 ], [ -1.2741528, 43.0024709 ], [ -1.2741528, 43.0024709 ], [ -1.2741528, 43.0024709 ], [ -1.2741528, 43.0024709 ], [ -1.2741528, 43.0024709 ], [ -1.2741528, 43.0024709 ], [ -1.2741527, 43.0024709 ], [ -1.2741527, 43.0024709 ], [ -1.2741527, 43.0024709 ], [ -1.2741527, 43.0024709 ], [ -1.2741528, 43.0024709 ], [ -1.2741528, 43.0024709 ], [ -1.2741527, 43.0024709 ], [ -1.2741527, 43.0024709 ], [ -1.2741527, 43.0024709 ], [ -1.2741537, 43.0024661 ], [ -1.274181, 43.002468 ], [ -1.274327, 43.0024802 ], [ -1.2744882, 43.0024877 ], [ -1.2746452, 43.0025019 ], [ -1.2746965, 43.0024989 ], [ -1.2747393, 43.0024836 ], [ -1.2747767, 43.0024101 ], [ -1.2747775, 43.0023735 ], [ -1.2747793, 43.0023397 ], [ -1.274784, 43.0023019 ], [ -1.2747779, 43.0022683 ], [ -1.2747626, 43.0022347 ], [ -1.2747479, 43.0021603 ], [ -1.2747399, 43.0020463 ], [ -1.2747504, 43.0020069 ], [ -1.2747709, 43.0019306 ], [ -1.2748226, 43.0017881 ], [ -1.2748271, 43.0017496 ], [ -1.2748513, 43.0015985 ], [ -1.2748828, 43.0015027 ], [ -1.2749365, 43.001406 ], [ -1.2749896, 43.0013399 ], [ -1.2750203, 43.0013093 ], [ -1.2751186, 43.0012191 ], [ -1.2752077, 43.0011764 ], [ -1.2752501, 43.0011535 ], [ -1.275287, 43.0011282 ], [ -1.2753665, 43.0010781 ], [ -1.2755154, 43.0010233 ], [ -1.2756657, 43.0009856 ], [ -1.2758175, 43.000959 ], [ -1.2758671, 43.000949 ], [ -1.2760154, 43.0009285 ], [ -1.2762125, 43.0009096 ], [ -1.2763072, 43.0009172 ], [ -1.2765441, 43.0010251 ], [ -1.2769415, 43.0012677 ], [ -1.2770286, 43.0013271 ], [ -1.2771878, 43.0013927 ], [ -1.2772389, 43.0014156 ], [ -1.2774976, 43.001529 ], [ -1.2776065, 43.0015749 ], [ -1.278165, 43.0018099 ], [ -1.2786164, 43.0020262 ], [ -1.278779, 43.0021293 ], [ -1.2788748, 43.0022043 ], [ -1.2789248, 43.0022421 ], [ -1.2791965, 43.0024128 ], [ -1.2793142, 43.0024751 ], [ -1.279373, 43.0025064 ], [ -1.2794353, 43.0025327 ], [ -1.2795656, 43.0025619 ], [ -1.2796291, 43.0025749 ], [ -1.2797508, 43.0025835 ], [ -1.2799183, 43.0025799 ], [ -1.2800325, 43.0025714 ], [ -1.2801462, 43.0025652 ], [ -1.2802587, 43.0025698 ], [ -1.2803139, 43.002574 ], [ -1.2803642, 43.0025807 ], [ -1.280471, 43.0026092 ], [ -1.280569, 43.0026489 ], [ -1.2808084, 43.0027695 ], [ -1.2809113, 43.0028257 ], [ -1.2810097, 43.0028962 ], [ -1.2811467, 43.0030201 ], [ -1.2814061, 43.0033094 ], [ -1.2814637, 43.003398 ], [ -1.2815348, 43.0035355 ], [ -1.2816159, 43.0036578 ], [ -1.2816981, 43.0037232 ], [ -1.2817493, 43.0037469 ], [ -1.2818062, 43.0037675 ], [ -1.2819142, 43.0037992 ], [ -1.2819704, 43.0038142 ], [ -1.2821987, 43.0038752 ], [ -1.2823781, 43.0039317 ], [ -1.2828965, 43.0040934 ], [ -1.2833322, 43.0042116 ], [ -1.2837673, 43.0043213 ], [ -1.2842588, 43.0044751 ], [ -1.2843231, 43.0045022 ], [ -1.2847694, 43.0046939 ], [ -1.2852134, 43.0049528 ], [ -1.2855865, 43.005205 ], [ -1.2856544, 43.0052537 ], [ -1.2858, 43.0053557 ], [ -1.2859493, 43.0054717 ], [ -1.2860649, 43.0056215 ], [ -1.2860927, 43.0057151 ], [ -1.2861255, 43.0058139 ], [ -1.286148, 43.0059166 ], [ -1.2861733, 43.0060093 ], [ -1.2862511, 43.0061503 ], [ -1.2863955, 43.0062035 ], [ -1.2865442, 43.0061727 ], [ -1.2866046, 43.0061424 ], [ -1.2866455, 43.0061013 ], [ -1.2867007, 43.0060122 ], [ -1.2868828, 43.0057677 ], [ -1.2870654, 43.005511 ], [ -1.287087, 43.0054602 ], [ -1.2871076, 43.0054103 ], [ -1.2871366, 43.005307 ], [ -1.2871657, 43.0050904 ], [ -1.2871671, 43.0049257 ], [ -1.2871664, 43.0046943 ], [ -1.2872085, 43.0044367 ], [ -1.287237, 43.0043916 ], [ -1.2872842, 43.0043626 ], [ -1.2873918, 43.0043535 ], [ -1.287491, 43.0043942 ], [ -1.287532, 43.0044255 ], [ -1.287647, 43.0045297 ], [ -1.2877817, 43.0046505 ], [ -1.2878157, 43.0046786 ], [ -1.2878865, 43.0047373 ], [ -1.2879934, 43.0048164 ], [ -1.2880355, 43.0048405 ], [ -1.2882061, 43.0049325 ], [ -1.288338, 43.0049844 ], [ -1.2884329, 43.0050167 ], [ -1.2886254, 43.0050398 ], [ -1.2886741, 43.0050233 ], [ -1.2887179, 43.0049614 ], [ -1.2886927, 43.0048605 ], [ -1.2886762, 43.0048245 ], [ -1.2886547, 43.0046777 ], [ -1.2886713, 43.0046024 ], [ -1.2887221, 43.0043716 ], [ -1.2887688, 43.0042546 ], [ -1.2888172, 43.0041801 ], [ -1.2888682, 43.0041042 ], [ -1.2889267, 43.0040313 ], [ -1.2892033, 43.0037858 ], [ -1.2894879, 43.0036433 ], [ -1.2895474, 43.0036257 ], [ -1.2897789, 43.0035883 ], [ -1.2902341, 43.0036005 ], [ -1.2905278, 43.003641 ], [ -1.2907558, 43.0036664 ], [ -1.2908843, 43.0036737 ], [ -1.2910147, 43.0036692 ], [ -1.2911348, 43.0036477 ], [ -1.2912448, 43.0036102 ], [ -1.2913342, 43.0035615 ], [ -1.2914104, 43.0035016 ], [ -1.2914517, 43.0034318 ], [ -1.291483, 43.0033612 ], [ -1.2915131, 43.0032321 ], [ -1.2915153, 43.003164 ], [ -1.291494, 43.002876 ], [ -1.2914764, 43.0027387 ], [ -1.2914569, 43.0026547 ], [ -1.2914532, 43.0026043 ], [ -1.2914494, 43.0025527 ], [ -1.2914503, 43.0024699 ], [ -1.2914497, 43.0024257 ], [ -1.291439, 43.0023217 ], [ -1.2914331, 43.0021966 ], [ -1.2914442, 43.0020569 ], [ -1.2914618, 43.0019908 ], [ -1.2914926, 43.0019294 ], [ -1.2915481, 43.0018775 ], [ -1.2917124, 43.0018363 ], [ -1.2918849, 43.0018683 ], [ -1.2919628, 43.0018909 ], [ -1.2922848, 43.0020176 ], [ -1.2926276, 43.0021563 ], [ -1.2927934, 43.0022118 ], [ -1.2930787, 43.0022571 ], [ -1.2932891, 43.0022341 ], [ -1.2933894, 43.0022066 ], [ -1.2934836, 43.0021676 ], [ -1.2936499, 43.0020525 ], [ -1.2937207, 43.0019826 ], [ -1.2938916, 43.0017603 ], [ -1.2940768, 43.0015482 ], [ -1.2941529, 43.0014866 ], [ -1.2942386, 43.0014371 ], [ -1.2943314, 43.0013986 ], [ -1.2945358, 43.0013524 ], [ -1.294646, 43.0013401 ], [ -1.294978, 43.0013296 ], [ -1.2950912, 43.0013312 ], [ -1.2952065, 43.0013326 ], [ -1.2954539, 43.0013338 ], [ -1.2957024, 43.0013316 ], [ -1.2959387, 43.0013255 ], [ -1.2961598, 43.0012994 ], [ -1.2963265, 43.001267 ], [ -1.2965463, 43.0012051 ], [ -1.296643, 43.0011429 ], [ -1.2966852, 43.0010641 ], [ -1.2967341, 43.0009808 ], [ -1.2967426, 43.0009394 ], [ -1.296696, 43.0008545 ], [ -1.2967067, 43.00075 ], [ -1.2967168, 43.0007029 ], [ -1.2968144, 43.0005813 ], [ -1.2969923, 43.0005013 ], [ -1.2970985, 43.0004352 ], [ -1.2972364, 43.0003248 ], [ -1.2973423, 43.0002379 ], [ -1.297502, 43.0001391 ], [ -1.2975889, 43.0001005 ], [ -1.2976771, 43.0000612 ], [ -1.2977888, 42.9999932 ], [ -1.2978572, 42.9999414 ], [ -1.2979601, 42.9998083 ], [ -1.298032, 42.9997384 ], [ -1.298163, 42.9996412 ], [ -1.2982864, 42.9995471 ], [ -1.2983208, 42.9995032 ], [ -1.2983339, 42.9994758 ], [ -1.2984166, 42.9994187 ], [ -1.298486, 42.9993665 ], [ -1.2985748, 42.9993536 ], [ -1.2986606, 42.9993535 ], [ -1.2987891, 42.9993333 ], [ -1.2989023, 42.9993072 ], [ -1.2989947, 42.9993109 ], [ -1.2990266, 42.9993271 ], [ -1.299027, 42.9993254 ], [ -1.2990253, 42.9993291 ], [ -1.299027, 42.9993254 ], [ -1.299027, 42.9993254 ], [ -1.299046, 42.9993152 ], [ -1.2990554, 42.9993167 ], [ -1.299061, 42.9993152 ], [ -1.2990735, 42.9993151 ], [ -1.2990735, 42.9993151 ], [ -1.2990735, 42.9993151 ], [ -1.2990735, 42.9993151 ], [ -1.2990906, 42.9993049 ], [ -1.2991279, 42.9993006 ], [ -1.2993122, 42.9992586 ], [ -1.2993786, 42.9992486 ], [ -1.2994516, 42.9992478 ], [ -1.2996168, 42.9992524 ], [ -1.299707, 42.9992582 ], [ -1.2998064, 42.999256 ], [ -1.3000225, 42.999252 ], [ -1.3002335, 42.9992496 ], [ -1.3004526, 42.999266 ], [ -1.3005593, 42.9992868 ], [ -1.3006712, 42.9993019 ], [ -1.3007936, 42.9993182 ], [ -1.3010304, 42.9993497 ], [ -1.3012507, 42.9993668 ], [ -1.3014574, 42.9994061 ], [ -1.3015635, 42.9994245 ], [ -1.3016659, 42.9994399 ], [ -1.3017673, 42.9994553 ], [ -1.301977, 42.9994894 ], [ -1.3022017, 42.9995242 ], [ -1.3024141, 42.9995226 ], [ -1.3026354, 42.9995243 ], [ -1.3027482, 42.9995301 ], [ -1.3029903, 42.9995288 ], [ -1.3031198, 42.999524 ], [ -1.3033633, 42.9995135 ], [ -1.3034755, 42.9994915 ], [ -1.3035925, 42.9994666 ], [ -1.3037062, 42.9994395 ], [ -1.3038214, 42.9994239 ], [ -1.3040334, 42.9994378 ], [ -1.304136, 42.9994408 ], [ -1.3042313, 42.9994319 ], [ -1.3043279, 42.9994094 ], [ -1.3044183, 42.9994017 ], [ -1.3044977, 42.9993927 ], [ -1.3045832, 42.999366 ], [ -1.3046751, 42.9993549 ], [ -1.3047706, 42.9993399 ], [ -1.304863, 42.9993152 ], [ -1.3049667, 42.9993102 ], [ -1.3050596, 42.9993206 ], [ -1.3051414, 42.9993136 ], [ -1.305221, 42.9992867 ], [ -1.3052952, 42.999252 ], [ -1.3053706, 42.9992349 ], [ -1.3054374, 42.9992426 ], [ -1.3055004, 42.9992552 ], [ -1.3055691, 42.9992449 ], [ -1.3056387, 42.9992141 ], [ -1.3057055, 42.9991846 ], [ -1.3057656, 42.9991501 ], [ -1.3059583, 42.9990598 ], [ -1.3061412, 42.999058 ], [ -1.3062373, 42.9990405 ], [ -1.3063156, 42.9990014 ], [ -1.3064801, 42.9989189 ], [ -1.3066602, 42.9988453 ], [ -1.3067399, 42.9987953 ], [ -1.3068203, 42.9987536 ], [ -1.3069177, 42.998728 ], [ -1.3071002, 42.9986602 ], [ -1.3071972, 42.9986185 ], [ -1.3073013, 42.9985934 ], [ -1.3074173, 42.998576 ], [ -1.3075417, 42.9985666 ], [ -1.3076655, 42.9985467 ], [ -1.3079002, 42.9984879 ], [ -1.3079991, 42.9984521 ], [ -1.308084, 42.9983968 ], [ -1.3081781, 42.9983502 ], [ -1.3082728, 42.9983178 ], [ -1.308434, 42.9982267 ], [ -1.3084989, 42.9981537 ], [ -1.3085819, 42.9980891 ], [ -1.3087552, 42.9979999 ], [ -1.3088411, 42.9979491 ], [ -1.3089302, 42.9979087 ], [ -1.3090039, 42.9978619 ], [ -1.3090558, 42.9978101 ], [ -1.3090788, 42.9977426 ], [ -1.3091084, 42.9976187 ], [ -1.3091607, 42.9974821 ], [ -1.3092301, 42.9974242 ], [ -1.309311, 42.9973675 ], [ -1.3093948, 42.9973168 ], [ -1.3094429, 42.9972707 ], [ -1.3094533, 42.9972414 ], [ -1.3094382, 42.9972182 ], [ -1.309425, 42.997185 ], [ -1.3094328, 42.9971414 ], [ -1.3095107, 42.9970533 ], [ -1.309638, 42.9969865 ], [ -1.309755, 42.9968981 ], [ -1.3098898, 42.9968047 ], [ -1.309967, 42.9967676 ], [ -1.3100377, 42.9967259 ], [ -1.3101915, 42.9966344 ], [ -1.3102543, 42.996588 ], [ -1.3103101, 42.9965313 ], [ -1.3103533, 42.9964675 ], [ -1.3104483, 42.9963026 ], [ -1.3105481, 42.9962018 ], [ -1.310564, 42.9961909 ], [ -1.3105784, 42.9961817 ], [ -1.3105799, 42.9961807 ], [ -1.3106119, 42.9961643 ], [ -1.3106116, 42.9961643 ], [ -1.3105945, 42.9961512 ], [ -1.3105901, 42.99616 ], [ -1.3105882, 42.996174 ], [ -1.3105995, 42.9961745 ], [ -1.3105882, 42.996174 ], [ -1.3106031, 42.9961724 ], [ -1.3106201, 42.9961682 ], [ -1.3106042, 42.9961517 ], [ -1.3106505, 42.9961122 ], [ -1.3106717, 42.9960903 ], [ -1.3107147, 42.9960248 ], [ -1.3107357, 42.9959859 ], [ -1.3107617, 42.9959445 ], [ -1.3108371, 42.9958077 ], [ -1.3109095, 42.9957243 ], [ -1.3109588, 42.995693 ], [ -1.3110139, 42.9956662 ], [ -1.3111032, 42.9956204 ], [ -1.3112882, 42.9955105 ], [ -1.311306, 42.9954339 ], [ -1.3113037, 42.9953924 ], [ -1.3113025, 42.9953019 ], [ -1.3113302, 42.9951726 ], [ -1.3113441, 42.9951332 ], [ -1.3113665, 42.9950942 ], [ -1.3113927, 42.9950566 ], [ -1.3114286, 42.9950247 ], [ -1.3115119, 42.994965 ], [ -1.3116615, 42.9948881 ], [ -1.3117678, 42.9948427 ], [ -1.311823, 42.994819 ], [ -1.312219, 42.9946567 ], [ -1.312272, 42.9946325 ], [ -1.3124309, 42.9945634 ], [ -1.3124822, 42.9945419 ], [ -1.3125871, 42.9944954 ], [ -1.3127597, 42.994436 ], [ -1.3128896, 42.9944074 ], [ -1.3131815, 42.9943433 ], [ -1.3134434, 42.9942903 ], [ -1.3136373, 42.9942533 ], [ -1.3137379, 42.9942338 ], [ -1.3138386, 42.9942135 ], [ -1.3142073, 42.9941292 ], [ -1.3142834, 42.9940976 ], [ -1.3144202, 42.9940242 ], [ -1.3146029, 42.9938931 ], [ -1.3147046, 42.9937978 ], [ -1.3148738, 42.9936702 ], [ -1.3149962, 42.993587 ], [ -1.3154629, 42.9933275 ], [ -1.3156068, 42.9932622 ], [ -1.3161243, 42.9930404 ], [ -1.3162026, 42.9930202 ], [ -1.3163632, 42.9929858 ], [ -1.3165286, 42.9929574 ], [ -1.3172733, 42.9928585 ], [ -1.3173572, 42.9928392 ], [ -1.3174381, 42.9928143 ], [ -1.3175173, 42.9927815 ], [ -1.3175985, 42.9927493 ], [ -1.317684, 42.9927249 ], [ -1.3178645, 42.9927053 ], [ -1.3179557, 42.992709 ], [ -1.3182403, 42.9927334 ], [ -1.3185455, 42.9927547 ], [ -1.3186543, 42.9927661 ], [ -1.3187656, 42.9927759 ], [ -1.3189956, 42.9927808 ], [ -1.3192406, 42.9927985 ], [ -1.3194941, 42.9928372 ], [ -1.3197566, 42.9928638 ], [ -1.3198914, 42.9928749 ], [ -1.3201586, 42.9929001 ], [ -1.3206376, 42.9929398 ], [ -1.3210568, 42.9929769 ], [ -1.3211484, 42.9930066 ], [ -1.3212255, 42.9930501 ], [ -1.3213637, 42.9931446 ], [ -1.3216999, 42.9933656 ], [ -1.3218607, 42.993435 ], [ -1.3219478, 42.9934707 ], [ -1.3221283, 42.9935435 ], [ -1.3224373, 42.9936492 ], [ -1.3226727, 42.9936294 ], [ -1.3227771, 42.9935822 ], [ -1.3228589, 42.9935138 ], [ -1.3229759, 42.9933428 ], [ -1.3231227, 42.9931818 ], [ -1.3232186, 42.9931167 ], [ -1.323326, 42.9930676 ], [ -1.3235355, 42.9929799 ], [ -1.3240488, 42.992773 ], [ -1.32426, 42.9927144 ], [ -1.3243518, 42.9926837 ], [ -1.3245088, 42.9925779 ], [ -1.3246041, 42.9924501 ], [ -1.3246785, 42.9923095 ], [ -1.324725, 42.9922413 ], [ -1.3248556, 42.9921258 ], [ -1.3249399, 42.9920861 ], [ -1.3250284, 42.9920545 ], [ -1.3252974, 42.9919838 ], [ -1.3258867, 42.9918393 ], [ -1.3260416, 42.9918103 ], [ -1.3261981, 42.9917864 ], [ -1.3262738, 42.9917663 ], [ -1.3264227, 42.9917294 ], [ -1.3266392, 42.9916844 ], [ -1.3268518, 42.991652 ], [ -1.3271577, 42.9916425 ], [ -1.3273053, 42.9916945 ], [ -1.3273764, 42.9918004 ], [ -1.3274008, 42.9918573 ], [ -1.3274815, 42.9920816 ], [ -1.3275468, 42.9922433 ], [ -1.3276577, 42.9924971 ], [ -1.3276907, 42.9925456 ], [ -1.3277237, 42.9925935 ], [ -1.3277957, 42.9926858 ], [ -1.3278978, 42.9927594 ], [ -1.3279602, 42.9927882 ], [ -1.3280295, 42.9928053 ], [ -1.3282296, 42.992854 ], [ -1.3282999, 42.9929335 ], [ -1.3283258, 42.9929779 ], [ -1.3283544, 42.9930224 ], [ -1.3283913, 42.9930627 ], [ -1.3285296, 42.9931685 ], [ -1.3288296, 42.9933452 ], [ -1.3288774, 42.9933709 ], [ -1.3289742, 42.9934207 ], [ -1.3290979, 42.9935034 ], [ -1.3291253, 42.9935331 ], [ -1.3291477, 42.993566 ], [ -1.3291232, 42.9936783 ], [ -1.3291403, 42.9937176 ], [ -1.3292286, 42.9937767 ], [ -1.3295705, 42.9939149 ], [ -1.3296166, 42.9938976 ], [ -1.329689, 42.9938241 ], [ -1.3299386, 42.9935666 ], [ -1.3300322, 42.9934772 ], [ -1.3302238, 42.9932866 ], [ -1.3302807, 42.9932397 ], [ -1.3304369, 42.9930747 ], [ -1.3306069, 42.9928994 ], [ -1.3307267, 42.9927782 ], [ -1.3309798, 42.9925305 ], [ -1.3311311, 42.9924144 ], [ -1.3312163, 42.9923635 ], [ -1.3314959, 42.9922313 ], [ -1.3315918, 42.9921889 ], [ -1.3319831, 42.992021 ], [ -1.3325371, 42.9917786 ], [ -1.333026, 42.9915678 ], [ -1.3331016, 42.9915341 ], [ -1.3337446, 42.9912519 ], [ -1.3342215, 42.9910428 ], [ -1.3342871, 42.9910107 ], [ -1.3344743, 42.9909163 ], [ -1.3346695, 42.9908042 ], [ -1.3347114, 42.9907989 ], [ -1.3347448, 42.9908291 ], [ -1.3347437, 42.9908287 ] ] } }
]
}
