{"type":"FeatureCollection", "features":[
{"type":"Feature","geometry":{"type":"MultiLineString","coordinates":[[[-1.3345989771187305,42.99059109762311,890],[-1.3345803692936897,42.9905672930181,889.7999877929688],[-1.3345646113157272,42.99054910428822,889.7999877929688],[-1.334545249119401,42.990534603595734,889.7999877929688],[-1.3345315027981997,42.990526389330626,889.7999877929688],[-1.3345124758780003,42.99051155336201,889.7999877929688],[-1.3344900123775005,42.9904932808131,889.7999877929688],[-1.334467213600874,42.99047643318772,889.5999755859375],[-1.3344425708055496,42.99046562053263,889.5999755859375],[-1.3344123121351004,42.990445755422115,889.5999755859375],[-1.3343789521604776,42.99042446538806,889.4000244140625],[-1.3343453407287598,42.990403678268194,889.4000244140625],[-1.334308460354805,42.99038247205317,889.4000244140625],[-1.3342698197811842,42.990362690761685,889],[-1.33422514423728,42.99033561721444,888.7999877929688],[-1.3341922871768475,42.99031550064683,888.4000244140625],[-1.334161777049303,42.99029144458473,888.2000122070312],[-1.3341448456048965,42.990278117358685,888.2000122070312],[-1.3341442588716745,42.990274680778384,888.2000122070312],[-1.3341502100229263,42.99026386812329,888.4000244140625],[-1.3341539818793535,42.990261018276215,888.4000244140625],[-1.3341538980603218,42.99025825224817,888.4000244140625],[-1.3341554068028927,42.99025590531528,888.2000122070312],[-1.3341565802693367,42.99025456421077,888.2000122070312],[-1.3341569993644953,42.99025431275368,888.2000122070312],[-1.3341585919260979,42.990254648029804,888.2000122070312],[-1.3341606874018908,42.990255150943995,888],[-1.3341625314205885,42.99025557003915,888],[-1.3341639563441277,42.99025590531528,888],[-1.3341645430773497,42.9902548994869,888],[-1.3341642916202545,42.99025355838239,887.7999877929688],[-1.3341566640883684,42.99025347456336,887.7999877929688],[-1.3341489527374506,42.990250708535314,887.7999877929688],[-1.3341321051120758,42.990238135680556,887.5999755859375],[-1.3341046124696732,42.990220030769706,887.5999755859375],[-1.3340700790286064,42.9902030993253,887.5999755859375],[-1.3340287562459707,42.99017962999642,887.5999755859375],[-1.3339808117598295,42.99015088006854,887.4000244140625],[-1.3339309394359589,42.99012095667422,887.4000244140625],[-1.333880228921771,42.99009162001312,887],[-1.3338299375027418,42.9900630377233,886.5999755859375],[-1.3337793946266174,42.99003361724317,885.4000244140625],[-1.333730360493064,42.99000428058207,885.2000122070312],[-1.3336809910833836,42.98997695557773,885.2000122070312],[-1.3336327951401472,42.989955581724644,885],[-1.3335800729691982,42.98994661308825,885],[-1.333510922268033,42.98995524644852,885],[-1.3334648218005896,42.98997117206454,884.7999877929688],[-1.3333985209465027,42.98999807797372,884.5999755859375],[-1.3333551026880741,42.990022636950016,884.5999755859375],[-1.3333061523735523,42.99005348235369,884.5999755859375],[-1.3332549389451742,42.990087093785405,884.5999755859375],[-1.3331950083374977,42.990129087120295,884.5999755859375],[-1.3331556133925915,42.99015716649592,884.7999877929688],[-1.3331057410687208,42.99019270576537,884.7999877929688],[-1.333046816289425,42.99023453146219,885.4000244140625],[-1.333008510991931,42.99025892280042,885.4000244140625],[-1.332961656153202,42.990292282775044,885.5999755859375],[-1.3329129572957754,42.9903273191303,886.2000122070312],[-1.332861240953207,42.99036277458072,885.5999755859375],[-1.33281203918159,42.990397810935974,885.5999755859375],[-1.3327644299715757,42.99042974598706,885.7999877929688],[-1.3327136356383562,42.99046260304749,885.7999877929688],[-1.3326687924563885,42.99048012122512,885.7999877929688],[-1.3326202612370253,42.990508703514934,886],[-1.3325684610754251,42.99054038710892,886],[-1.3325180858373642,42.99056821502745,886],[-1.3324670400470495,42.9906000662595,886.2000122070312],[-1.3324170000851154,42.99063602462411,886.4000244140625],[-1.332356734201312,42.99067902378738,886.4000244140625],[-1.3323056045919657,42.99071531742811,886.5999755859375],[-1.3322657067328691,42.99074457027018,886.7999877929688],[-1.3322152476757765,42.990782372653484,887],[-1.3321624416857958,42.99082118086517,887],[-1.332108210772276,42.99085982143879,887],[-1.332054315134883,42.99089846201241,887.2000122070312],[-1.3319991622120142,42.99093509092927,887.2000122070312],[-1.3319437578320503,42.990973899140954,887.2000122070312],[-1.3318906165659428,42.99101429991424,887.2000122070312],[-1.3318353798240423,42.991054030135274,887.2000122070312],[-1.3317808136343956,42.99109334126115,887.4000244140625],[-1.3317271694540977,42.99113064073026,887.5999755859375],[-1.3316787220537663,42.991171292960644,887.7999877929688],[-1.3316289335489273,42.99121127463877,887.7999877929688],[-1.331576881930232,42.991251423954964,888],[-1.331524746492505,42.99129098653793,888.2000122070312],[-1.331471772864461,42.991330632939935,888.4000244140625],[-1.3314177934080362,42.99136751331389,888.4000244140625],[-1.331364568322897,42.9914066568017,888.4000244140625],[-1.3313110917806625,42.991447979584336,888.4000244140625],[-1.3312586210668087,42.991490475833416,888.5999755859375],[-1.331205815076828,42.99153213389218,888.5999755859375],[-1.3311525899916887,42.99157488159835,888.7999877929688],[-1.3311029691249132,42.99161721020937,889],[-1.3310541026294231,42.99166054464877,889.2000122070312],[-1.3310047332197428,42.99170463345945,889.2000122070312],[-1.3309551123529673,42.99174914136529,889.4000244140625],[-1.3309038151055574,42.9917954094708,889.4000244140625],[-1.3308557029813528,42.991842683404684,889.4000244140625],[-1.3308119494467974,42.99189121462405,889.5999755859375],[-1.3307771645486355,42.99194217659533,889.5999755859375],[-1.330756964161992,42.991995150223374,889.7999877929688],[-1.3307536952197552,42.99205206334591,889.7999877929688],[-1.3307667709887028,42.99210797064006,890.2000122070312],[-1.330789653584361,42.99216094426811,890.4000244140625],[-1.3308037351816893,42.992215594276786,890.5999755859375],[-1.3308051601052284,42.99226672388613,890.5999755859375],[-1.3307932578027248,42.99231701530516,890.5999755859375],[-1.3307682797312737,42.99236428923905,890.5999755859375],[-1.3307353388518095,42.992411060258746,890.5999755859375],[-1.3306888192892075,42.99246780574322,890.5999755859375],[-1.330651855096221,42.99250259064138,890.7999877929688],[-1.3305987138301134,42.9925499483943,890.7999877929688],[-1.3305635936558247,42.99258163198829,890.7999877929688],[-1.330516654998064,42.99261742271483,891],[-1.330453371629119,42.992654889822006,891.2000122070312],[-1.3304136414080858,42.992680706083775,891.5999755859375],[-1.3303672056645155,42.99271507188678,891.7999877929688],[-1.3303241226822138,42.99275337718427,892],[-1.3302826322615147,42.9927933588624,892],[-1.3302439078688622,42.99283258616924,892.2000122070312],[-1.3301955442875624,42.99288564361632,892.4000244140625],[-1.3301642797887325,42.9929210152477,892.5999755859375],[-1.3301236275583506,42.992963176220655,892.7999877929688],[-1.3300814665853977,42.99300550483167,893],[-1.3300380483269691,42.99304598942399,893],[-1.3299951329827309,42.99308303743601,893.4000244140625],[-1.32995649240911,42.99311673268676,893.5999755859375],[-1.3299178518354893,42.99314917065203,893.7999877929688],[-1.3298809714615345,42.99318294972181,894],[-1.3298456836491823,42.993215220049024,894.4000244140625],[-1.329815173521638,42.993245143443346,894.7999877929688],[-1.3297870941460133,42.99328009597957,895],[-1.3297530636191368,42.9933219216764,895.2000122070312],[-1.3297168537974358,42.993357963860035,895.4000244140625],[-1.329679386690259,42.99339568242431,895.5999755859375],[-1.3296500500291586,42.993432730436325,895.5999755859375],[-1.3296208810061216,42.99347254447639,896],[-1.3295967411249876,42.993509508669376,896.2000122070312],[-1.3295771274715662,42.993548568338156,896.4000244140625],[-1.329562459141016,42.993587125092745,896.5999755859375],[-1.3295494671911001,42.99362434074283,896.5999755859375],[-1.3295426778495312,42.99365870654583,896.7999877929688],[-1.3295508082956076,42.99369089305401,897],[-1.3295666500926018,42.99372333101928,897],[-1.3295814860612154,42.993765994906425,897.2000122070312],[-1.3295876048505306,42.99379616975784,897.2000122070312],[-1.3295941427350044,42.9938346426934,897.4000244140625],[-1.329590454697609,42.99387470819056,897.4000244140625],[-1.3295736908912659,42.99391536042094,897.5999755859375],[-1.3295506406575441,42.99395282752812,897.7999877929688],[-1.3295347150415182,42.99399297684431,897.7999877929688],[-1.329532451927662,42.99403463490307,897.7999877929688],[-1.3295413367450237,42.994077214971185,897.7999877929688],[-1.329558938741684,42.99411669373512,898],[-1.3295931369066238,42.99416338093579,898],[-1.3296227250248194,42.99419187940657,898],[-1.329664969816804,42.99422406591475,898],[-1.329708807170391,42.99425642006099,898],[-1.3297508005052805,42.9942889418453,898.2000122070312],[-1.3297857530415058,42.994320625439286,898.2000122070312],[-1.3298138324171305,42.994354823604226,898.2000122070312],[-1.329835206270218,42.99439522437751,898.4000244140625],[-1.3298462703824043,42.99443964846432,898.4000244140625],[-1.329855490475893,42.9944858327508,898.4000244140625],[-1.3298656325787306,42.99453084357083,898.4000244140625],[-1.3298762775957584,42.99458708614111,898.4000244140625],[-1.329888179898262,42.994622960686684,898.5999755859375],[-1.3299027644097805,42.99467015080154,898.5999755859375],[-1.3299125712364912,42.99471725709736,898.5999755859375],[-1.3299251440912485,42.994764279574156,898.5999755859375],[-1.329937046393752,42.99481088295579,898.5999755859375],[-1.3299517147243023,42.994864359498024,898.5999755859375],[-1.3299590069800615,42.99489922821522,898.5999755859375],[-1.3299669697880745,42.994943065568805,898.5999755859375],[-1.3299838174134493,42.99499520100653,898.7999877929688],[-1.3299978151917458,42.995029566809535,898.7999877929688],[-1.3300158362835646,42.99507365562022,898.7999877929688],[-1.3300393056124449,42.995128221809864,899],[-1.330051375553012,42.99516526982188,899],[-1.330061350017786,42.99521388486028,898.7999877929688],[-1.3300699833780527,42.99527415074408,898.5999755859375],[-1.3300803769379854,42.995314467698336,898.4000244140625],[-1.3300999905914068,42.995375990867615,898],[-1.3301135692745447,42.99541714601219,897.5999755859375],[-1.330135278403759,42.99546802416444,897],[-1.3301558140665293,42.99552049487829,896.4000244140625],[-1.3301757629960775,42.995581682771444,896.4000244140625],[-1.3301822170615196,42.99562158063054,896.2000122070312],[-1.3301958795636892,42.9956687707454,896.2000122070312],[-1.330212727189064,42.99571570940316,896.2000122070312],[-1.3302268087863922,42.99576222896576,896.4000244140625],[-1.3302449136972427,42.9958067368716,896.7999877929688],[-1.3302631862461567,42.995846047997475,897.2000122070312],[-1.3302827160805464,42.995890974998474,897.4000244140625],[-1.3302898406982422,42.9959206469357,897.4000244140625],[-1.3302953727543354,42.99596440047026,897.5999755859375],[-1.3302962947636843,42.99599926918745,897.5999755859375],[-1.3302968814969063,42.99603162333369,897.5999755859375],[-1.3303050119429827,42.99606657586992,897.5999755859375],[-1.33031465113163,42.996103037148714,897.5999755859375],[-1.3303292356431484,42.9961418453604,897.5999755859375],[-1.3303435686975718,42.99618090502918,897.7999877929688],[-1.3303585723042488,42.996220802888274,897.7999877929688],[-1.3303749170154333,42.99625868909061,897.7999877929688],[-1.3303845562040806,42.996299508959055,898],[-1.3303878251463175,42.996339071542025,898.2000122070312],[-1.3303869869560003,42.9963783826679,898.2000122070312],[-1.330379694700241,42.99641735851765,898.2000122070312],[-1.3303717318922281,42.99646044149995,898.4000244140625],[-1.3303700555115938,42.99650503322482,898.4000244140625],[-1.3303600810468197,42.99654442816973,898.5999755859375],[-1.3303366117179394,42.99658038653433,898.5999755859375],[-1.3303032517433167,42.99660285003483,898.5999755859375],[-1.330253379419446,42.996628833934665,898.5999755859375],[-1.3302032556384802,42.996651297435164,898.7999877929688],[-1.3301515392959118,42.99667124636471,899.2000122070312],[-1.3301004096865654,42.99669396132231,899.4000244140625],[-1.330046011134982,42.996716257184744,899.5999755859375],[-1.3299943786114454,42.996737295761704,899.7999877929688],[-1.3299424946308136,42.996759759262204,900],[-1.3298957236111164,42.99678188748658,900.2000122070312],[-1.3298499584197998,42.996806781739,900.4000244140625],[-1.3298006728291512,42.99683033488691,900.7999877929688],[-1.3297492917627096,42.996856570243835,900.7999877929688],[-1.3296882715076208,42.9968826379627,901],[-1.329636974260211,42.996904011815786,901],[-1.3295866828411818,42.99692505039275,901.2000122070312],[-1.329536223784089,42.99694458022714,901.2000122070312],[-1.3294809870421886,42.996969390660524,901.4000244140625],[-1.3294282648712397,42.996994284912944,901.7999877929688],[-1.3293781410902739,42.99702135846019,902.2000122070312],[-1.3293281849473715,42.99705086275935,902.2000122070312],[-1.3292825035750866,42.9970776848495,902.4000244140625],[-1.3292336370795965,42.99709880724549,902.7999877929688],[-1.3291932363063097,42.99711339175701,902.7999877929688],[-1.3291391730308533,42.99713543616235,903],[-1.3290881272405386,42.99715077504516,903.4000244140625],[-1.329037332907319,42.997172651812434,903.5999755859375],[-1.328987879678607,42.997193690389395,903.7999877929688],[-1.328935157507658,42.99721313640475,904],[-1.3288809265941381,42.99722143448889,904.4000244140625],[-1.3288328982889652,42.99720332957804,904.5999755859375],[-1.3287891447544098,42.99721095710993,904.7999877929688],[-1.3287453912198544,42.997236270457506,905],[-1.3287002965807915,42.99727222882211,905.2000122070312],[-1.3286601472645998,42.99731061793864,905.4000244140625],[-1.3286261167377234,42.9973403736949,905.5999755859375],[-1.3285981211811304,42.997374068945646,905.5999755859375],[-1.3285668566823006,42.99740700982511,905.7999877929688],[-1.3285361789166927,42.99744321964681,906],[-1.3285110332071781,42.99747381359339,906],[-1.3284832891076803,42.99750977195799,906],[-1.328456299379468,42.99754665233195,906.2000122070312],[-1.3284270465373993,42.99758445471525,906.4000244140625],[-1.3283987157046795,42.997621670365334,906.4000244140625],[-1.3283709716051817,42.997652096673846,906.4000244140625],[-1.328337024897337,42.99769383855164,906.5999755859375],[-1.3283117953687906,42.99772853963077,906.5999755859375],[-1.3282836321741343,42.99777044914663,906.5999755859375],[-1.328253960236907,42.99781562760472,906.5999755859375],[-1.328227473422885,42.997860638424754,906.5999755859375],[-1.3281998131424189,42.997908499091864,906.7999877929688],[-1.3281719852238894,42.997947642579675,906.7999877929688],[-1.3281413074582815,42.99800111912191,906.7999877929688],[-1.328108785673976,42.99805819988251,906.7999877929688],[-1.3280871603637934,42.99810287542641,907],[-1.3280643615871668,42.99814788624644,907],[-1.3280359469354153,42.99819021485746,907],[-1.3280047662556171,42.99824067391455,907],[-1.3279866613447666,42.998276213184,907.2000122070312],[-1.3279661256819963,42.998317535966635,907.2000122070312],[-1.3279437460005283,42.998363971710205,907.5999755859375],[-1.3279209472239017,42.99840613268316,907.5999755859375],[-1.3278982322663069,42.9984435159713,907.7999877929688],[-1.327876690775156,42.99848576076329,908],[-1.327857580035925,42.998533537611365,908.2000122070312],[-1.3278449233621359,42.99859640188515,908.4000244140625],[-1.327825142070651,42.9986353777349,908.4000244140625],[-1.327795386314392,42.99868851900101,908.4000244140625],[-1.3277683965861797,42.99873227253556,908.5999755859375],[-1.3277462683618069,42.99876621924341,908.5999755859375],[-1.3277142494916916,42.99880502745509,908.7999877929688],[-1.3276860024780035,42.99884827807546,908.7999877929688],[-1.3276666402816772,42.99889161251485,909],[-1.3276509661227465,42.99893385730684,909.2000122070312],[-1.3276348728686571,42.99898046068847,909.4000244140625],[-1.3276295084506273,42.99901063553989,909.4000244140625],[-1.3276232220232487,42.999048018828034,909.7999877929688],[-1.3276211265474558,42.99908741377294,910],[-1.327614588662982,42.99913200549781,910.2000122070312],[-1.327610481530428,42.99917969852686,910.4000244140625],[-1.3276035245507956,42.99922772683203,910.5999755859375],[-1.3275909516960382,42.99927852116525,910.7999877929688],[-1.32756806910038,42.99932789057493,911],[-1.3275421690195799,42.999364184215665,911.2000122070312],[-1.3275202922523022,42.99940743483603,911.4000244140625],[-1.32751090452075,42.99944900907576,911.5999755859375],[-1.3275095634162426,42.999489828944206,911.7999877929688],[-1.3275202084332705,42.99952721223235,911.7999877929688],[-1.3275293447077274,42.999568367376924,911.7999877929688],[-1.3275331165641546,42.99962041899562,911.7999877929688],[-1.327529763802886,42.99965612590313,911.5999755859375],[-1.3275176100432873,42.9997147154063,911.5999755859375],[-1.327495900914073,42.99976500682533,911.5999755859375],[-1.327472934499383,42.999825524166226,911.2000122070312],[-1.327447034418583,42.99987941980362,911],[-1.327404621988535,42.999938763678074,911],[-1.3273626286536455,42.999987713992596,910.5999755859375],[-1.3273148518055677,43.000043369829655,910.4000244140625],[-1.3272650633007288,43.000083435326815,910.4000244140625],[-1.3272062223404646,43.000110257416964,910.4000244140625],[-1.3271429389715195,43.000144707039,910.4000244140625],[-1.3270773086696863,43.000175384804606,910.4000244140625],[-1.3270082417875528,43.000206062570214,910.5999755859375],[-1.3269686792045832,43.000218300148845,910.7999877929688],[-1.3269178848713636,43.00024017691612,911],[-1.3268723711371422,43.000245708972216,911.2000122070312],[-1.3268183078616858,43.00026171840727,911.2000122070312],[-1.3267654180526733,43.00027772784233,911.4000244140625],[-1.3267158810049295,43.00030262209475,911.4000244140625],[-1.3266525138169527,43.00033774226904,911.7999877929688],[-1.3266028091311455,43.00034704618156,912],[-1.326548494398594,43.00035475753248,912],[-1.3264909107238054,43.00036674365401,912.2000122070312],[-1.3264490012079477,43.000378645956516,912.4000244140625],[-1.3263865560293198,43.00040622241795,912.7999877929688],[-1.3263369351625443,43.00042625516653,913],[-1.3262886554002762,43.000463638454676,913.2000122070312],[-1.3262420520186424,43.00051133148372,913.2000122070312],[-1.3261889945715666,43.00055474974215,913.4000244140625],[-1.3261299021542072,43.00059087574482,913.4000244140625],[-1.3260809518396854,43.00062021240592,913.5999755859375],[-1.3260261341929436,43.00062716938555,913.7999877929688],[-1.3259636890143156,43.00066220574081,913.7999877929688],[-1.3258957955986261,43.00070000812411,914],[-1.325838714838028,43.000729931518435,914],[-1.3257725816220045,43.00077963620424,914],[-1.3257092144340277,43.00078055821359,914],[-1.325655234977603,43.00080042332411,914],[-1.325593963265419,43.00083562731743,914],[-1.3255361281335354,43.000862784683704,914.2000122070312],[-1.325482903048396,43.00088440999389,914.4000244140625],[-1.3254376407712698,43.00090662203729,914.5999755859375],[-1.325394893065095,43.00093746744096,915],[-1.3253363873809576,43.00097024068236,915.2000122070312],[-1.3252825755625963,43.0009753536433,915.4000244140625],[-1.3252492155879736,43.00102723762393,915.4000244140625],[-1.325222309678793,43.00108825787902,915.5999755859375],[-1.325176628306508,43.00115564838052,915.5999755859375],[-1.325141591951251,43.00120325759053,915.5999755859375],[-1.3251066394150257,43.00123896449804,915.4000244140625],[-1.3250636402517557,43.00127659924328,915.4000244140625],[-1.3250027038156986,43.00131448544562,915.4000244140625],[-1.3249421864748,43.001346085220575,915.4000244140625],[-1.324884183704853,43.001377852633595,915.4000244140625],[-1.3248351495712996,43.001401238143444,915.5999755859375],[-1.3247924018651247,43.00142688676715,915.7999877929688],[-1.324740769341588,43.00145639106631,916],[-1.324682179838419,43.001478016376495,916],[-1.3246152084320784,43.00148899666965,916.2000122070312],[-1.3245577085763216,43.00152017734945,916.2000122070312],[-1.324505489319563,43.001541048288345,916.2000122070312],[-1.3244500011205673,43.001562589779496,916.4000244140625],[-1.3243966922163963,43.0015863943845,916.5999755859375],[-1.324344975873828,43.00161992199719,916.7999877929688],[-1.32430256344378,43.001642217859626,917],[-1.324240118265152,43.00167675130069,917.2000122070312],[-1.3241893239319324,43.001696951687336,917.4000244140625],[-1.3241350930184126,43.00171145237982,917.4000244140625],[-1.324072815477848,43.00171975046396,917.5999755859375],[-1.3240162376314402,43.00173324532807,917.7999877929688],[-1.3239583186805248,43.001748165115714,918],[-1.323904674500227,43.00176174379885,918.2000122070312],[-1.3238464202731848,43.00177398137748,918.4000244140625],[-1.3238030020147562,43.00178102217615,918.5999755859375],[-1.323744161054492,43.00179099664092,918.7999877929688],[-1.3237037602812052,43.001804910600185,919],[-1.3236712384968996,43.00179937854409,919],[-1.3236377108842134,43.00180952064693,919],[-1.3235969748347998,43.00184229388833,919.2000122070312],[-1.323553305119276,43.00188336521387,919.2000122070312],[-1.3235082942992449,43.00189149565995,919.2000122070312],[-1.3234479445964098,43.00190884619951,919.2000122070312],[-1.323382817208767,43.00191270187497,919.2000122070312],[-1.323331268504262,43.0019164737314,919.2000122070312],[-1.3232672307640314,43.0019199103117,919.4000244140625],[-1.3231888599693775,43.00193323753774,919.4000244140625],[-1.323124235495925,43.001944217830896,919.4000244140625],[-1.3230616226792336,43.00194748677313,919.4000244140625],[-1.3229898735880852,43.001950504258275,919.4000244140625],[-1.3229338824748993,43.00196257419884,919.4000244140625],[-1.322851488366723,43.001963244751096,919.2000122070312],[-1.322775548323989,43.00197598524392,919.2000122070312],[-1.3227202277630568,43.00199367105961,919.2000122070312],[-1.322649735957384,43.002016888931394,919.2000122070312],[-1.3225886318832636,43.00203876569867,919.2000122070312],[-1.3225354067981243,43.002055110409856,919.2000122070312],[-1.3224698603153229,43.00208318978548,919.2000122070312],[-1.322432728484273,43.00207053311169,919.4000244140625],[-1.3223713729530573,43.002083860337734,919.4000244140625],[-1.3223323971033096,43.00209844484925,919.4000244140625],[-1.3222803454846144,43.00212459638715,919.4000244140625],[-1.3222351670265198,43.002163069322705,919.5999755859375],[-1.3221837021410465,43.0022359918803,919.5999755859375],[-1.3221451453864574,43.00227681174874,919.5999755859375],[-1.3221198320388794,43.00232014618814,919.5999755859375],[-1.3221048284322023,43.00234227441251,919.5999755859375],[-1.3220702949911356,43.00238183699548,919.7999877929688],[-1.322038946673274,43.002413269132376,919.7999877929688],[-1.3220070954412222,43.00244361162186,920],[-1.3219717238098383,43.002461632713675,920.2000122070312],[-1.3219199236482382,43.00248661078513,920.2000122070312],[-1.3218672014772892,43.002522652968764,920.5999755859375],[-1.3218159042298794,43.00254243426025,921],[-1.3217631820589304,43.002543188631535,921],[-1.3217289838939905,43.00255727022886,921.2000122070312],[-1.3216959591954947,43.002569591626525,921.4000244140625],[-1.3216627668589354,43.00258786417544,921.7999877929688],[-1.3216401357203722,43.0026001855731,922],[-1.3216032553464174,43.00262114033103,922.4000244140625],[-1.3215650338679552,43.00264888443053,922.5999755859375],[-1.3215393852442503,43.00266355276108,922.7999877929688],[-1.321496469900012,43.002689369022846,923],[-1.3214591704308987,43.00271166488528,923.4000244140625],[-1.3214164227247238,43.00273848697543,923.5999755859375],[-1.321377195417881,43.00277050584555,923.7999877929688],[-1.3213458471000195,43.00280177034438,924.2000122070312],[-1.3213126547634602,43.002837812528014,924.4000244140625],[-1.32127795368433,43.0028713401407,924.5999755859375],[-1.3212523888796568,43.00289086997509,925],[-1.3212203700095415,43.00290520302951,925],[-1.3211772870272398,43.0029437597841,925.2000122070312],[-1.3211493752896786,43.00296261906624,925.4000244140625],[-1.3211198709905148,43.00298374146223,925.4000244140625],[-1.3210935518145561,43.002997152507305,925.5999755859375],[-1.3210592698305845,43.0030214600265,926],[-1.3210310228168964,43.003040654584765,926],[-1.3209990039467812,43.003060603514314,926.2000122070312],[-1.3209620397537947,43.0030856654048,926.2000122070312],[-1.320930104702711,43.00311223603785,926.2000122070312],[-1.3209009356796741,43.003136878833175,926.2000122070312],[-1.3208731915801764,43.00316009670496,926.4000244140625],[-1.3208457827568054,43.003177950158715,926.4000244140625],[-1.3208133447915316,43.00319823436439,926.4000244140625],[-1.3207916356623173,43.003221368417144,926.5999755859375],[-1.3207659032195807,43.003248777240515,926.5999755859375],[-1.3207408413290977,43.00327920354903,926.5999755859375],[-1.3207099959254265,43.003318766132,926.5999755859375],[-1.3206847663968801,43.003348521888256,926.7999877929688],[-1.3206616323441267,43.00337249413133,926.7999877929688],[-1.3206405099481344,43.00340015441179,927],[-1.320622656494379,43.00342781469226,927],[-1.320611760020256,43.003466287627816,927],[-1.320603210479021,43.003504844382405,927],[-1.3205912243574858,43.00354432314634,927],[-1.3205711916089058,43.00357994623482,927],[-1.320549314841628,43.00361112691462,927],[-1.3205300364643335,43.00363350659609,927],[-1.3205065671354532,43.00365949049592,927.2000122070312],[-1.3204830139875412,43.00369134172797,927.4000244140625],[-1.320449821650982,43.00372310914099,927.4000244140625],[-1.320422999560833,43.00375051796436,927.5999755859375],[-1.3203862868249416,43.00379695370793,927.5999755859375],[-1.320357033982873,43.003842970356345,927.7999877929688],[-1.3203359115868807,43.003878677263856,927.7999877929688],[-1.3203162141144276,43.003903487697244,927.7999877929688],[-1.3202976901084185,43.00394229590893,928],[-1.3202737178653479,43.003981774672866,928],[-1.3202500808984041,43.00402510911226,928.2000122070312],[-1.3202306348830462,43.00406601279974,928.2000122070312],[-1.3202102668583393,43.00410054624081,928.4000244140625],[-1.3201878033578396,43.00412317737937,928.4000244140625],[-1.320167938247323,43.00414287485182,928.4000244140625],[-1.320151761174202,43.00418185070157,928.5999755859375],[-1.3201427087187767,43.00422124564648,928.5999755859375],[-1.3201380148530006,43.004251001402736,928.7999877929688],[-1.320126447826624,43.004274470731616,928.7999877929688],[-1.320107001811266,43.00430992618203,928.7999877929688],[-1.3200882263481617,43.00433264113963,929],[-1.3200643379241228,43.00436306744814,929],[-1.3200454786419868,43.004386369138956,929.2000122070312],[-1.320020668208599,43.004432218149304,929.2000122070312],[-1.3200011383742094,43.00446826033294,929.4000244140625],[-1.3199781719595194,43.004509499296546,929.4000244140625],[-1.3199583068490028,43.004537830129266,929.4000244140625],[-1.3199439737945795,43.00455861724913,929.5999755859375],[-1.3199242763221264,43.00458937883377,929.5999755859375],[-1.319905249401927,43.00463330000639,929.7999877929688],[-1.319879014045,43.00466590560973,929.7999877929688],[-1.319856969639659,43.004699517041445,930],[-1.319837523624301,43.00473203882575,930],[-1.3198106177151203,43.00477461889386,930],[-1.3197884894907475,43.00480588339269,930],[-1.3197582308202982,43.00483966246247,930.2000122070312],[-1.3197432272136211,43.00486204214394,930.2000122070312],[-1.319725625216961,43.00489414483309,930.2000122070312],[-1.3197103701531887,43.004932114854455,930.2000122070312],[-1.3196967914700508,43.004965893924236,930.5999755859375],[-1.3196733221411705,43.00499598495662,930.5999755859375],[-1.3196399621665478,43.00502775236964,930.5999755859375],[-1.3196117151528597,43.005063040181994,930.7999877929688],[-1.3195935264229774,43.00508910790086,930.7999877929688],[-1.319573326036334,43.005119282752275,931],[-1.319553628563881,43.00514887087047,931],[-1.319534434005618,43.00517678260803,931],[-1.3195140659809113,43.00520896911621,931],[-1.319501157850027,43.005235623568296,931.2000122070312],[-1.3194869924336672,43.00526521168649,931.2000122070312],[-1.3194673787802458,43.005295218899846,931.5999755859375],[-1.3194407243281603,43.00532581284642,931.7999877929688],[-1.319421362131834,43.00535246729851,931.7999877929688],[-1.3194024190306664,43.005390772596,931.7999877929688],[-1.3193891756236553,43.00542304292321,932],[-1.319377776235342,43.005449613556266,932],[-1.3193636108189821,43.00548414699733,932.2000122070312],[-1.319350954145193,43.005524799227715,932.2000122070312],[-1.319346260279417,43.00555153749883,932.2000122070312],[-1.3193411473184824,43.00558313727379,932.4000244140625],[-1.3193373754620552,43.005620604380965,932.5999755859375],[-1.3193328492343426,43.005645498633385,932.7999877929688],[-1.3193281553685665,43.005683133378625,933],[-1.3193270657211542,43.00571775063872,933],[-1.3193331845104694,43.00575999543071,933.2000122070312],[-1.3193344417959452,43.00579226575792,933.2000122070312],[-1.319326562806964,43.00582990050316,933.2000122070312],[-1.3193191029131413,43.00587239675224,933.4000244140625],[-1.319324215874076,43.00591497682035,933.4000244140625],[-1.3193333521485329,43.005948420614004,933.7999877929688],[-1.3193455897271633,43.00598085857928,933.7999877929688],[-1.3193615153431892,43.00600977614522,934],[-1.3193688914179802,43.00604439340532,934],[-1.3193546421825886,43.006077921018004,934.2000122070312],[-1.319358916953206,43.00613198429346,934.2000122070312],[-1.319363946095109,43.0061609018594,934.4000244140625],[-1.3193667121231556,43.006197195500135,934.7999877929688],[-1.3193738367408514,43.0062251072377,935],[-1.3193782791495323,43.006250001490116,935.2000122070312],[-1.3193809613585472,43.006288977339864,935.5999755859375],[-1.3193755131214857,43.00631512887776,935.5999755859375],[-1.319372160360217,43.00635125488043,935.7999877929688],[-1.3193746749311686,43.00639140419662,936.2000122070312],[-1.3193802908062935,43.006426775828004,936.4000244140625],[-1.3193852361291647,43.006453262642026,936.4000244140625],[-1.3193889241665602,43.00649450160563,936.4000244140625],[-1.319391941651702,43.00652819685638,936.5999755859375],[-1.319393953308463,43.00655510276556,936.7999877929688],[-1.3193970546126366,43.00658552907407,936.7999877929688],[-1.319403676316142,43.00662827678025,937],[-1.319409878924489,43.006655937060714,937.2000122070312],[-1.319417841732502,43.006690219044685,937.4000244140625],[-1.3194249663501978,43.00672550685704,937.4000244140625],[-1.3194286543875933,43.00675878301263,937.4000244140625],[-1.3194295763969421,43.00679759122431,937.4000244140625],[-1.3194344379007816,43.00682860426605,937.4000244140625],[-1.3194411434233189,43.0068551748991,937.5999755859375],[-1.3194488547742367,43.006894988939166,937.5999755859375],[-1.3194504473358393,43.00692742690444,937.5999755859375],[-1.3194523751735687,43.00695441663265,937.5999755859375],[-1.3194550573825836,43.00699129700661,937.5999755859375],[-1.3194588292390108,43.0070296023041,937.5999755859375],[-1.3194646965712309,43.007052820175886,937.5999755859375],[-1.3194686360657215,43.00709112547338,937.7999877929688],[-1.3194695580750704,43.0071176122874,938],[-1.3194724079221487,43.00714686512947,938],[-1.3194803707301617,43.007178297266364,938.2000122070312],[-1.3194865733385086,43.007215512916446,938.2000122070312],[-1.319489423185587,43.00724199973047,938.7999877929688],[-1.3194960448890924,43.007277538999915,938.7999877929688],[-1.3195040076971054,43.007310312241316,939],[-1.3195107132196426,43.00735305994749,939.2000122070312],[-1.3195137307047844,43.00737946294248,939.4000244140625],[-1.3195158261805773,43.00741516984999,939.4000244140625],[-1.3195190113037825,43.00745037384331,939.5999755859375],[-1.3195230346173048,43.00748532637954,940],[-1.3195282313972712,43.00752094946802,940.2000122070312],[-1.3195354398339987,43.007556572556496,940.2000122070312],[-1.319540049880743,43.0075909383595,940.2000122070312],[-1.31954625248909,43.007625974714756,940.4000244140625],[-1.3195508625358343,43.00765874795616,940.7999877929688],[-1.3195551373064518,43.007692359387875,940.7999877929688],[-1.3195625133812428,43.007726054638624,941],[-1.3195703085511923,43.00776259973645,941],[-1.3195784389972687,43.00779730081558,941.2000122070312],[-1.3195874076336622,43.00783057697117,941.5999755859375],[-1.3195972982794046,43.00786318257451,941.7999877929688],[-1.3196080271154642,43.007895620539784,941.7999877929688],[-1.319617247208953,43.007928393781185,942],[-1.3196268863976002,43.007960664108396,942],[-1.3196362741291523,43.00799368880689,942],[-1.3196455780416727,43.008026042953134,942.2000122070312],[-1.3196547981351614,43.00805797800422,942.2000122070312],[-1.3196663651615381,43.008090164512396,942.4000244140625],[-1.3196786027401686,43.0081226862967,942.4000244140625],[-1.3196910079568624,43.00815235823393,942.5999755859375],[-1.319703245535493,43.00818077288568,942.7999877929688],[-1.3197169080376625,43.008209774270654,943],[-1.319731492549181,43.008240200579166,943.2000122070312],[-1.3197445683181286,43.00827272236347,943.2000122070312],[-1.3197630923241377,43.00831027328968,943.4000244140625],[-1.3197757489979267,43.00833499990404,943.4000244140625],[-1.31979008205235,43.008367186412215,943.5999755859375],[-1.31980424746871,43.00839819945395,943.7999877929688],[-1.3198176585137844,43.00842669792473,943.7999877929688],[-1.3198308181017637,43.008454693481326,944],[-1.3198469951748848,43.00848109647632,944.2000122070312],[-1.3198638428002596,43.00850213505328,944.2000122070312],[-1.3198816124349833,43.00851873122156,944.4000244140625],[-1.3198981247842312,43.0085339024663,944.5999755859375],[-1.3199146371334791,43.0085476487875,944.5999755859375],[-1.319928215816617,43.008562149479985,944.5999755859375],[-1.3199374359101057,43.008578242734075,944.5999755859375],[-1.3199431356042624,43.008594419807196,944.5999755859375],[-1.3199364300817251,43.00861227326095,944.7999877929688],[-1.3199139665812254,43.00862484611571,944.7999877929688],[-1.3198777567595243,43.00863029435277,944.7999877929688],[-1.3198326621204615,43.008621241897345,944.7999877929688],[-1.3197868131101131,43.00860498100519,944.5999755859375],[-1.319744735956192,43.008583607152104,944.4000244140625],[-1.3197095319628716,43.00854815170169,944.2000122070312],[-1.3196775130927563,43.00850951112807,943.5999755859375],[-1.3196491822600365,43.00846760161221,943.5999755859375],[-1.3196245394647121,43.008419908583164,943.5999755859375],[-1.3196041714400053,43.00837489776313,943.4000244140625],[-1.319584809243679,43.00833080895245,943],[-1.3195579871535301,43.00829669460654,942.5999755859375],[-1.31952621974051,43.00827029161155,942.4000244140625],[-1.319490009918809,43.00825738348067,942.4000244140625],[-1.3194506149739027,43.00825830549002,942.2000122070312],[-1.319405185058713,43.00826886668801,942.2000122070312],[-1.3193546421825886,43.0082815233618,942],[-1.3193023391067982,43.00829459913075,941.5999755859375],[-1.319254394620657,43.008311027660966,941.4000244140625],[-1.3192109763622284,43.00833910703659,941.4000244140625],[-1.319177532568574,43.00837540067732,941.2000122070312],[-1.3191561587154865,43.00841479562223,941.2000122070312],[-1.3191490340977907,43.00845670513809,941],[-1.3191550690680742,43.008501045405865,941],[-1.3191678933799267,43.008546978235245,941],[-1.3191833160817623,43.00859349779785,941],[-1.3191992416977882,43.00863800570369,940.7999877929688],[-1.3192155864089727,43.00867966376245,940.5999755859375],[-1.3192323502153158,43.00872274674475,940.5999755859375],[-1.3192424084991217,43.008764488622546,940.5999755859375],[-1.319237295538187,43.00880514085293,940.5999755859375],[-1.3192148320376873,43.008839171379805,940.4000244140625],[-1.31916512735188,43.00888099707663,940.2000122070312],[-1.3191141653805971,43.00891519524157,939.7999877929688],[-1.3190378062427044,43.008941262960434,938.7999877929688],[-1.318932194262743,43.00895635038614,937.7999877929688],[-1.3188573438674212,43.008951069787145,936.4000244140625],[-1.3187617901712656,43.00892542116344,935.2000122070312],[-1.318666823208332,43.00887990742922,934.2000122070312],[-1.3185807410627604,43.00882391631603,932.2000122070312],[-1.3185071479529142,43.00876080058515,930.5999755859375],[-1.318435063585639,43.00869869068265,929.4000244140625],[-1.3183719478547573,43.00864404067397,929.4000244140625],[-1.3183332234621048,43.00859852693975,929.4000244140625],[-1.318304305896163,43.00856089219451,929.4000244140625],[-1.3182841055095196,43.00855401903391,930.4000244140625],[-1.3182523380964994,43.00854630768299,931.4000244140625],[-1.3182033877819777,43.008534740656614,931.4000244140625],[-1.3181662559509277,43.00852132961154,931.4000244140625],[-1.318114036694169,43.008499536663294,931.4000244140625],[-1.318072210997343,43.00847388803959,931.4000244140625],[-1.318040695041418,43.008448742330074,931.4000244140625],[-1.3180156331509352,43.00842208787799,931.4000244140625],[-1.3179902359843254,43.008397528901696,931.5999755859375],[-1.317966179922223,43.00836894661188,932],[-1.3179546128958464,43.008347572758794,932.2000122070312],[-1.3179454766213894,43.008332988247275,932.5999755859375],[-1.3179430458694696,43.00833022221923,932.7999877929688],[-1.3179430458694696,43.00833022221923,933],[-1.3179430458694696,43.00833022221923,933.4000244140625],[-1.3179430458694696,43.00833022221923,933.4000244140625],[-1.3179430458694696,43.00833022221923,933.4000244140625],[-1.3179430458694696,43.00833022221923,933.4000244140625],[-1.3179430458694696,43.00833022221923,933.5999755859375],[-1.3179384358227253,43.00833131186664,933.4000244140625],[-1.3179279584437609,43.0083298869431,933.4000244140625],[-1.3179132901132107,43.00832536071539,933.4000244140625],[-1.3178988732397556,43.00831714645028,933.4000244140625],[-1.3178837019950151,43.008308596909046,933.4000244140625],[-1.3178683631122112,43.00829770043492,933.4000244140625],[-1.3178489170968533,43.0082833673805,933.4000244140625],[-1.317832823842764,43.00827196799219,933.5999755859375],[-1.3178162276744843,43.00826241262257,933.5999755859375],[-1.3177965302020311,43.008247995749116,934],[-1.317783622071147,43.008233243599534,934.2000122070312],[-1.3177711330354214,43.00821606069803,934.4000244140625],[-1.3177554588764906,43.00820315256715,934.7999877929688],[-1.3177380245178938,43.008189741522074,934.7999877929688],[-1.3177169859409332,43.00817180424929,935.2000122070312],[-1.3176930136978626,43.00815110094845,935.4000244140625],[-1.3176665268838406,43.00813492387533,935.7999877929688],[-1.3176364358514547,43.008120926097035,936.2000122070312],[-1.3176055904477835,43.00810759887099,936.4000244140625],[-1.3175533711910248,43.00808681175113,936.5999755859375],[-1.3175252079963684,43.008069628849626,936.7999877929688],[-1.3174837175756693,43.008042303845286,937],[-1.3174565602093935,43.00802344456315,937.2000122070312],[-1.3174204342067242,43.00799955613911,937.5999755859375],[-1.3173950370401144,43.007966950535774,938.2000122070312],[-1.3173595815896988,43.007923532277346,938.4000244140625],[-1.317327143624425,43.007892770692706,938.5999755859375],[-1.317295879125595,43.00786946900189,938.7999877929688],[-1.3172455038875341,43.007845748215914,939],[-1.3172106351703405,43.00783284008503,939.4000244140625],[-1.3171801250427961,43.0078206025064,939.5999755859375],[-1.3171553146094084,43.00780266523361,939.7999877929688],[-1.3171102199703455,43.00776989199221,940],[-1.3170554023236036,43.00773644819856,940.2000122070312],[-1.3170087151229382,43.007708955556154,940.2000122070312],[-1.3169761095196009,43.00769311375916,940.4000244140625],[-1.316946353763342,43.00767651759088,940.7999877929688],[-1.316914251074195,43.007660591974854,941],[-1.3168767001479864,43.007638128474355,941],[-1.3168528955429792,43.007622957229614,941],[-1.316809058189392,43.007600577548146,941.2000122070312],[-1.316773183643818,43.00759445875883,941.4000244140625],[-1.316728675737977,43.00759328529239,941.7999877929688],[-1.3166923820972443,43.00758599303663,942],[-1.3166542444378138,43.00756906159222,942.2000122070312],[-1.316628260537982,43.00756327807903,942.5999755859375],[-1.3165843393653631,43.00755179487169,942.7999877929688],[-1.3165442738682032,43.00754609517753,943.2000122070312],[-1.316506639122963,43.007537964731455,943.4000244140625],[-1.3164738658815622,43.00752790644765,943.5999755859375],[-1.316439751535654,43.007517009973526,944],[-1.3164157792925835,43.007504688575864,944.2000122070312],[-1.3163849338889122,43.00748901441693,944.4000244140625],[-1.3163544237613678,43.00747476518154,944.4000244140625],[-1.3163224048912525,43.00746101886034,944.5999755859375],[-1.316291643306613,43.00744492560625,944.7999877929688],[-1.3162620551884174,43.00742958672345,945.2000122070312],[-1.3162312097847462,43.00741349346936,945.4000244140625],[-1.316200951114297,43.00739765167236,945.5999755859375],[-1.3161722011864185,43.007377283647656,945.7999877929688],[-1.3161450438201427,43.00735775381327,946],[-1.316117299720645,43.00733990035951,946],[-1.3160913158208132,43.007319113239646,946.2000122070312],[-1.3160639069974422,43.00729773938656,946.2000122070312],[-1.3160293735563755,43.007276533171535,946.2000122070312],[-1.3159933313727379,43.00725272856653,946.2000122070312],[-1.3159557804465294,43.00722758285701,946.2000122070312],[-1.3159224204719067,43.007198916748166,946.2000122070312],[-1.3158883899450302,43.00717134028673,946.2000122070312],[-1.315853102132678,43.00714736804366,946.2000122070312],[-1.3158137910068035,43.007120126858354,946.2000122070312],[-1.3157753180712461,43.00709749571979,946],[-1.3157336600124836,43.00707151181996,946],[-1.3156938459724188,43.007044941186905,946],[-1.315653445199132,43.00702180713415,946],[-1.3156123738735914,43.00699791871011,946],[-1.3155692908912897,43.006978053599596,946],[-1.3155302312225103,43.00695584155619,946.2000122070312],[-1.3154941890388727,43.006936479359865,946.4000244140625],[-1.3154594879597425,43.00690948963165,946.7999877929688],[-1.3154210150241852,43.006888115778565,947],[-1.315381620079279,43.00686975941062,947.2000122070312],[-1.315333591774106,43.006848972290754,947.4000244140625],[-1.3152927719056606,43.006831873208284,947.5999755859375],[-1.315251113846898,43.00681544467807,947.5999755859375],[-1.3152173347771168,43.00680295564234,948],[-1.3151803705841303,43.00679063424468,948.2000122070312],[-1.315143657848239,43.00677303224802,948.4000244140625],[-1.3151072803884745,43.00675584934652,948.5999755859375],[-1.315072663128376,43.006740091368556,948.7999877929688],[-1.315036453306675,43.00672944635153,949],[-1.3150007463991642,43.00670840777457,949.2000122070312],[-1.3149583339691162,43.0067100841552,949.4000244140625],[-1.3149187713861465,43.00670262426138,949.5999755859375],[-1.3148775324225426,43.00668745301664,949.7999877929688],[-1.314839394763112,43.00667664036155,950.2000122070312],[-1.3148030173033476,43.00666490569711,950.5999755859375],[-1.3147571682929993,43.00666842609644,950.7999877929688],[-1.3147161807864904,43.00666708499193,951],[-1.314677456393838,43.00665392540395,951.2000122070312],[-1.3146368879824877,43.006639340892434,951.2000122070312],[-1.3146033603698015,43.0066291987896,951.5999755859375],[-1.3145621214061975,43.00662090070546,951.7999877929688],[-1.314523983746767,43.00661469809711,952],[-1.314483666792512,43.00661033950746,952.2000122070312],[-1.3144475407898426,43.00660388544202,952.5999755859375],[-1.3144151028245687,43.00659894011915,952.7999877929688],[-1.31437998265028,43.0065980181098,953],[-1.3143441919237375,43.006596928462386,953.2000122070312],[-1.3142999354749918,43.00660019740462,953.5999755859375],[-1.3142700958997011,43.00660103559494,953.7999877929688],[-1.3142361491918564,43.006602795794606,954],[-1.3141981791704893,43.00661193206906,954.2000122070312],[-1.3141654897481203,43.00661436282098,954.5999755859375],[-1.3141315430402756,43.00661461427808,954.7999877929688],[-1.3140964228659868,43.006615955382586,955],[-1.3140573631972075,43.00661872141063,955.2000122070312],[-1.3140183873474598,43.00661897286773,955.4000244140625],[-1.3139805849641562,43.00662215799093,955.7999877929688],[-1.3139456324279308,43.00662492401898,956],[-1.31390699185431,43.006627606227994,956.2000122070312],[-1.31386399269104,43.006619391962886,956.4000244140625],[-1.3138320576399565,43.00661033950746,956.7999877929688],[-1.3137959316372871,43.006606651470065,957],[-1.313765337690711,43.00660455599427,957.2000122070312],[-1.3137513399124146,43.00660195760429,957.5999755859375],[-1.3137372583150864,43.00659483298659,957.7999877929688],[-1.3137191534042358,43.006585109978914,958],[-1.3136992882937193,43.00657672807574,958.4000244140625],[-1.313677579164505,43.006565077230334,958.4000244140625],[-1.313645476475358,43.006553426384926,958.5999755859375],[-1.3135961070656776,43.00651939585805,958.5999755859375],[-1.3135500065982342,43.00650380551815,958.5999755859375],[-1.3135142996907234,43.00649458542466,958.5999755859375],[-1.3134538661688566,43.00648075528443,958.4000244140625],[-1.3134027365595102,43.006472289562225,958.4000244140625],[-1.3133381120860577,43.0064648296684,958],[-1.3132681231945753,43.00645250827074,957.5999755859375],[-1.3131957035511732,43.00644060596824,957.4000244140625],[-1.3131081126630306,43.00642903894186,956.7999877929688],[-1.3130480982363224,43.00641889683902,956.5999755859375],[-1.312963105738163,43.00640867091715,956.2000122070312],[-1.312900660559535,43.006395511329174,956.2000122070312],[-1.3128291629254818,43.00638251937926,956.2000122070312],[-1.3127662148326635,43.0063649173826,956.2000122070312],[-1.3126956392079592,43.006353098899126,956.2000122070312],[-1.3126178551465273,43.00634446553886,956.2000122070312],[-1.3125706650316715,43.006338849663734,956.2000122070312],[-1.312508974224329,43.00633616745472,956.2000122070312],[-1.3124490436166525,43.006367767229676,956.4000244140625],[-1.3124003447592258,43.006338430568576,956.4000244140625],[-1.3123467843979597,43.00633122213185,956.5999755859375],[-1.312299007549882,43.00631454214454,956.5999755859375],[-1.3122319523245096,43.006312446668744,957],[-1.3121771346777678,43.00631185993552,957],[-1.3121360633522272,43.00630833953619,957.2000122070312],[-1.312085185199976,43.006300292909145,957.4000244140625],[-1.3120207283645868,43.00629467703402,957.5999755859375],[-1.311976807191968,43.006290066987276,957.7999877929688],[-1.3119106739759445,43.00627891905606,957.7999877929688],[-1.3118636514991522,43.006268525496125,957.7999877929688],[-1.3118014577776194,43.00625813193619,957.7999877929688],[-1.3117364142090082,43.00624581053853,957.7999877929688],[-1.3116712030023336,43.00624036230147,957.2000122070312],[-1.3116056565195322,43.00623348914087,957],[-1.311542708426714,43.00622183829546,957],[-1.3114741444587708,43.0062095168978,956.7999877929688],[-1.3114058319479227,43.006196692585945,956.7999877929688],[-1.3113463204354048,43.00617531873286,956.7999877929688],[-1.3112825341522694,43.00615880638361,956.7999877929688],[-1.311205169185996,43.00613734871149,956.7999877929688],[-1.3111345935612917,43.00612108781934,956.5999755859375],[-1.3110713101923466,43.00608219578862,956.5999755859375],[-1.3110102899372578,43.006061324849725,956.5999755859375],[-1.3109444081783295,43.00604782998562,956.5999755859375],[-1.3108822144567966,43.00602938979864,956.5999755859375],[-1.3108245469629765,43.00600994378328,956.7999877929688],[-1.3107712380588055,43.0059988796711,956.7999877929688],[-1.3107191026210785,43.00597499124706,956.7999877929688],[-1.3106628600507975,43.005954874679446,956.7999877929688],[-1.3106075394898653,43.00593559630215,957],[-1.310566384345293,43.005916150286794,957.2000122070312],[-1.3105149194598198,43.00589678809047,957.2000122070312],[-1.31045775488019,43.00587382167578,957.2000122070312],[-1.3104225508868694,43.00585772842169,957.4000244140625],[-1.3103642966598272,43.00583157688379,957.5999755859375],[-1.3103189505636692,43.00580458715558,957.5999755859375],[-1.3102840818464756,43.005794528871775,957.7999877929688],[-1.3102354668080807,43.00577709451318,958],[-1.3101874385029078,43.005750188604,958.2000122070312],[-1.3101420924067497,43.00572294741869,958.2000122070312],[-1.3100953213870525,43.005699981004,958.4000244140625],[-1.310040419921279,43.0056690517813,958.4000244140625],[-1.3099890388548374,43.00565052777529,958.5999755859375],[-1.3099489733576775,43.00564340315759,958.7999877929688],[-1.3098928984254599,43.005622113123536,959.2000122070312],[-1.3098545093089342,43.00560384057462,959.2000122070312],[-1.3098069000989199,43.00557726994157,959.4000244140625],[-1.3097521662712097,43.00555715337396,959.5999755859375],[-1.3096818421036005,43.00553686916828,959.5999755859375],[-1.3096227496862411,43.005523374304175,959.7999877929688],[-1.3095828518271446,43.005512645468116,960],[-1.3095319736748934,43.005501832813025,960],[-1.3094708696007729,43.005483308807015,960],[-1.3094291277229786,43.00546889193356,960.4000244140625],[-1.3093630783259869,43.00545221194625,960.4000244140625],[-1.3093057461082935,43.005444668233395,960.5999755859375],[-1.3092597294598818,43.00543712452054,960.5999755859375],[-1.3091989606618881,43.005429999902844,960.5999755859375],[-1.3091284688562155,43.005418265238404,960.5999755859375],[-1.3090750761330128,43.0054079554975,960.5999755859375],[-1.309003746137023,43.00539705902338,960.4000244140625],[-1.3089312426745892,43.0053926166147,960.2000122070312],[-1.3088581524789333,43.005394292995334,959.7999877929688],[-1.3087841402739286,43.005404686555266,959.5999755859375],[-1.3087115529924631,43.0054219532758,959.2000122070312],[-1.3086199387907982,43.005457324907184,958.5999755859375],[-1.3085586670786142,43.00549663603306,957.7999877929688],[-1.3084885105490685,43.00554315559566,957.2000122070312],[-1.3084243889898062,43.00559881143272,956.4000244140625],[-1.3083592616021633,43.005658155307174,956],[-1.3082841597497463,43.005699981004,955.5999755859375],[-1.3081897795200348,43.00572847947478,955.4000244140625],[-1.308108726516366,43.00574406981468,955.2000122070312],[-1.3080293498933315,43.00574750639498,955.2000122070312],[-1.3079542480409145,43.0057483445853,955.2000122070312],[-1.3078933954238892,43.00575421191752,955.4000244140625],[-1.3077961653470993,43.00577709451318,955.5999755859375],[-1.307731457054615,43.00579050555825,955.7999877929688],[-1.3076589535921812,43.005793103948236,956],[-1.307571278885007,43.00579545088112,956],[-1.3075157068669796,43.005796540528536,956],[-1.3074455503374338,43.00579637289047,956.2000122070312],[-1.3073797523975372,43.00579561851919,956.4000244140625],[-1.3073044829070568,43.00579494796693,956.4000244140625],[-1.3072463124990463,43.00579612143338,956.5999755859375],[-1.3071929197758436,43.0057914275676,956.7999877929688],[-1.3071360066533089,43.005790086463094,957.4000244140625],[-1.3070833683013916,43.00578405149281,957.7999877929688],[-1.3070309814065695,43.005775921046734,958],[-1.3069744035601616,43.00576628185809,958.2000122070312],[-1.3069184962660074,43.005745746195316,958.2000122070312],[-1.306861164048314,43.0057345982641,958.2000122070312],[-1.3068023230880499,43.0057274736464,958.2000122070312],[-1.3067376986145973,43.005715906620026,958],[-1.3066649436950684,43.00570098683238,957.7999877929688],[-1.3065866567194462,43.0056843906641,957.4000244140625],[-1.3065211940556765,43.0056722369045,957],[-1.306416168808937,43.00565890967846,956.2000122070312],[-1.3063279073685408,43.00564927048981,955.4000244140625],[-1.3062383886426687,43.00564072094858,955],[-1.3061440084129572,43.005630327388644,954.5999755859375],[-1.3060517236590385,43.00561632961035,954],[-1.3059782143682241,43.005592189729214,953.5999755859375],[-1.3058911263942719,43.00556318834424,953.2000122070312],[-1.3057877775281668,43.00552697852254,952.5999755859375],[-1.3057179562747478,43.005506191402674,952.2000122070312],[-1.305608069524169,43.00548314116895,952.2000122070312],[-1.3055333029478788,43.00547149032354,952],[-1.3054152857512236,43.00546243786812,951.7999877929688],[-1.305314702913165,43.00546880811453,951.5999755859375],[-1.3052167184650898,43.00548490136862,951.2000122070312],[-1.3051201589405537,43.005513148382306,950.4000244140625],[-1.3050297182053328,43.00554935820401,949.7999877929688],[-1.3049478270113468,43.00558866932988,949.4000244140625],[-1.3048662710934877,43.00562521442771,949],[-1.304777255281806,43.00565589219332,948.7999877929688],[-1.3046773429960012,43.00566863268614,948],[-1.3045838847756386,43.005663603544235,946.2000122070312],[-1.3044948689639568,43.00564717501402,945.2000122070312],[-1.3044076971709728,43.005633763968945,944.5999755859375],[-1.3043200224637985,43.00563317723572,944],[-1.3042322639375925,43.00564298406243,943.7999877929688],[-1.3041461817920208,43.00567743368447,943.4000244140625],[-1.3040734268724918,43.0057171639055,942.7999877929688],[-1.3040189445018768,43.00574985332787,942.7999877929688],[-1.30394970998168,43.00577977672219,942.7999877929688],[-1.3038779608905315,43.00580249167979,942.7999877929688],[-1.3038075529038906,43.00581615418196,943],[-1.3037420902401209,43.00582839176059,943],[-1.303683752194047,43.005833085626364,943.5999755859375],[-1.3036291860044003,43.00583082251251,944],[-1.3035680819302797,43.00583576783538,944.4000244140625],[-1.3035345543175936,43.0058345105499,945],[-1.3034854363650084,43.00583551637828,945.5999755859375],[-1.3034443650394678,43.00583492964506,946],[-1.3034008629620075,43.00583350472152,946.5999755859375],[-1.303358282893896,43.00583031959832,946.7999877929688],[-1.3033149484544992,43.00582612864673,947.2000122070312],[-1.3032711949199438,43.00582126714289,947.7999877929688],[-1.3032288663089275,43.00581875257194,948.4000244140625],[-1.3031995296478271,43.00581288523972,948.7999877929688],[-1.3031481485813856,43.00580299459398,949.2000122070312],[-1.3031078316271305,43.00578782334924,949.5999755859375],[-1.3030742201954126,43.00576686859131,950],[-1.303041446954012,43.00575035624206,950.2000122070312],[-1.3030127808451653,43.00573719665408,950.5999755859375],[-1.302977493032813,43.00572554580867,951.2000122070312],[-1.302942456677556,43.00570785999298,951.4000244140625],[-1.3029158022254705,43.00569428130984,951.7999877929688],[-1.30287473089993,43.005673829466105,952],[-1.3028472382575274,43.005666537210345,952.4000244140625],[-1.3028074242174625,43.00565455108881,952.7999877929688],[-1.3027753215283155,43.005634769797325,953],[-1.3027444761246443,43.005616748705506,953.4000244140625],[-1.3027115352451801,43.00560073927045,953.7999877929688],[-1.302674151957035,43.00559042952955,954.2000122070312],[-1.3026352599263191,43.00557651557028,954.4000244140625],[-1.302594942972064,43.005565367639065,954.5999755859375],[-1.3025547936558723,43.00555380061269,954.7999877929688],[-1.3025100342929363,43.00554852001369,955],[-1.3024669513106346,43.00554315559566,955.4000244140625],[-1.3024226110428572,43.00553385168314,955.4000244140625],[-1.3023810368031263,43.00552857108414,955.5999755859375],[-1.3023374509066343,43.005518931895494,955.5999755859375],[-1.302292188629508,43.00550954416394,955.7999877929688],[-1.3022469263523817,43.00550367683172,955.7999877929688],[-1.3021996524184942,43.0054962169379,956],[-1.3021501153707504,43.00548858940601,956],[-1.3021139055490494,43.00548263825476,956],[-1.3020582497119904,43.00546838901937,956],[-1.3020163401961327,43.00545858219266,956.2000122070312],[-1.3019690662622452,43.0054563190788,956.2000122070312],[-1.3019218761473894,43.00545137375593,956.2000122070312],[-1.3018767815083265,43.00544701516628,956.4000244140625],[-1.3018290884792805,43.00544047728181,956.4000244140625],[-1.3017798867076635,43.00543796271086,956.4000244140625],[-1.3017422519624233,43.005431508645415,956.4000244140625],[-1.3016876019537449,43.00542254000902,956.5999755859375],[-1.301641333848238,43.005415834486485,956.5999755859375],[-1.3015957362949848,43.00541055388749,956.5999755859375],[-1.301549719646573,43.00540669821203,956.7999877929688],[-1.3015059661120176,43.005401166155934,956.7999877929688],[-1.3014624640345573,43.0053942091763,957],[-1.3014188781380653,43.00539010204375,957.2000122070312],[-1.301378309726715,43.005384067073464,957.4000244140625],[-1.30133799277246,43.00537836737931,957.4000244140625],[-1.3012976758182049,43.005372835323215,957.5999755859375],[-1.3012649025768042,43.00536772236228,957.7999877929688],[-1.3012217357754707,43.005360681563616,957.7999877929688],[-1.3011732045561075,43.005351880565286,958],[-1.3011316303163767,43.00534475594759,958.2000122070312],[-1.3010847754776478,43.0053392238915,958.4000244140625],[-1.3010384235531092,43.00533402711153,958.4000244140625],[-1.3009940832853317,43.00532748922706,958.5999755859375],[-1.300950413569808,43.00531944260001,958.5999755859375],[-1.3009064923971891,43.005311228334904,958.7999877929688],[-1.3008740544319153,43.00530267879367,959],[-1.300820829346776,43.00529362633824,959.2000122070312],[-1.3007764052599669,43.005283987149596,959.2000122070312],[-1.3007308915257454,43.00527359358966,959.5999755859375],[-1.3006846234202385,43.00526764243841,959.7999877929688],[-1.3006381876766682,43.005261272192,959.7999877929688],[-1.3005941826850176,43.00524886697531,960],[-1.3005504291504622,43.00524023361504,960],[-1.300506005063653,43.00522908568382,960],[-1.3004568871110678,43.00522179342806,960],[-1.3004099484533072,43.005213076248765,960.2000122070312],[-1.3003647699952126,43.00520486198366,960.5999755859375],[-1.3003216031938791,43.00519614480436,960.7999877929688],[-1.3002826273441315,43.005180303007364,960.7999877929688],[-1.300252117216587,43.005165634676814,960.7999877929688],[-1.300212051719427,43.005148116499186,961.2000122070312],[-1.300174668431282,43.005128586664796,961.4000244140625],[-1.3001294899731874,43.00510637462139,961.5999755859375],[-1.3000942021608353,43.005079720169306,961.7999877929688],[-1.300061596557498,43.005056167021394,962],[-1.3000336848199368,43.005033787339926,962.2000122070312],[-1.3000116404145956,43.005014257505536,962.4000244140625],[-1.299969395622611,43.004991710186005,962.5999755859375],[-1.2999336887151003,43.00497050397098,962.7999877929688],[-1.2999025080353022,43.00494560971856,963.2000122070312],[-1.2998749315738678,43.00493177957833,963.4000244140625],[-1.299840733408928,43.00490797497332,963.7999877929688],[-1.2998110614717007,43.00488936714828,964],[-1.2997878435999155,43.00487319007516,964.2000122070312],[-1.299757082015276,43.004855923354626,964.4000244140625],[-1.2997245602309704,43.0048399977386,964.5999755859375],[-1.2996945530176163,43.00482474267483,965],[-1.2996605224907398,43.004804626107216,965.4000244140625],[-1.299633951857686,43.004794316366315,965.5999755859375],[-1.299603022634983,43.004792304709554,965.7999877929688],[-1.2995702493935823,43.004777217283845,966],[-1.2995378952473402,43.004753747954965,966.2000122070312],[-1.2995089776813984,43.004735140129924,966.5999755859375],[-1.299476372078061,43.00472307018936,966.7999877929688],[-1.2994448561221361,43.00470806658268,967.2000122070312],[-1.2994134239852428,43.004694655537605,967.4000244140625],[-1.2993852607905865,43.00467730499804,967.5999755859375],[-1.299356510862708,43.004667246714234,968.2000122070312],[-1.2993286829441786,43.00465400330722,968.4000244140625],[-1.299299094825983,43.00464453175664,968.5999755859375],[-1.2992742005735636,43.00463531166315,968.7999877929688],[-1.299243438988924,43.00462449900806,969],[-1.2992055527865887,43.0046156141907,969],[-1.2991719413548708,43.0046068970114,969.4000244140625],[-1.2991427723318338,43.00460111349821,969.5999755859375],[-1.2991031259298325,43.004591558128595,969.7999877929688],[-1.2990647368133068,43.00458334386349,970],[-1.2990306224673986,43.004580242559314,970.2000122070312],[-1.298986030742526,43.00457169301808,970.2000122070312],[-1.2989510782063007,43.00455576740205,970.5999755859375],[-1.298923334106803,43.004549061879516,970.7999877929688],[-1.2988876271992922,43.00454084761441,971],[-1.2988514173775911,43.00453305244446,971.2000122070312],[-1.2988162133842707,43.00452534109354,971.2000122070312],[-1.298767514526844,43.00452425144613,971.4000244140625],[-1.2987349927425385,43.00452718511224,971.5999755859375],[-1.2986950110644102,43.00453254953027,971.5999755859375],[-1.2986493296921253,43.004526514559984,971.5999755859375],[-1.2986186519265175,43.00452106632292,971.7999877929688],[-1.2985721323639154,43.0045136064291,971.7999877929688],[-1.298539275303483,43.00450723618269,972],[-1.2984935101121664,43.00449893809855,972.2000122070312],[-1.2984642572700977,43.00449742935598,972.2000122070312],[-1.2984225992113352,43.00449793227017,972.2000122070312],[-1.29837641492486,43.00449860282242,972.4000244140625],[-1.2983385287225246,43.004500614479184,972.4000244140625],[-1.2982990499585867,43.00449734553695,972.5999755859375],[-1.298260660842061,43.00449508242309,972.7999877929688],[-1.298231491819024,43.004495836794376,973],[-1.2981858104467392,43.00450036302209,973.2000122070312],[-1.298144906759262,43.00450220704079,973.2000122070312],[-1.2981151510030031,43.00450782291591,973.4000244140625],[-1.2980797793716192,43.004515785723925,973.7999877929688],[-1.298035690560937,43.00452928058803,974],[-1.2979970499873161,43.00454193726182,974.2000122070312],[-1.2979625165462494,43.00455090589821,974.4000244140625],[-1.2979356106370687,43.00455459393561,974.4000244140625],[-1.2978999875485897,43.00455962307751,974.5999755859375],[-1.2978578265756369,43.00456892699003,974.7999877929688],[-1.2978201918303967,43.004577811807394,974.7999877929688],[-1.2977814674377441,43.00458728335798,975],[-1.297741150483489,43.00459180958569,975.2000122070312],[-1.2977021746337414,43.00459264777601,975.2000122070312],[-1.297663701698184,43.004592563956976,975.4000244140625],[-1.297626905143261,43.00459088757634,975.4000244140625],[-1.2975922040641308,43.00458510406315,975.5999755859375],[-1.2975642923265696,43.00457999110222,975.5999755859375],[-1.2975304294377565,43.00457127392292,975.7999877929688],[-1.2974942196160555,43.004557276144624,976.2000122070312],[-1.2974709179252386,43.00454193726182,976.4000244140625],[-1.2974408268928528,43.00451620481908,976.4000244140625],[-1.297419285401702,43.00449466332793,976.5999755859375],[-1.2974015157669783,43.00447789952159,977],[-1.2973867636173964,43.00445887260139,977.4000244140625],[-1.2973756156861782,43.00443263724446,977.7999877929688],[-1.2973690778017044,43.00440891645849,978],[-1.297360360622406,43.004385279491544,978.4000244140625],[-1.297355080023408,43.004362899810076,978.5999755859375],[-1.2973530683666468,43.00433859229088,978.7999877929688],[-1.2973511405289173,43.00431755371392,979],[-1.2973517272621393,43.004290983080864,979.4000244140625],[-1.297349464148283,43.004268519580364,979.7999877929688],[-1.2973484583199024,43.00423985347152,980],[-1.297343848273158,43.00421051681042,980.2000122070312],[-1.2973380647599697,43.004185538738966,980.4000244140625],[-1.2973316945135593,43.00416265614331,980.7999877929688],[-1.2973314430564642,43.00413792952895,981],[-1.2973395735025406,43.00410741940141,981.4000244140625],[-1.297340327873826,43.0040820222348,981.5999755859375],[-1.2973384000360966,43.00405863672495,981.7999877929688],[-1.2973346281796694,43.0040437169373,982],[-1.2973275873810053,43.004023768007755,982.2000122070312],[-1.2973223067820072,43.004002310335636,982.4000244140625],[-1.2973197922110558,43.003981271758676,982.5999755859375],[-1.2973188702017069,43.00395696423948,982.7999877929688],[-1.2973147630691528,43.00393072888255,983.2000122070312],[-1.2973113264888525,43.00390482880175,983.4000244140625],[-1.2973055429756641,43.003881024196744,983.5999755859375],[-1.2973005138337612,43.003858644515276,983.7999877929688],[-1.2973042856901884,43.003841042518616,984],[-1.2973077222704887,43.00380525179207,984.2000122070312],[-1.2973078899085522,43.00378203392029,984.5999755859375],[-1.2973043695092201,43.00374808721244,984.5999755859375],[-1.2972956523299217,43.00372688099742,984.7999877929688],[-1.297285258769989,43.00370919518173,985],[-1.297284672036767,43.00368279218674,985.2000122070312],[-1.297279391437769,43.00366032868624,985.4000244140625],[-1.2972878571599722,43.00363451242447,985.5999755859375],[-1.2972979992628098,43.00360609777272,985.7999877929688],[-1.297297328710556,43.00360132008791,986],[-1.2972972448915243,43.003579108044505,986.4000244140625],[-1.2972981669008732,43.003557063639164,986.4000244140625],[-1.2973044533282518,43.003536611795425,986.5999755859375],[-1.297313841059804,43.00351280719042,987],[-1.2973217200487852,43.00349269062281,987.2000122070312],[-1.2973296828567982,43.0034620128572,987.5999755859375],[-1.2973380647599697,43.003437956795096,987.7999877929688],[-1.2973477877676487,43.00341608002782,988],[-1.2973565887659788,43.00339328125119,988.2000122070312],[-1.2973669823259115,43.003372913226485,988.4000244140625],[-1.2973743584007025,43.00335522741079,988.7999877929688],[-1.2973887752741575,43.003337709233165,989],[-1.297401012852788,43.00332371145487,989.2000122070312],[-1.2974139209836721,43.00330468453467,989.4000244140625],[-1.297435462474823,43.00327870063484,989.7999877929688],[-1.2974497955292463,43.003263277933,990],[-1.2974667269736528,43.00324617885053,990.4000244140625],[-1.2974768690764904,43.00323008559644,990.5999755859375],[-1.2974948063492775,43.00320812501013,990.7999877929688],[-1.297512911260128,43.00319127738476,991],[-1.2975292559713125,43.003173423931,991.2000122070312],[-1.2975393142551184,43.00315976142883,991.4000244140625],[-1.2975538149476051,43.00313235260546,991.5999755859375],[-1.297567980363965,43.00311273895204,992],[-1.2975824810564518,43.0030991602689,992.2000122070312],[-1.2975992448627949,43.00308189354837,992.4000244140625],[-1.2976146675646305,43.00306051969528,992.5999755859375],[-1.297629252076149,43.0030407384038,992.7999877929688],[-1.2976391427218914,43.00302573479712,993.2000122070312],[-1.2976496201008558,43.00300335511565,993.2000122070312],[-1.2976600136607885,43.0029836576432,993.4000244140625],[-1.2976673059165478,43.00296287052333,993.7999877929688],[-1.297672251239419,43.00294451415539,993.7999877929688],[-1.2976818904280663,43.00292640924454,994],[-1.2976931221783161,43.00290612503886,994.4000244140625],[-1.2977013364434242,43.002889696508646,994.4000244140625],[-1.2977057788521051,43.002876034006476,994.7999877929688],[-1.2977133225649595,43.00285088829696,995],[-1.297722039744258,43.00282440148294,995],[-1.29772556014359,43.00280453637242,995.2000122070312],[-1.297724386677146,43.002787018194795,995.4000244140625],[-1.2977285776287317,43.00276639871299,995.5999755859375],[-1.297733187675476,43.00274376757443,996],[-1.2977289129048586,43.00272566266358,996],[-1.2977303378283978,43.00270462408662,996.2000122070312],[-1.2977316789329052,43.002682412043214,996.5999755859375],[-1.2977375462651253,43.002661038190126,996.5999755859375],[-1.297739390283823,43.00265349447727,997],[-1.2977385520935059,43.00264419056475,997.2000122070312],[-1.2977425754070282,43.002623822540045,997.4000244140625],[-1.297749700024724,43.00259968265891,997.4000244140625],[-1.297754729166627,43.00257369875908,998],[-1.2977575790137053,43.00254947505891,998],[-1.2977654580026865,43.002524664625525,998.2000122070312],[-1.2977657094597816,43.00249231047928,998.5999755859375],[-1.297768224030733,43.00246624276042,998.5999755859375],[-1.2977666314691305,43.00244428217411,999.2000122070312],[-1.2977620214223862,43.002423075959086,999.4000244140625],[-1.2977606803178787,43.002402456477284,999.4000244140625],[-1.2977593392133713,43.0023808311671,999.7999877929688],[-1.2977542262524366,43.002357026562095,999.7999877929688],[-1.2977471854537725,43.00234168767929,1000],[-1.2977371271699667,43.00232157111168,1000.5999755859375],[-1.2977258116006851,43.00230044871569,1000.5999755859375],[-1.2977191060781479,43.00228049978614,1000.5999755859375],[-1.297709383070469,43.002264238893986,1001.2000122070312],[-1.297710221260786,43.002245211973786,1001.2000122070312],[-1.2977088801562786,43.00222685560584,1001.4000244140625],[-1.2977065332233906,43.00220715813339,1001.7999877929688],[-1.2976998277008533,43.002191400155425,1001.7999877929688],[-1.2976879253983498,43.00216969102621,1002],[-1.2976768612861633,43.00215393304825,1002.4000244140625],[-1.2976649589836597,43.00213700160384,1002.4000244140625],[-1.2976524699479342,43.002112191170454,1002.5999755859375],[-1.2976353708654642,43.00209735520184,1002.7999877929688],[-1.2976164277642965,43.002079082652926,1003.2000122070312],[-1.2975863367319107,43.00206206738949,1003.2000122070312],[-1.2975853309035301,43.00204496830702,1003.7999877929688],[-1.2975669745355844,43.00201429054141,1003.7999877929688],[-1.297547360882163,43.00198897719383,1003.7999877929688],[-1.2975419126451015,43.001965591683984,1004],[-1.2975346203893423,43.001954359933734,1004.4000244140625],[-1.2975268252193928,43.001951426267624,1004.5999755859375],[-1.2975250650197268,43.00193348899484,1004.5999755859375],[-1.297518527135253,43.00192301161587,1005],[-1.297512324526906,43.001902140676975,1005.2000122070312],[-1.2975091394037008,43.001886466518044,1005.4000244140625],[-1.297501428052783,43.001866517588496,1005.5999755859375],[-1.297489944845438,43.001843551173806,1005.7999877929688],[-1.2974794674664736,43.00182804465294,1006],[-1.2974585127085447,43.00181622616947,1006.4000244140625],[-1.297450214624405,43.00180264748633,1006.4000244140625],[-1.297439318150282,43.00179057754576,1006.7999877929688],[-1.297436049208045,43.00177440047264,1006.7999877929688],[-1.297420710325241,43.001766270026565,1007],[-1.2974026054143906,43.00175780430436,1007],[-1.297386260703206,43.00174682401121,1007.5999755859375],[-1.2973744422197342,43.00173768773675,1007.5999755859375],[-1.2973601929843426,43.00172251649201,1007.7999877929688],[-1.2973466143012047,43.00170776434243,1008.2000122070312],[-1.2973193731158972,43.001682786270976,1008.2000122070312],[-1.2973040342330933,43.00167088396847,1008.5999755859375],[-1.297284085303545,43.0016572214663,1008.5999755859375],[-1.297268494963646,43.001639200374484,1009],[-1.2972577661275864,43.00162335857749,1009.2000122070312],[-1.297246366739273,43.00160785205662,1009.2000122070312],[-1.297231949865818,43.00159209407866,1009.5999755859375],[-1.2972211372107267,43.001581029966474,1010.2000122070312],[-1.2972096540033817,43.00157172605395,1010.4000244140625],[-1.297203367576003,43.00156661309302,1010.4000244140625],[-1.297181574627757,43.001555213704705,1010.5999755859375],[-1.2971653137356043,43.0015417188406,1010.7999877929688],[-1.2971490528434515,43.001527301967144,1010.7999877929688],[-1.2971363961696625,43.00150374881923,1010.7999877929688],[-1.2971196323633194,43.00148572772741,1011],[-1.2970881164073944,43.00147105939686,1011],[-1.2970703467726707,43.001457480713725,1011.4000244140625],[-1.2970465421676636,43.001446751877666,1011.4000244140625],[-1.2970274314284325,43.00143317319453,1011.4000244140625],[-1.2970061413943768,43.001421773806214,1011.4000244140625],[-1.296979570761323,43.0014138109982,1011.5999755859375],[-1.2969511561095715,43.00139327533543,1011.5999755859375],[-1.296935649588704,43.001376427710056,1011.7999877929688],[-1.296923328191042,43.00135949626565,1011.7999877929688],[-1.2969114258885384,43.001316748559475,1011.7999877929688],[-1.2968745455145836,43.00127291120589,1011.7999877929688],[-1.296845879405737,43.00124567002058,1011.5999755859375],[-1.2968292832374573,43.001234102994204,1011.5999755859375],[-1.296816375106573,43.00122161395848,1011.5999755859375],[-1.2968089990317822,43.001204850152135,1011.5999755859375],[-1.296800533309579,43.00119009800255,1011.5999755859375],[-1.2967861164361238,43.00117534585297,1011.5999755859375],[-1.2967649940401316,43.00116210244596,1011.5999755859375],[-1.2967385072261095,43.00115472637117,1011.5999755859375],[-1.296716295182705,43.001152127981186,1011.5999755859375],[-1.2966823484748602,43.001150116324425,1011.5999755859375],[-1.2966537661850452,43.001151541247964,1011.7999877929688],[-1.2966243457049131,43.00115330144763,1011.7999877929688],[-1.2965924106538296,43.00115707330406,1011.7999877929688],[-1.2965590506792068,43.00116252154112,1012],[-1.2965270318090916,43.00116905942559,1012],[-1.2964975275099277,43.00117274746299,1012],[-1.296468609943986,43.001177944242954,1012.2000122070312],[-1.2964396085590124,43.00118456594646,1012.2000122070312],[-1.2964083440601826,43.00119135528803,1012.2000122070312],[-1.2963786721229553,43.00119915045798,1012.2000122070312],[-1.29634958691895,43.001211220398545,1012.2000122070312],[-1.2963162269443274,43.0012237932533,1012.2000122070312],[-1.2962831184267998,43.00123259425163,1012.2000122070312],[-1.2962507642805576,43.00124206580222,1012.2000122070312],[-1.296220924705267,43.001250363886356,1012.2000122070312],[-1.2961904145777225,43.00125748850405,1012.5999755859375],[-1.2961571384221315,43.00126503221691,1012.5999755859375],[-1.2961241137236357,43.001271821558475,1012.5999755859375],[-1.2960925977677107,43.00127651542425,1012.7999877929688],[-1.2960667815059423,43.001280119642615,1012.7999877929688],[-1.296034511178732,43.001284059137106,1012.7999877929688],[-1.296004755422473,43.00128724426031,1013],[-1.2959653604775667,43.0012879986316,1013],[-1.2959327548742294,43.0012879986316,1013],[-1.295900484547019,43.001285903155804,1013],[-1.2958680465817451,43.00128908827901,1013.2000122070312],[-1.2958350218832493,43.00129269249737,1013.2000122070312],[-1.295803003013134,43.001295290887356,1013.4000244140625],[-1.2957700621336699,43.00129495561123,1013.4000244140625],[-1.2957397196441889,43.00129503943026,1013.5999755859375],[-1.2957076169550419,43.00129445269704,1013.7999877929688],[-1.2956767715513706,43.0012946203351,1014],[-1.2956446688622236,43.001296212896705,1014.2000122070312],[-1.2956128176301718,43.00129705108702,1014.2000122070312],[-1.295582139864564,43.00129738636315,1014.4000244140625],[-1.2955502048134804,43.001298140734434,1014.5999755859375],[-1.295517012476921,43.001294787973166,1014.7999877929688],[-1.2954827304929495,43.00129730254412,1015],[-1.2954488676041365,43.00129939801991,1015.2000122070312],[-1.2954185251146555,43.00129788927734,1015.5999755859375],[-1.2953956425189972,43.00129512324929,1015.5999755859375],[-1.2953640427440405,43.00129445269704,1015.7999877929688],[-1.2953354604542255,43.00129780545831,1016],[-1.2952964007854462,43.001299230381846,1016.2000122070312],[-1.2952694948762655,43.00130040384829,1016.2000122070312],[-1.295231943950057,43.001300655305386,1016.5999755859375],[-1.2952041998505592,43.00130316987634,1017],[-1.295180730521679,43.00130316987634,1017],[-1.295152734965086,43.00130710937083,1017.4000244140625],[-1.295115016400814,43.001305516809225,1017.4000244140625],[-1.2950819078832865,43.001302080228925,1017.7999877929688],[-1.2950500566512346,43.00130090676248,1017.7999877929688],[-1.2950185406953096,43.001301577314734,1018.2000122070312],[-1.29498484544456,43.00130275078118,1018.2000122070312],[-1.2949485518038273,43.00130392424762,1018.4000244140625],[-1.2949125096201897,43.00130560062826,1018.4000244140625],[-1.2948796525597572,43.00130526535213,1018.5999755859375],[-1.2948480527848005,43.00130777992308,1018.7999877929688],[-1.2948141060769558,43.00131079740822,1019],[-1.2947804108262062,43.001313311979175,1019],[-1.2947442848235369,43.001315826550126,1019.4000244140625],[-1.2947070691734552,43.00131934694946,1019.5999755859375],[-1.2946788221597672,43.00132337026298,1019.5999755859375],[-1.2946368288248777,43.00132789649069,1019.5999755859375],[-1.2946037203073502,43.001333428546786,1019.7999877929688],[-1.2945706117898226,43.00133937969804,1020.2000122070312],[-1.2945379223674536,43.00134591758251,1020.2000122070312],[-1.2945043947547674,43.00135136581957,1020.2000122070312],[-1.2944755610078573,43.00135723315179,1020.2000122070312],[-1.2944323103874922,43.00136720761657,1020.5999755859375],[-1.2943963520228863,43.00137843936682,1020.5999755859375],[-1.2943670991808176,43.0013897549361,1020.5999755859375],[-1.294326027855277,43.00140551291406,1020.7999877929688],[-1.2942938413470984,43.00141850486398,1020.7999877929688],[-1.2942685279995203,43.00142889842391,1021],[-1.294226534664631,43.00144792534411,1021],[-1.2942012213170528,43.00146200694144,1021.2000122070312],[-1.294172303751111,43.001480950042605,1021.2000122070312],[-1.294143721461296,43.0015002284199,1021.4000244140625],[-1.2941159773617983,43.001520512625575,1021.5999755859375],[-1.2940894067287445,43.00154314376414,1021.5999755859375],[-1.294065434485674,43.00156468525529,1022],[-1.2940431386232376,43.001585472375154,1022],[-1.2940195854753256,43.001608019694686,1022],[-1.2939967028796673,43.0016313213855,1022],[-1.2939713057130575,43.00165546126664,1022.2000122070312],[-1.293949345126748,43.00167859531939,1022.2000122070312],[-1.2939323298633099,43.001702819019556,1022.4000244140625],[-1.2939108721911907,43.00172972492874,1022.4000244140625],[-1.2938887439668179,43.00175805576146,1022.4000244140625],[-1.2938703875988722,43.00178420729935,1022.4000244140625],[-1.2938519474118948,43.00181061029434,1022.7999877929688],[-1.293830657377839,43.00183609127998,1022.7999877929688],[-1.2938093673437834,43.00186190754175,1023],[-1.2937892507761717,43.0018871370703,1023],[-1.2937681283801794,43.00191354006529,1023.2000122070312],[-1.2937470898032188,43.00193944014609,1023.2000122070312],[-1.2937209382653236,43.001971459016204,1023.2000122070312],[-1.2936989776790142,43.00199559889734,1023.4000244140625],[-1.2936795316636562,43.00201613456011,1023.7999877929688],[-1.293657822534442,43.00203876569867,1023.7999877929688],[-1.293627480044961,43.00206701271236,1024],[-1.2936040107160807,43.00208503380418,1024.199951171875],[-1.2935688067227602,43.002109844237566,1024.199951171875],[-1.2935456726700068,43.00212727859616,1024.5999755859375],[-1.293513234704733,43.00214714370668,1024.5999755859375],[-1.29347400739789,43.00216524861753,1024.5999755859375],[-1.2934466823935509,43.00217614509165,1024.800048828125],[-1.2934111431241035,43.00219005905092,1025],[-1.2933682277798653,43.002207577228546,1025],[-1.2933392263948917,43.00221662968397,1025.4000244140625],[-1.2932995799928904,43.00222626887262,1025.4000244140625],[-1.2932606041431427,43.00223506987095,1025.5999755859375],[-1.293214838951826,43.00224303267896,1026],[-1.2931849993765354,43.002246133983135,1026],[-1.2931466940790415,43.00224990583956,1026.4000244140625],[-1.29309824667871,43.00225744955242,1026.5999755859375],[-1.293063461780548,43.002258790656924,1026.5999755859375],[-1.2930288445204496,43.00225166603923,1026.800048828125],[-1.2929927185177803,43.00224328413606,1027.199951171875],[-1.2929545808583498,43.0022359918803,1027.199951171875],[-1.2929130904376507,43.0022291187197,1027.199951171875],[-1.2928719352930784,43.0022201500833,1027.800048828125],[-1.292833797633648,43.00221176818013,1027.800048828125],[-1.2927967496216297,43.00219886004925,1028],[-1.2927594501525164,43.00218628719449,1028.4000244140625],[-1.2927183788269758,43.00217446871102,1028.4000244140625],[-1.2926794867962599,43.002160638570786,1028.4000244140625],[-1.292650569230318,43.00214664079249,1028.5999755859375],[-1.2926047202199697,43.00213096663356,1029],[-1.2925658281892538,43.00211780704558,1029],[-1.292528947815299,43.00210406072438,1029],[-1.2924935761839151,43.00208956003189,1029.199951171875],[-1.2924605514854193,43.0020769033581,1029.4000244140625],[-1.2924253474920988,43.00206231884658,1029.4000244140625],[-1.292389389127493,43.002046812325716,1029.800048828125],[-1.2923529278486967,43.002033066004515,1029.800048828125],[-1.2923179753124714,43.00201714038849,1029.800048828125],[-1.2922850344330072,43.00200071185827,1029.800048828125],[-1.2922548595815897,43.001988558098674,1029.800048828125],[-1.2922092620283365,43.001970034092665,1029.800048828125],[-1.2921764887869358,43.00195813179016,1029.800048828125],[-1.2921359203755856,43.00194203853607,1029.800048828125],[-1.2920952681452036,43.001923682168126,1029.800048828125],[-1.2920537777245045,43.00190532580018,1029.800048828125],[-1.292009772732854,43.00188856199384,1029.800048828125],[-1.291962917894125,43.00186928361654,1029.800048828125],[-1.2919132132083178,43.001854196190834,1029.4000244140625],[-1.291862167418003,43.001843467354774,1029.4000244140625],[-1.2918036617338657,43.00183198414743,1029.4000244140625],[-1.29175940528512,43.001825865358114,1029.4000244140625],[-1.2917253747582436,43.00182611681521,1029.800048828125],[-1.2916839681565762,43.00183097831905,1030],[-1.2916440702974796,43.00184128805995,1030.4000244140625],[-1.2916215229779482,43.00185553729534,1030.5999755859375],[-1.2915979698300362,43.001872804015875,1031],[-1.2915770150721073,43.00189107656479,1031],[-1.2915579043328762,43.001910857856274,1031.199951171875],[-1.2915336806327105,43.0019318126142,1031.199951171875],[-1.291512893512845,43.001950504258275,1031.800048828125],[-1.291497303172946,43.00196693278849,1032.199951171875],[-1.2914856523275375,43.001982774585485,1032.4000244140625],[-1.2914693914353848,43.00200205296278,1033],[-1.2914563156664371,43.00202636048198,1033.199951171875],[-1.291448101401329,43.00204563885927,1033.199951171875],[-1.2914413958787918,43.002061899751425,1033.5999755859375],[-1.2914338521659374,43.0020821839571,1033.800048828125],[-1.291427230462432,43.002103893086314,1034],[-1.2914247158914804,43.00212115980685,1034.4000244140625],[-1.2914211116731167,43.00214119255543,1034.5999755859375],[-1.2914165016263723,43.00216583535075,1035],[-1.2914181780070066,43.002182599157095,1035.199951171875],[-1.2914201896637678,43.00220791250467,1035.5999755859375],[-1.2914211116731167,43.00222584977746,1035.5999755859375],[-1.2914232909679413,43.00224864855409,1036.199951171875],[-1.2914259731769562,43.002276392653584,1036.4000244140625],[-1.2914253864437342,43.002294916659594,1036.4000244140625],[-1.2914255540817976,43.00231981091201,1037],[-1.291426308453083,43.00233724527061,1037],[-1.2914273142814636,43.00235987640917,1037.4000244140625],[-1.2914281524717808,43.00237990915775,1037.5999755859375],[-1.291426895186305,43.00240019336343,1037.5999755859375],[-1.2914279848337173,43.00242139957845,1037.800048828125],[-1.291431924328208,43.00244193524122,1038.199951171875],[-1.2914331816136837,43.00245995633304,1038.4000244140625],[-1.291434271261096,43.00247856415808,1039],[-1.2914379592984915,43.00250236876309,1039],[-1.2914439104497433,43.002522736787796,1039],[-1.2914458382874727,43.00254729576409,1039.5999755859375],[-1.2914472632110119,43.00256774760783,1039.5999755859375],[-1.291452795267105,43.0025951564312,1040],[-1.2914557289332151,43.002617452293634,1040.199951171875],[-1.29145841114223,43.00263631157577,1040.199951171875],[-1.291460171341896,43.0026641394943,1040.800048828125],[-1.2914603389799595,43.00268610008061,1041],[-1.2914615962654352,43.002708815038204,1041],[-1.2914643622934818,43.0027333740145,1041.5999755859375],[-1.291470816358924,43.00275449641049,1041.5999755859375],[-1.2914752587676048,43.00277654081583,1042.199951171875],[-1.2914781086146832,43.002798333764076,1042.199951171875],[-1.291479952633381,43.0028213839978,1042.5999755859375],[-1.2914838921278715,43.00284049473703,1042.5999755859375],[-1.2914902623742819,43.00287025049329,1042.800048828125],[-1.291494034230709,43.00288810394704,1042.800048828125],[-1.29149847663939,43.00290545448661,1043.4000244140625],[-1.2915021646767855,43.002924397587776,1043.4000244140625],[-1.291506104171276,43.00293864682317,1043.5999755859375],[-1.2915090378373861,43.00296270288527,1044.199951171875],[-1.2915110494941473,43.002983992919326,1044.199951171875],[-1.2915106303989887,43.00300436094403,1044.199951171875],[-1.2915091216564178,43.00301995128393,1044.199951171875],[-1.2915077805519104,43.00304249860346,1044.800048828125],[-1.2915119715034962,43.00306186079979,1044.800048828125],[-1.2915187608450651,43.00307317636907,1044.800048828125],[-1.2915278133004904,43.003094885498285,1044.800048828125],[-1.291529992595315,43.003119779750705,1044.800048828125],[-1.2915254663676023,43.00314484164119,1045.4000244140625],[-1.2915244605392218,43.00316789187491,1045.5999755859375],[-1.2915224488824606,43.00319127738476,1045.5999755859375],[-1.2915225327014923,43.003216590732336,1046],[-1.291520269587636,43.00324131734669,1046.199951171875],[-1.291516749188304,43.00326579250395,1046.199951171875],[-1.2915115524083376,43.003288926556706,1046.5999755859375],[-1.2915027514100075,43.00331239588559,1046.800048828125],[-1.2914921902120113,43.00333687104285,1046.800048828125],[-1.2914787791669369,43.00336327403784,1046.800048828125],[-1.2914642784744501,43.003392023965716,1046.800048828125],[-1.2914483528584242,43.00342018716037,1047.4000244140625],[-1.291433097794652,43.00344851799309,1047.4000244140625],[-1.2914182618260384,43.00346796400845,1047.4000244140625],[-1.2913876678794622,43.00349864177406,1046.800048828125],[-1.2913604266941547,43.00351825542748,1046.800048828125],[-1.2913165055215359,43.00354809500277,1046.800048828125],[-1.2912802956998348,43.003571731969714,1046.800048828125],[-1.2912526354193687,43.00359008833766,1046.800048828125],[-1.2912073731422424,43.00360819324851,1046.800048828125],[-1.291167726740241,43.0036192573607,1046.800048828125],[-1.291127661243081,43.00362680107355,1046.800048828125],[-1.2910878472030163,43.00363468006253,1046.800048828125],[-1.2910567503422499,43.003641217947006,1046.800048828125],[-1.2910109851509333,43.003649013116956,1046.800048828125],[-1.290973937138915,43.003653874620795,1046.800048828125],[-1.2909344583749771,43.00365563482046,1047.4000244140625],[-1.2908963207155466,43.00365446135402,1047.4000244140625],[-1.290861451998353,43.00365404225886,1047.4000244140625],[-1.2908257450908422,43.00365219824016,1048],[-1.2907917983829975,43.0036501865834,1048],[-1.2907591089606285,43.00364348106086,1048],[-1.2907291017472744,43.003640631213784,1048.5999755859375],[-1.2907031178474426,43.00363610498607,1048.800048828125],[-1.2906649801880121,43.00363157875836,1048.800048828125],[-1.2906298600137234,43.00363308750093,1049.199951171875],[-1.2905957456678152,43.003637278452516,1049.4000244140625],[-1.290563978254795,43.003635350614786,1049.800048828125],[-1.2905353121459484,43.0036295671016,1049.800048828125],[-1.2905027903616428,43.00362437032163,1050],[-1.2904685083776712,43.00361976027489,1050.4000244140625],[-1.2904379982501268,43.00361498259008,1050.5999755859375],[-1.2904069013893604,43.00360978581011,1051],[-1.2903729546815157,43.00360584631562,1051.199951171875],[-1.290340181440115,43.00360148772597,1051.199951171875],[-1.290305396541953,43.003597212955356,1051.4000244140625],[-1.2902754731476307,43.003590842708945,1051.4000244140625],[-1.2902467232197523,43.00358707085252,1051.800048828125],[-1.2902172189205885,43.00358480773866,1051.800048828125],[-1.2901877146214247,43.003582544624805,1052],[-1.2901645805686712,43.00358681939542,1052.4000244140625],[-1.2901375908404589,43.00359042361379,1052.4000244140625],[-1.290106326341629,43.003591345623136,1052.4000244140625],[-1.290075983852148,43.003588411957026,1052.5999755859375],[-1.2900431267917156,43.00358514301479,1052.5999755859375],[-1.2900080904364586,43.00358179025352,1052.5999755859375],[-1.2899737246334553,43.00358162261546,1053],[-1.2899413704872131,43.00358212552965,1053],[-1.2899044901132584,43.003579610958695,1053],[-1.2898694537580013,43.003581119701266,1053.199951171875],[-1.2898346688598394,43.003581119701266,1053.199951171875],[-1.2898020632565022,43.00358162261546,1053.5999755859375],[-1.2897706311196089,43.00358430482447,1053.5999755859375],[-1.289735259488225,43.00358816049993,1053.800048828125],[-1.289699636399746,43.00359251908958,1053.800048828125],[-1.2896684557199478,43.00359629094601,1053.800048828125],[-1.289642807096243,43.003600649535656,1053.800048828125],[-1.289602741599083,43.003610372543335,1053.800048828125],[-1.2895675376057625,43.00362286157906,1054],[-1.289537949487567,43.00363149493933,1054],[-1.2894968781620264,43.0036467500031,1054],[-1.2894612550735474,43.0036589037627,1054.4000244140625],[-1.289426051080227,43.00367365591228,1054.4000244140625],[-1.2893900088965893,43.0036898329854,1054.4000244140625],[-1.289353547617793,43.00370844081044,1054.4000244140625],[-1.2893193494528532,43.00372981466353,1054.4000244140625],[-1.2892806250602007,43.0037537869066,1054.4000244140625],[-1.289240475744009,43.00378060899675,1054.4000244140625],[-1.2892069481313229,43.003804916515946,1054.4000244140625],[-1.2891540583223104,43.00384556874633,1054.4000244140625],[-1.2891184352338314,43.00387591123581,1053.800048828125],[-1.2890730053186417,43.00391538999975,1053.5999755859375],[-1.2890210375189781,43.003968028351665,1053.199951171875],[-1.288978960365057,43.0040178168565,1053],[-1.2889367155730724,43.00406844355166,1052.4000244140625],[-1.288893548771739,43.004120998084545,1051.800048828125],[-1.2888521421700716,43.00417497754097,1051.199951171875],[-1.2888147588819265,43.00423272885382,1051.199951171875],[-1.2887809798121452,43.004294419661164,1050.4000244140625],[-1.2887541577219963,43.00435711629689,1049.800048828125],[-1.2887286767363548,43.004420567303896,1049.4000244140625],[-1.288706548511982,43.00448519177735,1049.4000244140625],[-1.2886954843997955,43.0045360699296,1048.800048828125],[-1.2886877730488777,43.004599353298545,1048.5999755859375],[-1.2886862643063068,43.004666240885854,1048.199951171875],[-1.288694478571415,43.004729272797704,1048.199951171875],[-1.2887119967490435,43.004790376871824,1047.4000244140625],[-1.2887346278876066,43.004863718524575,1047.4000244140625],[-1.2887492962181568,43.004924738779664,1047.4000244140625],[-1.2887471169233322,43.00496648065746,1046.800048828125],[-1.2887146789580584,43.005003025755286,1046.800048828125],[-1.2886603642255068,43.005025405436754,1046.800048828125],[-1.2886035349220037,43.0050368886441,1046.800048828125],[-1.2885430175811052,43.005036134272814,1046.5999755859375],[-1.288473280146718,43.0050197057426,1046.5999755859375],[-1.2884056381881237,43.004999505355954,1046.199951171875],[-1.2883477192372084,43.00498014315963,1046.199951171875],[-1.288260379806161,43.00494996830821,1046],[-1.2881957553327084,43.00492557696998,1045.4000244140625],[-1.2881111819297075,43.004878889769316,1045.199951171875],[-1.2880411092191935,43.00483169965446,1044.800048828125],[-1.287965839728713,43.00478392280638,1044.199951171875],[-1.287900796160102,43.00473153591156,1043.5999755859375],[-1.2878330703824759,43.0046708509326,1042.800048828125],[-1.287755873054266,43.004609663039446,1042.5999755859375],[-1.2876810226589441,43.00454227253795,1041],[-1.2876125425100327,43.00447588786483,1039.5999755859375],[-1.287543224170804,43.00441084429622,1039],[-1.2874745763838291,43.004369772970676,1038.4000244140625],[-1.2874002289026976,43.00434647127986,1038.4000244140625],[-1.2873278092592955,43.00435024313629,1038.4000244140625],[-1.2872691359370947,43.0043772328645,1038.4000244140625],[-1.2872401345521212,43.004411179572344,1038.199951171875],[-1.2872200179845095,43.00446851179004,1037.800048828125],[-1.2871967162936926,43.004537830129266,1037.5999755859375],[-1.2871802877634764,43.004594994708896,1037.4000244140625],[-1.2871689721941948,43.00465324893594,1037],[-1.287167128175497,43.00471284426749,1036.4000244140625],[-1.2871719058603048,43.00475928001106,1036.4000244140625],[-1.2871681340038776,43.004834381863475,1036.199951171875],[-1.2871648650616407,43.00490411929786,1035.5999755859375],[-1.2871642783284187,43.00497100688517,1035.5999755859375],[-1.2871637754142284,43.00502414815128,1035],[-1.2871587462723255,43.005089946091175,1034.4000244140625],[-1.287149777635932,43.00516655668616,1034],[-1.2871393840759993,43.00523000769317,1033.800048828125],[-1.287127062678337,43.00527149811387,1033.5999755859375],[-1.28710619173944,43.005336709320545,1033.5999755859375],[-1.2870874162763357,43.00539177842438,1033.199951171875],[-1.2870561517775059,43.00547526217997,1033],[-1.2870202772319317,43.005538461729884,1033],[-1.2869817204773426,43.005599649623036,1032.4000244140625],[-1.286938888952136,43.00566578283906,1032.199951171875],[-1.2868979014456272,43.00572873093188,1031.800048828125],[-1.2868566624820232,43.005790673196316,1031.4000244140625],[-1.2868175189942122,43.00585328601301,1031.199951171875],[-1.2867858354002237,43.0059019010514,1031.199951171875],[-1.286738310009241,43.005972392857075,1030.5999755859375],[-1.2866989150643349,43.006033916026354,1030.4000244140625],[-1.2866518925875425,43.006089655682445,1030.199951171875],[-1.2865962367504835,43.00613081082702,1029.800048828125],[-1.2865335401147604,43.00616190768778,1029.800048828125],[-1.2864721845835447,43.00618479028344,1029.800048828125],[-1.2864126730710268,43.00619300454855,1029.800048828125],[-1.2863608729094267,43.00618277862668,1029.800048828125],[-1.2863191310316324,43.00615453161299,1030],[-1.2862887885421515,43.00612217746675,1031],[-1.2862628884613514,43.00609577447176,1031.4000244140625],[-1.2862461246550083,43.006069203838706,1032.199951171875],[-1.286232378333807,43.00604430958629,1032.5999755859375],[-1.286216787993908,43.00601916387677,1033],[-1.2862042989581823,43.00599577836692,1033.5999755859375],[-1.2861951626837254,43.00597323104739,1033.5999755859375],[-1.286189965903759,43.00594934262335,1034],[-1.2861861102283,43.005924951285124,1034.4000244140625],[-1.286183511838317,43.00589988939464,1034.5999755859375],[-1.2861815840005875,43.00588086247444,1034.5999755859375],[-1.2861770577728748,43.00585295073688,1035],[-1.2861678376793861,43.005834678187966,1035.199951171875],[-1.2861585337668657,43.00580953247845,1035.5999755859375],[-1.2861489783972502,43.00579176284373,1035.800048828125],[-1.2861380819231272,43.00576779060066,1036.199951171875],[-1.2861277721822262,43.00574398599565,1036.4000244140625],[-1.2861237488687038,43.00572252832353,1036.4000244140625],[-1.2861203961074352,43.00570190884173,1037],[-1.2861102540045977,43.005669470876455,1037],[-1.286101033911109,43.00565010868013,1037.4000244140625],[-1.2860908918082714,43.005634769797325,1037.5999755859375],[-1.2860819231718779,43.005615239962935,1037.5999755859375],[-1.2860582862049341,43.00559286028147,1038.199951171875],[-1.286028865724802,43.00557525828481,1038.4000244140625],[-1.2860201485455036,43.005556566640735,1038.4000244140625],[-1.286011515185237,43.00553829409182,1039],[-1.2859978526830673,43.00552111119032,1039.5999755859375],[-1.2859820108860731,43.00551583059132,1039.5999755859375],[-1.2859649956226349,43.00550250336528,1039.5999755859375],[-1.285958457738161,43.00548448227346,1040],[-1.2859165482223034,43.00546151585877,1040.199951171875],[-1.2858877144753933,43.00544248893857,1040.4000244140625],[-1.2858669273555279,43.00546009093523,1040.4000244140625],[-1.2858258560299873,43.005434442311525,1040.800048828125],[-1.2857952620834112,43.00539865158498,1040.800048828125],[-1.2857791688293219,43.005367470905185,1041],[-1.2857615668326616,43.00533385947347,1041.5999755859375],[-1.2857536878436804,43.00531793385744,1041.5999755859375],[-1.2857532687485218,43.005309300497174,1041.5999755859375],[-1.2857404444366693,43.00530267879367,1042.199951171875],[-1.285717310383916,43.005274683237076,1042.5999755859375],[-1.2856871355324984,43.00525833852589,1042.5999755859375],[-1.2856605648994446,43.00524031743407,1042.5999755859375],[-1.2856344133615494,43.005225816741586,1042.800048828125],[-1.28560951910913,43.00521081313491,1042.800048828125],[-1.285578589886427,43.00519145093858,1042.800048828125],[-1.2855549529194832,43.00517770461738,1043.4000244140625],[-1.285534081980586,43.00516429357231,1043.4000244140625],[-1.285518491640687,43.0051526427269,1043.5999755859375],[-1.2854891549795866,43.00513411872089,1043.5999755859375],[-1.2854682840406895,43.00511903129518,1044.199951171875],[-1.2854340020567179,43.005096232518554,1044.199951171875],[-1.2854092754423618,43.00507687032223,1044.199951171875],[-1.2853834591805935,43.00505759194493,1044.199951171875],[-1.2853564694523811,43.00503806211054,1044.199951171875],[-1.2853316590189934,43.0050231423229,1044.199951171875],[-1.2852971255779266,43.00499833188951,1044.199951171875],[-1.2852709740400314,43.00497628748417,1044.800048828125],[-1.285244571045041,43.0049575958401,1044.800048828125],[-1.2852152343839407,43.00493680872023,1044.800048828125],[-1.2851873226463795,43.00491803325713,1044.800048828125],[-1.2851564772427082,43.00489959307015,1044.800048828125],[-1.2851251289248466,43.00487863831222,1044.800048828125],[-1.285091433674097,43.00485969521105,1044.800048828125],[-1.2850584089756012,43.00483790226281,1044.800048828125],[-1.2850253842771053,43.004815271124244,1044.800048828125],[-1.284994874149561,43.00479423254728,1044.800048828125],[-1.2849614303559065,43.00477311015129,1045.199951171875],[-1.2849261425435543,43.004746371880174,1045.199951171875],[-1.2848898489028215,43.004717538133264,1045.199951171875],[-1.2848590034991503,43.00470404326916,1045.199951171875],[-1.284821955487132,43.004687363281846,1045.199951171875],[-1.2847774475812912,43.00466707907617,1045.199951171875],[-1.2847406510263681,43.00464805215597,1045.4000244140625],[-1.2847082130610943,43.00463397055864,1045.4000244140625],[-1.2846649624407291,43.0046119261533,1045.4000244140625],[-1.284626992419362,43.004593066871166,1045.4000244140625],[-1.2845951411873102,43.00457973964512,1045.4000244140625],[-1.2845475319772959,43.00455752760172,1045.4000244140625],[-1.28450570628047,43.00453908741474,1045.4000244140625],[-1.2844706699252129,43.004522575065494,1045.4000244140625],[-1.2844143435359001,43.00450321286917,1045.4000244140625],[-1.2843674048781395,43.004486449062824,1045.4000244140625],[-1.2843299377709627,43.00447152927518,1045.4000244140625],[-1.284281574189663,43.00444705411792,1045.4000244140625],[-1.2842196319252253,43.00442165695131,1045.199951171875],[-1.2841731123626232,43.00440506078303,1044.800048828125],[-1.2841009441763163,43.00437983125448,1044.800048828125],[-1.284039169549942,43.00436222925782,1044.199951171875],[-1.283990554511547,43.00434856675565,1044.199951171875],[-1.2839291989803314,43.00432987511158,1044.199951171875],[-1.2838665023446083,43.0043114349246,1044.199951171875],[-1.2838069908320904,43.0042924080044,1044.199951171875],[-1.2837446294724941,43.00427849404514,1044.199951171875],[-1.2836809270083904,43.004261730238795,1043.5999755859375],[-1.2836158834397793,43.004244547337294,1043.5999755859375],[-1.2835507560521364,43.00422728061676,1043.5999755859375],[-1.2834821920841932,43.00420682877302,1043.5999755859375],[-1.2834143824875355,43.00419006496668,1043.5999755859375],[-1.283346489071846,43.00417405553162,1043.4000244140625],[-1.2832650169730186,43.004156202077866,1043.4000244140625],[-1.2831971235573292,43.00413994118571,1043.4000244140625],[-1.2831432279199362,43.00412502139807,1043],[-1.2830769270658493,43.00410708412528,1042.800048828125],[-1.283010458573699,43.00408638082445,1042.800048828125],[-1.282943906262517,43.004066264256835,1042.800048828125],[-1.2828807905316353,43.00404497422278,1042.800048828125],[-1.2828196864575148,43.00402628257871,1042.800048828125],[-1.2827569898217916,43.004007674753666,1042.800048828125],[-1.2826942931860685,43.00399024039507,1042.800048828125],[-1.2826322671025991,43.00397163257003,1042.800048828125],[-1.282571079209447,43.003954365849495,1042.800048828125],[-1.28251064568758,43.00393491983414,1042.800048828125],[-1.2824513856321573,43.00391404889524,1042.800048828125],[-1.2823956459760666,43.00389443524182,1042.800048828125],[-1.282339571043849,43.00387607887387,1042.800048828125],[-1.282282155007124,43.0038592312485,1043],[-1.2822229787707329,43.0038436409086,1043],[-1.282164640724659,43.00382813438773,1043],[-1.2820925563573837,43.00380852073431,1043],[-1.2820302788168192,43.00379192456603,1043],[-1.2819762155413628,43.003774574026465,1043],[-1.2818902172148228,43.00374699756503,1043],[-1.2818255927413702,43.00372361205518,1042.199951171875],[-1.281728195026517,43.0036829598248,1041.5999755859375],[-1.2816722877323627,43.003643648698926,1040.199951171875],[-1.2816111836582422,43.003586484119296,1039.5999755859375],[-1.2815496604889631,43.00351154990494,1038.4000244140625],[-1.281512612476945,43.00344491377473,1038.199951171875],[-1.28148696385324,43.00339269451797,1037.5999755859375],[-1.2814437132328749,43.00331650301814,1037],[-1.2814113590866327,43.0032669659704,1036.4000244140625],[-1.281368862837553,43.00320913083851,1036.4000244140625],[-1.2813209183514118,43.003141237422824,1036.4000244140625],[-1.2812724709510803,43.00308826379478,1036.4000244140625],[-1.2812265381217003,43.003047443926334,1036.199951171875],[-1.281167110428214,43.00299639813602,1035.800048828125],[-1.281112041324377,43.002952141687274,1035.800048828125],[-1.2810482550412416,43.002908639609814,1035.5999755859375],[-1.2809896655380726,43.002863293513656,1035.5999755859375],[-1.280937446281314,43.00282347947359,1035.5999755859375],[-1.2808815389871597,43.002787018194795,1035.5999755859375],[-1.2808117177337408,43.00274485722184,1035.800048828125],[-1.2807513680309057,43.00271216779947,1036.199951171875],[-1.2807035073637962,43.002684842795134,1036.199951171875],[-1.2806443311274052,43.00265005789697,1036.4000244140625],[-1.280582556501031,43.002617955207825,1036.4000244140625],[-1.2805186863988638,43.00258979201317,1036.4000244140625],[-1.2804509606212378,43.00256724469364,1036.4000244140625],[-1.2803797982633114,43.002552492544055,1036.199951171875],[-1.2803042773157358,43.0025449488312,1036.199951171875],[-1.2802290078252554,43.00254444591701,1035.5999755859375],[-1.2801508884876966,43.00254746340215,1035],[-1.2800445221364498,43.002549139782786,1034.5999755859375],[-1.279966738075018,43.00254436209798,1034],[-1.2798415962606668,43.002543272450566,1032.4000244140625],[-1.2797477189451456,43.00254411064088,1031.199951171875],[-1.2796302046626806,43.00254243426025,1030],[-1.2794898077845573,43.00251946784556,1028.4000244140625],[-1.279380926862359,43.00248376093805,1027.199951171875],[-1.2793030589818954,43.002446964383125,1026.800048828125],[-1.279212785884738,43.002397594973445,1026.800048828125],[-1.2791237700730562,43.002345291897655,1026.5999755859375],[-1.2790382746607065,43.00228795967996,1026.4000244140625],[-1.2789573054760695,43.00223113037646,1026.4000244140625],[-1.2788815330713987,43.00216575153172,1026],[-1.278796037659049,43.00209601409733,1026],[-1.2787366937845945,43.00205687060952,1026],[-1.2786410562694073,43.00200222060084,1026],[-1.278573665767908,43.00196877680719,1026],[-1.2784923613071442,43.001926112920046,1026.4000244140625],[-1.2783933710306883,43.00187749788165,1026.4000244140625],[-1.2783255614340305,43.00184531137347,1026.4000244140625],[-1.2782436702400446,43.00180742517114,1026],[-1.278145769611001,43.00176467746496,1026],[-1.2780818995088339,43.00173534080386,1026],[-1.2780032772570848,43.00170089118183,1026],[-1.2779263313859701,43.00166878849268,1026],[-1.2778510618954897,43.00163324922323,1025.5999755859375],[-1.2777762953191996,43.00160005688667,1026],[-1.277687195688486,43.00156384706497,1026],[-1.277615362778306,43.00153492949903,1026],[-1.277557360008359,43.00151095725596,1026],[-1.277486952021718,43.00148229114711,1026],[-1.277403049170971,43.001447673887014,1026],[-1.2773494888097048,43.001424204558134,1026],[-1.277276650071144,43.00139511935413,1026],[-1.2772062420845032,43.001366034150124,1025.5999755859375],[-1.2771331518888474,43.00133259035647,1025],[-1.2770589720457792,43.001295709982514,1024.5999755859375],[-1.2769838701933622,43.001254722476006,1024],[-1.2769099418073893,43.00121298059821,1023.5999755859375],[-1.2768386118113995,43.00116897560656,1023.2000122070312],[-1.2767688743770123,43.001124719157815,1023.2000122070312],[-1.2767019867897034,43.00108146853745,1023.2000122070312],[-1.2766389548778534,43.001037212088704,1023.2000122070312],[-1.2765659485012293,43.00099505111575,1023.4000244140625],[-1.2765196803957224,43.00097158178687,1023.4000244140625],[-1.2764610908925533,43.00094551406801,1023.5999755859375],[-1.2764067761600018,43.00092615187168,1023.7999877929688],[-1.2763630226254463,43.00091081298888,1024],[-1.276329830288887,43.000900000333786,1024.5999755859375],[-1.2762999907135963,43.00089388154447,1025],[-1.2762740068137646,43.00088994204998,1025.5999755859375],[-1.2762640323489904,43.00088742747903,1026],[-1.2762640323489904,43.00088742747903,1026],[-1.2762640323489904,43.00088742747903,1026.4000244140625],[-1.2762649543583393,43.000890193507075,1026.4000244140625],[-1.276267720386386,43.00089220516384,1026.4000244140625],[-1.276267720386386,43.00089220516384,1026.4000244140625],[-1.2762648705393076,43.00089371390641,1026.4000244140625],[-1.2762596737593412,43.00089840777218,1026.4000244140625],[-1.2762456759810448,43.000900000333786,1026.4000244140625],[-1.2762186024338007,43.00090318545699,1026.4000244140625],[-1.276193792000413,43.000904861837626,1026.5999755859375],[-1.2761679757386446,43.00090704113245,1026.5999755859375],[-1.2761379685252905,43.00090997479856,1026.4000244140625],[-1.2761005014181137,43.00091248936951,1026.4000244140625],[-1.2760575022548437,43.000916009768844,1026],[-1.27601089887321,43.00091919489205,1025.5999755859375],[-1.2759576737880707,43.00092564895749,1025.5999755859375],[-1.275896318256855,43.00093394704163,1025.4000244140625],[-1.2758283410221338,43.000945346429944,1024.800048828125],[-1.2757532391697168,43.00095917657018,1024.199951171875],[-1.2756699230521917,43.000977197661996,1023.5999755859375],[-1.2755830027163029,43.000999158248305,1022.7999877929688],[-1.2754934001713991,43.00102522596717,1021.5999755859375],[-1.2754027917981148,43.00105900503695,1020.5999755859375],[-1.2753142789006233,43.001099741086364,1019.2000122070312],[-1.2752305436879396,43.00114827230573,1018.5999755859375],[-1.2751514185220003,43.00120451487601,1018.4000244140625],[-1.275075813755393,43.00126385875046,1017.7999877929688],[-1.2750066630542278,43.00132982432842,1016.4000244140625],[-1.2749454751610756,43.00140316598117,1015.7999877929688],[-1.2748939264565706,43.001485811546445,1015],[-1.274858471006155,43.00157172605395,1014],[-1.2748376000672579,43.00165797583759,1013.2000122070312],[-1.2748205848038197,43.001745231449604,1012.7999877929688],[-1.274799294769764,43.00183064304292,1012.5999755859375],[-1.274778340011835,43.00191018730402,1011.7999877929688],[-1.2747671082615852,43.001988558098674,1011.4000244140625],[-1.2747684493660927,43.00206994637847,1011],[-1.27477808855474,43.002152843400836,1010.7999877929688],[-1.2747955229133368,43.002236830070615,1010.4000244140625],[-1.2748117838054895,43.00231193192303,1009.5999755859375],[-1.2748208362609148,43.0023948289454,1009.2000122070312],[-1.2748127058148384,43.002436151728034,1008.5999755859375],[-1.2747658509761095,43.0024722777307,1008.5999755859375],[-1.2747013941407204,43.0024931486696,1008.2000122070312],[-1.2746392004191875,43.00249750725925,1007.7999877929688],[-1.2745385337620974,43.00248728133738,1007.2000122070312],[-1.274447338655591,43.00247563049197,1007],[-1.2743698060512543,43.00246641039848,1006.4000244140625],[-1.274246508255601,43.00245987251401,1005.2000122070312],[-1.2741379626095295,43.00245710648596,1004.5999755859375],[-1.274049198254943,43.00245802849531,1003.2000122070312],[-1.2739156745374203,43.00245484337211,1002.7999877929688],[-1.2738259881734848,43.002446964383125,1002.4000244140625],[-1.2737154308706522,43.00244051031768,1002.4000244140625],[-1.27358534373343,43.00243849866092,1001.7999877929688],[-1.2734969146549702,43.002438163384795,1001.4000244140625],[-1.2733863573521376,43.00243514589965,1001.2000122070312],[-1.2732723634690046,43.00243581645191,1000.7999877929688],[-1.2731581181287766,43.00243875011802,1000.2000122070312],[-1.2730412743985653,43.00245014950633,999.2000122070312],[-1.2729181442409754,43.00246087834239,998.5999755859375],[-1.2727710418403149,43.00247353501618,998],[-1.2726686149835587,43.00248820334673,997],[-1.2725112028419971,43.00250982865691,995.4000244140625],[-1.2723746616393328,43.002526592463255,994.4000244140625],[-1.2722607515752316,43.002538327127695,993.2000122070312],[-1.2720909342169762,43.002558778971434,992.2000122070312],[-1.2719497829675674,43.00257537513971,991.5999755859375],[-1.271809134632349,43.00258887000382,990.4000244140625],[-1.2716678995639086,43.00260052084923,989.5999755859375],[-1.271525826305151,43.00261435098946,989.2000122070312],[-1.2713856808841228,43.00262466073036,987.4000244140625],[-1.2712457869201899,43.002628684043884,987],[-1.2711112573742867,43.00263279117644,986.5999755859375],[-1.2709830980747938,43.00264368765056,986],[-1.2708588782697916,43.002669755369425,985.5999755859375],[-1.2707379274070263,43.002707390114665,985],[-1.2706185691058636,43.00274536013603,983.7999877929688],[-1.2704970315098763,43.00278056412935,983.2000122070312],[-1.2703761644661427,43.0028076376766,983],[-1.270259153097868,43.00283479504287,982.7999877929688],[-1.2701470870524645,43.00286480225623,982.7999877929688],[-1.2700471747666597,43.00290000624955,982.7999877929688],[-1.269964026287198,43.00294476561248,982.5999755859375],[-1.2698920257389545,43.002994218841195,982.5999755859375],[-1.2698419019579887,43.00305389799178,982.5999755859375],[-1.2698190193623304,43.00311382859945,982.4000244140625],[-1.2697856593877077,43.00320368260145,982.2000122070312],[-1.2697424925863743,43.00327048636973,981.5999755859375],[-1.269669234752655,43.0033047683537,981.4000244140625],[-1.2695892713963985,43.003318598493934,981.4000244140625],[-1.2695112358778715,43.00331591628492,981.4000244140625],[-1.2694320268929005,43.00330971367657,981.2000122070312],[-1.2693492975085974,43.00330879166722,981.2000122070312],[-1.2692656461149454,43.00330870784819,981.2000122070312],[-1.2691757921129465,43.003312312066555,981],[-1.2691000197082758,43.00331558100879,980.7999877929688],[-1.26898393034935,43.00331985577941,980.4000244140625],[-1.2688818387687206,43.00332865677774,979.2000122070312],[-1.2687999475747347,43.00333259627223,978],[-1.2686924915760756,43.00334231927991,977.7999877929688],[-1.2685892265290022,43.00334148108959,977.4000244140625],[-1.2684568762779236,43.00335103645921,976],[-1.2683650106191635,43.00335883162916,975.2000122070312],[-1.2682257872074842,43.0033774394542,974.2000122070312],[-1.2681318260729313,43.00339604727924,973.4000244140625],[-1.2679893337190151,43.003416331484914,972.2000122070312],[-1.2678677961230278,43.00343946553767,971.5999755859375],[-1.267770230770111,43.00346000120044,970.4000244140625],[-1.2676264811307192,43.003488667309284,969.5999755859375],[-1.2675062846392393,43.00350886769593,969.4000244140625],[-1.2673857528716326,43.003530660644174,969.2000122070312],[-1.2672663945704699,43.00355203449726,968.7999877929688],[-1.2671498861163855,43.00357944332063,968.4000244140625],[-1.2670348025858402,43.00361070781946,968.2000122070312],[-1.2669211439788342,43.0036485940218,967.5999755859375],[-1.2668109219521284,43.003692012280226,967.4000244140625],[-1.2667110096663237,43.00373903475702,965.5999755859375],[-1.2666355725377798,43.003785302862525,964.4000244140625],[-1.2665454670786858,43.003851687535644,963.5999755859375],[-1.2664533499628305,43.00393760204315,962.7999877929688],[-1.266387216746807,43.004021337255836,961.5999755859375],[-1.2663431279361248,43.004094595089555,960.4000244140625],[-1.2662935070693493,43.00419366918504,959],[-1.2662210036069155,43.00431034527719,956.7999877929688],[-1.2661456502974033,43.00439910963178,954.2000122070312],[-1.2660764157772064,43.00446130335331,953.2000122070312],[-1.2659660261124372,43.00453053787351,952.4000244140625],[-1.265866868197918,43.00456523895264,952.2000122070312],[-1.265757316723466,43.00457772798836,951.7999877929688],[-1.2656460050493479,43.00454990006983,951.7999877929688],[-1.2655401416122913,43.00451654009521,951.7999877929688],[-1.2654278241097927,43.00447848625481,950.7999877929688],[-1.2653098907321692,43.00444168969989,950.4000244140625],[-1.265183575451374,43.00441252067685,949],[-1.2650792207568884,43.00439575687051,946.7999877929688],[-1.2649182882159948,43.00438511185348,945.7999877929688],[-1.264785435050726,43.00439340993762,944.2000122070312],[-1.2646602094173431,43.004415621981025,943.2000122070312],[-1.2645333912223577,43.004451328888535,942.7999877929688],[-1.2644254323095083,43.0044808331877,942],[-1.2642926629632711,43.00451469607651,939.5999755859375],[-1.2641615699976683,43.00453816540539,937.2000122070312],[-1.2640041578561068,43.004554929211736,936.4000244140625],[-1.2638681195676327,43.00455274991691,935],[-1.2637348473072052,43.004537830129266,934.4000244140625],[-1.2636095378547907,43.004512432962656,933],[-1.263484312221408,43.00448737107217,931.5999755859375],[-1.26336176879704,43.00446826033294,930.5999755859375],[-1.2632388062775135,43.00445887260139,929.4000244140625],[-1.263114083558321,43.00446373410523,928.5999755859375],[-1.2629958987236023,43.00448494032025,927.4000244140625],[-1.2628857605159283,43.00451410934329,926.4000244140625],[-1.262803114950657,43.004557276144624,925],[-1.262673530727625,43.00462542101741,924.4000244140625],[-1.26255895011127,43.00467328168452,922],[-1.2624354846775532,43.00470957532525,921],[-1.2623043917119503,43.00474033690989,920.2000122070312],[-1.2621618155390024,43.00476866774261,919.5999755859375],[-1.2620097678154707,43.004796244204044,918],[-1.261858306825161,43.004821138456464,916.2000122070312],[-1.2617039121687412,43.00483915954828,913.4000244140625],[-1.261560581624508,43.00485131330788,911.4000244140625],[-1.2614180892705917,43.00485818646848,910.5999755859375],[-1.2612840626388788,43.00486740656197,909],[-1.2611519638448954,43.00487562082708,908.2000122070312],[-1.2610295042395592,43.00489607267082,907.4000244140625],[-1.2609106488525867,43.004919877275825,907],[-1.2608150113373995,43.004940412938595,906.5999755859375],[-1.2606948148459196,43.00495767965913,906.2000122070312],[-1.2605575192719698,43.0049713421613,905.5999755859375],[-1.2604468781501055,43.004998080432415,904.5999755859375],[-1.2603374104946852,43.00504342652857,904.5999755859375],[-1.2602413538843393,43.00510193221271,904.4000244140625],[-1.260151918977499,43.00515959970653,904],[-1.2600545212626457,43.00522246398032,902.7999877929688],[-1.2599568720906973,43.00527937710285,901.4000244140625],[-1.2598563730716705,43.00533067435026,901.2000122070312],[-1.2597532756626606,43.00535950809717,901.2000122070312],[-1.2596753239631653,43.005389431491494,901],[-1.2595906667411327,43.00542438402772,901],[-1.259495448321104,43.00547668710351,901],[-1.2594304885715246,43.005508203059435,901.4000244140625],[-1.259354716166854,43.005563355982304,901.4000244140625],[-1.2593081966042519,43.00560283474624,901.4000244140625],[-1.2592487689107656,43.005656730383635,901.4000244140625],[-1.2591781094670296,43.00572688691318,901.4000244140625],[-1.2591210287064314,43.005793020129204,901],[-1.25906428322196,43.00586317665875,900],[-1.2590072024613619,43.005931908264756,899.4000244140625],[-1.258953893557191,43.005996784195304,898.7999877929688],[-1.2589034345000982,43.006061827763915,898.2000122070312],[-1.2588549870997667,43.006131649017334,897.7999877929688],[-1.2588120717555285,43.006203565746546,897.7999877929688],[-1.2587879318743944,43.006263077259064,897.5999755859375],[-1.2587596010416746,43.00634974613786,897.5999755859375],[-1.2587445974349976,43.00640573725104,897.4000244140625],[-1.2587295938283205,43.00649047829211,897.4000244140625],[-1.258730599656701,43.00655107945204,897.4000244140625],[-1.2587333656847477,43.00663774833083,897.4000244140625],[-1.2587293423712254,43.00670807249844,897.4000244140625],[-1.258727079257369,43.00677638500929,897.4000244140625],[-1.2587328627705574,43.00684235058725,897.5999755859375],[-1.2587493751198053,43.006900353357196,897.4000244140625],[-1.2587634567171335,43.006949136033654,897.4000244140625],[-1.2587725091725588,43.00701476633549,897.4000244140625],[-1.258773347362876,43.00709548406303,897.4000244140625],[-1.258768904954195,43.00716379657388,897.2000122070312],[-1.2587635405361652,43.00723001360893,897.2000122070312],[-1.258760690689087,43.00729438662529,897.2000122070312],[-1.2587614450603724,43.007359681650996,897.2000122070312],[-1.2587518896907568,43.00742254592478,897.2000122070312],[-1.2587373051792383,43.0074836499989,897.4000244140625],[-1.2587197870016098,43.007541904225945,897.5999755859375],[-1.258701765909791,43.00759923644364,897.5999755859375],[-1.2586824875324965,43.00764852203429,897.7999877929688],[-1.2586641311645508,43.00770401023328,898.2000122070312],[-1.2586355488747358,43.00775631330907,898.4000244140625],[-1.2586057092994452,43.007805682718754,898.5999755859375],[-1.258578635752201,43.00785773433745,898.7999877929688],[-1.25855659134686,43.00791506655514,898.7999877929688],[-1.2585375644266605,43.007972901687026,898.7999877929688],[-1.2585152685642242,43.00803073681891,898.7999877929688],[-1.2584899552166462,43.00808454863727,898.7999877929688],[-1.2584638874977827,43.00813970156014,898.5999755859375],[-1.2584415078163147,43.008190244436264,898.5999755859375],[-1.2584203854203224,43.008239110931754,898.5999755859375],[-1.2583914678543806,43.00828780978918,898.4000244140625],[-1.2583591975271702,43.008328126743436,898.4000244140625],[-1.2583304475992918,43.008374981582165,898.2000122070312],[-1.2583017814904451,43.00843080505729,898.2000122070312],[-1.2582685053348541,43.00848696380854,898.2000122070312],[-1.2582333013415337,43.00854144617915,898.2000122070312],[-1.258193152025342,43.008592911064625,898.2000122070312],[-1.2581527512520552,43.00864186137915,898],[-1.2581064831465483,43.00868955440819,898],[-1.2580488994717598,43.00873104482889,898],[-1.2579850293695927,43.0087651591748,897.7999877929688],[-1.2579190637916327,43.00879508256912,897.5999755859375],[-1.2578449677675962,43.008817210793495,897.4000244140625],[-1.257769027724862,43.00883322022855,897.4000244140625],[-1.2576962728053331,43.00885350443423,897.4000244140625],[-1.257630055770278,43.008878314867616,897.4000244140625],[-1.2575675267726183,43.00890161655843,897.4000244140625],[-1.2574982084333897,43.008915362879634,897.5999755859375],[-1.257431823760271,43.0089430231601,897.7999877929688],[-1.257368205115199,43.00896691158414,898],[-1.2573136389255524,43.00899742171168,898],[-1.2572567258030176,43.00903329625726,898],[-1.257204506546259,43.00908040255308,898],[-1.2571572326123714,43.0091348849237,897.7999877929688],[-1.2571195140480995,43.00918936729431,897.5999755859375],[-1.2570849806070328,43.00924586132169,897.2000122070312],[-1.2570419814437628,43.00930419936776,896.7999877929688],[-1.256994204595685,43.009359519928694,896.5999755859375],[-1.25693972222507,43.009414253756404,896.2000122070312],[-1.2568806298077106,43.00946538336575,896],[-1.2568109761923552,43.00950628705323,895.7999877929688],[-1.2567380536347628,43.00954593345523,895.5999755859375],[-1.2566588446497917,43.009582813829184,895.4000244140625],[-1.256580390036106,43.009622963145375,895],[-1.256502941250801,43.0096684768796,894.5999755859375],[-1.256427252665162,43.0097200255841,894.4000244140625],[-1.2563497200608253,43.009763611480594,893.7999877929688],[-1.256279144436121,43.00980602391064,892.7999877929688],[-1.2562104128301144,43.00984508357942,892.4000244140625],[-1.2561441119760275,43.00988959148526,892.2000122070312],[-1.2560784816741943,43.00992923788726,892],[-1.2560100015252829,43.0099599994719,891.5999755859375],[-1.2559353187680244,43.00998765975237,891.2000122070312],[-1.2558613903820515,43.010020181536674,890.7999877929688],[-1.2557821813970804,43.01005312241614,890.4000244140625],[-1.2557056546211243,43.0100879073143,890],[-1.2556270323693752,43.0101397074759,889.5999755859375],[-1.2555385194718838,43.01018413156271,889],[-1.255453359335661,43.010219084098935,888],[-1.2553740665316582,43.010274320840836,887.7999877929688],[-1.2552935164421797,43.01030793227255,887.5999755859375],[-1.2552117090672255,43.01033366471529,887.4000244140625],[-1.2551304046064615,43.010343471542,887.2000122070312],[-1.255045160651207,43.0103418789804,887],[-1.2549511156976223,43.01032913848758,887],[-1.2548641115427017,43.01029158756137,886.5999755859375],[-1.2547621876001358,43.01027901470661,886.2000122070312],[-1.2546595092862844,43.01026132889092,886],[-1.2545590102672577,43.01024456508458,885],[-1.2544780410826206,43.010229812934995,883.7999877929688],[-1.2543611973524094,43.010209864005446,883.5999755859375],[-1.2542667333036661,43.01019536331296,883.5999755859375],[-1.2541831657290459,43.01019628532231,883.5999755859375],[-1.2540953233838081,43.01020743325353,883.5999755859375],[-1.254004631191492,43.01022511906922,883.4000244140625],[-1.2539182137697935,43.01024775020778,883.4000244140625],[-1.2538284435868263,43.0102708004415,883.4000244140625],[-1.25373431481421,43.010304579511285,882.4000244140625],[-1.2536417786031961,43.01034967415035,881.7999877929688],[-1.2535592168569565,43.010402815416455,881.4000244140625],[-1.2534722965210676,43.01045469939709,880.7999877929688],[-1.2533786706626415,43.01048990339041,880.2000122070312],[-1.2532853800803423,43.01051890477538,880.2000122070312],[-1.2531946040689945,43.01053784787655,880.2000122070312],[-1.2531039118766785,43.01055117510259,880],[-1.2530098669230938,43.010557545349,880.2000122070312],[-1.252916743978858,43.01055603660643,880.2000122070312],[-1.2528270576149225,43.01055318675935,880.2000122070312],[-1.2527398020029068,43.010546900331974,880.2000122070312],[-1.2526579946279526,43.01053499802947,880.4000244140625],[-1.2525798752903938,43.01051831804216,880.4000244140625],[-1.2525098025798798,43.010497111827135,880.4000244140625],[-1.2524475250393152,43.01047582179308,880.4000244140625],[-1.2523894384503365,43.01045495085418,880.7999877929688],[-1.2523329444229603,43.010433325544,881.4000244140625],[-1.2522899452596903,43.01041916012764,881.7999877929688],[-1.252236720174551,43.01039409823716,882.4000244140625],[-1.252190787345171,43.01037222146988,882.7999877929688],[-1.25214334577322,43.01035336218774,883.2000122070312],[-1.2520913779735565,43.01033676601946,883.4000244140625],[-1.2520397454500198,43.01032159477472,883.5999755859375],[-1.2519885320216417,43.010306088253856,883.7999877929688],[-1.2519365642219782,43.01029594615102,883.5999755859375],[-1.251882752403617,43.01029519177973,883.5999755859375],[-1.2518244981765747,43.01030441187322,883.5999755859375],[-1.2517573591321707,43.01032477989793,883.4000244140625],[-1.2516849394887686,43.01035067997873,882],[-1.251608245074749,43.01038437522948,880.5999755859375],[-1.251533143222332,43.01042636856437,879.5999755859375],[-1.251464243978262,43.01047431305051,878.2000122070312],[-1.2514061573892832,43.01053248345852,876.7999877929688],[-1.2513779941946268,43.01058864220977,874.5999755859375],[-1.2513546086847782,43.010662235319614,873.7999877929688],[-1.251336419954896,43.010731972754,872.5999755859375],[-1.251288140192628,43.01080506294966,870.5999755859375],[-1.2512328196316957,43.01084387116134,870.2000122070312],[-1.25113676302135,43.010878656059504,869.7999877929688],[-1.2510478310286999,43.010891899466515,869.5999755859375],[-1.2509890738874674,43.01088435575366,869.4000244140625],[-1.2509070988744497,43.010867508128285,869.4000244140625],[-1.250832499936223,43.01086004823446,869.4000244140625],[-1.2507555540651083,43.0108545999974,869.4000244140625],[-1.250674081966281,43.010860215872526,869.2000122070312],[-1.2505950406193733,43.0108701903373,869.2000122070312],[-1.25051180832088,43.01088955253363,869],[-1.2504318449646235,43.01091796718538,868.5999755859375],[-1.2503554858267307,43.010962307453156,868.4000244140625],[-1.2502816412597895,43.01099273376167,868.4000244140625],[-1.2502159271389246,43.011027770116925,868.4000244140625],[-1.250156331807375,43.01106607541442,868.4000244140625],[-1.2501017656177282,43.01109926775098,868.5999755859375],[-1.2500475347042084,43.011137153953314,869],[-1.2500021047890186,43.01116716116667,869.2000122070312],[-1.249930439516902,43.01121317781508,869.2000122070312],[-1.2498683296144009,43.01125517114997,869.2000122070312],[-1.249800268560648,43.011294063180685,869.2000122070312],[-1.2497342191636562,43.011333709582686,868.5999755859375],[-1.2496602907776833,43.01137888804078,867.7999877929688],[-1.2495872005820274,43.01143169403076,866.5999755859375],[-1.249515786767006,43.01149087026715,865.4000244140625],[-1.249465998262167,43.01154409535229,864.2000122070312],[-1.249395003542304,43.01162447780371,863.5999755859375],[-1.249331133440137,43.011683402583,863.2000122070312],[-1.2492598872631788,43.011733274906874,863],[-1.2491762358695269,43.011769065633416,863],[-1.2490890640765429,43.01178834401071,863],[-1.249021841213107,43.01179471425712,863],[-1.2489260360598564,43.01180737093091,863],[-1.2488515209406614,43.01181877031922,863],[-1.2487873993813992,43.01182740367949,863.4000244140625],[-1.2487184163182974,43.011836372315884,863.7999877929688],[-1.2486645206809044,43.01183964125812,864.2000122070312],[-1.2485833000391722,43.01184056326747,865],[-1.2485195137560368,43.01183863542974,865.5999755859375],[-1.248459666967392,43.011832013726234,865.5999755859375],[-1.2484121415764093,43.011837964877486,865.5999755859375],[-1.248340392485261,43.011848693713546,865.5999755859375],[-1.2482781149446964,43.01185900345445,865.5999755859375],[-1.2482256442308426,43.0118665471673,865.5999755859375],[-1.248141322284937,43.01187819801271,865.5999755859375],[-1.2480671424418688,43.01188909448683,865.4000244140625],[-1.2479924596846104,43.01190124824643,865],[-1.2479170225560665,43.01190560683608,864.5999755859375],[-1.2478422559797764,43.01190351136029,864.4000244140625],[-1.2477650586515665,43.01189663819969,864],[-1.247682748362422,43.011886328458786,863.7999877929688],[-1.2476009409874678,43.01188205368817,863.4000244140625],[-1.2475206423550844,43.01188364624977,863.2000122070312],[-1.2474353983998299,43.01188657991588,862.7999877929688],[-1.2473503220826387,43.01189378835261,862.5999755859375],[-1.247259210795164,43.01189881749451,862.4000244140625],[-1.2471601366996765,43.01190376281738,861.5999755859375],[-1.2470587994903326,43.01190359517932,861],[-1.246952936053276,43.01189680583775,860.2000122070312],[-1.2468537781387568,43.011890687048435,859],[-1.246766522526741,43.01190149970353,858],[-1.2466868106275797,43.011925388127565,857.2000122070312],[-1.2466072663664818,43.01194458268583,856.5999755859375],[-1.2465281412005424,43.01194961182773,856.2000122070312],[-1.246456140652299,43.01194064319134,855.2000122070312],[-1.2463952880352736,43.01191843114793,855.2000122070312],[-1.2463566474616528,43.011887753382325,855.2000122070312],[-1.2463297415524721,43.01185145974159,855.2000122070312],[-1.2463166657835245,43.01181675866246,855.4000244140625],[-1.2463080324232578,43.011785577982664,855.5999755859375],[-1.2462957110255957,43.01175548695028,855.5999755859375],[-1.2462778575718403,43.01172522827983,856],[-1.2462577410042286,43.0116958077997,856],[-1.246234942227602,43.01166747696698,856],[-1.2462073657661676,43.01164157688618,856.2000122070312],[-1.2461772747337818,43.01161718554795,856.2000122070312],[-1.2461528833955526,43.011596985161304,856.2000122070312],[-1.2461077887564898,43.01156999543309,856.2000122070312],[-1.2460668850690126,43.011547112837434,856.4000244140625],[-1.2460259813815355,43.01152540370822,856.4000244140625],[-1.2459845747798681,43.01150285638869,856.5999755859375],[-1.2459421623498201,43.01147947087884,856.7999877929688],[-1.2459015939384699,43.01145608536899,856.7999877929688],[-1.245862953364849,43.011433370411396,857],[-1.2458209600299597,43.011411828920245,857.2000122070312],[-1.2457758653908968,43.01138676702976,857.2000122070312],[-1.2457280047237873,43.01136656664312,857.2000122070312],[-1.245676539838314,43.01135189831257,857.4000244140625],[-1.2456225603818893,43.011340918019414,857.4000244140625],[-1.2455701734870672,43.01132834516466,857.5999755859375],[-1.2455174513161182,43.01131476648152,857.5999755859375],[-1.2454651482403278,43.01130227744579,857.5999755859375],[-1.2454099114984274,43.01129087805748,857.5999755859375],[-1.2453566864132881,43.011275455355644,857.4000244140625],[-1.2453051377087831,43.011261289939284,857.4000244140625],[-1.2452629767358303,43.011247208341956,857.4000244140625],[-1.2451998610049486,43.011223739013076,857.4000244140625],[-1.245145881548524,43.01120446063578,857.2000122070312],[-1.2450889684259892,43.01119037903845,857.2000122070312],[-1.245031300932169,43.011176297441125,857],[-1.2449763156473637,43.01115375012159,857],[-1.244924096390605,43.01112676039338,857],[-1.2448712065815926,43.01109692081809,856.4000244140625],[-1.244828375056386,43.01106800325215,856],[-1.2447637505829334,43.011031122878194,855.7999877929688],[-1.244722930714488,43.01100119948387,855.7999877929688],[-1.2446648441255093,43.01095459610224,855.5999755859375],[-1.2446229346096516,43.010910926386714,855.5999755859375],[-1.2445843778550625,43.010858204215765,855.4000244140625],[-1.244554789736867,43.010828951373696,855.4000244140625],[-1.2444993015378714,43.0107856169343,855],[-1.244445824995637,43.010746305808425,854.4000244140625],[-1.2443840503692627,43.01071043126285,854.2000122070312],[-1.2443293165415525,43.01068947650492,854],[-1.2442397978156805,43.010666593909264,853.7999877929688],[-1.244151284918189,43.01065527833998,853.4000244140625],[-1.2440790329128504,43.01064245402813,852.7999877929688],[-1.2439667154103518,43.01063222810626,852.2000122070312],[-1.243870658800006,43.010627618059516,851.7999877929688],[-1.2437699921429157,43.01062501966953,851.2000122070312],[-1.2436622846871614,43.01061915233731,850.5999755859375],[-1.2435529846698046,43.01061219535768,850],[-1.243440331891179,43.01060733385384,849.4000244140625],[-1.2433242425322533,43.010599287226796,848],[-1.243210667744279,43.010588474571705,847.4000244140625],[-1.2430970929563046,43.01057363860309,847],[-1.2429793272167444,43.01056718453765,845.4000244140625],[-1.2428565323352814,43.01055955700576,844.4000244140625],[-1.242731474339962,43.010557545349,843.5999755859375],[-1.2426090985536575,43.01056416705251,843],[-1.2424921710044146,43.01057062111795,842.7999877929688],[-1.242378344759345,43.0105818528682,842.7999877929688],[-1.242271475493908,43.01059543155134,842.7999877929688],[-1.2421699706465006,43.010610938072205,842.7999877929688],[-1.2420718185603619,43.01063566468656,843],[-1.2419802881777287,43.010656870901585,843.2000122070312],[-1.2418973073363304,43.0106717068702,843.4000244140625],[-1.241814075037837,43.010673550888896,843.7999877929688],[-1.2417242210358381,43.0106629896909,844],[-1.241651214659214,43.01064647734165,844],[-1.2415738496929407,43.01061655394733,844],[-1.2414971552789211,43.01058629527688,844],[-1.2414290104061365,43.01055000163615,843.7999877929688],[-1.2413705047219992,43.010503901168704,843.5999755859375],[-1.241309903562069,43.01044355146587,843.5999755859375],[-1.2412667367607355,43.01038605161011,843.4000244140625],[-1.2412175349891186,43.01033022813499,843.4000244140625],[-1.2411748711019754,43.01027616485953,843.4000244140625],[-1.2411295250058174,43.0102261248976,843.4000244140625],[-1.241080490872264,43.010178012773395,843.4000244140625],[-1.2410327978432178,43.01013241522014,843.4000244140625],[-1.2409851886332035,43.01008983515203,843.4000244140625],[-1.2409260123968124,43.01004583016038,843.4000244140625],[-1.2408580351620913,43.01000618375838,843.4000244140625],[-1.240775054320693,43.009965950623155,843],[-1.2406841106712818,43.00992856733501,842],[-1.2405925802886486,43.00989151932299,840.7999877929688],[-1.2405018880963326,43.00985178910196,840.2000122070312],[-1.2404111959040165,43.009820776060224,839.4000244140625],[-1.2403225991874933,43.00979210995138,839.2000122070312],[-1.2402340024709702,43.009770484641194,839],[-1.2401443161070347,43.0097702331841,838.7999877929688],[-1.2400565575808287,43.009789595380425,838.5999755859375],[-1.2399719003587961,43.00982303917408,838.4000244140625],[-1.2398908473551273,43.009861344471574,838.4000244140625],[-1.2398234568536282,43.009904930368066,838.4000244140625],[-1.2397644482553005,43.009950360283256,838.4000244140625],[-1.2397119775414467,43.00999755039811,838.4000244140625],[-1.2396824732422829,43.01003962755203,838.5999755859375],[-1.2396624404937029,43.010091595351696,839],[-1.2396548967808485,43.010141383856535,839.2000122070312],[-1.239656824618578,43.01019083708525,839.5999755859375],[-1.239665625616908,43.01023920066655,839.7999877929688],[-1.2396839819848537,43.01028915680945,840],[-1.2397010810673237,43.01034741103649,840.2000122070312],[-1.239710133522749,43.01039166748524,840.5999755859375],[-1.2397119775414467,43.01043625921011,841],[-1.239709798246622,43.010480012744665,841.4000244140625],[-1.239712480455637,43.01052234135568,841.5999755859375],[-1.2397082056850195,43.01056416705251,842],[-1.23969747684896,43.010603645816445,842.2000122070312],[-1.239683898165822,43.01063122227788,842.4000244140625],[-1.2396596744656563,43.010664246976376,842.7999877929688],[-1.239624721929431,43.010709676891565,843],[-1.239590272307396,43.01074638962746,843.2000122070312],[-1.2395512964576483,43.010783940553665,843.4000244140625],[-1.239516930654645,43.010812271386385,843.7999877929688],[-1.2394652143120766,43.01084814593196,844],[-1.239419700577855,43.01087396219373,844.2000122070312],[-1.2393736839294434,43.010896341875196,844.5999755859375],[-1.2393246497958899,43.01091805100441,844.5999755859375],[-1.2392763700336218,43.01093900576234,845],[-1.2392260786145926,43.0109582003206,845],[-1.239176793023944,43.01097764633596,845.2000122070312],[-1.2391278427094221,43.01099717617035,845.2000122070312],[-1.2390835024416447,43.01102156750858,845.5999755859375],[-1.239036563783884,43.01103883422911,845.7999877929688],[-1.238972106948495,43.01104403100908,846.2000122070312],[-1.2389245815575123,43.011051155626774,846.5999755859375],[-1.2388801574707031,43.011054676026106,846.5999755859375],[-1.2388333026319742,43.01106029190123,846.7999877929688],[-1.2387858610600233,43.0110618006438,847],[-1.2387418560683727,43.01105693913996,847.2000122070312],[-1.2386962585151196,43.01105434074998,847.4000244140625],[-1.2386421952396631,43.011046880856156,847.5999755859375],[-1.2385979387909174,43.01105601713061,847.7999877929688],[-1.2385381758213043,43.01106465049088,848],[-1.2384949252009392,43.01106506958604,848],[-1.2384592182934284,43.011064901947975,848.5999755859375],[-1.2384237628430128,43.01106381230056,848.7999877929688],[-1.2383865471929312,43.01107688806951,849.2000122070312],[-1.238342709839344,43.01109197549522,849.4000244140625],[-1.2382945977151394,43.011099603027105,849.7999877929688],[-1.23825847171247,43.01110521890223,850.2000122070312],[-1.238222261890769,43.01110505126417,850.2000122070312],[-1.2381775863468647,43.01111024804413,850.4000244140625],[-1.2381260376423597,43.01111393608153,850.7999877929688],[-1.238067364320159,43.01110580563545,850.7999877929688],[-1.2380167376250029,43.01109625026584,851],[-1.23797751031816,43.01110094413161,851.2000122070312],[-1.2379385344684124,43.01110521890223,851.2000122070312],[-1.237900061532855,43.0111120082438,851.2000122070312],[-1.2378584872931242,43.011120054870844,851.2000122070312],[-1.237814063206315,43.01112969405949,851.2000122070312],[-1.2377665378153324,43.011135309934616,851.2000122070312],[-1.2377182580530643,43.011139584705234,851.4000244140625],[-1.2376760970801115,43.0111413449049,851.4000244140625],[-1.2376330979168415,43.01114444620907,851.4000244140625],[-1.2375871650874615,43.01114679314196,851.4000244140625],[-1.2375503685325384,43.011150900274515,851.2000122070312],[-1.237493958324194,43.011152325198054,851.2000122070312],[-1.2374456785619259,43.0111532472074,851.4000244140625],[-1.2374018412083387,43.01115148700774,851.4000244140625],[-1.2373548187315464,43.01115098409355,851.4000244140625],[-1.2373093888163567,43.011148972436786,851.5999755859375],[-1.2372688204050064,43.01113908179104,851.7999877929688],[-1.2372368853539228,43.01112676039338,851.7999877929688],[-1.237197993323207,43.01111117005348,852],[-1.237156754359603,43.01108568906784,852.2000122070312],[-1.2371223885565996,43.011068841442466,852.2000122070312],[-1.2370838318020105,43.01105878315866,852.5999755859375],[-1.237044520676136,43.01104855723679,852.7999877929688],[-1.2370033655315638,43.011037576943636,852.7999877929688],[-1.236964138224721,43.01102299243212,853.2000122070312],[-1.2369304429739714,43.01101251505315,853.5999755859375],[-1.2368979211896658,43.01100321114063,853.7999877929688],[-1.2368640583008528,43.01099717617035,854],[-1.2368305306881666,43.010989129543304,854.4000244140625],[-1.2367978412657976,43.01098166964948,854.5999755859375],[-1.2367649003863335,43.01097312010825,854.5999755859375],[-1.236726762726903,43.010969096794724,855],[-1.236680829897523,43.01096356473863,855.2000122070312],[-1.2366346456110477,43.01096121780574,855.2000122070312],[-1.2365808337926865,43.01096105016768,855.2000122070312],[-1.2365254294127226,43.01096146926284,855],[-1.2364623975008726,43.01095954142511,854.7999877929688],[-1.2363931629806757,43.01095970906317,854.4000244140625],[-1.2363227549940348,43.01096498966217,853.7999877929688],[-1.2362462282180786,43.01097521558404,853.2000122070312],[-1.2361671030521393,43.01098787225783,852.4000244140625],[-1.2360884808003902,43.0110047198832,852],[-1.2360114511102438,43.01102081313729,851.2000122070312],[-1.2359350081533194,43.0110343080014,851],[-1.2358557991683483,43.011048221960664,850.4000244140625],[-1.2357740756124258,43.01105735823512,849.7999877929688],[-1.2357076909393072,43.0110652372241,849.5999755859375],[-1.2356174178421497,43.01107437349856,849.4000244140625],[-1.2355064414441586,43.01108258776367,849],[-1.2354319263249636,43.01109021529555,848.4000244140625],[-1.2353221233934164,43.01110077649355,848],[-1.2352455127984285,43.011106392368674,847.5999755859375],[-1.235145851969719,43.01110748201609,847],[-1.2350201234221458,43.011112762615085,846.2000122070312],[-1.234913757070899,43.011115696281195,845.5999755859375],[-1.2348088156431913,43.011120473966,845.4000244140625],[-1.2347006052732468,43.011122988536954,844.5999755859375],[-1.234590383246541,43.011123994365335,844.5999755859375],[-1.2345060613006353,43.0111172888428,844.4000244140625],[-1.2343952525407076,43.01111267879605,844.2000122070312],[-1.2343037221580744,43.01111460663378,844],[-1.2342012114822865,43.011125754565,843.7999877929688],[-1.2341038137674332,43.01113170571625,843.7999877929688],[-1.234009936451912,43.01113321445882,843.4000244140625],[-1.2339287996292114,43.01113438792527,843.2000122070312],[-1.2338095251470804,43.01113891415298,843],[-1.2337281368672848,43.01113405264914,842.7999877929688],[-1.2336260452866554,43.01111653447151,842.4000244140625],[-1.2335188407450914,43.01111410371959,841.7999877929688],[-1.2333939503878355,43.01111192442477,840.7999877929688],[-1.2332952115684748,43.01110555417836,840.4000244140625],[-1.2331804633140564,43.011094238609076,839.7999877929688],[-1.2330588418990374,43.011080995202065,839.5999755859375],[-1.232939399778843,43.01108032464981,838.4000244140625],[-1.232810402289033,43.01108753308654,837.2000122070312],[-1.2326833326369524,43.011101111769676,835],[-1.2325810734182596,43.011115696281195,833.4000244140625],[-1.2324156146496534,43.011115193367004,832.5999755859375],[-1.232299106195569,43.01111854612827,831],[-1.232164241373539,43.01111921668053,830],[-1.2320183962583542,43.011095747351646,828.4000244140625],[-1.2318469025194645,43.011078145354986,825.7999877929688],[-1.2317298911511898,43.01106414757669,824.2000122070312],[-1.2315886560827494,43.01104160025716,823],[-1.2314211018383503,43.01101033575833,822],[-1.231312220916152,43.0109841004014,821],[-1.2311742547899485,43.01095509901643,819.7999877929688],[-1.2309974804520607,43.01092626526952,819],[-1.2308429181575775,43.0109082441777,816.5999755859375],[-1.2306863442063332,43.01089399494231,813.7999877929688],[-1.230527088046074,43.010880248621106,811.5999755859375],[-1.2303734477609396,43.01087052561343,810.4000244140625],[-1.230223160237074,43.01085149869323,810.2000122070312],[-1.230089720338583,43.01083289086819,809.4000244140625],[-1.2299749720841646,43.010816629976034,809.4000244140625],[-1.2298847828060389,43.01079282537103,809.4000244140625],[-1.2298219185322523,43.01075594499707,809.4000244140625],[-1.2297832779586315,43.01070934161544,809.4000244140625],[-1.2297640834003687,43.010656954720616,809.5999755859375],[-1.2297520972788334,43.01061018370092,809.7999877929688],[-1.2297406140714884,43.010563999414444,810],[-1.2297372613102198,43.01053114235401,810],[-1.2297314777970314,43.010491244494915,810],[-1.2297204975038767,43.0104417912662,810],[-1.2297096848487854,43.010408179834485,810],[-1.229693926870823,43.01035797223449,810.2000122070312],[-1.229681521654129,43.010324109345675,810.2000122070312],[-1.2296567112207413,43.01027390174568,810],[-1.2296243570744991,43.010237691923976,810],[-1.2295836210250854,43.010200476273894,809.7999877929688],[-1.2295479979366064,43.01017147488892,809.5999755859375],[-1.229491252452135,43.01013635471463,809.5999755859375],[-1.2294325791299343,43.01012562587857,809.5999755859375],[-1.2293813657015562,43.01012344658375,809.5999755859375],[-1.2293182499706745,43.010122356936336,809.5999755859375],[-1.2292609177529812,43.01010886207223,809.7999877929688],[-1.2292074412107468,43.01007818430662,810],[-1.229177936911583,43.010057313367724,810],[-1.2291435711085796,43.010031497105956,810.4000244140625],[-1.2291076965630054,43.01000350154936,810.7999877929688],[-1.229087496176362,43.00998489372432,811.5999755859375],[-1.2290624342858791,43.00996536388993,811.7999877929688],[-1.2290305830538273,43.00994566641748,812.5999755859375],[-1.2290087062865496,43.009935189038515,813],[-1.228980040177703,43.00992412492633,813.4000244140625],[-1.2289497815072536,43.00991289317608,814],[-1.228910218924284,43.009900068864226,814.7999877929688],[-1.2288745120167732,43.009889256209135,814.7999877929688],[-1.2288403138518333,43.0098772700876,815.2000122070312],[-1.2288061995059252,43.0098632723093,815.4000244140625],[-1.2287718337029219,43.00984784960747,815.4000244140625],[-1.2287424132227898,43.00983485765755,815.4000244140625],[-1.2286986596882343,43.009818848222494,815.5999755859375],[-1.2286703288555145,43.00980602391064,815.5999755859375],[-1.2286313530057669,43.009788170456886,815.5999755859375],[-1.228581229224801,43.00977081991732,815.7999877929688],[-1.228539738804102,43.009755816310644,815.7999877929688],[-1.2284983322024345,43.00973863340914,815.7999877929688],[-1.2284565065056086,43.009720193222165,815.7999877929688],[-1.2284256611019373,43.009702591225505,815.7999877929688],[-1.2283788062632084,43.00967786461115,815.7999877929688],[-1.2283363938331604,43.00965992733836,816],[-1.2282912153750658,43.009645007550716,816],[-1.228254670277238,43.00963260233402,816],[-1.2282028701156378,43.009613240137696,816],[-1.2281694263219833,43.00960133783519,816],[-1.2281250022351742,43.00958566367626,816],[-1.2280766386538744,43.009572587907314,816],[-1.2280212342739105,43.00955875776708,815.7999877929688],[-1.2279753014445305,43.00954509526491,815.7999877929688],[-1.2279306259006262,43.009528666734695,815.7999877929688],[-1.227887710556388,43.009513495489955,815.7999877929688],[-1.2278437055647373,43.00949773751199,815.5999755859375],[-1.2277997005730867,43.00948156043887,815.7999877929688],[-1.2277577072381973,43.00946638919413,815.7999877929688],[-1.2277225870639086,43.009454319253564,815.7999877929688],[-1.227681851014495,43.00943763926625,815.7999877929688],[-1.227651759982109,43.00942339003086,815.7999877929688],[-1.2276398576796055,43.00941752269864,815.7999877929688],[-1.2276398576796055,43.00941752269864,816],[-1.2276380974799395,43.00941945053637,816.2000122070312],[-1.2276375107467175,43.0094232223928,816],[-1.227640276774764,43.009426407516,816],[-1.2276391871273518,43.00942531786859,816],[-1.227640612050891,43.009423641487956,816],[-1.227640612050891,43.009423641487956,815.7999877929688],[-1.227640612050891,43.009423641487956,815.7999877929688],[-1.227640612050891,43.009423641487956,815.7999877929688],[-1.227640612050891,43.009423641487956,815.5999755859375],[-1.227640612050891,43.009423641487956,815.5999755859375],[-1.227640612050891,43.009423641487956,815.4000244140625],[-1.227640612050891,43.009423641487956,815.2000122070312],[-1.227640612050891,43.009423641487956,815],[-1.227640612050891,43.009423641487956,815],[-1.227640612050891,43.009423641487956,815],[-1.227640612050891,43.009423641487956,814.7999877929688],[-1.227640612050891,43.009423641487956,814.7999877929688],[-1.227640612050891,43.009423641487956,814.7999877929688],[-1.227640612050891,43.009423641487956,814.5999755859375],[-1.227640612050891,43.009423641487956,814.5999755859375],[-1.227640612050891,43.009423641487956,814.5999755859375],[-1.227640612050891,43.009423641487956,814.4000244140625],[-1.227640612050891,43.009423641487956,814.4000244140625],[-1.227640612050891,43.009423641487956,814.2000122070312],[-1.227640612050891,43.009423641487956,814.2000122070312],[-1.227640612050891,43.009423641487956,814],[-1.227640612050891,43.009423641487956,814],[-1.227640612050891,43.009423641487956,814],[-1.227640612050891,43.009423641487956,813.7999877929688],[-1.227640612050891,43.009423641487956,813.7999877929688],[-1.227640612050891,43.009423641487956,813.5999755859375],[-1.227640612050891,43.009423641487956,813.4000244140625],[-1.227640612050891,43.009423641487956,813.4000244140625],[-1.227640612050891,43.009423641487956,813.4000244140625],[-1.227640612050891,43.009423641487956,813.2000122070312],[-1.227640612050891,43.009423641487956,813.2000122070312],[-1.227640612050891,43.009423641487956,813.2000122070312],[-1.227640612050891,43.009423641487956,813],[-1.227640612050891,43.009423641487956,813],[-1.227640612050891,43.009423641487956,813],[-1.227640612050891,43.009423641487956,812.7999877929688],[-1.227640612050891,43.009423641487956,812.7999877929688],[-1.227640612050891,43.009423641487956,812.7999877929688],[-1.227640612050891,43.009423641487956,812.7999877929688],[-1.227640612050891,43.009423641487956,812.7999877929688],[-1.227640612050891,43.009423641487956,812.7999877929688],[-1.227640612050891,43.009423641487956,812.7999877929688],[-1.227640612050891,43.009423641487956,812.5999755859375],[-1.227640612050891,43.009423641487956,812.5999755859375],[-1.227640612050891,43.009423641487956,812.5999755859375],[-1.227640612050891,43.009423641487956,812.5999755859375],[-1.227640612050891,43.009423641487956,812.5999755859375],[-1.227640612050891,43.009423641487956,812.4000244140625],[-1.227640612050891,43.009423641487956,812.4000244140625],[-1.227640612050891,43.009423641487956,812.4000244140625],[-1.227640612050891,43.009423641487956,812.4000244140625],[-1.227640612050891,43.009423641487956,812.2000122070312],[-1.227640612050891,43.009423641487956,812.2000122070312],[-1.227640612050891,43.009423641487956,812.2000122070312],[-1.227640612050891,43.009423641487956,812.2000122070312],[-1.227640612050891,43.009423641487956,812.2000122070312],[-1.227640612050891,43.009423641487956,812],[-1.227640612050891,43.009423641487956,812],[-1.227640612050891,43.009423641487956,812],[-1.227640612050891,43.009423641487956,812],[-1.227640612050891,43.009423641487956,811.7999877929688],[-1.227640612050891,43.009423641487956,811.7999877929688],[-1.227640612050891,43.009423641487956,811.7999877929688],[-1.227640612050891,43.009423641487956,811.7999877929688],[-1.227640612050891,43.009423641487956,811.7999877929688],[-1.227640612050891,43.009423641487956,811.7999877929688],[-1.227640612050891,43.009423641487956,811.7999877929688],[-1.227640612050891,43.009423641487956,811.7999877929688],[-1.227640612050891,43.009423641487956,811.7999877929688],[-1.227640612050891,43.009423641487956,811.7999877929688],[-1.227640612050891,43.009423641487956,811.7999877929688],[-1.227640612050891,43.009423641487956,812],[-1.227640612050891,43.009423641487956,812],[-1.227640612050891,43.009423641487956,812],[-1.2276348285377026,43.00942380912602,811.7999877929688],[-1.2276140414178371,43.00942380912602,811.7999877929688],[-1.2275879736989737,43.00942028872669,811.7999877929688],[-1.2275573797523975,43.00941316410899,811.7999877929688],[-1.2275220081210136,43.00940620712936,811.7999877929688],[-1.2274864688515663,43.00939933396876,811.7999877929688],[-1.2274586409330368,43.00939405336976,811.7999877929688],[-1.2274163961410522,43.009387431666255,811.7999877929688],[-1.2273807730525732,43.00938533619046,811.7999877929688],[-1.2273491732776165,43.0093849170953,811.7999877929688],[-1.2273247819393873,43.00939111970365,811.7999877929688],[-1.2273105327039957,43.00940033979714,812],[-1.227293936535716,43.009409895166755,812],[-1.227287147194147,43.009409392252564,812.4000244140625],[-1.227283962070942,43.009407883509994,812.4000244140625],[-1.227283962070942,43.009407883509994,812.5999755859375],[-1.2272829562425613,43.00940779969096,812.5999755859375],[-1.2272808607667685,43.0094057880342,812.5999755859375],[-1.2272808607667685,43.0094057880342,812.4000244140625],[-1.2272808607667685,43.0094057880342,812.4000244140625],[-1.2272808607667685,43.0094057880342,812.4000244140625],[-1.2272808607667685,43.0094057880342,812.4000244140625],[-1.2272808607667685,43.0094057880342,812.4000244140625],[-1.2272840458899736,43.00940562039614,812.4000244140625],[-1.2272873986512423,43.00940536893904,812.4000244140625],[-1.2272873986512423,43.00940536893904,812.4000244140625],[-1.2272873986512423,43.00940536893904,812.4000244140625],[-1.2272873986512423,43.00940536893904,812.4000244140625],[-1.2272873986512423,43.00940536893904,812.4000244140625],[-1.2272873986512423,43.00940536893904,812.4000244140625],[-1.2272873986512423,43.00940536893904,812.4000244140625],[-1.2272873986512423,43.00940536893904,812.4000244140625],[-1.2272873986512423,43.00940536893904,812.4000244140625],[-1.2272873986512423,43.00940536893904,812.4000244140625],[-1.2272873986512423,43.00940536893904,812.2000122070312],[-1.2272873986512423,43.00940536893904,812.2000122070312],[-1.2272873986512423,43.00940536893904,812.2000122070312],[-1.2272831238806248,43.00940243527293,812.2000122070312],[-1.2272804416716099,43.0094005074352,812.2000122070312],[-1.2272804416716099,43.0094005074352,812.2000122070312],[-1.2272804416716099,43.0094005074352,812.2000122070312],[-1.2272804416716099,43.0094005074352,812.2000122070312],[-1.2272804416716099,43.0094005074352,812.2000122070312],[-1.2272804416716099,43.0094005074352,812.2000122070312],[-1.2272804416716099,43.0094005074352,812.2000122070312],[-1.2272804416716099,43.0094005074352,812.2000122070312],[-1.2272804416716099,43.0094005074352,812.2000122070312],[-1.2272804416716099,43.0094005074352,812.2000122070312],[-1.2272804416716099,43.0094005074352,812.2000122070312],[-1.2272804416716099,43.0094005074352,812.2000122070312],[-1.2272804416716099,43.0094005074352,812.2000122070312],[-1.2272804416716099,43.0094005074352,812.2000122070312],[-1.2272804416716099,43.0094005074352,812.2000122070312],[-1.2272819504141808,43.00940369255841,812.2000122070312],[-1.2272856384515762,43.00941148772836,812.2000122070312],[-1.2273008096963167,43.009426072239876,812.2000122070312],[-1.2273214291781187,43.009439650923014,812.2000122070312],[-1.2273469101637602,43.009454905986786,812.2000122070312],[-1.2273724749684334,43.00946521572769,812.2000122070312],[-1.2274140492081642,43.00947862677276,812.2000122070312],[-1.227450929582119,43.009485667571425,812.2000122070312],[-1.2274905759841204,43.00948834978044,812.2000122070312],[-1.2275335751473904,43.009488601237535,812.4000244140625],[-1.2275754008442163,43.00949078053236,812.4000244140625],[-1.2276181485503912,43.00949354656041,812.4000244140625],[-1.227663578465581,43.00949773751199,812.4000244140625],[-1.2277098465710878,43.00950385630131,812.5999755859375],[-1.2277545221149921,43.0095112323761,812.5999755859375],[-1.2277994491159916,43.009517351165414,812.7999877929688],[-1.2278439570218325,43.00952263176441,812.7999877929688],[-1.227888884022832,43.00952891819179,812.7999877929688],[-1.2279363255947828,43.00953629426658,812.7999877929688],[-1.227984856814146,43.00954702310264,813],[-1.2280329689383507,43.00956018269062,813],[-1.2280794885009527,43.00957392901182,813],[-1.2281265947967768,43.00958792679012,813],[-1.228169510141015,43.00960846245289,813.2000122070312],[-1.2282156106084585,43.00962723791599,813.2000122070312],[-1.228250227868557,43.00964274443686,813.2000122070312],[-1.2282907962799072,43.009664453566074,813.2000122070312],[-1.2283407524228096,43.00969010218978,813],[-1.228384841233492,43.009711392223835,813],[-1.2284220568835735,43.009743662551045,813.2000122070312],[-1.2284575123339891,43.00976545549929,813.2000122070312],[-1.228502606973052,43.00978674553335,813.2000122070312],[-1.2285602744668722,43.00981029868126,813.2000122070312],[-1.2286090571433306,43.0098289065063,813.2000122070312],[-1.2286585103720427,43.00984592176974,813.2000122070312],[-1.228710226714611,43.009864361956716,813.2000122070312],[-1.2287634517997503,43.00988464616239,813.2000122070312],[-1.2288093008100986,43.00991138443351,813.2000122070312],[-1.2288488633930683,43.00994172692299,813.2000122070312],[-1.228874595835805,43.009968381375074,813.2000122070312],[-1.22890611179173,43.01000484265387,813.2000122070312],[-1.228945255279541,43.01004339940846,813.2000122070312],[-1.2289730831980705,43.01007583737373,813.2000122070312],[-1.2290045153349638,43.01010752096772,813.4000244140625],[-1.2290326785296202,43.010142808780074,813.7999877929688],[-1.2290634401142597,43.01017583347857,813.7999877929688],[-1.2290819641202688,43.010215144604445,814],[-1.2290938664227724,43.01025780849159,814],[-1.2291073612868786,43.01030089147389,814],[-1.22912110760808,43.01034280098975,814.2000122070312],[-1.2291330937296152,43.010379346087575,814.2000122070312],[-1.2291471753269434,43.01043416373432,814.2000122070312],[-1.2291580718010664,43.01048076711595,814.2000122070312],[-1.2291728239506483,43.0105247721076,814.2000122070312],[-1.2291910126805305,43.01057171076536,814.2000122070312],[-1.2292055133730173,43.010614374652505,814.2000122070312],[-1.2292193435132504,43.01065963692963,814.2000122070312],[-1.2292328383773565,43.010703809559345,814.2000122070312],[-1.2292465008795261,43.01074689254165,814.2000122070312],[-1.2292568944394588,43.01078025251627,814.2000122070312],[-1.2292689643800259,43.01082408986986,814.2000122070312],[-1.2292832974344492,43.01087806932628,814.2000122070312],[-1.2292951997369528,43.01091251894832,814.2000122070312],[-1.2293038330972195,43.010959373787045,814.2000122070312],[-1.2293021567165852,43.01101737655699,814.2000122070312],[-1.2292926013469696,43.011066410690546,814.2000122070312],[-1.2292773462831974,43.011114271357656,814.2000122070312],[-1.2292551342397928,43.01115659996867,814.2000122070312],[-1.229224456474185,43.011196330189705,814.2000122070312],[-1.229197047650814,43.01122541539371,814.2000122070312],[-1.2291542999446392,43.01126657053828,814.2000122070312],[-1.2291201017796993,43.0112985894084,814.2000122070312],[-1.2290895078331232,43.01133044064045,814.5999755859375],[-1.229056566953659,43.01135927438736,814.7999877929688],[-1.2290216144174337,43.01138861104846,815],[-1.2289893440902233,43.011416271328926,815.4000244140625],[-1.2289657071232796,43.011438148096204,815.7999877929688],[-1.2289268989115953,43.01146890968084,816.2000122070312],[-1.2288921140134335,43.01149464212358,816.4000244140625],[-1.228863950818777,43.01151568070054,816.7999877929688],[-1.2288160063326359,43.0115472804755,817],[-1.22877418063581,43.01156924106181,817.4000244140625],[-1.2287309300154448,43.01158860325813,817.7999877929688],[-1.2286874279379845,43.011604864150286,818],[-1.228644596412778,43.011619951575994,818],[-1.2286025192588568,43.01163495518267,818.2000122070312],[-1.228561783209443,43.01165381446481,818.4000244140625],[-1.2285169400274754,43.01167577505112,818.4000244140625],[-1.2284718453884125,43.01169999875128,818.4000244140625],[-1.2284315284341574,43.01172682084143,818.4000244140625],[-1.228398336097598,43.01175062544644,818.4000244140625],[-1.2283599469810724,43.01178390160203,818.4000244140625],[-1.2283254973590374,43.01181910559535,818.4000244140625],[-1.2282953225076199,43.01185816526413,818.4000244140625],[-1.2282680813223124,43.01190066151321,818.4000244140625],[-1.228240504860878,43.011954640969634,818.2000122070312],[-1.2282254174351692,43.011994287371635,818],[-1.2282056361436844,43.01204449497163,817.7999877929688],[-1.2281869444996119,43.01209604367614,817.7999877929688],[-1.2281729467213154,43.012158907949924,817.5999755859375],[-1.2281708512455225,43.01220425404608,817.4000244140625],[-1.228169845417142,43.01226552575827,817.2000122070312],[-1.2281714379787445,43.01230416633189,817.2000122070312],[-1.2281676661223173,43.012365186586976,817.2000122070312],[-1.2281702645123005,43.01240458153188,817.4000244140625],[-1.2281752098351717,43.0124553758651,817.4000244140625],[-1.2281831726431847,43.01250625401735,817.4000244140625],[-1.228191638365388,43.012557132169604,817.5999755859375],[-1.2281983438879251,43.01260423846543,817.5999755859375],[-1.2282055523246527,43.012655954808,817.5999755859375],[-1.2282063905149698,43.01269610412419,817.7999877929688],[-1.2282130122184753,43.012743294239044,818],[-1.22822692617774,43.01279190927744,818],[-1.228237571194768,43.012825855985284,818],[-1.228254335001111,43.01287908107042,818],[-1.2282719369977713,43.01292208023369,818],[-1.228294987231493,43.012966085225344,818],[-1.2283186241984367,43.0130064021796,818.2000122070312],[-1.2283439375460148,43.013049736618996,818.4000244140625],[-1.2283694185316563,43.01309198141098,818.4000244140625],[-1.228396911174059,43.013133220374584,818.4000244140625],[-1.2284258287400007,43.01317177712917,818.5999755859375],[-1.2284538242965937,43.013207484036684,818.5999755859375],[-1.2284855917096138,43.013248136267066,818.5999755859375],[-1.2285112403333187,43.013287698850036,818.7999877929688],[-1.2285325303673744,43.01332860253751,819],[-1.228552982211113,43.01336933858693,819],[-1.2285725120455027,43.0134070571512,819.4000244140625],[-1.2285911198705435,43.01344385370612,819.5999755859375],[-1.2286125775426626,43.0134760402143,819.7999877929688],[-1.2286323588341475,43.01351208239794,820],[-1.228651637211442,43.01354837603867,820.2000122070312],[-1.2286719214171171,43.0135814845562,820.4000244140625],[-1.2286916188895702,43.013615012168884,820.5999755859375],[-1.2287124060094357,43.013646863400936,820.7999877929688],[-1.2287354562431574,43.013681480661035,821.2000122070312],[-1.2287563271820545,43.01371249370277,821.4000244140625],[-1.2287811376154423,43.01374476402998,821.5999755859375],[-1.2288049422204494,43.013778291642666,821.7999877929688],[-1.2288231309503317,43.01381165161729,822],[-1.228842744603753,43.013843754306436,822],[-1.228861939162016,43.013876443728805,822.2000122070312],[-1.2288849893957376,43.01391055807471,822.4000244140625],[-1.228907285258174,43.01394458860159,822.5999755859375],[-1.2289236299693584,43.01396872848272,822.5999755859375],[-1.2289383821189404,43.01400342956185,822.5999755859375],[-1.2289572414010763,43.01404089666903,822.5999755859375],[-1.2289766874164343,43.01407936960459,822.7999877929688],[-1.2289907690137625,43.01411801017821,822.7999877929688],[-1.22901214286685,43.014162350445986,822.7999877929688],[-1.2290338519960642,43.01419830881059,822.7999877929688],[-1.2290527950972319,43.014234686270356,823],[-1.229068972170353,43.01427341066301,823.2000122070312],[-1.2290802039206028,43.01430559717119,823.4000244140625],[-1.2290955428034067,43.01435211673379,823.4000244140625],[-1.2291044276207685,43.01439335569739,823.5999755859375],[-1.2291186768561602,43.01443082280457,823.5999755859375],[-1.2291294895112514,43.014457980170846,823.7999877929688],[-1.2291382066905499,43.01449058577418,824],[-1.2291415594518185,43.01453115418553,824],[-1.229141978546977,43.01456820219755,824.2000122070312],[-1.2291468400508165,43.01460726186633,824.4000244140625],[-1.2291509471833706,43.01464665681124,824.4000244140625],[-1.2291536293923855,43.01468789577484,824.4000244140625],[-1.2291539646685123,43.014729134738445,824.4000244140625],[-1.229154635220766,43.0147710442543,824.4000244140625],[-1.2291598320007324,43.01481102593243,824.4000244140625],[-1.2291682977229357,43.014852767810225,824.5999755859375],[-1.229173829779029,43.014885457232594,824.5999755859375],[-1.2291760928928852,43.01493608392775,824.5999755859375],[-1.229175254702568,43.01498427987099,824.5999755859375],[-1.2291656993329525,43.01502401009202,824.5999755859375],[-1.2291589099913836,43.01506214775145,824.5999755859375],[-1.2291515339165926,43.01508855074644,824.5999755859375],[-1.2291296571493149,43.01512811332941,824.5999755859375],[-1.2291050143539906,43.01516071893275,824.7999877929688],[-1.2290897592902184,43.015199694782495,824.7999877929688],[-1.2290791142731905,43.01523129455745,825],[-1.2290629372000694,43.01526976749301,825],[-1.229035696014762,43.01529969088733,825],[-1.2290000729262829,43.01531486213207,825.2000122070312],[-1.2289700657129288,43.01533523015678,825.2000122070312],[-1.2289374601095915,43.0153704341501,825.4000244140625],[-1.2289115600287914,43.01539683714509,825.7999877929688],[-1.2288865819573402,43.01543581299484,826.2000122070312],[-1.2288588378578424,43.01547856070101,826.2000122070312],[-1.2288343627005816,43.01552549935877,826.5999755859375],[-1.2288198620080948,43.01557268947363,826.5999755859375],[-1.2288016732782125,43.01561434753239,826.7999877929688],[-1.2287740129977465,43.01565743051469,827],[-1.2287544831633568,43.01570269279182,827.2000122070312],[-1.2287378031760454,43.01575189456344,827.4000244140625],[-1.2287159264087677,43.015796737745404,827.5999755859375],[-1.2286937143653631,43.01584334112704,827.7999877929688],[-1.228676699101925,43.015882233157754,828],[-1.2286756094545126,43.01593009382486,828.2000122070312],[-1.2286727596074343,43.015989270061255,828.4000244140625],[-1.2286736816167831,43.01603017374873,828.4000244140625],[-1.228672843426466,43.01608758978546,828.4000244140625],[-1.2286846619099379,43.01612379960716,828.4000244140625],[-1.2286846619099379,43.01617610268295,828.4000244140625],[-1.2286824826151133,43.01622203551233,828.4000244140625],[-1.2286930438131094,43.016277104616165,828.4000244140625],[-1.2286904454231262,43.016335191205144,828.2000122070312],[-1.2287027668207884,43.016391936689615,827.7999877929688],[-1.2287213746458292,43.01644532941282,827.4000244140625],[-1.228747358545661,43.01650123670697,827.2000122070312],[-1.228769738227129,43.01654071547091,827.2000122070312],[-1.2288016732782125,43.01660039462149,827.2000122070312],[-1.2288279924541712,43.01665076985955,827.2000122070312],[-1.2288479413837194,43.01669167354703,827.4000244140625],[-1.2288767751306295,43.01674246788025,827.4000244140625],[-1.2289077043533325,43.016800470650196,827.7999877929688],[-1.228924971073866,43.01683885976672,828],[-1.228946428745985,43.016880517825484,828.2000122070312],[-1.2289693113416433,43.01694153808057,828.4000244140625],[-1.228981213644147,43.01699073985219,828.5999755859375],[-1.228994708508253,43.01704061217606,828.7999877929688],[-1.2290087062865496,43.01708989776671,828.7999877929688],[-1.2290235422551632,43.01712987944484,829.2000122070312],[-1.2290361151099205,43.01717924885452,829.4000244140625],[-1.2290519569069147,43.017235742881894,829.5999755859375],[-1.2290618475526571,43.017280669882894,830],[-1.2290700618177652,43.01733171567321,830],[-1.229077186435461,43.01738175563514,830.2000122070312],[-1.2290830537676811,43.01743389107287,830.4000244140625],[-1.2290864065289497,43.01748334430158,830.5999755859375],[-1.2290937826037407,43.01753422245383,830.5999755859375],[-1.229098392650485,43.01758635789156,830.7999877929688],[-1.229102248325944,43.017636900767684,831],[-1.2290984764695168,43.01768786273897,831.4000244140625],[-1.229094872251153,43.017735723406076,831.5999755859375],[-1.2290952913463116,43.017772855237126,831.7999877929688],[-1.229098727926612,43.01782373338938,832.2000122070312],[-1.2291053496301174,43.01788500510156,832.4000244140625],[-1.2291117198765278,43.01793244667351,832.5999755859375],[-1.2291171681135893,43.01796957850456,832.7999877929688],[-1.2291237898170948,43.018026323989034,833],[-1.2291377875953913,43.01807317882776,833.2000122070312],[-1.2291539646685123,43.01810687407851,833.2000122070312],[-1.22917584143579,43.018154399469495,833.4000244140625],[-1.229196796193719,43.01820200867951,833.5999755859375],[-1.2292248755693436,43.0182440020144,833.7999877929688],[-1.2292588222771883,43.01829060539603,834],[-1.2292930204421282,43.01833586767316,834],[-1.2293394561856985,43.01838917657733,834.2000122070312],[-1.22937373816967,43.01842278800905,834.2000122070312],[-1.229422939941287,43.01846067421138,834.2000122070312],[-1.2294770870357752,43.01849780604243,834.4000244140625],[-1.229535425081849,43.01852948963642,834.4000244140625],[-1.229607593268156,43.01856595091522,834.4000244140625],[-1.2296564597636461,43.018586821854115,834.4000244140625],[-1.2297222577035427,43.018621606752276,834.4000244140625],[-1.229769615456462,43.01864381879568,834.5999755859375],[-1.2298395205289125,43.01867600530386,834.5999755859375],[-1.2298903986811638,43.01870089955628,834.7999877929688],[-1.2299460545182228,43.01872143521905,834.7999877929688],[-1.2300052307546139,43.01873920485377,835],[-1.2300670053809881,43.01875479519367,835.2000122070312],[-1.2301292829215527,43.01877181045711,835.4000244140625],[-1.230191644281149,43.01878698170185,835.7999877929688],[-1.2302533350884914,43.01880315877497,836],[-1.230315025895834,43.018818497657776,836.2000122070312],[-1.2303743697702885,43.01883291453123,836.2000122070312],[-1.230430444702506,43.018853114917874,836.2000122070312],[-1.2304876931011677,43.018876081332564,836.4000244140625],[-1.2305427622050047,43.01890315487981,836.4000244140625],[-1.230592718347907,43.0189329944551,836.5999755859375],[-1.230635130777955,43.01896316930652,836.7999877929688],[-1.230666982010007,43.018997283652425,837],[-1.230696402490139,43.01903039216995,837.2000122070312],[-1.2307163514196873,43.019054448232055,837.4000244140625],[-1.2307385634630919,43.01909174770117,837.4000244140625],[-1.2307536508888006,43.01912368275225,838.5999755859375],[-1.2307605240494013,43.019155114889145,839],[-1.2307663913816214,43.01917732693255,839.4000244140625],[-1.2307708337903023,43.019204987213016,839.7999877929688],[-1.2307735998183489,43.01923558115959,840.2000122070312],[-1.230776784941554,43.019269527867436,840.5999755859375],[-1.2307837419211864,43.01930146291852,841],[-1.2307934649288654,43.0193352419883,841.4000244140625],[-1.2307973206043243,43.019376480951905,841.7999877929688],[-1.2308063730597496,43.01940464414656,842.2000122070312],[-1.2308041099458933,43.01943892613053,842.4000244140625],[-1.2308014277368784,43.01946968771517,842.7999877929688],[-1.230801846832037,43.01949852146208,843.2000122070312],[-1.2308055348694324,43.019528863951564,843.7999877929688],[-1.2308128271251917,43.01956037990749,844.2000122070312],[-1.2308214604854584,43.01959164440632,844.7999877929688],[-1.230833614245057,43.01962751895189,845],[-1.2308422476053238,43.01966498605907,845.2000122070312],[-1.2308506295084953,43.01969340071082,845.5999755859375],[-1.2308556586503983,43.01972650922835,846],[-1.2308626994490623,43.01975743845105,846.4000244140625],[-1.2308566644787788,43.019785434007645,846.7999877929688],[-1.2308440916240215,43.019803958013654,847.2000122070312],[-1.2308210413902998,43.01983614452183,847.5999755859375],[-1.2307984940707684,43.01986145786941,847.7999877929688],[-1.2307798862457275,43.019893895834684,848.4000244140625],[-1.2307677324861288,43.019935470074415,848.5999755859375],[-1.2307542376220226,43.01996019668877,848.5999755859375],[-1.230731187388301,43.01999439485371,849],[-1.2307160999625921,43.02001618780196,849.4000244140625],[-1.23070377856493,43.02004384808242,849.5999755859375],[-1.2306974083185196,43.02007251419127,849.7999877929688],[-1.2306915409862995,43.02010780200362,850],[-1.2306850869208574,43.02014124579728,850.2000122070312],[-1.2306697480380535,43.020166056230664,850.5999755859375],[-1.2306549120694399,43.02018818445504,850.5999755859375],[-1.2306378968060017,43.020204696804285,850.5999755859375],[-1.2306207977235317,43.02022607065737,851],[-1.2306061293929815,43.02025624550879,851],[-1.2305961549282074,43.0202747695148,851.2000122070312],[-1.2305863481014967,43.020303938537836,851.2000122070312],[-1.2305710930377245,43.02033050917089,851.2000122070312],[-1.2305654771625996,43.02035506814718,851.2000122070312],[-1.2305548321455717,43.0203902721405,851.4000244140625],[-1.2305327877402306,43.02041801624,851.5999755859375],[-1.2305155210196972,43.020450957119465,851.7999877929688],[-1.2305016908794641,43.020478868857026,852],[-1.2304866034537554,43.02050753496587,852],[-1.23047461733222,43.02053133957088,852.2000122070312],[-1.230454333126545,43.0205646995455,852.4000244140625],[-1.2304392457008362,43.020587163046,852.4000244140625],[-1.23041158542037,43.02061641588807,852.5999755859375],[-1.2303908821195364,43.02064365707338,852.5999755859375],[-1.2303735315799713,43.020670898258686,852.5999755859375],[-1.2303552590310574,43.020696295425296,852.7999877929688],[-1.2303405068814754,43.020722111687064,853],[-1.23032558709383,43.02074499428272,853],[-1.230309745296836,43.020770978182554,853.2000122070312],[-1.2302924785763025,43.020796459168196,853.4000244140625],[-1.230278229340911,43.02082168869674,853.5999755859375],[-1.2302636448293924,43.020845241844654,853.5999755859375],[-1.2302545085549355,43.020869297906756,854],[-1.230245204642415,43.02089352160692,854.2000122070312],[-1.2302390858530998,43.0209206789732,854.2000122070312],[-1.230235230177641,43.02094708196819,854.4000244140625],[-1.23023078776896,43.02097155712545,854.7999877929688],[-1.2302270997315645,43.02099511027336,855],[-1.2302220705896616,43.0210224352777,855.2000122070312],[-1.2302203942090273,43.021045569330454,855.4000244140625],[-1.2302219029515982,43.02107021212578,855.7999877929688],[-1.230222573503852,43.021092088893056,856],[-1.2302188016474247,43.021115474402905,856.2000122070312],[-1.2302189692854881,43.02114179357886,856.5999755859375],[-1.2302195560187101,43.021170711144805,856.7999877929688],[-1.2302194721996784,43.021197533234954,857.2000122070312],[-1.230215197429061,43.02122360095382,857.2000122070312],[-1.2302100006490946,43.02124765701592,857.4000244140625],[-1.2302069831639528,43.021272299811244,857.7999877929688],[-1.2302044685930014,43.021296774968505,858],[-1.2301929853856564,43.02132376469672,858.2000122070312],[-1.230192231014371,43.021344132721424,858.4000244140625],[-1.230191057547927,43.02136885933578,858.5999755859375],[-1.2301888782531023,43.02139425650239,858.7999877929688],[-1.2301830109208822,43.0214127805084,859.2000122070312],[-1.230179239064455,43.02142904140055,859.4000244140625],[-1.2301738746464252,43.021456114947796,859.5999755859375],[-1.2301731202751398,43.02148318849504,859.7999877929688],[-1.2301695998758078,43.02150825038552,860],[-1.2301667500287294,43.02153398282826,860.2000122070312],[-1.2301647383719683,43.02155879326165,860.4000244140625],[-1.2301610503345728,43.021585615351796,860.5999755859375],[-1.2301585357636213,43.02160891704261,861],[-1.2301540095359087,43.02163355983794,861],[-1.2301507405936718,43.02165862172842,861.4000244140625],[-1.2301468010991812,43.0216770619154,861.4000244140625],[-1.2301433645188808,43.02170145325363,861.7999877929688],[-1.2301416881382465,43.021722910925746,862],[-1.2301421072334051,43.02174738608301,862.2000122070312],[-1.2301413528621197,43.021771274507046,862.4000244140625],[-1.2301374971866608,43.02179139107466,862.5999755859375],[-1.2301375810056925,43.021811256185174,862.7999877929688],[-1.2301353178918362,43.021836234256625,862.7999877929688],[-1.2301347311586142,43.021861631423235,863.2000122070312],[-1.2301354017108679,43.02188828587532,863.4000244140625],[-1.2301360722631216,43.0219117552042,863.5999755859375],[-1.2301394250243902,43.02193656563759,863.7999877929688],[-1.2301407661288977,43.02196238189936,864],[-1.2301375810056925,43.021987862885,864.2000122070312],[-1.2301421072334051,43.02201300859451,864.2000122070312],[-1.2301446218043566,43.02203832194209,864.4000244140625],[-1.2301460467278957,43.02206170745194,864.4000244140625],[-1.2301504891365767,43.02208869718015,864.5999755859375],[-1.230153925716877,43.022110825404525,864.5999755859375],[-1.2301585357636213,43.02213949151337,864.7999877929688],[-1.2301605474203825,43.022165559232235,865],[-1.2301613856106997,43.022192884236574,865.2000122070312],[-1.230161301791668,43.0222225561738,865.2000122070312],[-1.2301585357636213,43.02224577404559,865.4000244140625],[-1.2301610503345728,43.022274104878306,865.4000244140625],[-1.2301660794764757,43.02230914123356,865.5999755859375],[-1.2301732879132032,43.02233822643757,865.5999755859375],[-1.230180747807026,43.0223642103374,865.5999755859375],[-1.2301897164434195,43.02238868549466,865.7999877929688],[-1.230191895738244,43.02240821532905,865.7999877929688],[-1.2301970086991787,43.022430427372456,865.7999877929688],[-1.2302046362310648,43.022452387958765,866],[-1.2302092462778091,43.022467056289315,866],[-1.2302077375352383,43.022479293867946,866],[-1.2302020378410816,43.0224989913404,866],[-1.230200445279479,43.02251609042287,866],[-1.230197511613369,43.02253570407629,866],[-1.2301975954324007,43.02255825139582,866.2000122070312],[-1.2302040494978428,43.02258079871535,866.2000122070312],[-1.230215448886156,43.022600412368774,866.2000122070312],[-1.230227518826723,43.02262203767896,866.2000122070312],[-1.2302415166050196,43.02265036851168,866.4000244140625],[-1.2302530836313963,43.022679621353745,866.4000244140625],[-1.2302638962864876,43.02270753309131,866.4000244140625],[-1.2302795704454184,43.022735361009836,866.4000244140625],[-1.2302987650036812,43.022759752348065,866.5999755859375],[-1.2303162831813097,43.02278690971434,866.5999755859375],[-1.2303357291966677,43.02281239069998,866.7999877929688],[-1.2303526606410742,43.022832088172436,866.7999877929688],[-1.230379482731223,43.02285756915808,867],[-1.2304026167839766,43.02287676371634,867],[-1.2304241582751274,43.02289587445557,867.2000122070312],[-1.2304365634918213,43.02292085252702,867.4000244140625],[-1.230456680059433,43.02295102737844,867.5999755859375],[-1.2304775509983301,43.02297265268862,867.5999755859375],[-1.230504373088479,43.02298857830465,868],[-1.2305237352848053,43.023006431758404,868.2000122070312],[-1.2305328715592623,43.02302881143987,868.4000244140625],[-1.2305429298430681,43.023053454235196,868.5999755859375],[-1.2305454444140196,43.02308144979179,868.5999755859375],[-1.2305581010878086,43.02310726605356,869.2000122070312],[-1.2305716797709465,43.02313023246825,869.4000244140625],[-1.2305845879018307,43.0231515225023,869.4000244140625],[-1.2305985856801271,43.023173566907644,869.7999877929688],[-1.2306105718016624,43.0231948569417,870],[-1.2306232284754515,43.023216063156724,870.2000122070312],[-1.2306355498731136,43.023233748972416,870.4000244140625],[-1.2306437641382217,43.02325604483485,870.5999755859375],[-1.2306524813175201,43.0232778377831,870.7999877929688],[-1.2306591030210257,43.02330432459712,871],[-1.2306643836200237,43.02332879975438,871],[-1.2306677363812923,43.0233486648649,871.2000122070312],[-1.230672849342227,43.02337364293635,871.4000244140625],[-1.230676956474781,43.023397363722324,871.4000244140625],[-1.2306805606931448,43.02341898903251,871.5999755859375],[-1.2306845840066671,43.023444721475244,871.7999877929688],[-1.2306903675198555,43.023469699546695,872],[-1.2306927982717752,43.02349526435137,872],[-1.2306933850049973,43.02351973950863,872.2000122070312],[-1.2306914571672678,43.02354362793267,872.4000244140625],[-1.2306895293295383,43.02356902509928,872.5999755859375],[-1.23068374581635,43.02359417080879,872.7999877929688],[-1.230679051950574,43.02361990325153,872.7999877929688],[-1.230675783008337,43.02363641560078,873.2000122070312],[-1.2306712567806244,43.02366281859577,873.2000122070312],[-1.2306656409054995,43.02368628792465,873.4000244140625],[-1.230660444125533,43.023711517453194,873.7999877929688],[-1.230653990060091,43.02373490296304,873.7999877929688],[-1.2306461110711098,43.02375862374902,874],[-1.2306363880634308,43.02377538755536,874.5999755859375],[-1.2306207139045,43.023798018693924,874.7999877929688],[-1.2306029442697763,43.023826349526644,875],[-1.2305907905101776,43.023846466094255,875.2000122070312],[-1.2305774632841349,43.02387655712664,875.2000122070312],[-1.2305642198771238,43.023900613188744,875.4000244140625],[-1.2305433489382267,43.02391888573766,875.5999755859375],[-1.2305236514657736,43.02393841557205,875.7999877929688],[-1.2305054627358913,43.02396045997739,875.7999877929688],[-1.2304891180247068,43.02397923544049,876],[-1.2304765451699495,43.02399415522814,876.2000122070312],[-1.2304620444774628,43.02400873973966,876.2000122070312],[-1.2304379045963287,43.02402994595468,876.4000244140625],[-1.2304215598851442,43.02404670976102,876.5999755859375],[-1.2303935643285513,43.024072190746665,876.7999877929688],[-1.2303700111806393,43.02409281022847,876.7999877929688],[-1.2303504813462496,43.024104377254844,877],[-1.2303227372467518,43.02412164397538,877.2000122070312],[-1.2302924785763025,43.024142514914274,877.2000122070312],[-1.2302609626203775,43.02416380494833,877.4000244140625],[-1.2302242498844862,43.02418928593397,877.4000244140625],[-1.2301908060908318,43.02420889958739,877.4000244140625],[-1.2301547639071941,43.02422725595534,877.4000244140625],[-1.230119727551937,43.02424133755267,877.4000244140625],[-1.2300783209502697,43.02425282076001,877],[-1.2300459668040276,43.02426790818572,877],[-1.2300009559839964,43.02429238334298,877.2000122070312],[-1.2299705296754837,43.024310655891895,877.2000122070312],[-1.22992979362607,43.02432842552662,877.2000122070312],[-1.2298815976828337,43.02435248158872,877.2000122070312],[-1.2298433762043715,43.02437494508922,877.4000244140625],[-1.2298007123172283,43.02439967170358,877.4000244140625],[-1.229751007631421,43.024421548470855,877.4000244140625],[-1.2297090142965317,43.02444535307586,877.4000244140625],[-1.2296692002564669,43.02446915768087,877.5999755859375],[-1.2296407017856836,43.02448877133429,877.5999755859375],[-1.229603486135602,43.02451374940574,877.5999755859375],[-1.2295526918023825,43.02454451099038,877.5999755859375],[-1.229514554142952,43.02456311881542,877.5999755859375],[-1.229457976296544,43.024595975875854,877.5999755859375],[-1.2294193357229233,43.024624390527606,877.4000244140625],[-1.2293881550431252,43.024643333628774,877.4000244140625],[-1.229338450357318,43.02466948516667,877.4000244140625],[-1.229305425658822,43.02468901500106,877.4000244140625],[-1.229260079562664,43.02472237497568,877.4000244140625],[-1.229223283007741,43.02474869415164,877.5999755859375],[-1.2291895877569914,43.02477467805147,877.5999755859375],[-1.229154383763671,43.02480208687484,877.7999877929688],[-1.2291233707219362,43.02482924424112,877.7999877929688],[-1.2290947046130896,43.02485975436866,878],[-1.2290719896554947,43.02489194087684,878.2000122070312],[-1.2290512025356293,43.02492219954729,878.4000244140625],[-1.2290349416434765,43.02495824173093,878.4000244140625],[-1.2290233746170998,43.02498573437333,878.5999755859375],[-1.2290004082024097,43.025023620575666,879],[-1.228984734043479,43.02505756728351,879.2000122070312],[-1.2289725802838802,43.02509226836264,879.4000244140625],[-1.2289641983807087,43.025121772661805,879.4000244140625],[-1.228951709344983,43.025156976655126,879.4000244140625],[-1.228941148146987,43.02519042044878,879.5999755859375],[-1.2289344426244497,43.02522545680404,879.7999877929688],[-1.228927318006754,43.025259571149945,880],[-1.228916421532631,43.02529192529619,880.2000122070312],[-1.228912565857172,43.025322100147605,880.5999755859375],[-1.2289106380194426,43.02535395137966,881],[-1.2289042677730322,43.02538479678333,881],[-1.2288985680788755,43.0254140496254,881.4000244140625],[-1.2288932036608458,43.02544103935361,881.5999755859375],[-1.2288846541196108,43.025480937212706,881.7999877929688],[-1.2288801278918982,43.02551538683474,882],[-1.2288771104067564,43.025551261380315,882.4000244140625],[-1.2288719974458218,43.025584453716874,882.5999755859375],[-1.2288694828748703,43.02561881951988,882.7999877929688],[-1.228869566693902,43.02565251477063,883],[-1.2288680579513311,43.02568394690752,883],[-1.2288687285035849,43.02571579813957,883.2000122070312],[-1.228871662169695,43.025750583037734,883.4000244140625],[-1.228875434026122,43.02578411065042,883.5999755859375],[-1.2288792058825493,43.025813698768616,883.7999877929688],[-1.2288813013583422,43.025839515030384,884],[-1.2288859952241182,43.02587983198464,884.4000244140625],[-1.2288918625563383,43.02591369487345,884.7999877929688],[-1.2288992386311293,43.02594588138163,884.7999877929688],[-1.2289020046591759,43.025972535833716,885.2000122070312],[-1.2289082910865545,43.02600438706577,885.4000244140625],[-1.2289154157042503,43.02603347226977,885.7999877929688],[-1.2289310898631811,43.0260615516454,886],[-1.2289671320468187,43.02608317695558,886.2000122070312],[-1.2289807107299566,43.026103880256414,886.2000122070312],[-1.229000324383378,43.02613254636526,886.2000122070312],[-1.2290220335125923,43.02615601569414,886.4000244140625],[-1.2290520407259464,43.02618023939431,886.4000244140625],[-1.2290800362825394,43.02620228379965,886.5999755859375],[-1.2291173357516527,43.026221645995975,886.7999877929688],[-1.229154970496893,43.026242852211,887],[-1.229191767051816,43.02626305259764,887.2000122070312],[-1.229228563606739,43.02627713419497,887.4000244140625],[-1.2292638514190912,43.02629532292485,887.5999755859375],[-1.2292991392314434,43.026313092559576,887.7999877929688],[-1.2293319124728441,43.02632952108979,888],[-1.2293635960668325,43.026343351230025,888.2000122070312],[-1.2293966207653284,43.02635483443737,888.4000244140625],[-1.2294272985309362,43.02637285552919,888.5999755859375],[-1.2294578086584806,43.0263895355165,889],[-1.2294839601963758,43.026405461132526,889.2000122070312],[-1.2295097764581442,43.02641786634922,889.4000244140625],[-1.2295277137309313,43.026432283222675,889.7999877929688],[-1.2295524403452873,43.026445023715496,890.2000122070312],[-1.2295832019299269,43.026463044807315,890.4000244140625],[-1.2295988760888577,43.02647645585239,890.7999877929688],[-1.2296166457235813,43.026493303477764,891],[-1.229637935757637,43.02651249803603,891.4000244140625],[-1.2296519335359335,43.026530435308814,891.7999877929688],[-1.229663249105215,43.02655030041933,892],[-1.2296698708087206,43.02657561376691,892.4000244140625],[-1.2296686973422766,43.02659816108644,892.5999755859375],[-1.2296658474951982,43.02661777473986,893],[-1.2296587228775024,43.02664359100163,893.2000122070312],[-1.229651514440775,43.02666060626507,893.4000244140625],[-1.229643216356635,43.026680052280426,893.7999877929688],[-1.2296342477202415,43.02669539116323,894],[-1.2296172324568033,43.02671743556857,894.2000122070312],[-1.2296008877456188,43.02673403173685,894.5999755859375],[-1.2295844592154026,43.02674911916256,894.7999877929688],[-1.229569623246789,43.02676420658827,895],[-1.2295523565262556,43.02677887491882,895.2000122070312],[-1.229532491415739,43.026793878525496,895.4000244140625],[-1.2295123748481274,43.0268092174083,895.7999877929688],[-1.2294953595846891,43.026824640110135,896],[-1.2294772546738386,43.02683914080262,896.2000122070312],[-1.2294617481529713,43.026853976771235,896.5999755859375],[-1.229447079822421,43.02686646580696,896.7999877929688],[-1.2294305674731731,43.02688046358526,897],[-1.229412378743291,43.0268972273916,897.4000244140625],[-1.2293965369462967,43.02691030316055,897.7999877929688],[-1.229373486712575,43.026932179927826,898.2000122070312],[-1.2293607462197542,43.02694424986839,898.5999755859375],[-1.2293373607099056,43.02696419879794,898.7999877929688],[-1.229318082332611,43.02697869949043,899.2000122070312],[-1.2292986363172531,43.02699529565871,899.4000244140625],[-1.2292805314064026,43.02700904197991,899.5999755859375],[-1.229265360161662,43.027024464681745,899.7999877929688],[-1.2292471714317799,43.02704122848809,899.7999877929688],[-1.2292317487299442,43.02705497480929,900.2000122070312],[-1.2292087823152542,43.02707400172949,900.2000122070312],[-1.229194700717926,43.02709302864969,900.4000244140625],[-1.2291800323873758,43.02711138501763,900.5999755859375],[-1.2291703093796968,43.02712881937623,900.7999877929688],[-1.2291577365249395,43.02714524790645,901],[-1.2291447445750237,43.02716343663633,901.2000122070312],[-1.2291284836828709,43.027181876823306,901.4000244140625],[-1.22910694219172,43.027202328667045,901.5999755859375],[-1.2290957942605019,43.0272183381021,901.5999755859375],[-1.229081880301237,43.02723878994584,901.7999877929688],[-1.2290644459426403,43.027259577065706,902],[-1.2290538009256124,43.02727835252881,902.2000122070312],[-1.2290431559085846,43.02729218266904,902.4000244140625],[-1.2290253024548292,43.02731204777956,902.5999755859375],[-1.2290134839713573,43.02732604555786,902.7999877929688],[-1.2289959657937288,43.0273462459445,903],[-1.2289819680154324,43.02736200392246,903.2000122070312],[-1.228962941095233,43.02737600170076,903.2000122070312],[-1.2289445009082556,43.027388071641326,903.4000244140625],[-1.2289310060441494,43.027400728315115,903.5999755859375],[-1.228912565857172,43.02741665393114,903.7999877929688],[-1.2288917787373066,43.027436351403594,904],[-1.2288797087967396,43.02744976244867,904.2000122070312],[-1.2288597598671913,43.0274688731879,904.4000244140625],[-1.2288522999733686,43.02748463116586,904.5999755859375],[-1.228824807330966,43.02750013768673,905],[-1.228808630257845,43.0275153927505,905.2000122070312],[-1.2287887651473284,43.02752905525267,905.4000244140625],[-1.2287752702832222,43.02754514850676,905.5999755859375],[-1.2287522200495005,43.02755428478122,905.7999877929688],[-1.2287269067019224,43.027563504874706,906],[-1.228709053248167,43.02757507190108,906.4000244140625],[-1.2286916188895702,43.02758504636586,906.5999755859375],[-1.22866814956069,43.02759686484933,906.7999877929688],[-1.228643087670207,43.02761220373213,907],[-1.2286186963319778,43.027624022215605,907.2000122070312],[-1.228594807907939,43.02763584069908,907.4000244140625],[-1.2285723444074392,43.02764782682061,907.5999755859375],[-1.2285532336682081,43.027659645304084,908],[-1.2285331171005964,43.02767020650208,908.2000122070312],[-1.2285128328949213,43.027681689709425,908.5999755859375],[-1.2284909561276436,43.02769845351577,909],[-1.228476371616125,43.0277106910944,909.2000122070312],[-1.228463714942336,43.027723180130124,909.5999755859375],[-1.2284472864121199,43.0277400277555,910],[-1.2284287624061108,43.027755534276366,910.2000122070312],[-1.2284103222191334,43.027769699692726,910.5999755859375],[-1.2283982522785664,43.02778403274715,910.7999877929688],[-1.2283851765096188,43.0277987010777,911.2000122070312],[-1.228374196216464,43.027810184285045,911.4000244140625],[-1.228363299742341,43.027830217033625,911.7999877929688],[-1.2283498886972666,43.027848321944475,912],[-1.2283366452902555,43.02786332555115,912.4000244140625],[-1.2283258326351643,43.02787589840591,912.5999755859375],[-1.228312337771058,43.02789299748838,912.7999877929688],[-1.2282995972782373,43.02790976129472,913.2000122070312],[-1.2282886169850826,43.02792518399656,913.5999755859375],[-1.2282744515687227,43.02794387564063,913.7999877929688],[-1.2282591126859188,43.0279591307044,914.2000122070312],[-1.2282467912882566,43.02797522395849,914.5999755859375],[-1.228233464062214,43.02798972465098,914.7999877929688],[-1.2282141018658876,43.02800682373345,915],[-1.2281979247927666,43.028021827340126,915.4000244140625],[-1.2281844299286604,43.02803624421358,915.5999755859375],[-1.2281731981784105,43.028048230335116,916],[-1.2281576916575432,43.02806792780757,916.2000122070312],[-1.228143023326993,43.02808276377618,916.4000244140625],[-1.2281287740916014,43.028098940849304,916.7999877929688],[-1.228116536512971,43.028115117922425,917],[-1.2281021196395159,43.02813163027167,917.2000122070312],[-1.2280882894992828,43.02814763970673,917.4000244140625],[-1.2280765548348427,43.02816364914179,917.7999877929688],[-1.228066748008132,43.02817655727267,918],[-1.2280551809817553,43.028188459575176,918.2000122070312],[-1.228044033050537,43.02820430137217,918.5999755859375],[-1.2280343100428581,43.02822383120656,918.7999877929688],[-1.2280270177870989,43.02824352867901,918.7999877929688],[-1.2280161213129759,43.02826079539955,919.2000122070312],[-1.228005811572075,43.02827940322459,919.4000244140625],[-1.2280003633350134,43.02829943597317,919.5999755859375],[-1.2279937416315079,43.02831276319921,920],[-1.227986365556717,43.028324665501714,920.2000122070312],[-1.227974882349372,43.028343273326755,920.5999755859375],[-1.2279635667800903,43.028363808989525,921],[-1.2279506586492062,43.02838392555714,921.2000122070312],[-1.227938923984766,43.028402365744114,921.4000244140625],[-1.2279287818819284,43.028421895578504,921.5999755859375],[-1.2279198970645666,43.02844217978418,921.7999877929688],[-1.227910676971078,43.0284633859992,922],[-1.2279053125530481,43.028481574729085,922.4000244140625],[-1.2278993614017963,43.028502529487014,922.5999755859375],[-1.2278944160789251,43.028523651883006,922.7999877929688],[-1.2278911471366882,43.028543600812554,923],[-1.2278884649276733,43.028563717380166,923.2000122070312],[-1.2278867047280073,43.028579726815224,923.4000244140625],[-1.227881507948041,43.02859355695546,923.5999755859375],[-1.2278756406158209,43.0286137573421,923.7999877929688],[-1.2278754729777575,43.02863219752908,924],[-1.2278772331774235,43.0286552477628,924.2000122070312],[-1.2278798315674067,43.028671173378825,924.4000244140625],[-1.2278833519667387,43.028696151450276,924.5999755859375],[-1.227885615080595,43.0287173576653,924.7999877929688],[-1.2278874590992928,43.02873412147164,925],[-1.2278913985937834,43.02875683642924,925.2000122070312],[-1.2278934940695763,43.028775695711374,925.4000244140625],[-1.227893577888608,43.028792291879654,925.5999755859375],[-1.2278915662318468,43.02881710231304,925.7999877929688],[-1.227890644222498,43.02883713506162,926.2000122070312],[-1.2278921529650688,43.02885280922055,926.2000122070312],[-1.227891482412815,43.0288727581501,926.4000244140625],[-1.2278867047280073,43.02889673039317,926.5999755859375],[-1.2278830166906118,43.028913494199514,927],[-1.2278769817203283,43.02893134765327,927.2000122070312],[-1.2278712820261717,43.028948279097676,927.4000244140625],[-1.2278665881603956,43.02896755747497,927.7999877929688],[-1.2278578709810972,43.02898524329066,928],[-1.2278541829437017,43.02899681031704,928],[-1.2278551049530506,43.02901382558048,928.4000244140625],[-1.2278489023447037,43.02902673371136,928.4000244140625],[-1.227844376116991,43.02903821691871,928.7999877929688],[-1.2278370838612318,43.02905632182956,929],[-1.227832306176424,43.029068391770124,929.2000122070312],[-1.2278251815587282,43.02908381447196,929.5999755859375],[-1.2278151232749224,43.02910384722054,929.5999755859375],[-1.2278050649911165,43.02912153303623,929.7999877929688],[-1.2277950905263424,43.02913796156645,930],[-1.2277884688228369,43.029151959344745,930.4000244140625],[-1.2277808412909508,43.02916679531336,930.5999755859375],[-1.227771956473589,43.029179871082306,930.7999877929688],[-1.2277606409043074,43.029197892174125,931],[-1.2277497444301844,43.02921323105693,931.2000122070312],[-1.2277419492602348,43.02922789938748,931.4000244140625],[-1.2277317233383656,43.02924348972738,931.5999755859375],[-1.2277250178158283,43.02925983443856,932],[-1.2277206592261791,43.029273664578795,932.2000122070312],[-1.2277121096849442,43.02928950637579,932.2000122070312],[-1.2277037277817726,43.02930367179215,932.5999755859375],[-1.2276867125183344,43.029321525245905,932.5999755859375],[-1.227679755538702,43.0293304938823,933],[-1.2276684399694204,43.029348347336054,933],[-1.2276580464094877,43.029368380084634,933.2000122070312],[-1.2276501674205065,43.02938816137612,933.4000244140625],[-1.2276422046124935,43.029406517744064,933.5999755859375],[-1.2276380974799395,43.029427556321025,934],[-1.227634996175766,43.02944683469832,934.2000122070312],[-1.2276345770806074,43.029462676495314,934.2000122070312],[-1.2276366725564003,43.02948337979615,934.4000244140625],[-1.22763910330832,43.02949670702219,934.5999755859375],[-1.227638265118003,43.02951581776142,934.7999877929688],[-1.2276422884315252,43.02952906116843,935],[-1.2276443000882864,43.029547249898314,935.2000122070312],[-1.2276524305343628,43.02956652827561,935.4000244140625],[-1.2276615668088198,43.02958211861551,935.5999755859375],[-1.2276710383594036,43.029599050059915,935.7999877929688],[-1.2276775762438774,43.02961631678045,935.7999877929688],[-1.2276828568428755,43.029630314558744,936],[-1.2276902329176664,43.02964867092669,936.2000122070312],[-1.2276971898972988,43.02966853603721,936.2000122070312],[-1.227708337828517,43.0296862218529,936.4000244140625],[-1.2277169711887836,43.02970290184021,936.4000244140625],[-1.2277216650545597,43.029718240723014,936.5999755859375],[-1.2277276162058115,43.02973265759647,936.7999877929688],[-1.227730382233858,43.029743637889624,936.7999877929688],[-1.2277349922806025,43.02976107224822,937],[-1.227743374183774,43.029783787205815,937.2000122070312],[-1.2277456372976303,43.02979962900281,937.4000244140625],[-1.2277493253350258,43.029813542962074,937.5999755859375],[-1.2277553603053093,43.02983097732067,937.7999877929688],[-1.2277608085423708,43.02984916605055,937.7999877929688],[-1.2277629878371954,43.02986467257142,938],[-1.2277638260275126,43.02988403476775,938.2000122070312],[-1.2277701124548912,43.02990415133536,938.4000244140625],[-1.2277735490351915,43.029922591522336,938.5999755859375],[-1.2277708668261766,43.029942037537694,938.7999877929688],[-1.2277689389884472,43.02995930425823,939.2000122070312],[-1.2277688551694155,43.02997539751232,939.2000122070312],[-1.2277696933597326,43.02999258041382,939.4000244140625],[-1.2277680169790983,43.030010936781764,939.7999877929688],[-1.227762484923005,43.03002971224487,940],[-1.2277592159807682,43.030047565698624,940.2000122070312],[-1.2277572881430387,43.030065251514316,940.4000244140625],[-1.2277553603053093,43.03008260205388,940.4000244140625],[-1.2277541868388653,43.03010020405054,940.5999755859375],[-1.2277524266391993,43.03011638112366,940.7999877929688],[-1.2277485709637403,43.03013188764453,941.2000122070312],[-1.22774513438344,43.03014806471765,941.2000122070312],[-1.2277406081557274,43.03016499616206,941.5999755859375],[-1.227734824642539,43.03018226288259,941.7999877929688],[-1.2277276162058115,43.0301955062896,942],[-1.2277197372168303,43.030211767181754,942.4000244140625],[-1.2277150433510542,43.030228950083256,942.5999755859375],[-1.2277101818472147,43.03024563007057,943],[-1.2277049012482166,43.03026088513434,943.4000244140625],[-1.2277000397443771,43.0302766431123,943.5999755859375],[-1.2276935018599033,43.03029265254736,943.7999877929688],[-1.227687131613493,43.03030723705888,944],[-1.2276802584528923,43.03032433614135,944.2000122070312],[-1.2276701163500547,43.030345626175404,944.5999755859375],[-1.2276660930365324,43.03035912103951,944.7999877929688],[-1.2276615668088198,43.03037814795971,944.7999877929688],[-1.2276575434952974,43.03039323538542,945.2000122070312],[-1.2276525143533945,43.03040941245854,945.4000244140625],[-1.2276474852114916,43.03042667917907,945.5999755859375],[-1.2276411149650812,43.03044402971864,945.7999877929688],[-1.2276374269276857,43.030457524582744,946.2000122070312],[-1.2276337388902903,43.03047965280712,946.2000122070312],[-1.2276284582912922,43.030497841537,946.4000244140625],[-1.2276231776922941,43.03051644936204,946.5999755859375],[-1.2276198249310255,43.03053556010127,946.7999877929688],[-1.2276150472462177,43.03055265918374,947],[-1.227609682828188,43.03056917153299,947.4000244140625],[-1.2276023905724287,43.03058635443449,947.5999755859375],[-1.2275981158018112,43.03060202859342,947.7999877929688],[-1.2275940924882889,43.030616864562035,947.7999877929688],[-1.2275854591280222,43.030633460730314,948],[-1.227579927071929,43.030647626146674,948.2000122070312],[-1.2275742273777723,43.03066656924784,948.4000244140625],[-1.2275693658739328,43.0306841712445,948.5999755859375],[-1.227562241256237,43.0306979175657,948.7999877929688],[-1.2275593914091587,43.030707808211446,949],[-1.2275583855807781,43.03072230890393,949.2000122070312],[-1.227555451914668,43.030741503462195,949.4000244140625],[-1.2275515124201775,43.03075357340276,949.5999755859375],[-1.2275465670973063,43.03076421841979,950],[-1.227538101375103,43.030782993882895,950],[-1.2275332398712635,43.03079975768924,950.2000122070312],[-1.227531312033534,43.030814845114946,950.5999755859375],[-1.2275235168635845,43.03083353675902,950.7999877929688],[-1.2275161407887936,43.03085273131728,951],[-1.2275088485330343,43.030867567285895,951],[-1.2275008019059896,43.03088491782546,951.2000122070312],[-1.2274973653256893,43.030904196202755,951.5999755859375],[-1.2274901568889618,43.030922804027796,951.7999877929688],[-1.2274863012135029,43.03093579597771,952],[-1.2274878937751055,43.030952559784055,952.2000122070312],[-1.2274845410138369,43.030973514541984,952.5999755859375],[-1.2274796795099974,43.030991619452834,952.7999877929688],[-1.227476578205824,43.03100838325918,953],[-1.2274741474539042,43.03102305158973,953.4000244140625],[-1.2274684477597475,43.03103889338672,953.5999755859375],[-1.2274648435413837,43.03105113096535,953.7999877929688],[-1.2274619098752737,43.03106571547687,954.2000122070312],[-1.2274592276662588,43.031084071844816,954.4000244140625],[-1.2274461518973112,43.0311072897166,954.5999755859375],[-1.2274415418505669,43.03112623281777,955],[-1.2274378538131714,43.03114140406251,955.2000122070312],[-1.2274350877851248,43.03115858696401,955.4000244140625],[-1.2274331599473953,43.03117518313229,955.5999755859375],[-1.2274295557290316,43.03119219839573,955.7999877929688],[-1.2274259515106678,43.031206699088216,956.2000122070312],[-1.227423856034875,43.031221870332956,956.4000244140625],[-1.2274236883968115,43.03123913705349,956.5999755859375],[-1.2274207547307014,43.031257409602404,956.7999877929688],[-1.22741824015975,43.031270736828446,957],[-1.2274151388555765,43.03128900937736,957.2000122070312],[-1.2274122051894665,43.031309293583035,957.4000244140625],[-1.227411786094308,43.03132119588554,957.7999877929688],[-1.227411450818181,43.031338043510914,958],[-1.2274128757417202,43.031354136765,958],[-1.2274137139320374,43.03136846981943,958.4000244140625],[-1.2274124566465616,43.03138389252126,958.5999755859375],[-1.2274096067994833,43.03139897994697,958.7999877929688],[-1.2274023983627558,43.031413899734616,959],[-1.2274010572582483,43.03143217228353,959.2000122070312],[-1.2274054158478975,43.03144876845181,959.2000122070312],[-1.227405834943056,43.031465699896216,959.2000122070312],[-1.2274022307246923,43.03148070350289,959.4000244140625],[-1.2274006381630898,43.03149956278503,959.5999755859375],[-1.2273965310305357,43.03151775151491,959.5999755859375],[-1.2273883167654276,43.03153786808252,959.7999877929688],[-1.2273885682225227,43.03155538626015,960],[-1.227392926812172,43.03156955167651,960.2000122070312],[-1.227397033944726,43.03158447146416,960.4000244140625],[-1.2273977044969797,43.03160450421274,960.4000244140625],[-1.227394100278616,43.0316252913326,960.5999755859375],[-1.2273874785751104,43.031641468405724,960.7999877929688],[-1.2273851316422224,43.031657729297876,961],[-1.2273873947560787,43.03167608566582,961],[-1.227388484403491,43.03169310092926,961.4000244140625],[-1.2273872271180153,43.03171346895397,961.4000244140625],[-1.2273863051086664,43.031728556379676,961.5999755859375],[-1.2273812759667635,43.031744146719575,961.7999877929688],[-1.2273836228996515,43.03175906650722,962],[-1.2273863051086664,43.03177700378001,962],[-1.227382281795144,43.031792510300875,962.2000122070312],[-1.2273791804909706,43.03180491551757,962.4000244140625],[-1.2273807730525732,43.03181656636298,962.4000244140625],[-1.2273773364722729,43.031833581626415,962.5999755859375],[-1.2273738998919725,43.031850177794695,962.5999755859375],[-1.2273694574832916,43.0318655166775,962.7999877929688],[-1.2273635901510715,43.031883453950286,963],[-1.2273571360856295,43.03189720027149,963],[-1.2273476645350456,43.03191488608718,963],[-1.227339282631874,43.031935170292854,963.2000122070312],[-1.2273350078612566,43.031948329880834,963.4000244140625],[-1.2273246981203556,43.03197104483843,963.4000244140625],[-1.227318998426199,43.03198965266347,963.4000244140625],[-1.2273138016462326,43.032004656270146,963.5999755859375],[-1.227305755019188,43.03202770650387,963.5999755859375],[-1.227298378944397,43.032048074528575,964],[-1.2272884882986546,43.03206886164844,964.2000122070312],[-1.227279519662261,43.032086128368974,964.4000244140625],[-1.227270718663931,43.03210515528917,964.4000244140625],[-1.227260660380125,43.03212686441839,964.5999755859375],[-1.2272547092288733,43.032145304605365,964.7999877929688],[-1.227248590439558,43.03216055966914,965],[-1.2272405438125134,43.03217925131321,965.2000122070312],[-1.2272335030138493,43.032200038433075,965.4000244140625],[-1.2272280547767878,43.03221973590553,965.5999755859375],[-1.2272157333791256,43.032241025939584,965.7999877929688],[-1.2272039148956537,43.03225996904075,966],[-1.2271857261657715,43.032276816666126,966],[-1.227165274322033,43.03229198791087,966.2000122070312],[-1.2271491810679436,43.03229995071888,966.4000244140625],[-1.2271297350525856,43.03231168538332,966.4000244140625],[-1.2271251250058413,43.032314367592335,966.5999755859375],[-1.2271217722445726,43.03231520578265,966.5999755859375],[-1.2271177489310503,43.0323142837733,966.5999755859375],[-1.2271177489310503,43.0323142837733,966.7999877929688],[-1.2271177489310503,43.0323142837733,966.7999877929688],[-1.2271177489310503,43.0323142837733,966.7999877929688],[-1.2271177489310503,43.0323142837733,966.7999877929688],[-1.2271177489310503,43.0323142837733,966.7999877929688],[-1.2271177489310503,43.0323142837733,967],[-1.2271177489310503,43.0323142837733,967],[-1.2271177489310503,43.0323142837733,967],[-1.2271177489310503,43.0323142837733,967],[-1.2271177489310503,43.0323142837733,967],[-1.2271175812929869,43.03231445141137,967],[-1.2271153181791306,43.032316295430064,967],[-1.2271153181791306,43.032316295430064,966.7999877929688],[-1.2271153181791306,43.032316295430064,966.7999877929688],[-1.2271153181791306,43.032316295430064,966.7999877929688],[-1.2271153181791306,43.032316295430064,966.7999877929688],[-1.2271153181791306,43.032316295430064,966.5999755859375],[-1.2271153181791306,43.032316295430064,966.5999755859375],[-1.2271153181791306,43.032316295430064,966.5999755859375],[-1.2271153181791306,43.032316295430064,966.4000244140625],[-1.2271153181791306,43.032316295430064,966.4000244140625],[-1.2271153181791306,43.032316295430064,966.4000244140625],[-1.2271153181791306,43.032316295430064,966.4000244140625],[-1.2271153181791306,43.032316295430064,966.2000122070312],[-1.2271153181791306,43.032316295430064,966.2000122070312],[-1.2271153181791306,43.032316295430064,966],[-1.2271153181791306,43.032316295430064,966],[-1.2271153181791306,43.032316295430064,966],[-1.2271153181791306,43.032316295430064,966],[-1.2271153181791306,43.032316295430064,966],[-1.2271153181791306,43.032316295430064,966],[-1.2271153181791306,43.032316295430064,965.7999877929688],[-1.2271153181791306,43.032316295430064,965.7999877929688],[-1.2271153181791306,43.032316295430064,965.7999877929688],[-1.2271153181791306,43.032316295430064,965.7999877929688],[-1.2271153181791306,43.032316295430064,965.7999877929688],[-1.2271153181791306,43.032316295430064,965.7999877929688],[-1.2271153181791306,43.032316295430064,965.7999877929688],[-1.2271153181791306,43.032316295430064,965.7999877929688],[-1.2271153181791306,43.032316295430064,965.7999877929688],[-1.2271153181791306,43.032316295430064,965.7999877929688],[-1.2271153181791306,43.032316295430064,965.5999755859375],[-1.2271153181791306,43.032316295430064,965.5999755859375],[-1.2271153181791306,43.032316295430064,965.2000122070312],[-1.2271153181791306,43.032316295430064,965.2000122070312],[-1.2271153181791306,43.032316295430064,965.2000122070312],[-1.2271153181791306,43.032316295430064,965.2000122070312],[-1.2271153181791306,43.032316295430064,965.2000122070312],[-1.2271153181791306,43.032316295430064,965.2000122070312],[-1.2271153181791306,43.032316295430064,965.2000122070312],[-1.2271153181791306,43.032316295430064,965.2000122070312],[-1.2271153181791306,43.032316295430064,965.2000122070312],[-1.22711431235075,43.03232492879033,965.2000122070312],[-1.2271129712462425,43.03232199512422,965.2000122070312],[-1.2271129712462425,43.03232199512422,965.2000122070312],[-1.2271129712462425,43.03232199512422,965.2000122070312],[-1.2271129712462425,43.03232199512422,965.2000122070312],[-1.2271129712462425,43.03232199512422,965.2000122070312],[-1.2271129712462425,43.03232199512422,965.2000122070312],[-1.2271129712462425,43.03232199512422,965.2000122070312],[-1.2271129712462425,43.03232199512422,965.2000122070312],[-1.2271162401884794,43.03232199512422,965.2000122070312],[-1.2271238677203655,43.032330041751266,965.2000122070312],[-1.2271361891180277,43.03233850747347,965.5999755859375],[-1.2271444033831358,43.032344123348594,965.2000122070312],[-1.2271439842879772,43.03235091269016,965.2000122070312],[-1.2271410506218672,43.03235870786011,965],[-1.2271386198699474,43.0323660839349,964.7999877929688],[-1.2271386198699474,43.0323660839349,964.7999877929688],[-1.2271386198699474,43.0323660839349,964.5999755859375],[-1.2271386198699474,43.0323660839349,964.5999755859375],[-1.2271386198699474,43.0323660839349,964.5999755859375],[-1.2271386198699474,43.0323660839349,964.5999755859375],[-1.2271350156515837,43.032367089763284,964.5999755859375],[-1.2271401286125183,43.0323628988117,964.5999755859375],[-1.2271427270025015,43.03236063569784,964.4000244140625],[-1.2271459959447384,43.032358288764954,964.4000244140625],[-1.2271495163440704,43.03235518746078,964.4000244140625],[-1.2271495163440704,43.03235518746078,964.4000244140625],[-1.2271495163440704,43.03235518746078,964.4000244140625],[-1.2271495163440704,43.03235518746078,964.2000122070312],[-1.2271495163440704,43.03235518746078,964.2000122070312],[-1.2271495163440704,43.03235518746078,964.2000122070312],[-1.2271495163440704,43.03235518746078,964.2000122070312],[-1.2271495163440704,43.03235518746078,964.2000122070312],[-1.2271495163440704,43.03235518746078,964.2000122070312],[-1.2271495163440704,43.03235518746078,964.2000122070312],[-1.2271495163440704,43.03235518746078,964.2000122070312],[-1.2271495163440704,43.03235518746078,964.2000122070312],[-1.2271517794579268,43.03235820494592,964.2000122070312],[-1.2271550484001637,43.03235745057464,964.2000122070312],[-1.2271550484001637,43.03235745057464,964.2000122070312],[-1.2271550484001637,43.03235745057464,964.2000122070312],[-1.2271550484001637,43.03235745057464,964.2000122070312],[-1.2271550484001637,43.03235745057464,964.2000122070312],[-1.2271550484001637,43.03235745057464,964.2000122070312],[-1.2271550484001637,43.03235745057464,964.2000122070312],[-1.2271550484001637,43.03235745057464,964],[-1.2271550484001637,43.03235745057464,964],[-1.2271550484001637,43.03235745057464,964],[-1.2271550484001637,43.03235745057464,963.7999877929688],[-1.2271550484001637,43.03235745057464,963.7999877929688],[-1.2271550484001637,43.03235745057464,963.7999877929688],[-1.2271550484001637,43.03235745057464,963.7999877929688],[-1.2271550484001637,43.03235745057464,963.7999877929688],[-1.2271550484001637,43.03235745057464,963.7999877929688],[-1.2271550484001637,43.03235745057464,963.7999877929688],[-1.2271550484001637,43.03235745057464,964],[-1.2271550484001637,43.03235745057464,964],[-1.2271550484001637,43.03235745057464,964],[-1.2271550484001637,43.03235745057464,964],[-1.2271550484001637,43.03235745057464,964],[-1.2271550484001637,43.03235745057464,964],[-1.2271550484001637,43.03235745057464,964],[-1.2271550484001637,43.03235745057464,964],[-1.2271550484001637,43.03235745057464,964],[-1.2271550484001637,43.03235745057464,964],[-1.2271550484001637,43.03235745057464,964],[-1.2271550484001637,43.03235745057464,964],[-1.2271550484001637,43.03235745057464,964],[-1.2271550484001637,43.03235745057464,964],[-1.2271550484001637,43.03235745057464,964],[-1.2271550484001637,43.03235745057464,964],[-1.2271550484001637,43.03235745057464,964],[-1.2271550484001637,43.03235745057464,964],[-1.2271550484001637,43.03235745057464,964],[-1.2271550484001637,43.03235745057464,964.2000122070312],[-1.2271550484001637,43.03235745057464,964.2000122070312],[-1.2271550484001637,43.03235745057464,964.2000122070312],[-1.2271550484001637,43.03235745057464,964],[-1.2271550484001637,43.03235745057464,964],[-1.2271550484001637,43.03235745057464,964],[-1.2271564733237028,43.0323576182127,963.7999877929688],[-1.2271535396575928,43.03236046805978,963.7999877929688],[-1.2271535396575928,43.03236046805978,963.7999877929688],[-1.2271535396575928,43.03236046805978,963.7999877929688],[-1.2271535396575928,43.03236046805978,963.7999877929688],[-1.2271535396575928,43.03236046805978,963.7999877929688],[-1.2271571438759565,43.03235703147948,963.7999877929688],[-1.227159658446908,43.03235468454659,963.7999877929688],[-1.227159658446908,43.03235468454659,964],[-1.227159658446908,43.03235468454659,964],[-1.227159658446908,43.03235468454659,964],[-1.227159658446908,43.03235468454659,964.2000122070312],[-1.227159658446908,43.03235468454659,964.2000122070312],[-1.227159658446908,43.03235468454659,964.2000122070312],[-1.227159658446908,43.03235468454659,964.2000122070312],[-1.227159658446908,43.03235468454659,964.2000122070312],[-1.227159658446908,43.03235468454659,964.2000122070312],[-1.227159658446908,43.03235468454659,964.2000122070312],[-1.227159658446908,43.03235468454659,964.2000122070312],[-1.227159658446908,43.03235468454659,964.2000122070312],[-1.227159658446908,43.03235468454659,964.4000244140625],[-1.227159658446908,43.03235468454659,964.4000244140625],[-1.227159658446908,43.03235468454659,964.4000244140625],[-1.227159658446908,43.03235468454659,964.4000244140625],[-1.227159658446908,43.03235468454659,964.4000244140625],[-1.227159658446908,43.03235468454659,964.4000244140625],[-1.227159658446908,43.03235468454659,964.4000244140625],[-1.227159658446908,43.03235468454659,964.4000244140625],[-1.227159658446908,43.03235468454659,964.5999755859375],[-1.227159658446908,43.03235468454659,964.5999755859375],[-1.227159658446908,43.03235468454659,964.5999755859375],[-1.227159658446908,43.03235468454659,964.5999755859375],[-1.227159658446908,43.03235468454659,964.5999755859375],[-1.227159658446908,43.03235468454659,964.5999755859375],[-1.227159658446908,43.03235468454659,964.5999755859375],[-1.227159658446908,43.03235468454659,964.5999755859375],[-1.227159658446908,43.03235468454659,964.5999755859375],[-1.227159658446908,43.03235468454659,964.7999877929688],[-1.227159658446908,43.03235468454659,964.7999877929688],[-1.227159658446908,43.03235468454659,964.7999877929688],[-1.227159658446908,43.03235468454659,964.7999877929688],[-1.227159658446908,43.03235468454659,964.7999877929688],[-1.227159658446908,43.03235468454659,964.7999877929688],[-1.227159658446908,43.03235468454659,964.7999877929688],[-1.227159658446908,43.03235468454659,964.7999877929688],[-1.227159658446908,43.03235468454659,964.7999877929688],[-1.227159658446908,43.03235468454659,964.7999877929688],[-1.227159658446908,43.03235468454659,964.7999877929688],[-1.227159658446908,43.03235468454659,964.7999877929688],[-1.227159658446908,43.03235468454659,964.7999877929688],[-1.227159658446908,43.03235468454659,964.7999877929688],[-1.227159658446908,43.03235468454659,965],[-1.227159658446908,43.03235468454659,965],[-1.227159658446908,43.03235468454659,965],[-1.227159658446908,43.03235468454659,965],[-1.227159658446908,43.03235468454659,965],[-1.227159658446908,43.03235468454659,965],[-1.227159658446908,43.03235468454659,965],[-1.227159658446908,43.03235468454659,965],[-1.227159658446908,43.03235468454659,965],[-1.227159658446908,43.03235468454659,965],[-1.227159658446908,43.03235468454659,965],[-1.227159658446908,43.03235468454659,964.7999877929688],[-1.227159658446908,43.03235468454659,964.7999877929688],[-1.227159658446908,43.03235468454659,964.7999877929688],[-1.227159658446908,43.03235468454659,964.7999877929688],[-1.2271556351333857,43.03235015831888,964.7999877929688],[-1.227154042571783,43.03234144113958,964.5999755859375],[-1.2271551322191954,43.03233892656863,964.5999755859375],[-1.227152869105339,43.03233616054058,964.5999755859375],[-1.2271530367434025,43.032333981245756,964.5999755859375],[-1.2271530367434025,43.032333981245756,964.5999755859375],[-1.2271530367434025,43.032333981245756,964.5999755859375],[-1.2271530367434025,43.032333981245756,964.5999755859375],[-1.2271530367434025,43.032333981245756,964.7999877929688],[-1.2271530367434025,43.032333981245756,964.5999755859375],[-1.2271530367434025,43.032333981245756,964.5999755859375],[-1.2271530367434025,43.032333981245756,964.5999755859375],[-1.2271530367434025,43.032333981245756,964.5999755859375],[-1.2271530367434025,43.032333981245756,964.5999755859375],[-1.2271530367434025,43.032333981245756,964.5999755859375],[-1.2271530367434025,43.032333981245756,964.5999755859375],[-1.2271530367434025,43.032333981245756,964.5999755859375],[-1.2271530367434025,43.032333981245756,964.5999755859375],[-1.2271498516201973,43.03233079612255,964.5999755859375],[-1.2271556351333857,43.03232677280903,964.5999755859375],[-1.2271607480943203,43.03232979029417,964.5999755859375],[-1.2271607480943203,43.03232979029417,964.5999755859375],[-1.2271607480943203,43.03232979029417,964.5999755859375],[-1.2271607480943203,43.03232979029417,964.5999755859375],[-1.2271607480943203,43.03232979029417,964.5999755859375],[-1.2271607480943203,43.03232979029417,964.5999755859375],[-1.2271607480943203,43.03232979029417,964.4000244140625],[-1.2271607480943203,43.03232979029417,964.4000244140625],[-1.2271607480943203,43.03232979029417,964.4000244140625],[-1.2271607480943203,43.03232979029417,964.4000244140625],[-1.2271607480943203,43.03232979029417,964.4000244140625],[-1.2271607480943203,43.03232979029417,964.2000122070312],[-1.2271607480943203,43.03232979029417,964.2000122070312],[-1.2271607480943203,43.03232979029417,964.2000122070312],[-1.2271607480943203,43.03232979029417,964.2000122070312],[-1.2271607480943203,43.03232979029417,964.2000122070312],[-1.2271607480943203,43.03232979029417,964.2000122070312],[-1.2271607480943203,43.03232979029417,964.2000122070312],[-1.2271607480943203,43.03232979029417,964.2000122070312],[-1.2271607480943203,43.03232979029417,964],[-1.2271607480943203,43.03232979029417,964],[-1.2271607480943203,43.03232979029417,964],[-1.2271607480943203,43.03232979029417,964],[-1.2271607480943203,43.03232979029417,963.7999877929688],[-1.2271607480943203,43.03232979029417,963.7999877929688],[-1.2271607480943203,43.03232979029417,963.7999877929688],[-1.2271607480943203,43.03232979029417,963.7999877929688],[-1.2271607480943203,43.03232979029417,963.7999877929688],[-1.2271607480943203,43.03232979029417,963.7999877929688],[-1.2271607480943203,43.03232979029417,963.7999877929688],[-1.2271607480943203,43.03232970647514,963.7999877929688],[-1.2271601613610983,43.03232618607581,963.7999877929688],[-1.2271601613610983,43.03232618607581,963.5999755859375],[-1.2271601613610983,43.03232618607581,963.5999755859375],[-1.2271601613610983,43.03232618607581,963.5999755859375],[-1.2271601613610983,43.03232618607581,963.5999755859375],[-1.2271601613610983,43.03232618607581,963.5999755859375],[-1.2271601613610983,43.03232618607581,963.5999755859375],[-1.2271601613610983,43.03232618607581,963.5999755859375],[-1.2271601613610983,43.03232618607581,963.5999755859375],[-1.2271601613610983,43.03232618607581,963.5999755859375],[-1.2271601613610983,43.03232618607581,963.5999755859375],[-1.2271558865904808,43.03232350386679,963.5999755859375],[-1.2271439004689455,43.03231989964843,963.7999877929688],[-1.22713434509933,43.03231210447848,963.7999877929688],[-1.22713141143322,43.03230355493724,963.7999877929688],[-1.227135770022869,43.03229542449117,963.7999877929688],[-1.227135770022869,43.03229542449117,963.7999877929688],[-1.227135770022869,43.03229542449117,964],[-1.227135770022869,43.03229542449117,964],[-1.2271374464035034,43.03229425102472,964],[-1.227149935439229,43.0322902277112,964.2000122070312],[-1.22717441059649,43.03228712640703,964.2000122070312],[-1.2272032443434,43.032281594350934,964.2000122070312],[-1.227217996492982,43.032264579087496,964.2000122070312],[-1.2272125482559204,43.03224412724376,964.2000122070312],[-1.2271910067647696,43.032233733683825,964.2000122070312],[-1.2271648552268744,43.03223406895995,964.2000122070312],[-1.2271339260041714,43.03224412724376,964.2000122070312],[-1.2271070200949907,43.03225703537464,964.2000122070312],[-1.2270862329751253,43.03227195516229,964.4000244140625],[-1.2270629312843084,43.03228687494993,964.7999877929688],[-1.2270419765263796,43.0322971008718,965],[-1.227010628208518,43.032310931012034,965.2000122070312],[-1.226986488327384,43.03232065401971,965.5999755859375],[-1.2269594985991716,43.03232920356095,966],[-1.2269356101751328,43.032341189682484,966.2000122070312],[-1.2269182596355677,43.032350493595004,966.5999755859375],[-1.2268892582505941,43.03236583247781,966.7999877929688],[-1.2268644478172064,43.032373962923884,967.2000122070312],[-1.226841900497675,43.032383266836405,967.5999755859375],[-1.2268227059394121,43.03239022381604,967.7999877929688],[-1.2268031761050224,43.03239785134792,968],[-1.226790938526392,43.0324041377753,968.2000122070312],[-1.2267700675874949,43.032416459172964,968.5999755859375],[-1.226751795038581,43.03242417052388,968.7999877929688],[-1.226725559681654,43.03243431262672,969],[-1.2267052754759789,43.032445292919874,969.2000122070312],[-1.2266834825277328,43.03245669230819,969.5999755859375],[-1.2266621924936771,43.03246691823006,969.7999877929688],[-1.2266425788402557,43.032477563247085,970],[-1.2266243901103735,43.03248854354024,970.4000244140625],[-1.2266095541417599,43.03249876946211,970.5999755859375],[-1.2265925388783216,43.03250949829817,970.7999877929688],[-1.2265698239207268,43.032517712563276,971.2000122070312],[-1.22654652222991,43.032533302903175,971.5999755859375],[-1.2265313509851694,43.03255023434758,972],[-1.2265130784362555,43.03256347775459,972.2000122070312],[-1.2264912016689777,43.03257454186678,972.4000244140625],[-1.2264726776629686,43.03258334286511,972.5999755859375],[-1.22645222581923,43.032596837729216,973],[-1.2264359649270773,43.03260781802237,973.2000122070312],[-1.226416938006878,43.03262039087713,973.4000244140625],[-1.2263999227434397,43.03263262845576,973.5999755859375],[-1.2263879366219044,43.03264427930117,974],[-1.226370083168149,43.03266054019332,974.2000122070312],[-1.2263491284102201,43.03267663344741,974.4000244140625],[-1.226331777870655,43.032691050320864,974.7999877929688],[-1.2263174448162317,43.032704796642065,974.7999877929688],[-1.2262984178960323,43.032718459144235,975],[-1.2262781336903572,43.03273187018931,975.4000244140625],[-1.2262561731040478,43.032747292891145,975.5999755859375],[-1.226239325478673,43.032761458307505,975.7999877929688],[-1.2262213882058859,43.03277436643839,976],[-1.226206049323082,43.03278727456927,976.2000122070312],[-1.2261835858225822,43.03280244581401,976.5999755859375],[-1.2261693365871906,43.03281434811652,976.7999877929688],[-1.2261543329805136,43.03282633423805,977.2000122070312],[-1.2261358927935362,43.0328410025686,977.2000122070312],[-1.2261154409497976,43.032855754718184,977.5999755859375],[-1.2261015269905329,43.03286480717361,977.7999877929688],[-1.2260808236896992,43.03287620656192,978],[-1.2260596174746752,43.03288970142603,978.4000244140625],[-1.2260474637150764,43.03289900533855,978.7999877929688],[-1.2260265089571476,43.032910991460085,979],[-1.2260051351040602,43.03291954100132,979],[-1.2259891256690025,43.03292867727578,979.2000122070312],[-1.2259688414633274,43.03293865174055,979.5999755859375],[-1.2259503174573183,43.032949548214674,979.5999755859375],[-1.2259328830987215,43.03295960649848,979.7999877929688],[-1.2259121797978878,43.032968910411,979.7999877929688],[-1.2258878722786903,43.032977962866426,980.2000122070312],[-1.2258633133023977,43.03298860788345,980.2000122070312],[-1.2258413527160883,43.03299958817661,980.4000244140625],[-1.2258183863013983,43.03300864063203,980.4000244140625],[-1.2257970962673426,43.03302012383938,980.5999755859375],[-1.2257761415094137,43.0330312717706,980.7999877929688],[-1.2257555220276117,43.033042419701815,981],[-1.2257323879748583,43.033054657280445,981.2000122070312],[-1.2257079128175974,43.03306614048779,981.4000244140625],[-1.2256846111267805,43.03307737223804,981.4000244140625],[-1.2256619799882174,43.033089777454734,981.5999755859375],[-1.2256371695548296,43.033103523775935,982],[-1.2256219144910574,43.03311450406909,982.2000122070312],[-1.2256029713898897,43.033130932599306,982.4000244140625],[-1.2255844473838806,43.03314643912017,982.5999755859375],[-1.2255671806633472,43.0331607721746,982.7999877929688],[-1.2255515065044165,43.0331745184958,983],[-1.2255265284329653,43.03319371305406,983.2000122070312],[-1.225510435178876,43.03320745937526,983.5999755859375],[-1.2254891451448202,43.03322397172451,983.7999877929688],[-1.2254701182246208,43.033236963674426,984],[-1.2254522647708654,43.033252973109484,984.4000244140625],[-1.225434998050332,43.03327091038227,984.5999755859375],[-1.2254159711301327,43.03328650072217,984.7999877929688],[-1.2253983691334724,43.03330016322434,985],[-1.2253783363848925,43.03331491537392,985.4000244140625],[-1.2253570463508368,43.0333315115422,985.5999755859375],[-1.2253395281732082,43.033346347510815,985.7999877929688],[-1.2253220099955797,43.033363530412316,986],[-1.2253033183515072,43.033381048589945,986.4000244140625],[-1.2252837046980858,43.03339739330113,986.5999755859375],[-1.2252655997872353,43.03341248072684,986.7999877929688],[-1.2252478301525116,43.03342924453318,987.2000122070312],[-1.2252283841371536,43.033445086330175,987.4000244140625],[-1.2252099439501762,43.03346034139395,987.5999755859375],[-1.2251930963248014,43.03347509354353,987.7999877929688],[-1.2251731473952532,43.03349085152149,988],[-1.2251517735421658,43.033506106585264,988.4000244140625],[-1.2251303158700466,43.03352002054453,988.5999755859375],[-1.225106930360198,43.033536868169904,988.7999877929688],[-1.22509041801095,43.03355002775788,989],[-1.2250677030533552,43.03356494754553,989.2000122070312],[-1.2250460777431726,43.03357978351414,989.5999755859375],[-1.225025039166212,43.033593613654375,989.5999755859375],[-1.2250043358653784,43.033606773242354,990],[-1.2249846383929253,43.033621525391936,990.2000122070312],[-1.2249655276536942,43.033634684979916,990.4000244140625],[-1.224945830181241,43.0336494371295,990.4000244140625],[-1.2249273899942636,43.03366024978459,990.5999755859375],[-1.22490375302732,43.03367651067674,991],[-1.2248876597732306,43.0336872395128,991.2000122070312],[-1.2248675432056189,43.033703500404954,991.4000244140625],[-1.2248475104570389,43.033716743811965,991.5999755859375],[-1.2248326744884253,43.03372738882899,991.7999877929688],[-1.2248113006353378,43.03374205715954,992],[-1.2247928604483604,43.03375412710011,992.2000122070312],[-1.2247774377465248,43.033766113221645,992.2000122070312],[-1.2247572373598814,43.03378681652248,992.4000244140625],[-1.2247394677251577,43.033798886463046,992.7999877929688],[-1.2247138191014528,43.03380928002298,992.7999877929688],[-1.2246877513825893,43.03381606936455,993],[-1.2246667966246605,43.03382411599159,993.2000122070312],[-1.2246446684002876,43.03383970633149,993.4000244140625],[-1.2246258929371834,43.03385521285236,993.4000244140625],[-1.2246118113398552,43.033866696059704,993.5999755859375],[-1.2245877552777529,43.033887315541506,993.7999877929688],[-1.2245714105665684,43.03389863111079,993.7999877929688],[-1.2245530541986227,43.03391723893583,994],[-1.2245424091815948,43.03393056616187,994.2000122070312],[-1.2245259806513786,43.03394707851112,994.4000244140625],[-1.2245087139308453,43.03395730443299,994.5999755859375],[-1.2244927883148193,43.03398018702865,994.5999755859375],[-1.2244794610887766,43.033998208120465,995],[-1.2244656309485435,43.03401614539325,995.2000122070312],[-1.2244569975882769,43.034034417942166,995.4000244140625],[-1.224449286237359,43.0340535286814,995.5999755859375],[-1.224441910162568,43.03407020866871,996],[-1.224429840222001,43.034090073779225,996],[-1.2244150880724192,43.034107591956854,996],[-1.224398659542203,43.03412980400026,996.2000122070312],[-1.2243902776390314,43.034146316349506,996.2000122070312],[-1.2243790458887815,43.034166265279055,996.5999755859375],[-1.2243648804724216,43.03418939933181,996.7999877929688],[-1.2243534810841084,43.03420842625201,996.7999877929688],[-1.2243450991809368,43.034223010763526,997],[-1.2243299279361963,43.034244887530804,997],[-1.2243193667382002,43.034263495355844,997.2000122070312],[-1.224309392273426,43.034279169514775,997.4000244140625],[-1.2242936342954636,43.034302638843656,997.4000244140625],[-1.2242832407355309,43.03432250395417,997.5999755859375],[-1.2242719251662493,43.0343365855515,997.5999755859375],[-1.2242570891976357,43.034353433176875,998],[-1.2242353800684214,43.0343746393919,998],[-1.2242234777659178,43.034391487017274,998.2000122070312],[-1.2242078874260187,43.0344124417752,998.2000122070312],[-1.2241959851235151,43.03442954085767,998.5999755859375],[-1.2241878546774387,43.03444311954081,998.5999755859375],[-1.2241761200129986,43.03445963189006,998.5999755859375],[-1.2241612002253532,43.034479916095734,999.2000122070312],[-1.22414686717093,43.034497518092394,999.2000122070312],[-1.2241363059729338,43.03451294079423,999.2000122070312],[-1.2241238169372082,43.03453154861927,999.2000122070312],[-1.2241078913211823,43.03455342538655,999.4000244140625],[-1.2240985874086618,43.03456725552678,999.7999877929688],[-1.2240862660109997,43.03458443842828,999.7999877929688],[-1.2240768782794476,43.03460296243429,999.7999877929688],[-1.2240660656243563,43.034619223326445,1000],[-1.2240530736744404,43.03464001044631,1000.2000122070312],[-1.2240415066480637,43.034658869728446,1000.5999755859375],[-1.2240325380116701,43.03467320278287,1000.5999755859375],[-1.2240156065672636,43.0346957501024,1000.7999877929688],[-1.2240070570260286,43.03471167571843,1000.7999877929688],[-1.2239968311041594,43.034729612991214,1001.2000122070312],[-1.223988113924861,43.03474503569305,1001.2000122070312],[-1.2239778880029917,43.03476573899388,1001.7999877929688],[-1.2239679135382175,43.03477822802961,1001.7999877929688],[-1.223954251036048,43.03479985333979,1002.4000244140625],[-1.2239459529519081,43.03481603041291,1002.4000244140625],[-1.2239403370767832,43.0348286870867,1002.4000244140625],[-1.2239366490393877,43.03484855219722,1002.5999755859375],[-1.2239291053265333,43.034870931878686,1003.2000122070312],[-1.223916532471776,43.03488937206566,1003.2000122070312],[-1.2239034567028284,43.034906052052975,1003.7999877929688],[-1.2238944880664349,43.03492306731641,1003.7999877929688],[-1.2238830886781216,43.0349394120276,1003.7999877929688],[-1.2238721083849669,43.034956343472004,1004.4000244140625],[-1.223865570500493,43.03496933542192,1004.4000244140625],[-1.2238547578454018,43.03498710505664,1004.5999755859375],[-1.2238387484103441,43.03500856272876,1005],[-1.2238296121358871,43.035019962117076,1005],[-1.2238194700330496,43.03503496572375,1005],[-1.2238099984824657,43.03505240008235,1005.4000244140625],[-1.2238027900457382,43.035069247707725,1005.5999755859375],[-1.2237933184951544,43.03508743643761,1006],[-1.2237811647355556,43.03510864265263,1006.4000244140625],[-1.2237703520804644,43.03512808866799,1006.4000244140625],[-1.2237629760056734,43.03514585830271,1006.4000244140625],[-1.2237550131976604,43.03516136482358,1006.7999877929688],[-1.2237473856657743,43.035173853859305,1007],[-1.2237402610480785,43.035188522189856,1007],[-1.2237305380403996,43.03520939312875,1007.5999755859375],[-1.2237211503088474,43.035231018438935,1007.5999755859375],[-1.2237160373479128,43.0352502129972,1007.7999877929688],[-1.2237103376537561,43.03527049720287,1008.2000122070312],[-1.2237027939409018,43.03528876975179,1008.2000122070312],[-1.2236966751515865,43.03530251607299,1008.5999755859375],[-1.223690053448081,43.03532003425062,1008.5999755859375],[-1.2236841022968292,43.03534157574177,1009],[-1.2236817553639412,43.03536135703325,1009.2000122070312],[-1.2236769776791334,43.03538331761956,1009.2000122070312],[-1.2236749660223722,43.035404942929745,1009.5999755859375],[-1.2236710265278816,43.035425981506705,1009.5999755859375],[-1.2236707750707865,43.03544584661722,1009.5999755859375],[-1.2236690986901522,43.03546093404293,1010],[-1.2236710265278816,43.035479625687,1010.2000122070312],[-1.223675301298499,43.03549714386463,1010.4000244140625],[-1.223680917173624,43.03552019409835,1010.5999755859375],[-1.2236907240003347,43.03554022684693,1010.5999755859375],[-1.2236979324370623,43.03555531427264,1010.7999877929688],[-1.2237103376537561,43.03557752631605,1010.7999877929688],[-1.223721569404006,43.0355953797698,1010.7999877929688],[-1.223735148087144,43.035612143576145,1011],[-1.2237524148076773,43.0356281530112,1011],[-1.2237705197185278,43.035644330084324,1011.4000244140625],[-1.2237872835248709,43.03565874695778,1011.5999755859375],[-1.2238092441111803,43.03567106835544,1011.5999755859375],[-1.223830534145236,43.03568406030536,1011.5999755859375],[-1.2238483875989914,43.03569311276078,1011.7999877929688],[-1.2238773051649332,43.035706859081984,1011.7999877929688],[-1.223898008465767,43.03571507334709,1012],[-1.2239229027181864,43.035725969821215,1012.2000122070312],[-1.2239514011889696,43.03573778830469,1012.5999755859375],[-1.2239752057939768,43.03574239835143,1012.5999755859375],[-1.2239954061806202,43.03574725985527,1012.5999755859375],[-1.2240199651569128,43.03575706668198,1012.7999877929688],[-1.224036393687129,43.03576276637614,1012.7999877929688],[-1.2240606173872948,43.03577056154609,1013],[-1.2240868527442217,43.035781206563115,1013.2000122070312],[-1.224110322073102,43.0357925221324,1013.4000244140625],[-1.224135970696807,43.03580107167363,1013.5999755859375],[-1.2241623736917973,43.03580995649099,1013.7999877929688],[-1.2241881061345339,43.035818338394165,1014],[-1.224214006215334,43.03582496009767,1014],[-1.224237224087119,43.03583334200084,1014.2000122070312],[-1.2242580950260162,43.03584356792271,1014.4000244140625],[-1.2242723442614079,43.03585236892104,1014.5999755859375],[-1.2242956459522247,43.03586712107062,1014.7999877929688],[-1.2243155110627413,43.03588111884892,1015],[-1.2243285868316889,43.03589486517012,1015.2000122070312],[-1.224343003705144,43.03591640666127,1015.5999755859375],[-1.2243520561605692,43.03593484684825,1015.5999755859375],[-1.2243554927408695,43.03595395758748,1015.7999877929688],[-1.224352978169918,43.03596996702254,1015.7999877929688],[-1.224342668429017,43.03599167615175,1016],[-1.2243285030126572,43.03600416518748,1016.4000244140625],[-1.224303524941206,43.03601807914674,1016.5999755859375],[-1.2242793012410402,43.03602771833539,1016.5999755859375],[-1.2242565024644136,43.036037189885974,1017],[-1.224234038963914,43.03604590706527,1017.4000244140625],[-1.22420453466475,43.03604917600751,1017.4000244140625],[-1.2241725157946348,43.03605521097779,1017.5999755859375],[-1.2241461966186762,43.03605789318681,1017.5999755859375],[-1.2241202965378761,43.03605898283422,1018.2000122070312],[-1.2240958213806152,43.03606099449098,1018.2000122070312],[-1.2240678258240223,43.036062670871615,1018.2000122070312],[-1.2240410037338734,43.03606434725225,1018.4000244140625],[-1.2240104097872972,43.036066023632884,1018.4000244140625],[-1.2239855155348778,43.036066610366106,1018.5999755859375],[-1.223960118368268,43.0360668618232,1018.7999877929688],[-1.223935391753912,43.036069460213184,1018.7999877929688],[-1.223915945738554,43.03607314825058,1019],[-1.2238864414393902,43.036079686135054,1019],[-1.2238639779388905,43.03608731366694,1019.2000122070312],[-1.2238384131342173,43.03609334863722,1019.4000244140625],[-1.2238130997866392,43.03609795868397,1019.4000244140625],[-1.2237889599055052,43.03610198199749,1019.5999755859375],[-1.2237646523863077,43.036109106615186,1019.7999877929688],[-1.2237452063709497,43.036115476861596,1019.7999877929688],[-1.223723916336894,43.0361239425838,1019.7999877929688],[-1.2237022910267115,43.03613634780049,1020.2000122070312],[-1.223676223307848,43.03614925593138,1020.5999755859375],[-1.2236498203128576,43.03615612909198,1020.5999755859375],[-1.2236271891742945,43.03615814074874,1020.5999755859375],[-1.223599947988987,43.03616484627128,1020.5999755859375],[-1.2235702760517597,43.03617339581251,1020.7999877929688],[-1.2235464714467525,43.036180352792144,1021],[-1.2235202360898256,43.036190662533045,1021],[-1.2234934978187084,43.03620063699782,1021.2000122070312],[-1.2234675139188766,43.036209773272276,1021.2000122070312],[-1.2234467267990112,43.03621773608029,1021.4000244140625],[-1.2234306335449219,43.03622519597411,1021.4000244140625],[-1.2234088405966759,43.03623634390533,1021.5999755859375],[-1.2233812641352415,43.03625109605491,1022],[-1.223357878625393,43.036260986700654,1022],[-1.223333990201354,43.03627288900316,1022],[-1.2233143765479326,43.03628630004823,1022],[-1.223299540579319,43.03629795089364,1022.2000122070312],[-1.2232794240117073,43.03631161339581,1022.4000244140625],[-1.2232578825205564,43.03632561117411,1022.5999755859375],[-1.223241537809372,43.03634002804756,1022.5999755859375],[-1.2232269532978535,43.03635620512068,1022.7999877929688],[-1.2232159730046988,43.036374393850565,1022.7999877929688],[-1.2232072558254004,43.036392414942384,1023],[-1.2232002150267363,43.03641085512936,1023.2000122070312],[-1.2231904082000256,43.03643046878278,1023.4000244140625],[-1.2231833674013615,43.036450166255236,1023.7999877929688],[-1.223178505897522,43.03646952845156,1024],[-1.2231764942407608,43.03648847155273,1024],[-1.223174398764968,43.03651303052902,1024.199951171875],[-1.22317498549819,43.036531219258904,1024.5999755859375],[-1.2231778353452682,43.03654630668461,1024.5999755859375],[-1.2231857143342495,43.03656759671867,1024.5999755859375],[-1.223188480362296,43.03658394142985,1024.800048828125],[-1.2231968622654676,43.0366041418165,1025.4000244140625],[-1.2232034839689732,43.03662492893636,1025.4000244140625],[-1.2232089322060347,43.036646554246545,1025.4000244140625],[-1.2232189066708088,43.03666331805289,1025.4000244140625],[-1.2232303898781538,43.03667949512601,1025.5999755859375],[-1.2232426274567842,43.0366955883801,1025.5999755859375],[-1.223254781216383,43.036713441833854,1026],[-1.223270706832409,43.03672987036407,1026],[-1.22328981757164,43.03674856200814,1026.4000244140625],[-1.2233014684170485,43.036762392148376,1026.5999755859375],[-1.2233146280050278,43.03678661584854,1026.5999755859375],[-1.2233303021639585,43.03680840879679,1026.5999755859375],[-1.2233415339142084,43.03682022728026,1026.800048828125],[-1.2233542744070292,43.03683598525822,1026.800048828125],[-1.2233695294708014,43.03685115650296,1027.199951171875],[-1.2233856227248907,43.03686850704253,1027.199951171875],[-1.2234012130647898,43.03688493557274,1027.4000244140625],[-1.2234151270240545,43.03690169937909,1027.4000244140625],[-1.2234247662127018,43.036917708814144,1027.800048828125],[-1.2234349083155394,43.03693464025855,1028],[-1.223445888608694,43.03695039823651,1028.4000244140625],[-1.2234577909111977,43.03696967661381,1028.4000244140625],[-1.2234661728143692,43.03698509931564,1028.4000244140625],[-1.2234734650701284,43.03700546734035,1029],[-1.2234798353165388,43.03702692501247,1029.199951171875],[-1.2234870437532663,43.03704536519945,1029.800048828125],[-1.2234945874661207,43.03706791251898,1029.800048828125],[-1.2235074117779732,43.03708760999143,1030],[-1.2235181406140327,43.037104373797774,1030.5999755859375],[-1.223528953269124,43.03712323307991,1031],[-1.2235381733626127,43.03713899105787,1031.199951171875],[-1.223544543609023,43.03715592250228,1031.4000244140625],[-1.22354781255126,43.03717402741313,1031.800048828125],[-1.2235539313405752,43.03719447925687,1031.800048828125],[-1.2235593795776367,43.03720906376839,1032.199951171875],[-1.2235688511282206,43.037232952192426,1032.4000244140625],[-1.2235718686133623,43.037250470370054,1032.4000244140625],[-1.223579915240407,43.037271006032825,1032.5999755859375],[-1.223586369305849,43.0372844170779,1033],[-1.223593158647418,43.03730067797005,1033.199951171875],[-1.2235970981419086,43.037318363785744,1033.199951171875],[-1.2236042227596045,43.03733529523015,1033.5999755859375],[-1.2236110959202051,43.037352561950684,1033.5999755859375],[-1.2236136104911566,43.03736379370093,1033.800048828125],[-1.2236228305846453,43.037382401525974,1034],[-1.223630541935563,43.03740369156003,1034.4000244140625],[-1.223632637411356,43.03741886280477,1034.4000244140625],[-1.2236401811242104,43.03743654862046,1034.5999755859375],[-1.2236478086560965,43.037458173930645,1035],[-1.2236530892550945,43.0374707467854,1035.5999755859375],[-1.2236560229212046,43.03748591803014,1035.5999755859375],[-1.223664153367281,43.037506118416786,1035.800048828125],[-1.223667087033391,43.0375209543854,1036.199951171875],[-1.223673541098833,43.03753914311528,1036.4000244140625],[-1.2236781511455774,43.03756009787321,1036.4000244140625],[-1.223682425916195,43.03757895715535,1036.800048828125],[-1.2236872874200344,43.03759228438139,1037],[-1.2236936576664448,43.03760904818773,1037],[-1.2236993573606014,43.03762715309858,1037.4000244140625],[-1.2236981838941574,43.037649784237146,1037.5999755859375],[-1.2236996088176966,43.03767065517604,1037.800048828125],[-1.2237058952450752,43.037690268829465,1037.800048828125],[-1.2237152829766273,43.037709295749664,1038],[-1.2237224914133549,43.03773066960275,1038.4000244140625],[-1.223726011812687,43.03775195963681,1039],[-1.2237303704023361,43.03777031600475,1039],[-1.2237346451729536,43.037788923829794,1039.4000244140625],[-1.2237382493913174,43.0378092918545,1039.5999755859375],[-1.2237431947141886,43.037829576060176,1040.199951171875],[-1.2237488944083452,43.03785069845617,1040.199951171875],[-1.223750989884138,43.037871485576034,1040.4000244140625],[-1.223747469484806,43.03789193741977,1040.800048828125],[-1.2237447872757912,43.03791037760675,1041.4000244140625],[-1.223741602152586,43.03793326020241,1041.5999755859375],[-1.2237369921058416,43.0379527900368,1041.5999755859375],[-1.2237271014600992,43.03797190077603,1042],[-1.2237177975475788,43.03799335844815,1042.199951171875],[-1.2237063981592655,43.03801749832928,1042.199951171875],[-1.2236925680190325,43.0380371119827,1042.199951171875],[-1.2236775644123554,43.03805370815098,1042.199951171875],[-1.223660046234727,43.0380685441196,1042.5999755859375],[-1.2236404325813055,43.03808522410691,1042.5999755859375],[-1.2236194778233767,43.03810249082744,1042.5999755859375],[-1.2235979363322258,43.03811917081475,1042.5999755859375],[-1.2235765624791384,43.03813367150724,1042.800048828125],[-1.2235544342547655,43.038146160542965,1042.800048828125],[-1.2235290370881557,43.038155883550644,1042.800048828125],[-1.2235035561025143,43.03816736675799,1042.800048828125],[-1.2234761472791433,43.03817750886083,1042.800048828125],[-1.2234459724277258,43.03818647749722,1042.800048828125],[-1.2234113551676273,43.03819519467652,1042.5999755859375],[-1.2233645841479301,43.038204833865166,1042.5999755859375],[-1.223328374326229,43.03821103647351,1042.5999755859375],[-1.2232782505452633,43.03822034038603,1042.199951171875],[-1.2232196610420942,43.038230231031775,1042],[-1.2231547012925148,43.038243893533945,1041.5999755859375],[-1.2230824492871761,43.03825940005481,1041.4000244140625],[-1.223008269444108,43.038276666775346,1040.800048828125],[-1.2229288090020418,43.03829929791391,1040.199951171875],[-1.222843062132597,43.03832419216633,1039],[-1.2227513641119003,43.03834933787584,1038.800048828125],[-1.2226553075015545,43.03837356157601,1038.199951171875],[-1.2225595861673355,43.038400718942285,1037.5999755859375],[-1.2224429100751877,43.038439275696874,1037],[-1.2223464343696833,43.03847716189921,1035.800048828125],[-1.2222699914127588,43.03850716911256,1035.5999755859375],[-1.222175695002079,43.03854203782976,1034.5999755859375],[-1.2220658082515001,43.03858956322074,1033.5999755859375],[-1.2219938915222883,43.038625437766314,1033],[-1.2218919675797224,43.03868059068918,1033],[-1.2218276783823967,43.03871654905379,1033],[-1.221737489104271,43.03875342942774,1032.5999755859375],[-1.2216416839510202,43.038773629814386,1032.5999755859375],[-1.2215440347790718,43.03877329453826,1032.5999755859375],[-1.2214551027864218,43.038743706420064,1032.5999755859375],[-1.221378156915307,43.038692492991686,1033],[-1.2213119398802519,43.03863247856498,1032.5999755859375],[-1.2212304677814245,43.03855787962675,1032.4000244140625],[-1.221178499981761,43.03850457072258,1032.4000244140625],[-1.2211144622415304,43.038433492183685,1031.199951171875],[-1.2210489995777607,43.03835755214095,1029.4000244140625],[-1.2209858000278473,43.03827943280339,1029.199951171875],[-1.2209182418882847,43.03820055909455,1029],[-1.2208490911871195,43.03811891935766,1028],[-1.2207855563610792,43.03803116083145,1026.800048828125],[-1.220722859725356,43.037943402305245,1026],[-1.220656307414174,43.037856398150325,1025.4000244140625],[-1.2205858994275331,43.0377680528909,1024.5999755859375],[-1.2205172516405582,43.037677025422454,1023.5999755859375],[-1.2204491905868053,43.03758482448757,1023.2000122070312],[-1.2203791178762913,43.037492372095585,1021.2000122070312],[-1.2203103862702847,43.03739824332297,1020.7999877929688],[-1.220242576673627,43.037300342693925,1020.2000122070312],[-1.2201763596385717,43.037199256941676,1019.2000122070312],[-1.2201084662228823,43.037098087370396,1017.4000244140625],[-1.2200344540178776,43.03699616342783,1016.4000244140625],[-1.2199554964900017,43.03689549677074,1015],[-1.219870001077652,43.03679633885622,1014.5999755859375],[-1.219780147075653,43.03669676184654,1013.4000244140625],[-1.2196937296539545,43.03659877739847,1013.2000122070312],[-1.219610832631588,43.036500960588455,1013],[-1.2195285223424435,43.036407083272934,1011.7999877929688],[-1.2194539234042168,43.03631857037544,1010.5999755859375],[-1.2193870358169079,43.03623500280082,1010.4000244140625],[-1.219331631436944,43.03615654818714,1010.4000244140625],[-1.2192861177027225,43.03608831949532,1010.4000244140625],[-1.2192452978342772,43.03603299893439,1010.7999877929688],[-1.219197604805231,43.035996705293655,1010.7999877929688],[-1.2191394343972206,43.03598237223923,1010.7999877929688],[-1.2190799228847027,43.03600030951202,1010.7999877929688],[-1.219042120501399,43.036043057218194,1010.7999877929688],[-1.2190354987978935,43.036117907613516,1009.5999755859375],[-1.219053352251649,43.03619569167495,1008.5999755859375],[-1.2190699484199286,43.03626324981451,1007.7999877929688],[-1.2190917413681746,43.036352852359414,1006.4000244140625],[-1.2191108521074057,43.036445723846555,1005.7999877929688],[-1.2191273644566536,43.03654387593269,1003.7999877929688],[-1.2191455531865358,43.03664328530431,1002.5999755859375],[-1.219162568449974,43.03674789145589,1001.7999877929688],[-1.2191805057227612,43.03685593418777,1001.2000122070312],[-1.2191990297287703,43.03696506656706,1000.5999755859375],[-1.2192078307271004,43.0370788089931,999.7999877929688],[-1.2192192301154137,43.03719322197139,998],[-1.219234149903059,43.037308221682906,996.7999877929688],[-1.2192502431571484,43.037424394860864,995.5999755859375],[-1.2192675936967134,43.037540735676885,993.7999877929688],[-1.2192844413220882,43.03765841759741,992.5999755859375],[-1.219304809346795,43.03777744062245,991.7999877929688],[-1.2193232495337725,43.037897972390056,991.2000122070312],[-1.2193391751497984,43.03802118636668,990],[-1.2193478923290968,43.038169629871845,988.5999755859375],[-1.2193478923290968,43.03827264346182,987],[-1.2193549331277609,43.03840105421841,986.2000122070312],[-1.2193587888032198,43.038552766665816,985.4000244140625],[-1.2193565256893635,43.03865904919803,984.5999755859375],[-1.2193420249968767,43.038789723068476,984],[-1.2193182203918695,43.03892089985311,983.2000122070312],[-1.2192859500646591,43.039051154628396,982],[-1.2192489858716726,43.03917529061437,980.7999877929688],[-1.2192155420780182,43.03930202499032,979.5999755859375],[-1.219186456874013,43.03945289924741,978.4000244140625],[-1.2191799189895391,43.03955398499966,977.2000122070312],[-1.2191776558756828,43.039680970832705,976.7999877929688],[-1.2191815115511417,43.039804100990295,975.7999877929688],[-1.2191880494356155,43.03992656059563,975.2000122070312],[-1.2191865406930447,43.04004583507776,973.5999755859375],[-1.2191694416105747,43.04016334936023,972.2000122070312],[-1.219136081635952,43.04027969017625,971.4000244140625],[-1.2190826050937176,43.040392929688096,970.4000244140625],[-1.218995014205575,43.04052368737757,970],[-1.2189205829054117,43.04060264490545,969.4000244140625],[-1.2188254483044147,43.04069643840194,969],[-1.2187142204493284,43.040807666257024,968.5999755859375],[-1.2186255399137735,43.04089726880193,968.4000244140625],[-1.2185393739491701,43.040987960994244,968.2000122070312],[-1.2184606678783894,43.041077898815274,968.2000122070312],[-1.2183952052146196,43.04116766899824,968.4000244140625],[-1.2183433212339878,43.04125752300024,968.4000244140625],[-1.2183149065822363,43.04132491350174,969.2000122070312],[-1.2182938680052757,43.04139825515449,970],[-1.218279367312789,43.041476625949144,971.5999755859375],[-1.2182695604860783,43.041530353948474,973.2000122070312],[-1.2182621005922556,43.04158098064363,974.7999877929688],[-1.218258747830987,43.0416308529675,975.7999877929688],[-1.2182543892413378,43.04168407805264,976.2000122070312],[-1.2182512041181326,43.041730262339115,976.7999877929688],[-1.2182507012039423,43.04176957346499,977.2000122070312],[-1.2182372063398361,43.041810393333435,978],[-1.2182177603244781,43.04184090346098,978.2000122070312],[-1.218176856637001,43.04187216795981,978.4000244140625],[-1.2181246373802423,43.04189563728869,978.5999755859375],[-1.2180645391345024,43.04192019626498,978.7999877929688],[-1.2180033512413502,43.04193964228034,978.7999877929688],[-1.2179737631231546,43.0419503711164,979],[-1.2179265730082989,43.04196294397116,979.4000244140625],[-1.217877371236682,43.041972666978836,979.7999877929688],[-1.2178159318864346,43.04198071360588,980.5999755859375],[-1.2177756149321795,43.041980462148786,981.2000122070312],[-1.2177329510450363,43.041985323652625,982.2000122070312],[-1.217690035700798,43.04198934696615,983.2000122070312],[-1.2176463659852743,43.04199077188969,983.7999877929688],[-1.2175912968814373,43.041990185156465,984.2000122070312],[-1.2175552546977997,43.041992196813226,984.5999755859375],[-1.2175104953348637,43.041994627565145,985],[-1.2174655683338642,43.04200015962124,985.4000244140625],[-1.2174248322844505,43.04200812242925,985.7999877929688],[-1.2173866108059883,43.04201843217015,986.2000122070312],[-1.2173491436988115,43.042035112157464,986.4000244140625],[-1.2173074018210173,43.04205497726798,986.5999755859375],[-1.2172694317996502,43.04206729866564,986.7999877929688],[-1.217233557254076,43.04208523593843,987],[-1.2171984370797873,43.04210610687733,987.2000122070312],[-1.2171607185155153,43.04212882183492,987.2000122070312],[-1.217122497037053,43.04215329699218,987.4000244140625],[-1.21708570048213,43.04217760451138,987.4000244140625],[-1.2170440424233675,43.042205264791846,987.4000244140625],[-1.2170038931071758,43.04223191924393,987.4000244140625],[-1.2169608101248741,43.04225756786764,987.4000244140625],[-1.2169147096574306,43.04228304885328,987.4000244140625],[-1.2168676033616066,43.042310290038586,987.4000244140625],[-1.216817982494831,43.042336190119386,987.4000244140625],[-1.2167757377028465,43.042357144877315,987.4000244140625],[-1.2167272064834833,43.04238438606262,987.2000122070312],[-1.2166785914450884,43.04241003468633,987.2000122070312],[-1.2166335806250572,43.04243492893875,987],[-1.2165814451873302,43.042463259771466,987],[-1.2165471632033587,43.04248538799584,987],[-1.2165027391165495,43.04251522757113,986.7999877929688],[-1.2164489272981882,43.04255445487797,986.7999877929688],[-1.2164051737636328,43.042590245604515,986.7999877929688],[-1.21636594645679,43.04262821562588,986.7999877929688],[-1.2163340114057064,43.042666018009186,986.5999755859375],[-1.2163054291158915,43.04270440712571,986.5999755859375],[-1.2162829656153917,43.04274162277579,986.4000244140625],[-1.2162631005048752,43.042779760435224,986.4000244140625],[-1.2162418942898512,43.04282175377011,986.2000122070312],[-1.2162177544087172,43.04286542348564,986],[-1.216188669204712,43.042912278324366,985.7999877929688],[-1.2161602545529604,43.04295971989632,985.7999877929688],[-1.2161275651305914,43.043007580563426,985.5999755859375],[-1.2160921096801758,43.04305703379214,985.5999755859375],[-1.216057576239109,43.04310590028763,985.4000244140625],[-1.216029329225421,43.04314563050866,985.4000244140625],[-1.2159922812134027,43.04319793358445,985.2000122070312],[-1.2159452587366104,43.043263060972095,984.7999877929688],[-1.2159111443907022,43.04330689832568,984.5999755859375],[-1.2158606853336096,43.043373534455895,983.7999877929688],[-1.2158171832561493,43.043432207778096,983.5999755859375],[-1.215781643986702,43.04347772151232,983.4000244140625],[-1.2157292570918798,43.0435527395457,983],[-1.2156920414417982,43.043604623526335,982.7999877929688],[-1.2156454380601645,43.04367184638977,982.4000244140625],[-1.2155982479453087,43.04374175146222,981.7999877929688],[-1.215549549087882,43.04381266236305,981.4000244140625],[-1.2154969945549965,43.043885082006454,980.5999755859375],[-1.2154375668615103,43.04397183470428,979.5999755859375],[-1.2153903767466545,43.0440432485193,979.2000122070312],[-1.215355172753334,43.04409974254668,979],[-1.215303959324956,43.04418154992163,979],[-1.2152592837810516,43.04424944333732,979],[-1.2152244988828897,43.04430166259408,979],[-1.2151701003313065,43.04437902756035,979],[-1.2151357345283031,43.04442906752229,979.2000122070312],[-1.2150949146598577,43.04449075832963,979.4000244140625],[-1.2150546815246344,43.044552030041814,979.5999755859375],[-1.2150146998465061,43.044611709192395,979.7999877929688],[-1.214977903291583,43.04467021487653,979.7999877929688],[-1.2149354070425034,43.04474037140608,979.7999877929688],[-1.2149001192301512,43.044797368347645,979.7999877929688],[-1.2148701958358288,43.04484346881509,979.7999877929688],[-1.2148313876241446,43.04490105248988,979.7999877929688],[-1.2147936690598726,43.0449587199837,979.5999755859375],[-1.2147583812475204,43.04501546546817,979.5999755859375],[-1.2147153820842505,43.0450845323503,979.5999755859375],[-1.2146884761750698,43.04513180628419,979.5999755859375],[-1.2146546971052885,43.045191150158644,979.4000244140625],[-1.2146204989403486,43.04525041021407,979.2000122070312],[-1.2145861331373453,43.04530883207917,979.2000122070312],[-1.2145538628101349,43.045367170125246,979],[-1.2145225144922733,43.04542500525713,979],[-1.2144863046705723,43.04549340158701,979],[-1.2144627515226603,43.04553933441639,979],[-1.214430145919323,43.045598259195685,978.7999877929688],[-1.214391253888607,43.04567034356296,978.7999877929688],[-1.2143673654645681,43.045718455687165,978.7999877929688],[-1.2143395375460386,43.0457772128284,979],[-1.2143107876181602,43.045836724340916,978.7999877929688],[-1.2142790202051401,43.04589749313891,978.7999877929688],[-1.214245492592454,43.04596018977463,978.5999755859375],[-1.214213976636529,43.04602305404842,978.2000122070312],[-1.2141827959567308,43.04608675651252,978],[-1.2141479272395372,43.0461482796818,977.7999877929688],[-1.214107945561409,43.046220280230045,977.5999755859375],[-1.2140825483947992,43.04626730270684,977.7999877929688],[-1.214050780981779,43.046326730400324,977.7999877929688],[-1.2140216119587421,43.04638423025608,977.7999877929688],[-1.213989844545722,43.04645296186209,977.7999877929688],[-1.2139697279781103,43.04649998433888,978],[-1.2139434926211834,43.04655832238495,978],[-1.2139152456074953,43.046615067869425,978],[-1.213886495679617,43.0466715618968,978.2000122070312],[-1.2138553149998188,43.046726966276765,978.2000122070312],[-1.2138227932155132,43.046780694276094,978.4000244140625],[-1.2137902714312077,43.0468338355422,978.5999755859375],[-1.2137533910572529,43.046894017606974,978.5999755859375],[-1.2137281615287066,43.04693131707609,978.5999755859375],[-1.213701507076621,43.046980518847704,979],[-1.2136769481003284,43.047030474990606,979.2000122070312],[-1.2136466894298792,43.04707741364837,979.4000244140625],[-1.2136153411120176,43.047118820250034,979.5999755859375],[-1.2135882675647736,43.04715955629945,979.7999877929688],[-1.2135652173310518,43.0471982806921,979.7999877929688],[-1.2135417480021715,43.04724186658859,980],[-1.2135240621864796,43.04727648384869,980],[-1.2135140877217054,43.04730473086238,980],[-1.2134982459247112,43.04733909666538,980.2000122070312],[-1.213477710261941,43.04737279191613,980.2000122070312],[-1.2134590186178684,43.04740673862398,980.2000122070312],[-1.213441165164113,43.047439930960536,980.2000122070312],[-1.2134180311113596,43.04747865535319,980.2000122070312],[-1.213406715542078,43.04749768227339,980.2000122070312],[-1.2134003452956676,43.04750648327172,980.4000244140625],[-1.2134003452956676,43.04750648327172,980.4000244140625],[-1.2134003452956676,43.04750648327172,980.5999755859375],[-1.2134003452956676,43.04750648327172,980.5999755859375],[-1.2134003452956676,43.04750648327172,980.5999755859375],[-1.2134003452956676,43.04750648327172,980.5999755859375],[-1.2134003452956676,43.04750648327172,980.5999755859375],[-1.2134003452956676,43.04750648327172,980.5999755859375],[-1.2134003452956676,43.04750648327172,980.4000244140625],[-1.2134003452956676,43.04750648327172,980.4000244140625],[-1.2134003452956676,43.04750648327172,980.4000244140625],[-1.2134003452956676,43.04750648327172,980.4000244140625],[-1.2134003452956676,43.04750648327172,980.4000244140625],[-1.2134003452956676,43.04750648327172,980.4000244140625],[-1.213398752734065,43.0475090816617,980.2000122070312],[-1.2133965734392405,43.04752266034484,980.2000122070312],[-1.2133886106312275,43.04754160344601,980.2000122070312],[-1.2133774627000093,43.04756314493716,980.2000122070312],[-1.2133600283414125,43.04759155958891,980.2000122070312],[-1.2133423425257206,43.04762290790677,980.2000122070312],[-1.21332717128098,43.04765115492046,980.2000122070312],[-1.2133095692843199,43.04768183268607,980],[-1.21329247020185,43.04771896451712,979.7999877929688],[-1.213276544585824,43.047757940366864,979.7999877929688],[-1.2132553383708,43.047799514606595,979.7999877929688],[-1.2132317014038563,43.04784142412245,979.7999877929688],[-1.2132063880562782,43.04788492619991,979.5999755859375],[-1.2131803203374147,43.04792842827737,979.5999755859375],[-1.2131579406559467,43.047970589250326,979.4000244140625],[-1.2131358124315739,43.04801191203296,979.4000244140625],[-1.2131164502352476,43.04805834777653,979.4000244140625],[-1.213093651458621,43.04810461588204,979.2000122070312],[-1.213065991178155,43.04815063253045,979],[-1.213033553212881,43.0481980741024,979],[-1.2129880394786596,43.04824132472277,979],[-1.212926348671317,43.04827476851642,978.7999877929688],[-1.2128529231995344,43.04829672910273,978.5999755859375],[-1.212774384766817,43.04831374436617,978],[-1.2127023842185736,43.04832933470607,977.5999755859375],[-1.212631557136774,43.048351714387536,977.4000244140625],[-1.2125704530626535,43.0483828112483,977.4000244140625],[-1.2125230953097343,43.048420110717416,977.4000244140625],[-1.2124851252883673,43.04846327751875,977.4000244140625],[-1.2124495021998882,43.04850736632943,977.5999755859375],[-1.2124150525778532,43.04855137132108,977.7999877929688],[-1.2123820278793573,43.04859520867467,978.2000122070312],[-1.2123496737331152,43.04863980039954,978.4000244140625],[-1.2123180739581585,43.04868305101991,978.4000244140625],[-1.2122851330786943,43.048726385459304,978.4000244140625],[-1.2122536171227694,43.0487697198987,978.5999755859375],[-1.212218077853322,43.04881229996681,978.5999755859375],[-1.2121806107461452,43.04885529913008,978.5999755859375],[-1.212143562734127,43.048896538093686,978.4000244140625],[-1.21210265904665,43.048938028514385,978.5999755859375],[-1.2120611686259508,43.048977088183165,978.5999755859375],[-1.2120189238339663,43.04901463910937,978.5999755859375],[-1.2119773495942354,43.049052357673645,978.5999755859375],[-1.2119351886212826,43.049093345180154,978.4000244140625],[-1.2118959613144398,43.049132488667965,978.5999755859375],[-1.211859667673707,43.049172051250935,978.5999755859375],[-1.2118265591561794,43.049211110919714,978.5999755859375],[-1.2117958813905716,43.049247823655605,978.5999755859375],[-1.2117665447294712,43.049285877496004,978.5999755859375],[-1.2117385491728783,43.049324015155435,979],[-1.211712984368205,43.049360224977136,979],[-1.2116885092109442,43.04939576424658,979.2000122070312],[-1.211661770939827,43.04942878894508,979.2000122070312],[-1.2116328533738852,43.04946005344391,979.5999755859375],[-1.2116047739982605,43.049488719552755,979.5999755859375],[-1.2115698214620352,43.04951939731836,979.7999877929688],[-1.211539227515459,43.04954135790467,979.7999877929688],[-1.2115169316530228,43.04955535568297,980],[-1.2114940490573645,43.04956113919616,980],[-1.2114898581057787,43.0495623126626,980.2000122070312],[-1.211488265544176,43.04956122301519,980.4000244140625],[-1.2114858347922564,43.04955963045359,980.2000122070312],[-1.2114858347922564,43.04955963045359,980.2000122070312],[-1.2114858347922564,43.04955963045359,980.2000122070312],[-1.2114858347922564,43.04955963045359,980.2000122070312],[-1.2114843260496855,43.049560468643904,980.2000122070312],[-1.211473597213626,43.049564408138394,980.2000122070312],[-1.2114521395415068,43.04956533014774,980.2000122070312],[-1.2114251498132944,43.04955946281552,980.2000122070312],[-1.2114004231989384,43.04954965598881,980.2000122070312],[-1.211376115679741,43.049533143639565,980.2000122070312],[-1.2113500479608774,43.04951378144324,980],[-1.2113199569284916,43.04949274286628,980],[-1.2112820707261562,43.049473129212856,980.2000122070312],[-1.2112412508577108,43.0494568683207,980.4000244140625],[-1.211200263351202,43.04944060742855,980.4000244140625],[-1.2111588567495346,43.04942350834608,980.5999755859375],[-1.21111661195755,43.049406157806516,980.7999877929688],[-1.2110778875648975,43.049386292696,981],[-1.2110498920083046,43.049371875822544,981.2000122070312],[-1.2110160291194916,43.04935603402555,981.4000244140625],[-1.2109834235161543,43.049342622980475,981.5999755859375],[-1.2109423521906137,43.04932686500251,981.7999877929688],[-1.2109097465872765,43.04931110702455,982.2000122070312],[-1.210877476260066,43.04929551668465,982.2000122070312],[-1.2108470499515533,43.04928135126829,982.4000244140625],[-1.210814192891121,43.04926718585193,982.5999755859375],[-1.2107786536216736,43.04925134405494,982.7999877929688],[-1.2107426952570677,43.04923826828599,983.2000122070312],[-1.2107055634260178,43.04922670125961,983.2000122070312],[-1.2106694374233484,43.04921597242355,983.5999755859375],[-1.2106344010680914,43.049201304093,984],[-1.2106017116457224,43.04918638430536,984.4000244140625],[-1.2105725426226854,43.04917045868933,984.5999755859375],[-1.210543205961585,43.04915511980653,984.7999877929688],[-1.2105115223675966,43.04913902655244,985],[-1.210477240383625,43.04912578314543,985.4000244140625],[-1.2104420363903046,43.049114970490336,985.5999755859375],[-1.2104066647589207,43.04910382255912,985.7999877929688],[-1.2103808484971523,43.04909309372306,986.2000122070312],[-1.2103451415896416,43.04907591082156,986.4000244140625],[-1.210313206538558,43.04905981756747,986.7999877929688],[-1.2102795112878084,43.04904573597014,987.2000122070312],[-1.210245480760932,43.04903266020119,987.4000244140625],[-1.2102122884243727,43.049020590260625,987.7999877929688],[-1.210178341716528,43.049005419015884,987.7999877929688],[-1.2101463228464127,43.04899150505662,988.4000244140625],[-1.2101144716143608,43.04897725582123,988.5999755859375],[-1.2100816145539284,43.048963006585836,988.7999877929688],[-1.2100462429225445,43.04895034991205,989.2000122070312],[-1.2100117933005095,43.04893794469535,989.4000244140625],[-1.209975080564618,43.04892369545996,989.5999755859375],[-1.2099407985806465,43.048907686024904,989.5999755859375],[-1.2099068518728018,43.04889276623726,990],[-1.2098719831556082,43.04887709207833,990.2000122070312],[-1.2098382040858269,43.04886334575713,990.4000244140625],[-1.2098035030066967,43.048852533102036,990.5999755859375],[-1.2097709812223911,43.048840295523405,990.7999877929688],[-1.2097411416471004,43.048829482868314,991],[-1.2097140680998564,43.04881766438484,991.2000122070312],[-1.209687665104866,43.048806516453624,991.5999755859375],[-1.2096593342721462,43.048798302188516,991.7999877929688],[-1.2096382956951857,43.04879277013242,991.7999877929688],[-1.2096106354147196,43.04878539405763,991.7999877929688],[-1.2095921114087105,43.0487802810967,991.7999877929688],[-1.2095697317272425,43.04877148009837,991.7999877929688],[-1.2095496151596308,43.04876142181456,991.7999877929688],[-1.209528911858797,43.04874977096915,991.7999877929688],[-1.2095122318714857,43.04873543791473,991.7999877929688],[-1.2094949651509523,43.04872412234545,991.5999755859375],[-1.2094859965145588,43.04871884174645,991.7999877929688],[-1.2094859965145588,43.04871884174645,991.7999877929688],[-1.2094859965145588,43.04871884174645,992.4000244140625],[-1.2094849068671465,43.04872076958418,992.4000244140625],[-1.209481805562973,43.048722110688686,992.4000244140625],[-1.209481805562973,43.048722110688686,992.4000244140625],[-1.209481805562973,43.048722110688686,992.4000244140625],[-1.209481805562973,43.048722110688686,992.4000244140625],[-1.209481805562973,43.048722110688686,992.4000244140625],[-1.209481805562973,43.048722110688686,992.4000244140625],[-1.209481805562973,43.048722110688686,992.4000244140625],[-1.209481805562973,43.048722110688686,992.4000244140625],[-1.209481805562973,43.048722110688686,992.4000244140625],[-1.209481805562973,43.048722110688686,992.4000244140625],[-1.209481805562973,43.048722110688686,992.4000244140625],[-1.209481805562973,43.048722110688686,992.4000244140625],[-1.209481805562973,43.048722110688686,992.4000244140625],[-1.209481805562973,43.048722110688686,992.4000244140625],[-1.209481805562973,43.048722110688686,992.4000244140625],[-1.209481805562973,43.048722110688686,992.4000244140625],[-1.209481805562973,43.048722110688686,992.4000244140625],[-1.209481805562973,43.048722110688686,992.4000244140625],[-1.209481805562973,43.048722110688686,992.2000122070312],[-1.209481805562973,43.048722110688686,992.2000122070312],[-1.209481805562973,43.048722110688686,992.2000122070312],[-1.209481805562973,43.048722110688686,992.2000122070312],[-1.209481805562973,43.048722110688686,992.2000122070312],[-1.209481805562973,43.048722110688686,992.2000122070312],[-1.209481805562973,43.048722110688686,992.2000122070312],[-1.209481805562973,43.048722110688686,992.2000122070312],[-1.209481805562973,43.048722110688686,992.2000122070312],[-1.209481805562973,43.048722110688686,992.2000122070312],[-1.209481805562973,43.048722110688686,992.2000122070312],[-1.209481805562973,43.048722110688686,992.2000122070312],[-1.209481805562973,43.048722110688686,992.2000122070312],[-1.209481805562973,43.048722110688686,992.2000122070312],[-1.209481805562973,43.048722110688686,992.2000122070312],[-1.209481805562973,43.048722110688686,992.2000122070312],[-1.209481805562973,43.048722110688686,992.2000122070312],[-1.209481805562973,43.048722110688686,992.2000122070312],[-1.209481805562973,43.048722110688686,992.2000122070312],[-1.209481805562973,43.048722110688686,992.2000122070312],[-1.20948507450521,43.04872068576515,992.2000122070312],[-1.209482979029417,43.04871657863259,992.2000122070312],[-1.2094787042587996,43.048715153709054,992],[-1.2094787042587996,43.048715153709054,992],[-1.2094801291823387,43.04871590808034,992],[-1.20948507450521,43.04871724918485,992],[-1.20948507450521,43.04871724918485,992.2000122070312],[-1.20948507450521,43.04871724918485,992.2000122070312],[-1.20948507450521,43.04871724918485,992.2000122070312],[-1.20948507450521,43.04871724918485,992.2000122070312],[-1.20948507450521,43.04871724918485,992.2000122070312],[-1.20948507450521,43.04871724918485,992.2000122070312],[-1.20948507450521,43.04871724918485,992.2000122070312],[-1.20948507450521,43.04871724918485,992.2000122070312],[-1.20948507450521,43.04871724918485,992.2000122070312],[-1.20948507450521,43.04871724918485,992.2000122070312],[-1.20948507450521,43.04871724918485,992.2000122070312],[-1.20948507450521,43.04871724918485,992.2000122070312],[-1.20948507450521,43.04871724918485,992.2000122070312],[-1.20948507450521,43.04871724918485,992.2000122070312],[-1.20948507450521,43.04871724918485,992.2000122070312],[-1.20948507450521,43.04871724918485,992.2000122070312],[-1.20948507450521,43.04871724918485,992.2000122070312],[-1.20948507450521,43.04871724918485,992.2000122070312],[-1.20948507450521,43.04871724918485,992.2000122070312],[-1.20948507450521,43.04871724918485,992.2000122070312],[-1.20948507450521,43.04871724918485,992.2000122070312],[-1.20948507450521,43.04871724918485,992.2000122070312],[-1.20948507450521,43.04871724918485,992.2000122070312],[-1.20948507450521,43.04871724918485,992.2000122070312],[-1.20948507450521,43.04871724918485,992.2000122070312],[-1.20948507450521,43.04871724918485,992.2000122070312],[-1.20948507450521,43.04871724918485,992.2000122070312],[-1.20948507450521,43.04871724918485,992.2000122070312],[-1.20948507450521,43.04871724918485,992.2000122070312],[-1.20948507450521,43.04871724918485,992.2000122070312],[-1.20948507450521,43.04871724918485,992.2000122070312],[-1.20948507450521,43.04871724918485,992.2000122070312],[-1.20948507450521,43.04871724918485,992.2000122070312],[-1.20948507450521,43.04871724918485,992.2000122070312],[-1.20948507450521,43.04871724918485,992.2000122070312],[-1.20948507450521,43.04871724918485,992.2000122070312],[-1.20948507450521,43.04871724918485,992.2000122070312],[-1.20948507450521,43.04871724918485,992.2000122070312],[-1.20948507450521,43.04871724918485,992.2000122070312],[-1.20948507450521,43.04871724918485,992.2000122070312],[-1.20948507450521,43.04871724918485,992.2000122070312],[-1.20948507450521,43.04871724918485,992.2000122070312],[-1.20948507450521,43.04871724918485,992.2000122070312],[-1.20948507450521,43.04871724918485,992.2000122070312],[-1.20948507450521,43.04871724918485,992.2000122070312],[-1.20948507450521,43.04871724918485,992.2000122070312],[-1.20948507450521,43.04871724918485,992.2000122070312],[-1.20948507450521,43.04871724918485,992.2000122070312],[-1.20948507450521,43.04871724918485,992.2000122070312],[-1.20948507450521,43.04871724918485,992.2000122070312],[-1.20948507450521,43.04871724918485,992.2000122070312],[-1.2094864156097174,43.04871900938451,992.2000122070312],[-1.2094880919903517,43.04872026666999,992.2000122070312],[-1.2094880919903517,43.04872026666999,992.2000122070312],[-1.2094880919903517,43.04872026666999,992.2000122070312],[-1.2094880919903517,43.04872026666999,992.2000122070312],[-1.2094880919903517,43.04872026666999,992.2000122070312],[-1.2094880919903517,43.04872026666999,992.2000122070312],[-1.2094880919903517,43.04872026666999,992.2000122070312],[-1.2094880919903517,43.04872026666999,992.2000122070312],[-1.2094880919903517,43.04872026666999,992.2000122070312],[-1.2094880919903517,43.04872026666999,992.2000122070312],[-1.2094880919903517,43.04872026666999,992.2000122070312],[-1.2094880919903517,43.04872026666999,992.2000122070312],[-1.2094880919903517,43.04872026666999,992.2000122070312],[-1.2094880919903517,43.04872026666999,992.2000122070312],[-1.2094880919903517,43.04872026666999,992.2000122070312],[-1.2094880919903517,43.04872026666999,992.2000122070312],[-1.2094880919903517,43.04872026666999,992.2000122070312],[-1.2094880919903517,43.04872026666999,992.2000122070312],[-1.2094880919903517,43.04872026666999,992.2000122070312],[-1.2094880919903517,43.04872026666999,992.2000122070312],[-1.2094880919903517,43.04872026666999,992.2000122070312],[-1.2094880919903517,43.04872026666999,992.2000122070312],[-1.2094880919903517,43.04872026666999,992.2000122070312],[-1.2094880919903517,43.04872026666999,992.2000122070312],[-1.2094880919903517,43.04872026666999,992.2000122070312],[-1.2094880919903517,43.04872026666999,992.2000122070312],[-1.2094880919903517,43.04872026666999,992.2000122070312],[-1.2094880919903517,43.04872026666999,992.2000122070312],[-1.2094880919903517,43.04872026666999,992.2000122070312],[-1.2094880919903517,43.04872026666999,992.2000122070312],[-1.2094880919903517,43.04872026666999,992.2000122070312],[-1.2094880919903517,43.04872026666999,992.2000122070312],[-1.2094880919903517,43.04872026666999,992.2000122070312],[-1.2094880919903517,43.04872026666999,992.2000122070312],[-1.2094880919903517,43.04872026666999,992.2000122070312],[-1.2094880919903517,43.04872026666999,992.2000122070312],[-1.2094880919903517,43.04872026666999,992.2000122070312],[-1.2094880919903517,43.04872026666999,992.2000122070312],[-1.2094880919903517,43.04872026666999,992.2000122070312],[-1.2094880919903517,43.04872026666999,992.2000122070312],[-1.2094873376190662,43.04871892556548,992.2000122070312],[-1.209486499428749,43.048712806776166,992.2000122070312],[-1.2094921991229057,43.048704424872994,992.2000122070312],[-1.2095076218247414,43.04870174266398,992.2000122070312],[-1.2095284089446068,43.048710292205215,992.2000122070312],[-1.2095441669225693,43.04872018285096,992.2000122070312],[-1.209569564089179,43.048736276105046,992.2000122070312],[-1.2096012476831675,43.04875697940588,992.2000122070312],[-1.2096247170120478,43.04877122864127,992],[-1.2096568197011948,43.04878774099052,992],[-1.2096916045993567,43.04880869574845,992],[-1.209723623469472,43.04882780648768,992],[-1.209755139425397,43.048844151198864,992],[-1.2097802851349115,43.04885563440621,991.7999877929688],[-1.209801072254777,43.048863261938095,991.4000244140625],[-1.2098105438053608,43.048866698518395,991.4000244140625],[-1.2098105438053608,43.048866698518395,991.4000244140625],[-1.2098105438053608,43.048866698518395,991.2000122070312],[-1.2098105438053608,43.048866698518395,991.2000122070312],[-1.2098105438053608,43.048866698518395,991.2000122070312],[-1.2098105438053608,43.048866698518395,991.2000122070312],[-1.2098105438053608,43.048866698518395,991.2000122070312],[-1.2098105438053608,43.048866698518395,991.2000122070312],[-1.2098105438053608,43.048866698518395,991.2000122070312],[-1.2098105438053608,43.048866698518395,991],[-1.2098105438053608,43.048866698518395,991],[-1.2098105438053608,43.048866698518395,991],[-1.2098105438053608,43.048866698518395,991],[-1.2098105438053608,43.048866698518395,991],[-1.2098105438053608,43.048866698518395,991],[-1.2098105438053608,43.048866698518395,991],[-1.2098105438053608,43.048866698518395,991.2000122070312],[-1.2098105438053608,43.048866698518395,991.2000122070312],[-1.2098105438053608,43.048866698518395,991],[-1.2098105438053608,43.048866698518395,991],[-1.2098105438053608,43.048866698518395,991],[-1.2098105438053608,43.048866698518395,991],[-1.2098105438053608,43.048866698518395,991],[-1.2098105438053608,43.048866698518395,991.2000122070312],[-1.2098105438053608,43.048866698518395,991.2000122070312],[-1.2098105438053608,43.048866698518395,991.2000122070312],[-1.2098105438053608,43.048866698518395,991.2000122070312],[-1.2098105438053608,43.048866698518395,991.2000122070312],[-1.2098105438053608,43.048866698518395,991.2000122070312],[-1.2098105438053608,43.048866698518395,991.2000122070312],[-1.2098105438053608,43.048866698518395,991],[-1.2098105438053608,43.048866698518395,991],[-1.2098105438053608,43.048866698518395,991],[-1.2098105438053608,43.048866698518395,991],[-1.2098105438053608,43.048866698518395,991],[-1.2098105438053608,43.048866698518395,991],[-1.2098105438053608,43.048866698518395,991],[-1.2098105438053608,43.048866698518395,991],[-1.2098105438053608,43.048866698518395,990.7999877929688],[-1.2098105438053608,43.048866698518395,990.7999877929688],[-1.2098161596804857,43.04886854253709,990.7999877929688],[-1.2098335102200508,43.04887390695512,990.7999877929688],[-1.2098648585379124,43.04888254031539,990.7999877929688],[-1.2099040858447552,43.04889335297048,990.5999755859375],[-1.2099466659128666,43.048904249444604,990.5999755859375],[-1.2099905870854855,43.04892403073609,990.5999755859375],[-1.2100461591035128,43.04894951172173,990.4000244140625],[-1.2101082690060139,43.04897482506931,990.4000244140625],[-1.210176832973957,43.04900558665395,990.2000122070312],[-1.2102496717125177,43.04904129356146,990],[-1.2103330716490746,43.049079682677984,989.7999877929688],[-1.2104231771081686,43.04912259802222,989.4000244140625],[-1.2105156295001507,43.0491653457284,988.7999877929688],[-1.210615960881114,43.04920650087297,987.5999755859375],[-1.2107240874320269,43.04925209842622,986.5999755859375],[-1.2108369916677475,43.04930683225393,986.2000122070312],[-1.2109588645398617,43.04936324246228,984.5999755859375],[-1.2110853474587202,43.049418814480305,982.5999755859375],[-1.2112127523869276,43.04947757162154,978],[-1.211340157315135,43.04953926242888,977.4000244140625],[-1.2114649638533592,43.049603467807174,977],[-1.211577532812953,43.04967362433672,976.5999755859375],[-1.2116701528429985,43.04975040256977,976.7999877929688],[-1.2117295805364847,43.04983539506793,976.7999877929688],[-1.2117552291601896,43.04992239922285,976.7999877929688],[-1.2117517087608576,43.05000152438879,977.7999877929688],[-1.2117381300777197,43.050071178004146,978.5999755859375],[-1.2117200251668692,43.05013144388795,978.7999877929688],[-1.211705356836319,43.05018190294504,979.4000244140625],[-1.2116928678005934,43.05022783577442,980],[-1.211677361279726,43.05027041584253,981],[-1.2116642855107784,43.05031073279679,981.4000244140625],[-1.211654394865036,43.05034685879946,981.5999755859375],[-1.211646180599928,43.05038172751665,982.2000122070312],[-1.2116391398012638,43.050415590405464,982.7999877929688],[-1.2116324342787266,43.050446435809135,983],[-1.2116233818233013,43.0504793766886,983.4000244140625],[-1.211615251377225,43.05051072500646,983.7999877929688],[-1.2116079591214657,43.05054182186723,983.7999877929688],[-1.2116005830466747,43.05057275108993,984],[-1.211592871695757,43.050605272874236,984.5999755859375],[-1.211585747078061,43.05063670501113,984.7999877929688],[-1.2115787900984287,43.05066855624318,985],[-1.2115714978426695,43.05069864727557,985.2000122070312],[-1.2115676421672106,43.05072924122214,985.5999755859375],[-1.2115659657865763,43.05076092481613,985.7999877929688],[-1.2115664687007666,43.0507936142385,986],[-1.2115673068910837,43.0508263874799,986],[-1.2115671392530203,43.05085991509259,986.2000122070312],[-1.211571665480733,43.0508903414011,986.2000122070312],[-1.2115818914026022,43.05092177353799,986.4000244140625],[-1.2115908600389957,43.050954043865204,986.4000244140625],[-1.211596978828311,43.050985224545,986.4000244140625],[-1.2116042710840702,43.05101791396737,986.5999755859375],[-1.2116142455488443,43.05105454288423,986.5999755859375],[-1.2116294167935848,43.051090920343995,986.5999755859375],[-1.2116449233144522,43.05112880654633,986.5999755859375],[-1.2116627767682076,43.05116778239608,986.5999755859375],[-1.211682977154851,43.05120843462646,986.5999755859375],[-1.211704183369875,43.051249673590064,986.4000244140625],[-1.2117228750139475,43.05129233747721,986.4000244140625],[-1.2117437459528446,43.05133542045951,986.4000244140625],[-1.2117664609104395,43.051377749070525,986.5999755859375],[-1.2117900978773832,43.051424184814095,986.5999755859375],[-1.2118130642920732,43.051472967490554,986.2000122070312],[-1.2118375394493341,43.051519989967346,986.2000122070312],[-1.2118672113865614,43.051578579470515,985.4000244140625],[-1.2118881661444902,43.051628367975354,985.2000122070312],[-1.2119099590927362,43.051680251955986,985],[-1.2119366973638535,43.05173079483211,985],[-1.2119646929204464,43.0517830979079,984.5999755859375],[-1.2119888328015804,43.05183498188853,984.5999755859375],[-1.212006602436304,43.051878567785025,984.4000244140625],[-1.2120352685451508,43.05194470100105,984.4000244140625],[-1.2120551336556673,43.05199038237333,984.2000122070312],[-1.2120827939361334,43.0520627181977,984],[-1.212107939645648,43.052124828100204,983.4000244140625],[-1.2121383659541607,43.0521855968982,983],[-1.2121676187962294,43.05224879644811,982.5999755859375],[-1.2121991347521544,43.05231241509318,982.4000244140625],[-1.2122343387454748,43.05237955413759,982.4000244140625],[-1.2122710514813662,43.0524480342865,982.2000122070312],[-1.2123060878366232,43.052519615739584,981.5999755859375],[-1.212342046201229,43.052592035382986,981.4000244140625],[-1.2123764120042324,43.052663868293166,981.2000122070312],[-1.2124091852456331,43.05273922160268,980.7999877929688],[-1.2124458979815245,43.052815832197666,980.2000122070312],[-1.2124844547361135,43.05289135314524,979.4000244140625],[-1.212523179128766,43.0529678799212,978.4000244140625],[-1.212562071159482,43.0530453287065,977.7999877929688],[-1.2126019690185785,43.053125040605664,977.5999755859375],[-1.2126489914953709,43.05320408195257,977.2000122070312],[-1.2127056531608105,43.053282368928194,976.4000244140625],[-1.212769104167819,43.053355291485786,976],[-1.212823586538434,43.05341178551316,975.7999877929688],[-1.2129112612456083,43.053493509069085,975.7999877929688],[-1.2129866983741522,43.05355913937092,975.5999755859375],[-1.2130626384168863,43.05362476967275,975.4000244140625],[-1.2131429370492697,43.05368956178427,975.4000244140625],[-1.2132073938846588,43.053743122145534,975.4000244140625],[-1.213304540142417,43.05382585152984,975],[-1.2133876886218786,43.05389718152583,974.4000244140625],[-1.2134746089577675,43.05396725423634,973],[-1.2135782930999994,43.054026598110795,972.5999755859375],[-1.2136992439627647,43.054068675264716,972.4000244140625],[-1.2138312589377165,43.05409222841263,971.4000244140625],[-1.2139694765210152,43.054104801267385,970],[-1.2141133099794388,43.05411393754184,968.4000244140625],[-1.214262004941702,43.054125839844346,967.4000244140625],[-1.214382704347372,43.05414084345102,966.5999755859375],[-1.2145315669476986,43.05417437106371,966.2000122070312],[-1.2146689463406801,43.05422633886337,965.4000244140625],[-1.2147881370037794,43.05429129861295,964.4000244140625],[-1.2148875463753939,43.054366149008274,964.4000244140625],[-1.214967593550682,43.05444703437388,964.4000244140625],[-1.2150292005389929,43.054531356319785,964.4000244140625],[-1.2150794919580221,43.05460779927671,964.7999877929688],[-1.2151256762444973,43.054679380729795,965.4000244140625],[-1.215168172493577,43.05474450811744,966.2000122070312],[-1.2152030412107706,43.05480460636318,967.5999755859375],[-1.215228522196412,43.054857328534126,968.4000244140625],[-1.2152526620775461,43.05490359663963,969.7999877929688],[-1.2152763828635216,43.05494215339422,971.2000122070312],[-1.215305970981717,43.05497484281659,972],[-1.2153399176895618,43.05499814450741,972.7999877929688],[-1.2153743673115969,43.0550123937428,973.2000122070312],[-1.2154212221503258,43.055014573037624,973.5999755859375],[-1.2154543306678534,43.055009711533785,974],[-1.2154778838157654,43.05500124581158,974.4000244140625],[-1.2155010178685188,43.05498540401459,974.7999877929688],[-1.215518033131957,43.054964281618595,975.4000244140625],[-1.2155313603579998,43.05494056083262,975.7999877929688],[-1.2155456934124231,43.05491516366601,976],[-1.215560445562005,43.05489202961326,976.4000244140625],[-1.2155767064541578,43.054867554455996,976.5999755859375],[-1.2155894469469786,43.05485070683062,977],[-1.2156062945723534,43.05483059026301,977.2000122070312],[-1.2156233098357916,43.05481215007603,977.5999755859375],[-1.2156389001756907,43.0547948833555,977.7999877929688],[-1.215653819963336,43.05477577261627,978.2000122070312],[-1.215671170502901,43.05476034991443,978.5999755859375],[-1.215683575719595,43.05475054308772,978.7999877929688],[-1.2156984116882086,43.05473302491009,979.2000122070312],[-1.2157137505710125,43.05471768602729,979.5999755859375],[-1.2157356273382902,43.05470469407737,979.5999755859375],[-1.2157587613910437,43.054692624136806,979.7999877929688],[-1.2157803867012262,43.05468013510108,980],[-1.2158061191439629,43.05466731078923,980.2000122070312],[-1.2158255651593208,43.05465800687671,980.2000122070312],[-1.215851716697216,43.05464627221227,980.4000244140625],[-1.215877616778016,43.05463680066168,980.5999755859375],[-1.2159000802785158,43.054629508405924,980.7999877929688],[-1.2159217055886984,43.05461919866502,981],[-1.2159460969269276,43.0546101462096,981.2000122070312],[-1.2159688957035542,43.05460293777287,981.5999755859375],[-1.2159928679466248,43.054596399888396,981.7999877929688],[-1.2160164210945368,43.05459220893681,982.2000122070312],[-1.2160403933376074,43.05458625778556,982.4000244140625],[-1.21606201864779,43.054580222815275,982.5999755859375],[-1.2160850688815117,43.05457687005401,982.5999755859375],[-1.2161066103726625,43.05457175709307,982.7999877929688],[-1.2161278165876865,43.054565973579884,983],[-1.2161506991833448,43.05456329137087,983.4000244140625],[-1.216177185997367,43.05455792695284,983.5999755859375],[-1.2161947041749954,43.054554741829634,983.5999755859375],[-1.2162144854664803,43.054550467059016,983.7999877929688],[-1.2162364460527897,43.05454820394516,984],[-1.2162610050290823,43.05454367771745,984.2000122070312],[-1.2162818759679794,43.054537726566195,984.4000244140625],[-1.2163040041923523,43.05453144013882,984.5999755859375],[-1.2163240369409323,43.05452574044466,984.7999877929688],[-1.2163442373275757,43.05451978929341,985],[-1.2163651082664728,43.05451492778957,985.2000122070312],[-1.2163904216140509,43.05451400578022,985.4000244140625],[-1.216415986418724,43.05451241321862,985.4000244140625],[-1.2164393719285727,43.054509898647666,985.5999755859375],[-1.2164592370390892,43.0545062944293,985.7999877929688],[-1.2164827901870012,43.054502103477716,985.7999877929688],[-1.2165082711726427,43.05449841544032,986],[-1.216533500701189,43.05449489504099,986.2000122070312],[-1.2165563832968473,43.054490787908435,986.4000244140625],[-1.2165806908160448,43.05448575876653,986.4000244140625],[-1.2166086863726377,43.05448257364333,986.5999755859375],[-1.2166261207312346,43.05448232218623,986.7999877929688],[-1.2166511826217175,43.05448022671044,986.7999877929688],[-1.2166775856167078,43.05447645485401,987],[-1.2167053297162056,43.054473688825965,987.2000122070312],[-1.2167303077876568,43.05447092279792,987.2000122070312],[-1.216754112392664,43.054467402398586,987.4000244140625],[-1.2167771626263857,43.05446228943765,987.4000244140625],[-1.216799458488822,43.05445776320994,987.5999755859375],[-1.2168275378644466,43.05445114150643,987.7999877929688],[-1.2168464809656143,43.054446782916784,987.7999877929688],[-1.2168699502944946,43.0544423405081,988],[-1.2168953474611044,43.054437562823296,988],[-1.216924348846078,43.05443328805268,988.2000122070312],[-1.216939939185977,43.05442985147238,988.2000122070312],[-1.2169613130390644,43.05442423559725,988.4000244140625],[-1.2169831059873104,43.054419877007604,988.5999755859375],[-1.2170056533068419,43.05441434495151,988.5999755859375],[-1.2170276138931513,43.05440889671445,988.5999755859375],[-1.2170486524701118,43.054403364658356,988.7999877929688],[-1.2170696910470724,43.0543992575258,989],[-1.2170920707285404,43.054394479840994,989.2000122070312],[-1.217115456238389,43.05438945069909,989.2000122070312],[-1.2171357404440641,43.05438643321395,989.2000122070312],[-1.2171569466590881,43.05438249371946,989.4000244140625],[-1.2171792425215244,43.05437872186303,989.5999755859375],[-1.2172007001936436,43.05437897332013,989.5999755859375],[-1.2172188889235258,43.05438056588173,989.7999877929688],[-1.2172375805675983,43.05437922477722,989.7999877929688],[-1.2172587867826223,43.05437821894884,990],[-1.2172802444547415,43.054381404072046,990],[-1.2173011153936386,43.05438559502363,990.2000122070312],[-1.2173223216086626,43.05439439602196,990.4000244140625],[-1.2173404265195131,43.054408729076385,990.7999877929688],[-1.2173558492213488,43.05442322976887,991],[-1.2173643987625837,43.05443982593715,991.4000244140625],[-1.2173680029809475,43.05445591919124,991.5999755859375],[-1.217370182275772,43.054470252245665,991.7999877929688],[-1.2173680867999792,43.05448425002396,992.2000122070312],[-1.2173623871058226,43.05449740961194,992.4000244140625],[-1.2173546757549047,43.05451291613281,992.7999877929688],[-1.2173496466130018,43.05452683009207,993],[-1.2173424381762743,43.05454124696553,993.4000244140625],[-1.2173307873308659,43.054555747658014,993.5999755859375],[-1.2173198070377111,43.054567566141486,994],[-1.2173108384013176,43.054580641910434,994.2000122070312],[-1.217301618307829,43.05459447205067,994.5999755859375],[-1.2172940745949745,43.05460846982896,994.5999755859375],[-1.2172860279679298,43.054624646902084,994.7999877929688],[-1.2172789871692657,43.054642751812935,995],[-1.2172717787325382,43.05465968325734,995.2000122070312],[-1.2172658275812864,43.05467611178756,995.4000244140625],[-1.2172593735158443,43.05469078011811,995.5999755859375],[-1.217253003269434,43.05470410734415,996],[-1.2172464653849602,43.054717937484384,996],[-1.2172395084053278,43.05473143234849,996.2000122070312],[-1.217232970520854,43.05474568158388,996.2000122070312],[-1.2172260135412216,43.05475791916251,996.5999755859375],[-1.2172190565615892,43.054772419855,996.7999877929688],[-1.2172116804867983,43.054787339642644,996.7999877929688],[-1.2172037176787853,43.05480083450675,997],[-1.217194413766265,43.05480963550508,997.2000122070312],[-1.2171851098537445,43.054819693788886,997.2000122070312],[-1.2171776499599218,43.05483201518655,997.4000244140625],[-1.2171718664467335,43.054843163117766,997.4000244140625],[-1.2171665020287037,43.05485741235316,998],[-1.2171559408307076,43.05487300269306,998],[-1.2171439547091722,43.054888509213924,998.2000122070312],[-1.2171374168246984,43.05490384809673,998.2000122070312],[-1.217128448188305,43.05491767823696,998.5999755859375],[-1.2171185575425625,43.054931508377194,998.5999755859375],[-1.2171079125255346,43.05494483560324,998.5999755859375],[-1.2170976027846336,43.05495623499155,998.7999877929688],[-1.2170871254056692,43.05496788583696,999.2000122070312],[-1.2170763965696096,43.05498079396784,999.4000244140625],[-1.2170675955712795,43.054995127022266,999.7999877929688],[-1.2170592974871397,43.05501105263829,999.7999877929688],[-1.2170561961829662,43.05502563714981,1000],[-1.2170583754777908,43.05504022166133,1000.2000122070312],[-1.21706273406744,43.0550554767251,1000.2000122070312],[-1.2170691043138504,43.05506972596049,1000.5999755859375],[-1.217077486217022,43.055083975195885,1000.5999755859375],[-1.2170836888253689,43.055098140612245,1001.2000122070312],[-1.2170893047004938,43.05511113256216,1001.2000122070312],[-1.2170929927378893,43.055124124512076,1001.2000122070312],[-1.2171014584600925,43.05513803847134,1001.7999877929688],[-1.2171087507158518,43.05515295825899,1001.7999877929688],[-1.2171196471899748,43.05516880005598,1001.7999877929688],[-1.2171292025595903,43.05518355220556,1002.4000244140625],[-1.2171370815485716,43.05519754998386,1002.4000244140625],[-1.217141943052411,43.05521314032376,1002.4000244140625],[-1.2171444576233625,43.05522847920656,1002.4000244140625],[-1.2171506602317095,43.05524155497551,1002.5999755859375],[-1.2171604670584202,43.055255971848965,1002.7999877929688],[-1.2171686813235283,43.05526896379888,1003.2000122070312],[-1.2171772308647633,43.055285140872,1003.2000122070312],[-1.2171822600066662,43.05530056357384,1003.2000122070312],[-1.217187037691474,43.0553179141134,1003.2000122070312],[-1.2171918991953135,43.05533233098686,1003.4000244140625],[-1.2171947490423918,43.05534850805998,1003.7999877929688],[-1.2171998620033264,43.05536317639053,1003.7999877929688],[-1.2172069028019905,43.055378179997206,1003.7999877929688],[-1.2172140274196863,43.05539418943226,1003.7999877929688],[-1.2172230798751116,43.05541262961924,1003.7999877929688],[-1.2172283604741096,43.05542872287333,1003.7999877929688],[-1.217231210321188,43.05544330738485,1003.7999877929688],[-1.2172318808734417,43.05545604787767,1004],[-1.2172320485115051,43.055471470579505,1004],[-1.217232383787632,43.055487563833594,1004.4000244140625],[-1.2172350659966469,43.055501226335764,1004.5999755859375],[-1.2172365747392178,43.055519331246614,1005],[-1.2172377482056618,43.05553810670972,1005],[-1.217237412929535,43.055554702878,1005],[-1.2172369938343763,43.0555702932179,1005.2000122070312],[-1.2172355689108372,43.0555874761194,1005.5999755859375],[-1.217238586395979,43.05560398846865,1005.7999877929688],[-1.2172436993569136,43.05561983026564,1005.7999877929688],[-1.2172510754317045,43.055636174976826,1006.4000244140625],[-1.2172604631632566,43.05565360933542,1006.4000244140625],[-1.217266833409667,43.055668948218226,1006.4000244140625],[-1.2172745447605848,43.05568621493876,1007],[-1.2172871176153421,43.055703062564135,1007],[-1.2172987684607506,43.055715719237924,1007.5999755859375],[-1.2173102516680956,43.05573013611138,1007.5999755859375],[-1.2173205614089966,43.055745558813214,1007.7999877929688],[-1.2173311226069927,43.055759221315384,1008.2000122070312],[-1.2173405103385448,43.05577288381755,1008.2000122070312],[-1.217356352135539,43.05578637868166,1008.2000122070312],[-1.2173730321228504,43.05579953826964,1008.2000122070312],[-1.2173880357295275,43.055813033133745,1008.2000122070312],[-1.2173986807465553,43.05582728236914,1008.5999755859375],[-1.2174089904874563,43.05584211833775,1008.5999755859375],[-1.2174216471612453,43.05585578083992,1009],[-1.2174342200160027,43.05586961098015,1009],[-1.2174498103559017,43.05588419549167,1009.2000122070312],[-1.2174636404961348,43.055897103622556,1009.2000122070312],[-1.217474788427353,43.055911185219884,1009.5999755859375],[-1.2174848467111588,43.05592660792172,1009.5999755859375],[-1.2174919713288546,43.05594068951905,1010],[-1.2175023648887873,43.055954268202186,1010.2000122070312],[-1.2175160273909569,43.05596902035177,1010.4000244140625],[-1.2175306119024754,43.05598461069167,1010.5999755859375],[-1.2175423465669155,43.055999195203185,1010.5999755859375],[-1.2175517342984676,43.05601252242923,1010.7999877929688],[-1.2175624631345272,43.05602769367397,1010.7999877929688],[-1.217569001019001,43.05604353547096,1010.7999877929688],[-1.2175783049315214,43.056058371439576,1010.7999877929688],[-1.2175891175866127,43.05607320740819,1011],[-1.2175976671278477,43.056088546290994,1011],[-1.217609653249383,43.05610396899283,1011.4000244140625],[-1.2176202144473791,43.05611997842789,1011.4000244140625],[-1.2176321167498827,43.056132551282644,1011.5999755859375],[-1.2176448572427034,43.05614369921386,1011.7999877929688],[-1.2176571786403656,43.05615685880184,1011.7999877929688],[-1.2176668178290129,43.05617085658014,1011.7999877929688],[-1.2176798097789288,43.0561884585768,1011.7999877929688],[-1.2176969088613987,43.05620572529733,1012],[-1.2177134212106466,43.05622190237045,1012],[-1.2177264969795942,43.056238079443574,1012.2000122070312],[-1.2177411653101444,43.056254675611854,1012.2000122070312],[-1.217755163088441,43.056270852684975,1012.5999755859375],[-1.2177709210664034,43.05628610774875,1012.7999877929688],[-1.2177881877869368,43.05630245245993,1013],[-1.2178050354123116,43.05631846189499,1013.2000122070312],[-1.2178201228380203,43.056332459673285,1013.2000122070312],[-1.2178378086537123,43.056348552927375,1013.4000244140625],[-1.2178559135645628,43.05636481381953,1013.4000244140625],[-1.2178736831992865,43.05638258345425,1013.4000244140625],[-1.217889692634344,43.056401778012514,1013.5999755859375],[-1.2179054506123066,43.05642105638981,1013.7999877929688],[-1.2179208733141422,43.056439915671945,1014],[-1.2179366312921047,43.05645877495408,1014.2000122070312],[-1.2179540656507015,43.05647738277912,1014.2000122070312],[-1.217972170561552,43.056497080251575,1014.2000122070312],[-1.2179896887391806,43.056516610085964,1014.4000244140625],[-1.21800578199327,43.05653639137745,1014.5999755859375],[-1.2180244736373425,43.05655659176409,1014.7999877929688],[-1.2180442549288273,43.056577211245894,1015],[-1.218067305162549,43.05659498088062,1015],[-1.2180901039391756,43.05661367252469,1015],[-1.218113573268056,43.05663362145424,1015],[-1.2181429099291563,43.056654911488295,1015.2000122070312],[-1.2181743420660496,43.05667729116976,1015.2000122070312],[-1.2182070314884186,43.0566958989948,1015.2000122070312],[-1.218241062015295,43.056713584810495,1015.4000244140625],[-1.2182728294283152,43.05673026479781,1015.4000244140625],[-1.218305854126811,43.05674593895674,1015.4000244140625],[-1.2183356937021017,43.056757589802146,1015.5999755859375],[-1.2183643598109484,43.05676915682852,1015.7999877929688],[-1.2183931097388268,43.056780556216836,1016.2000122070312],[-1.2184237875044346,43.056791201233864,1016.5999755859375],[-1.2184551358222961,43.05680193006992,1016.7999877929688],[-1.2184861488640308,43.056812742725015,1016.7999877929688],[-1.2185159046202898,43.05682087317109,1017.2000122070312],[-1.2185397930443287,43.05682799778879,1017.4000244140625],[-1.2185684591531754,43.05683545768261,1017.5999755859375],[-1.2185972090810537,43.056845515966415,1017.7999877929688],[-1.2186262104660273,43.05685540661216,1017.7999877929688],[-1.218656301498413,43.05686638690531,1018.2000122070312],[-1.218686643987894,43.05687761865556,1018.2000122070312],[-1.2187166512012482,43.056887090206146,1018.5999755859375],[-1.2187447305768728,43.05689547210932,1018.7999877929688],[-1.2187723070383072,43.05690301582217,1018.7999877929688],[-1.2188049126416445,43.05690972134471,1019],[-1.2188398651778698,43.05691860616207,1019.2000122070312],[-1.218872806057334,43.056928077712655,1019.4000244140625],[-1.218902813270688,43.05693679489195,1019.5999755859375],[-1.2189295515418053,43.056946098804474,1020],[-1.218958217650652,43.05695506744087,1020],[-1.2189862132072449,43.05696303024888,1020.2000122070312],[-1.2190154660493135,43.05697099305689,1020.2000122070312],[-1.2190455570816994,43.05697803385556,1020.2000122070312],[-1.2190784979611635,43.05698683485389,1020.5999755859375],[-1.2191081698983908,43.05699622258544,1020.7999877929688],[-1.2191347405314445,43.05700393393636,1020.7999877929688],[-1.2191665917634964,43.05701055563986,1021],[-1.2191990297287703,43.057020865380764,1021.2000122070312],[-1.2192304618656635,43.05703352205455,1021.2000122070312],[-1.2192589603364468,43.057044334709644,1021.5999755859375],[-1.2192887999117374,43.05705774575472,1021.5999755859375],[-1.2193164601922035,43.05707233026624,1021.7999877929688],[-1.2193449586629868,43.05708607658744,1021.7999877929688],[-1.2193716131150723,43.057098146528006,1021.7999877929688],[-1.2194007821381092,43.05710854008794,1022],[-1.2194278556853533,43.057121029123664,1022.2000122070312],[-1.2194534204900265,43.057133769616485,1022.4000244140625],[-1.2194820865988731,43.05714433081448,1022.5999755859375],[-1.219511590898037,43.057156316936016,1022.5999755859375],[-1.2195396702736616,43.05716679431498,1022.7999877929688],[-1.2195688392966986,43.05717810988426,1022.7999877929688],[-1.2196006067097187,43.05719202384353,1023],[-1.2196312844753265,43.05720434524119,1023],[-1.2196591962128878,43.05721381679177,1023.2000122070312],[-1.2196893710643053,43.05722588673234,1023.2000122070312],[-1.219722144305706,43.057238375768065,1023.4000244140625],[-1.2197520677000284,43.05725438520312,1023.5999755859375],[-1.2197829131036997,43.05726637132466,1023.5999755859375],[-1.2198152672499418,43.057281291112304,1023.5999755859375],[-1.2198491301387548,43.057299982756376,1023.7999877929688],[-1.2198813166469336,43.05731758475304,1023.7999877929688],[-1.2199139222502708,43.05733786895871,1023.7999877929688],[-1.2199465278536081,43.05735823698342,1023.7999877929688],[-1.2199797201901674,43.05737927556038,1023.7999877929688],[-1.2200171872973442,43.05740039795637,1023.7999877929688],[-1.2200563307851553,43.05742244236171,1023.7999877929688],[-1.2200942169874907,43.05744289420545,1023.7999877929688],[-1.2201317679136992,43.057466531172395,1023.7999877929688],[-1.2201673071831465,43.057490503415465,1023.7999877929688],[-1.2202078755944967,43.05751581676304,1023.7999877929688],[-1.220246348530054,43.05754146538675,1023.7999877929688],[-1.2202859949320555,43.057568622753024,1023.5999755859375],[-1.2203279044479132,43.05759854614735,1023.4000244140625],[-1.2203755974769592,43.05762662552297,1023.2000122070312],[-1.2204288225620985,43.05765395052731,1023.2000122070312],[-1.220482550561428,43.05768261663616,1023.2000122070312],[-1.2205342669039965,43.057712875306606,1023],[-1.220581205561757,43.05774154141545,1023],[-1.2206317484378815,43.057766770944,1023],[-1.2206843867897987,43.05779074318707,1022.7999877929688],[-1.22073819860816,43.0578167270869,1022.7999877929688],[-1.2207936868071556,43.057843800634146,1022.7999877929688],[-1.2208528630435467,43.0578703712672,1022.7999877929688],[-1.2209132127463818,43.05789736099541,1022.5999755859375],[-1.2209795974195004,43.057920997962356,1022.5999755859375],[-1.2210505921393633,43.057938013225794,1022.4000244140625],[-1.2211230117827654,43.0579533521086,1022],[-1.2211981136351824,43.05796617642045,1021.5999755859375],[-1.2212764844298363,43.05797589942813,1021.4000244140625],[-1.2213566154241562,43.05798511952162,1021.2000122070312],[-1.2214366625994444,43.057994255796075,1021.2000122070312],[-1.2215131893754005,43.058001631870866,1021.2000122070312],[-1.2215733714401722,43.05800582282245,1021.2000122070312],[-1.2216445337980986,43.05800875648856,1021],[-1.2217265088111162,43.058019233867526,1021.2000122070312],[-1.2217923905700445,43.05803935043514,1021.2000122070312],[-1.2218580208718777,43.058067597448826,1021.2000122070312],[-1.221921220421791,43.058097856119275,1021.2000122070312],[-1.2219846714287996,43.05813247337937,1021],[-1.2220413330942392,43.058173041790724,1021],[-1.2220878526568413,43.05821721442044,1020.5999755859375],[-1.2221267446875572,43.05826658383012,1020.4000244140625],[-1.2221590988337994,43.058319222182035,1020.4000244140625],[-1.222181897610426,43.05837412364781,1020.4000244140625],[-1.2222016789019108,43.05842684581876,1020.4000244140625],[-1.2222156766802073,43.05847864598036,1020.4000244140625],[-1.222217520698905,43.058525333181024,1020.4000244140625],[-1.222210144624114,43.0585696734488,1020.4000244140625],[-1.2221911177039146,43.05861887522042,1020.4000244140625],[-1.2221655528992414,43.058672938495874,1020.4000244140625],[-1.2221427541226149,43.058728761971,1019.7999877929688],[-1.222114758566022,43.05878550745547,1019.2000122070312],[-1.22208584100008,43.058846360072494,1019],[-1.222064048051834,43.05891224183142,1018.4000244140625],[-1.222050804644823,43.05898248218,1017.7999877929688],[-1.2220514751970768,43.059055069461465,1017.5999755859375],[-1.2220781296491623,43.05912849493325,1017.5999755859375],[-1.222117943689227,43.0591931194067,1017.4000244140625],[-1.2221688218414783,43.05924843996763,1017.4000244140625],[-1.2222241424024105,43.059299401938915,1017.4000244140625],[-1.222285581752658,43.05934231728315,1017.5999755859375],[-1.2223466858267784,43.0593794491142,1017.5999755859375],[-1.2224075384438038,43.05941339582205,1017.5999755859375],[-1.2224671337753534,43.059449940919876,1017.4000244140625],[-1.2225287407636642,43.059486486017704,1017.4000244140625],[-1.2225908506661654,43.05952101945877,1017.2000122070312],[-1.2226538825780153,43.059559408575296,1017],[-1.222717585042119,43.05960291065276,1016.5999755859375],[-1.222782963886857,43.059652615338564,1016],[-1.2228480074554682,43.059710366651416,1015.5999755859375],[-1.2229218520224094,43.05977373383939,1014.7999877929688],[-1.22300298884511,43.05984288454056,1013.4000244140625],[-1.2230828683823347,43.059925362467766,1011.7999877929688],[-1.223160233348608,43.06001731194556,1010.2000122070312],[-1.2232331559062004,43.060115464031696,1007.2000122070312],[-1.2233070842921734,43.06021973490715,1005.2000122070312],[-1.2233854550868273,43.06032492779195,1003.2000122070312],[-1.223465921357274,43.06043431162834,1001.7999877929688],[-1.2235485669225454,43.0605486407876,999.7999877929688],[-1.223633224144578,43.06066305376589,998.5999755859375],[-1.2237226590514183,43.0607817415148,996.5999755859375],[-1.2238129321485758,43.060902105644345,994.5999755859375],[-1.2239059712737799,43.06102557107806,993.4000244140625],[-1.2239997647702694,43.06115088053048,992.4000244140625],[-1.2240951508283615,43.061276441439986,989.4000244140625],[-1.2241875194013119,43.061400074511766,987.7999877929688],[-1.2242741044610739,43.061514403671026,986.5999755859375],[-1.2243429198861122,43.06161666288972,986.4000244140625],[-1.2243913672864437,43.0617162398994,986],[-1.2244158424437046,43.06182193569839,985.5999755859375],[-1.2244173511862755,43.06192746385932,984.5999755859375],[-1.224410142749548,43.062026454135776,983.4000244140625],[-1.2244120705872774,43.06211647577584,982.7999877929688],[-1.2244269903749228,43.062198953703046,982.5999755859375],[-1.2244621105492115,43.06227489374578,982.2000122070312],[-1.224524974822998,43.06234588846564,982],[-1.2246135715395212,43.062410932034254,981.4000244140625],[-1.2247115559875965,43.06247136555612,979.4000244140625],[-1.22483778744936,43.06254940107465,978.2000122070312],[-1.2249283958226442,43.06260388344526,977.4000244140625],[-1.225043898448348,43.06267119012773,975.5999755859375],[-1.2251651007682085,43.06273673661053,974.2000122070312],[-1.2252944335341454,43.062795996665955,973.5999755859375],[-1.2254305556416512,43.06284762918949,973],[-1.2255945894867182,43.06290093809366,972.4000244140625],[-1.2257072422653437,43.06293102912605,971.5999755859375],[-1.225847639143467,43.062968077138066,970.7999877929688],[-1.2259905505925417,43.063001688569784,970.5999755859375],[-1.226136814802885,43.06302985176444,970.4000244140625],[-1.2262757867574692,43.06305482983589,970.4000244140625],[-1.226401012390852,43.06307285092771,970.4000244140625],[-1.2265095580369234,43.06308793835342,970.4000244140625],[-1.226605949923396,43.06310025975108,971],[-1.2266867514699697,43.063112664967775,973],[-1.2267652060836554,43.06311635300517,974],[-1.2268360331654549,43.063121465966105,974.7999877929688],[-1.2269021663814783,43.06312808766961,975.5999755859375],[-1.2269595824182034,43.06313579902053,976.5999755859375],[-1.2270102929323912,43.063142420724034,977.2000122070312],[-1.2270556390285492,43.06315214373171,977.5999755859375],[-1.2271014042198658,43.063162453472614,978.2000122070312],[-1.227144906297326,43.06317435577512,978.5999755859375],[-1.22718614526093,43.06318458169699,979],[-1.2272381130605936,43.0632010102272,979.4000244140625],[-1.2272788491100073,43.06321308016777,979.5999755859375],[-1.2273103650659323,43.06322196498513,979.7999877929688],[-1.2273508496582508,43.06323696859181,980.2000122070312],[-1.2273782584816217,43.063244512304664,980.5999755859375],[-1.227414719760418,43.063251385465264,981],[-1.2274499237537384,43.06326102465391,981.2000122070312],[-1.2274832837283611,43.06326940655708,981.5999755859375],[-1.2275147996842861,43.06327762082219,982],[-1.22754430398345,43.063287679106,982.2000122070312],[-1.2275777477771044,43.06329212151468,982.4000244140625],[-1.2276111915707588,43.06329840794206,983],[-1.227642958983779,43.06330586783588,983.2000122070312],[-1.2276758160442114,43.0633135791868,983.5999755859375],[-1.2277120258659124,43.06332003325224,983.7999877929688],[-1.2277447991073132,43.06333143264055,984.2000122070312],[-1.2277753930538893,43.063340820372105,984.4000244140625],[-1.2278044782578945,43.06334844790399,984.7999877929688],[-1.227833479642868,43.06335758417845,985],[-1.2278654985129833,43.06336906738579,985.2000122070312],[-1.2278968468308449,43.063383400440216,985.4000244140625],[-1.227927440777421,43.063398487865925,985.7999877929688],[-1.2279588729143143,43.06341256946325,986],[-1.227988125756383,43.06342572905123,986.2000122070312],[-1.2280218210071325,43.06343670934439,986.4000244140625],[-1.2280563544481993,43.06344802491367,987],[-1.2280845176428556,43.06346135213971,987.4000244140625],[-1.2281094957143068,43.063477193936706,987.5999755859375],[-1.2281320430338383,43.063489431515336,987.7999877929688],[-1.2281546741724014,43.06350711733103,988.2000122070312],[-1.2281791493296623,43.06352295912802,988.4000244140625],[-1.2282006908208132,43.06353888474405,988.4000244140625],[-1.2282214779406786,43.06355372071266,988.5999755859375],[-1.2282436061650515,43.063566628843546,988.7999877929688],[-1.228270260617137,43.063579788431525,989],[-1.22829825617373,43.063592026010156,989.4000244140625],[-1.2283254973590374,43.06360602378845,989.4000244140625],[-1.228354498744011,43.0636209435761,989.7999877929688],[-1.2283776327967644,43.06363636627793,990],[-1.2284024432301521,43.06365430355072,990.2000122070312],[-1.2284280080348253,43.06367039680481,990.4000244140625],[-1.2284518126398325,43.06368665769696,990.5999755859375],[-1.228476706892252,43.06370409205556,990.7999877929688],[-1.2285025231540203,43.063721107319,991],[-1.2285233940929174,43.06373577564955,991.2000122070312],[-1.2285441812127829,43.06374952197075,991.4000244140625],[-1.2285680696368217,43.06376435793936,991.4000244140625],[-1.2285998370498419,43.06377315893769,991.7999877929688],[-1.2286262400448322,43.0637848097831,992],[-1.2286526430398226,43.063790844753385,992.2000122070312],[-1.2286827340722084,43.063799142837524,992.4000244140625],[-1.2287132441997528,43.063806435093284,992.7999877929688],[-1.228741155937314,43.06381104514003,993],[-1.2287657987326384,43.06381691247225,993.2000122070312],[-1.2287958059459925,43.063808949664235,993.2000122070312],[-1.2288210354745388,43.06381833739579,993.4000244140625],[-1.2288464326411486,43.063825042918324,993.5999755859375],[-1.2288699857890606,43.06382780894637,993.7999877929688],[-1.2288941256701946,43.06383116170764,994],[-1.2289162538945675,43.063838286325336,994.2000122070312],[-1.228944081813097,43.06384918279946,994.4000244140625],[-1.2289636954665184,43.06385446339846,994.5999755859375],[-1.2289828900247812,43.06385789997876,994.7999877929688],[-1.2290113046765327,43.0638572294265,995],[-1.2290397193282843,43.063856391236186,995.2000122070312],[-1.2290665414184332,43.06386292912066,995.4000244140625],[-1.2290906812995672,43.063870975747705,995.5999755859375],[-1.2291152402758598,43.06387575343251,995.5999755859375],[-1.22914114035666,43.06387868709862,996],[-1.2291693035513163,43.06388690136373,996],[-1.2291994784027338,43.06388245895505,996.2000122070312],[-1.2292225286364555,43.063885141164064,996.2000122070312],[-1.2292442377656698,43.06389033794403,996.5999755859375],[-1.2292611692100763,43.063892936334014,996.5999755859375],[-1.2292822916060686,43.06389846839011,996.7999877929688],[-1.229305174201727,43.06390391662717,997],[-1.2293250393122435,43.06391078978777,997.4000244140625],[-1.229346664622426,43.06391724385321,997.4000244140625],[-1.2293691281229258,43.0639179982245,997.4000244140625],[-1.2293874006718397,43.06391967460513,997.5999755859375],[-1.2294056732207537,43.063921350985765,998],[-1.2294259574264288,43.063921770080924,998],[-1.2294457387179136,43.06392755359411,998.5999755859375],[-1.2294687889516354,43.063937444239855,998.5999755859375],[-1.2294953595846891,43.063941886648536,998.7999877929688],[-1.2295194156467915,43.063942892476916,998.7999877929688],[-1.2295391969382763,43.06394197046757,999.2000122070312],[-1.2295565474778414,43.06394004262984,999.2000122070312],[-1.229578759521246,43.06394096463919,999.4000244140625],[-1.2296048272401094,43.06394247338176,999.7999877929688],[-1.229632655158639,43.06394197046757,1000],[-1.2296601478010416,43.063940377905965,1000],[-1.2296891491860151,43.06393275037408,1000.5999755859375],[-1.2297098524868488,43.06392939761281,1000.5999755859375],[-1.229730974882841,43.063921853899956,1000.7999877929688],[-1.2297545280307531,43.06391917169094,1001.2000122070312],[-1.2297821044921875,43.0639161542058,1001.2000122070312],[-1.2298080045729876,43.0639145616442,1001.7999877929688],[-1.229838514700532,43.06391481310129,1001.7999877929688],[-1.229863241314888,43.06391481310129,1001.7999877929688],[-1.2298917397856712,43.06391665711999,1002],[-1.2299194000661373,43.063922775909305,1002.4000244140625],[-1.2299559451639652,43.063916405662894,1002.4000244140625],[-1.2299858685582876,43.06391280144453,1002.5999755859375],[-1.2300189770758152,43.06390701793134,1002.7999877929688],[-1.230046134442091,43.063896875828505,1003.2000122070312],[-1.23007589019835,43.06388732045889,1003.2000122070312],[-1.2301199790090322,43.06386921554804,1003.2000122070312],[-1.2301499024033546,43.06386728771031,1003.4000244140625],[-1.2301850225776434,43.06388363242149,1003.7999877929688],[-1.2302182149142027,43.06389997713268,1004],[-1.2302394211292267,43.06390793994069,1004.4000244140625],[-1.23026791960001,43.06391514837742,1004.4000244140625],[-1.2302959151566029,43.06391179561615,1004.5999755859375],[-1.2303139362484217,43.06390006095171,1005],[-1.2303304485976696,43.06390249170363,1005],[-1.2303554266691208,43.06390509009361,1005.2000122070312],[-1.2303760461509228,43.06389679200947,1005.2000122070312],[-1.2304031196981668,43.0638815369457,1005.4000244140625],[-1.2304265890270472,43.06386871263385,1005.5999755859375],[-1.2304491363465786,43.06385764852166,1005.7999877929688],[-1.2304679118096828,43.063849937170744,1006],[-1.2304910458624363,43.06384180672467,1006.4000244140625],[-1.2305133417248726,43.06383376009762,1006.4000244140625],[-1.230537062510848,43.06382479146123,1006.7999877929688],[-1.2305614538490772,43.063817750662565,1007],[-1.230590958148241,43.0638175830245,1007.2000122070312],[-1.230609817430377,43.06381473317742,1007.5999755859375],[-1.2306338734924793,43.06380962021649,1007.5999755859375],[-1.2306561693549156,43.06380274705589,1007.7999877929688],[-1.2306819017976522,43.06379687972367,1007.7999877929688],[-1.2307098973542452,43.063789922744036,1008.2000122070312],[-1.230731438845396,43.06377835571766,1008.2000122070312],[-1.230754740536213,43.06377072818577,1008.5999755859375],[-1.2307718396186829,43.063764525577426,1008.5999755859375],[-1.2307938002049923,43.06375413201749,1009.2000122070312],[-1.230820706114173,43.063747929409146,1009.2000122070312],[-1.2308432534337044,43.06374457664788,1009.2000122070312],[-1.2308692373335361,43.06374507956207,1009.5999755859375],[-1.2308858335018158,43.06374130770564,1009.5999755859375],[-1.2309093866497278,43.06373594328761,1010],[-1.2309289164841175,43.06373015977442,1010],[-1.2309474404901266,43.06372303515673,1010.4000244140625],[-1.2309657130390406,43.063720436766744,1010.5999755859375],[-1.2309854105114937,43.06371968239546,1010.7999877929688],[-1.2310035154223442,43.06372026912868,1011],[-1.2310302536934614,43.06372060440481,1011.4000244140625],[-1.2310658767819405,43.06371725164354,1011.7999877929688],[-1.2310936208814383,43.06372219696641,1012],[-1.2311325129121542,43.06372823193669,1012.2000122070312],[-1.2311591673642397,43.0637311656028,1012.5999755859375],[-1.231194706633687,43.063730830326676,1013],[-1.2312260549515486,43.06373183615506,1013.2000122070312],[-1.2312587443739176,43.06373284198344,1013.4000244140625],[-1.2312994804233313,43.063738122582436,1013.5999755859375],[-1.2313343491405249,43.063745917752385,1013.7999877929688],[-1.2313589081168175,43.06375580839813,1014.2000122070312],[-1.231385227292776,43.063768884167075,1014.2000122070312],[-1.2314049247652292,43.063781624659896,1014.5999755859375],[-1.2314253766089678,43.06379486806691,1014.7999877929688],[-1.2314479239284992,43.063810374587774,1015],[-1.2314689625054598,43.06382663547993,1015.2000122070312],[-1.2314854748547077,43.0638469196856,1015.4000244140625],[-1.2315076030790806,43.063866533339024,1016],[-1.2315262109041214,43.06388388387859,1016.2000122070312],[-1.2315459921956062,43.06389913894236,1016.4000244140625],[-1.231566360220313,43.06391380727291,1016.4000244140625],[-1.2315892428159714,43.063927721232176,1016.7999877929688],[-1.2316138856112957,43.06393970735371,1016.7999877929688],[-1.231627631932497,43.06395563296974,1017],[-1.2316467426717281,43.063969546929,1017.4000244140625],[-1.2316708825528622,43.06398128159344,1017.5999755859375],[-1.231694519519806,43.064000476151705,1017.5999755859375],[-1.2317261192947626,43.06400994770229,1017.7999877929688],[-1.231753695756197,43.06402369402349,1018.2000122070312],[-1.231788732111454,43.06404137983918,1018.2000122070312],[-1.2318112794309855,43.0640474986285,1018.5999755859375],[-1.2318412866443396,43.06405546143651,1018.7999877929688],[-1.2318740598857403,43.064064513891935,1019],[-1.2319023068994284,43.064069962129,1019.2000122070312],[-1.2319265305995941,43.06407541036606,1019.2000122070312],[-1.2319525144994259,43.06407398544252,1019.5999755859375],[-1.2319759838283062,43.06407415308058,1019.7999877929688],[-1.2320022191852331,43.06407172232866,1020],[-1.2320282030850649,43.064069375395775,1020.2000122070312],[-1.232054103165865,43.06406434625387,1020.2000122070312],[-1.2320769857615232,43.064061077311635,1020.5999755859375],[-1.2320960965007544,43.064059400931,1020.7999877929688],[-1.232114788144827,43.06405495852232,1021.2000122070312],[-1.2321359105408192,43.06405294686556,1021.4000244140625],[-1.2321591284126043,43.06404775008559,1021.5999755859375],[-1.2321885488927364,43.06404280476272,1021.7999877929688],[-1.2322001159191132,43.06404263712466,1022],[-1.2322178855538368,43.06404280476272,1022.2000122070312],[-1.232234062626958,43.064045403152704,1022.5999755859375],[-1.232252586632967,43.06404816918075,1023],[-1.2322735413908958,43.06404967792332,1023.2000122070312],[-1.2322992738336325,43.06405018083751,1023.4000244140625],[-1.232324754819274,43.064053198322654,1023.5999755859375],[-1.23234948143363,43.06406132876873,1024],[-1.232366245239973,43.0640665255487,1024.199951171875],[-1.2323852721601725,43.064074739813805,1024.4000244140625],[-1.2324025388807058,43.06408463045955,1024.800048828125],[-1.2324193865060806,43.06409611366689,1025],[-1.2324348092079163,43.06410809978843,1025.199951171875],[-1.2324499804526567,43.06411597877741,1025.4000244140625],[-1.2324680015444756,43.0641267914325,1025.800048828125],[-1.23248434625566,43.06413752026856,1026],[-1.2325011938810349,43.06414699181914,1026.199951171875],[-1.232520556077361,43.064156798645854,1026.4000244140625],[-1.2325362302362919,43.064169539138675,1026.5999755859375],[-1.232551820576191,43.064180351793766,1026.800048828125],[-1.2325695902109146,43.064188901335,1027.199951171875],[-1.2325867731124163,43.064199797809124,1027.4000244140625],[-1.2326061353087425,43.06420834735036,1027.5999755859375],[-1.2326264195144176,43.064214047044516,1027.800048828125],[-1.232649302110076,43.06422175839543,1028],[-1.2326679937541485,43.064229134470224,1028.199951171875],[-1.2326873559504747,43.06423609144986,1028.4000244140625],[-1.2327087298035622,43.0642425455153,1028.5999755859375],[-1.2327290140092373,43.06424958631396,1028.800048828125],[-1.232751477509737,43.064257549121976,1029],[-1.2327764555811882,43.06426417082548,1029],[-1.2328001763671637,43.06427255272865,1029.199951171875],[-1.2328229751437902,43.06428009644151,1029.4000244140625],[-1.232843343168497,43.06428445503116,1029.4000244140625],[-1.2328661419451237,43.064289735630155,1029.5999755859375],[-1.232889024540782,43.0642959382385,1029.800048828125],[-1.2329112365841866,43.06430113501847,1030],[-1.2329346220940351,43.06430608034134,1030.199951171875],[-1.2329569179564714,43.06431261822581,1030.4000244140625],[-1.2329769507050514,43.06431781500578,1030.4000244140625],[-1.2329977378249168,43.06432083249092,1030.5999755859375],[-1.2330207042396069,43.06432259269059,1030.800048828125],[-1.2330430001020432,43.064323514699936,1031],[-1.2330642063170671,43.06432569399476,1031.199951171875],[-1.2330873403698206,43.064326364547014,1031.4000244140625],[-1.2331082113087177,43.06432812474668,1031.4000244140625],[-1.233131093904376,43.064332315698266,1031.800048828125],[-1.2331526353955269,43.064333740621805,1031.800048828125],[-1.2331757694482803,43.06433432735503,1032],[-1.2331975623965263,43.06433390825987,1032.199951171875],[-1.2332205288112164,43.064333237707615,1032.4000244140625],[-1.2332410644739866,43.06433315388858,1032.4000244140625],[-1.2332602590322495,43.06433608755469,1032.800048828125],[-1.2332803755998611,43.06433650664985,1033],[-1.2333015818148851,43.06433659046888,1033.199951171875],[-1.2333255540579557,43.06433290243149,1033.4000244140625],[-1.23335019685328,43.06432804092765,1033.5999755859375],[-1.2333732470870018,43.06432234123349,1033.5999755859375],[-1.2333962135016918,43.064318150281906,1033.800048828125],[-1.2334185931831598,43.064312199130654,1034],[-1.2334413919597864,43.06430566124618,1034],[-1.2334628496319056,43.064299039542675,1034.199951171875],[-1.2334841396659613,43.06429292075336,1034.199951171875],[-1.2335050106048584,43.064284874126315,1034.4000244140625],[-1.2335229478776455,43.06427816860378,1034.5999755859375],[-1.2335444893687963,43.06427045725286,1034.800048828125],[-1.2335641030222178,43.06426215916872,1035],[-1.2335841357707977,43.064252603799105,1035],[-1.2336039170622826,43.064242796972394,1035.199951171875],[-1.23362235724926,43.06423273868859,1035.4000244140625],[-1.2336411327123642,43.064220920205116,1035.4000244140625],[-1.2336586508899927,43.0642095208168,1035.5999755859375],[-1.2336755823343992,43.06419820524752,1035.800048828125],[-1.2336938548833132,43.06418756023049,1036],[-1.2337164860218763,43.06417624466121,1036.199951171875],[-1.233740458264947,43.064164677634835,1036.4000244140625],[-1.2337635084986687,43.06415352970362,1036.5999755859375],[-1.2337859719991684,43.06414003483951,1036.5999755859375],[-1.233807262033224,43.06412536650896,1037],[-1.2338293064385653,43.06411128491163,1037.199951171875],[-1.2338514346629381,43.064098712056875,1037.199951171875],[-1.233872976154089,43.064084965735674,1037.4000244140625],[-1.23389208689332,43.06407046504319,1037.5999755859375],[-1.2339108623564243,43.064053785055876,1037.800048828125],[-1.2339322362095118,43.064039619639516,1038],[-1.2339556217193604,43.064028387889266,1038.199951171875],[-1.2339794263243675,43.06401531212032,1038.4000244140625],[-1.233998704701662,43.0639991350472,1038.5999755859375],[-1.23401521705091,43.06398404762149,1038.800048828125],[-1.234031980857253,43.06397055275738,1038.800048828125],[-1.2340512592345476,43.063958398997784,1039.199951171875],[-1.2340703699737787,43.063947753980756,1039.199951171875],[-1.2340896483510733,43.063936941325665,1039.5999755859375],[-1.2341107707470655,43.06392386555672,1039.800048828125],[-1.2341323122382164,43.06391129270196,1040],[-1.2341519258916378,43.06389662437141,1040.199951171875],[-1.2341723777353764,43.06388044729829,1040.4000244140625],[-1.2341929133981466,43.06386527605355,1040.4000244140625],[-1.2342135328799486,43.0638522002846,1040.800048828125],[-1.2342320568859577,43.063840046525,1041],[-1.2342532631009817,43.063827054575086,1041.199951171875],[-1.2342738825827837,43.06381221860647,1041.4000244140625],[-1.2342922389507294,43.063796795904636,1041.5999755859375],[-1.2343106791377068,43.06378263048828,1041.5999755859375],[-1.234331214800477,43.063770309090614,1041.800048828125],[-1.2343484815210104,43.063757568597794,1042],[-1.2343640718609095,43.06374524720013,1042.199951171875],[-1.2343809194862843,43.063731249421835,1042.4000244140625],[-1.2343961745500565,43.06371683254838,1042.4000244140625],[-1.2344118487089872,43.06370006874204,1042.5999755859375],[-1.2344256788492203,43.06368246674538,1042.800048828125],[-1.2344369105994701,43.06366352364421,1043],[-1.2344488967210054,43.063645251095295,1043.199951171875],[-1.2344641517847776,43.06362739764154,1043.4000244140625],[-1.2344772275537252,43.06361071765423,1043.4000244140625],[-1.2344882916659117,43.06359370239079,1043.800048828125],[-1.234498517587781,43.06357719004154,1044],[-1.2345092464238405,43.06355816312134,1044],[-1.2345219869166613,43.06354106403887,1044.199951171875],[-1.2345369905233383,43.06352664716542,1044.4000244140625],[-1.2345483899116516,43.06350963190198,1044.5999755859375],[-1.234561549499631,43.06349362246692,1044.5999755859375],[-1.234573870897293,43.063478199765086,1044.800048828125],[-1.2345937360078096,43.06346076540649,1045],[-1.2346067279577255,43.06344794109464,1045.199951171875],[-1.2346209771931171,43.06343142874539,1045.199951171875],[-1.2346359807997942,43.06341483257711,1045.199951171875],[-1.2346511520445347,43.06339873932302,1045.5999755859375],[-1.2346689216792583,43.063385328277946,1045.5999755859375],[-1.234689373522997,43.06337334215641,1046],[-1.234710579738021,43.06336118839681,1046],[-1.2347304448485374,43.06334936991334,1046.199951171875],[-1.234747041016817,43.063337467610836,1046.4000244140625],[-1.2347643077373505,43.06332414038479,1046.4000244140625],[-1.2347829155623913,43.063312070444226,1046.5999755859375],[-1.2348040379583836,43.06330016814172,1046.800048828125],[-1.2348255794495344,43.06328885257244,1047],[-1.2348476238548756,43.06327770464122,1047.199951171875],[-1.2348686624318361,43.06326672434807,1047.4000244140625],[-1.2348928023129702,43.06325406767428,1047.5999755859375],[-1.2349066324532032,43.063246523961425,1047.800048828125],[-1.2349218036979437,43.06323638185859,1048],[-1.234939070418477,43.063225569203496,1048.199951171875],[-1.234957342967391,43.06321173906326,1048.4000244140625],[-1.234976788982749,43.0631994176656,1048.800048828125],[-1.234996234998107,43.06318759918213,1048.800048828125],[-1.2350161001086235,43.06317846290767,1049.199951171875],[-1.2350337021052837,43.06316957809031,1049.4000244140625],[-1.2350485380738974,43.06315843015909,1049.5999755859375],[-1.2350621167570353,43.063145857304335,1049.800048828125],[-1.2350764498114586,43.0631322786212,1050],[-1.2350881844758987,43.063118448480964,1050.199951171875],[-1.2350979913026094,43.06310520507395,1050.199951171875],[-1.2351061217486858,43.06309145875275,1050.4000244140625],[-1.2351153418421745,43.06307611986995,1050.5999755859375],[-1.235125483945012,43.06306111626327,1050.5999755859375],[-1.2351354584097862,43.06304544210434,1051],[-1.235144343227148,43.06303077377379,1051],[-1.2351513002067804,43.06301845237613,1051.199951171875],[-1.2351603526622057,43.06300529278815,1051.199951171875],[-1.2351673934608698,43.06299070827663,1051.4000244140625],[-1.2351731769740582,43.0629747826606,1051.800048828125],[-1.2351834028959274,43.06295734830201,1051.800048828125],[-1.235191784799099,43.062942596152425,1052],[-1.2352043576538563,43.06292532943189,1052.199951171875],[-1.2352125719189644,43.06291409768164,1052.4000244140625],[-1.2352207861840725,43.06289833970368,1052.5999755859375],[-1.2352305091917515,43.06288090534508,1052.5999755859375],[-1.2352342810481787,43.06286757811904,1052.800048828125],[-1.2352407351136208,43.06284989230335,1053],[-1.2352479435503483,43.06283438578248,1053],[-1.2352543976157904,43.062818963080645,1053.199951171875],[-1.235264791175723,43.06280370801687,1053.4000244140625],[-1.2352761905640364,43.0627900455147,1053.4000244140625],[-1.2352867517620325,43.06277730502188,1053.800048828125],[-1.2352965585887432,43.06276305578649,1054],[-1.2353046890348196,43.06274704635143,1054],[-1.2353123165667057,43.062729528173804,1054.199951171875],[-1.2353185191750526,43.06271368637681,1054.4000244140625],[-1.235326062887907,43.06269792839885,1054.4000244140625],[-1.2353374622762203,43.0626830086112,1054.5999755859375],[-1.2353481072932482,43.062668927013874,1054.5999755859375],[-1.2353594228625298,43.06265643797815,1054.800048828125],[-1.2353715766221285,43.062641099095345,1055.199951171875],[-1.2353833112865686,43.0626245867461,1055.199951171875],[-1.2353959679603577,43.06260958313942,1055.4000244140625],[-1.235409127548337,43.06259550154209,1055.5999755859375],[-1.235424466431141,43.06258167140186,1055.5999755859375],[-1.2354407273232937,43.06256767362356,1055.800048828125],[-1.2354567367583513,43.06255132891238,1056],[-1.2354713212698698,43.06254127062857,1056.199951171875],[-1.2354900129139423,43.062532218173146,1056.4000244140625],[-1.2355084531009197,43.06252375245094,1056.800048828125],[-1.23552898876369,43.06251687929034,1057.199951171875],[-1.2355509493499994,43.06251252070069,1057.5999755859375],[-1.235576681792736,43.0625122692436,1057.800048828125],[-1.2355913501232862,43.062511179596186,1058],[-1.235611718147993,43.06250983849168,1058.199951171875],[-1.2356362771242857,43.062510592862964,1058.4000244140625],[-1.2356537114828825,43.06251151487231,1058.5999755859375],[-1.2356734089553356,43.06251520290971,1058.800048828125],[-1.23569511808455,43.062518974766135,1059],[-1.2357166595757008,43.06252425536513,1059.199951171875],[-1.2357350159436464,43.06253154762089,1059.5999755859375],[-1.2357563059777021,43.06253766641021,1059.800048828125],[-1.2357740756124258,43.06254453957081,1059.800048828125],[-1.235792264342308,43.06255233474076,1060],[-1.2358137220144272,43.062560968101025,1060.199951171875],[-1.2358327489346266,43.062569769099355,1060.199951171875],[-1.235848255455494,43.06257647462189,1060.4000244140625],[-1.2358677852898836,43.06258435361087,1060.5999755859375],[-1.2358873151242733,43.06259390898049,1060.800048828125],[-1.2359045818448067,43.062603548169136,1061],[-1.2359226029366255,43.06261452846229,1061.199951171875],[-1.235933667048812,43.062622491270304,1061.4000244140625],[-1.2359480001032352,43.06263263337314,1061.4000244140625],[-1.2359650153666735,43.06264445185661,1061.800048828125],[-1.2359839584678411,43.06265761144459,1062],[-1.235994603484869,43.062666580080986,1062.199951171875],[-1.2360041588544846,43.06267856620252,1062.4000244140625],[-1.2360192462801933,43.0626882892102,1062.5999755859375],[-1.2360342498868704,43.06270144879818,1062.5999755859375],[-1.2360526900738478,43.062714440748096,1062.800048828125],[-1.236067023128271,43.06272357702255,1063],[-1.236077332869172,43.06273170746863,1063.199951171875],[-1.2360917497426271,43.06274117901921,1063.4000244140625],[-1.2361075915396214,43.06275316514075,1063.5999755859375],[-1.2361242715269327,43.0627659894526,1064],[-1.2361429631710052,43.06277713738382,1064.199951171875],[-1.2361577991396189,43.062789626419544,1064.4000244140625],[-1.236172216013074,43.06280395947397,1064.5999755859375],[-1.2361886445432901,43.06281569413841,1065],[-1.2362014688551426,43.06282617151737,1065.199951171875],[-1.2362141255289316,43.06283815763891,1065.5999755859375],[-1.236227536574006,43.06284813210368,1065.800048828125],[-1.2362416181713343,43.06285869330168,1065.800048828125],[-1.2362562026828527,43.062870847061276,1066],[-1.2362713739275932,43.062882078811526,1066.199951171875],[-1.2362878862768412,43.0628920532763,1066.4000244140625],[-1.2363044824451208,43.062901608645916,1066.5999755859375],[-1.2363188154995441,43.06291317567229,1066.800048828125],[-1.2363313045352697,43.06292608380318,1066.800048828125],[-1.23634597286582,43.06293932721019,1067],[-1.236360389739275,43.062950475141406,1067.199951171875],[-1.2363769859075546,43.06296271272004,1067.4000244140625],[-1.2363966833800077,43.062979225069284,1067.4000244140625],[-1.2364106811583042,43.06299012154341,1068],[-1.2364266067743301,43.06300110183656,1068.199951171875],[-1.2364437896758318,43.063010992482305,1068.199951171875],[-1.2364604696631432,43.06302306242287,1068.4000244140625],[-1.2364763114601374,43.06303488090634,1068.800048828125],[-1.2364942487329245,43.06304535828531,1068.800048828125],[-1.2365137785673141,43.0630561709404,1069],[-1.236530290916562,43.06306941434741,1069.199951171875],[-1.2365487311035395,43.063079975545406,1069.199951171875],[-1.2365684285759926,43.063090117648244,1069.5999755859375],[-1.236591562628746,43.06310176849365,1069.800048828125],[-1.2366078235208988,43.06310906074941,1069.800048828125],[-1.2366278562694788,43.063117107376456,1069.800048828125],[-1.2366468831896782,43.06312448345125,1070],[-1.236665491014719,43.06313135661185,1070.4000244140625],[-1.2366845179349184,43.06313646957278,1070.5999755859375],[-1.2367053888738155,43.063141917809844,1070.5999755859375],[-1.236724415794015,43.06314627639949,1070.5999755859375],[-1.236745622009039,43.063150215893984,1071.199951171875],[-1.2367666605859995,43.06315507739782,1071.199951171875],[-1.236788034439087,43.06316086091101,1071.199951171875],[-1.236808905377984,43.06316563859582,1071.5999755859375],[-1.2368307821452618,43.063168404623866,1071.5999755859375],[-1.2368526589125395,43.063170332461596,1071.800048828125],[-1.2368771340698004,43.06317334994674,1072.4000244140625],[-1.23689666390419,43.06317745707929,1072.4000244140625],[-1.2369195464998484,43.06318080984056,1072.800048828125],[-1.2369416747242212,43.06318315677345,1073],[-1.2369622942060232,43.06318533606827,1073],[-1.2369819916784763,43.063188353553414,1073.199951171875],[-1.237004790455103,43.06319044902921,1073.199951171875],[-1.2370292656123638,43.0631943885237,1073.800048828125],[-1.2370535731315613,43.063198663294315,1073.800048828125],[-1.2370753660798073,43.06320042349398,1074.199951171875],[-1.2371000088751316,43.06320042349398,1074.4000244140625],[-1.2371238972991705,43.06320193223655,1074.5999755859375],[-1.237143510952592,43.06320386007428,1075],[-1.2371635437011719,43.06320436298847,1075],[-1.2371855042874813,43.063206039369106,1075],[-1.2372065428644419,43.06320830248296,1075.199951171875],[-1.2372285034507513,43.06320880539715,1075.5999755859375],[-1.2372501287609339,43.06320981122553,1076],[-1.2372730113565922,43.06321115233004,1076.199951171875],[-1.2372958939522505,43.063212325796485,1076.4000244140625],[-1.2373176869004965,43.06321291252971,1076.4000244140625],[-1.2373376358300447,43.06321274489164,1076.800048828125],[-1.2373580876737833,43.063211906701326,1077],[-1.2373812217265368,43.06320955976844,1077],[-1.237406199797988,43.06320637464523,1077.4000244140625],[-1.2374300882220268,43.06320562027395,1077.5999755859375],[-1.237450623884797,43.06320570409298,1077.5999755859375],[-1.2374742608517408,43.06320805102587,1077.800048828125],[-1.237493958324194,43.06320964358747,1078.199951171875],[-1.23751281760633,43.06321048177779,1078.199951171875],[-1.2375321798026562,43.06321073323488,1078.4000244140625],[-1.2375524640083313,43.063208973035216,1078.800048828125],[-1.2375740054994822,43.063208470121026,1079],[-1.2375931162387133,43.0632046982646,1079.4000244140625],[-1.237614406272769,43.063199585303664,1079.5999755859375],[-1.2376325111836195,43.06319740600884,1080],[-1.2376533821225166,43.06319447234273,1080.199951171875],[-1.237674755975604,43.06319463998079,1080.5999755859375],[-1.2376952916383743,43.06319514289498,1080.800048828125],[-1.2377147376537323,43.0631909519434,1080.800048828125],[-1.2377323396503925,43.063185419887304,1081.4000244140625],[-1.23775077983737,43.06317745707929,1081.4000244140625],[-1.2377700582146645,43.063173182308674,1081.5999755859375],[-1.2377863191068172,43.063164968043566,1082],[-1.2378053460270166,43.06315599940717,1082.199951171875],[-1.23782554641366,43.06314753368497,1082.199951171875],[-1.2378459982573986,43.06313772685826,1082.5999755859375],[-1.2378635164350271,43.063130769878626,1082.800048828125],[-1.2378810346126556,43.0631217174232,1082.800048828125],[-1.2378981336951256,43.06311291642487,1083.199951171875],[-1.237913304939866,43.06310470215976,1083.4000244140625],[-1.2379289790987968,43.06309724226594,1083.4000244140625],[-1.2379461620002985,43.063089698553085,1083.5999755859375],[-1.2379638478159904,43.06308014318347,1084],[-1.2379796896129847,43.06307192891836,1084],[-1.2379976268857718,43.06306354701519,1084.199951171875],[-1.2380129657685757,43.06305323727429,1084.5999755859375],[-1.2380288075655699,43.063045274466276,1084.800048828125],[-1.2380449008196592,43.0630355514586,1084.800048828125],[-1.2380610778927803,43.06302398443222,1085.199951171875],[-1.2380797695368528,43.06301157921553,1085.199951171875],[-1.2380967009812593,43.06300043128431,1085.4000244140625],[-1.23811773955822,43.06299028918147,1085.4000244140625],[-1.2381353415548801,43.062981739640236,1085.800048828125],[-1.2381507642567158,43.06297444738448,1086],[-1.238170461729169,43.062964556738734,1086],[-1.2381906621158123,43.06295491755009,1086.199951171875],[-1.238207845017314,43.06294787675142,1086.5999755859375],[-1.2382282968610525,43.06294091977179,1086.800048828125],[-1.2382483296096325,43.06293119676411,1086.800048828125],[-1.238267943263054,43.06292264722288,1086.800048828125],[-1.2382900714874268,43.062915187329054,1087.199951171875],[-1.2383114453405142,43.06291066110134,1087.199951171875],[-1.238330639898777,43.06290663778782,1087.4000244140625],[-1.2383509241044521,43.062902111560106,1087.4000244140625],[-1.2383738067001104,43.062896663323045,1087.4000244140625],[-1.238397527486086,43.06289356201887,1087.800048828125],[-1.238419571891427,43.062895238399506,1088],[-1.2384430412203074,43.062895238399506,1088.4000244140625],[-1.238465504720807,43.062894651666284,1088.5999755859375],[-1.238486124202609,43.06289381347597,1088.5999755859375],[-1.2385080009698868,43.06289196945727,1088.800048828125],[-1.2385303806513548,43.06289188563824,1088.800048828125],[-1.2385539337992668,43.062891718000174,1089.199951171875],[-1.2385751400142908,43.062890376895666,1089.199951171875],[-1.2385958433151245,43.06288610212505,1089.4000244140625],[-1.2386182229965925,43.06288325227797,1089.800048828125],[-1.2386409379541874,43.06288165971637,1089.800048828125],[-1.2386634014546871,43.062879564240575,1090],[-1.2386873736977577,43.06287428364158,1090],[-1.2387109268456697,43.06286548264325,1090],[-1.2387337256222963,43.06285944767296,1090],[-1.2387536745518446,43.062854250893,1090.4000244140625],[-1.2387753836810589,43.06284821592271,1090.5999755859375],[-1.238798936828971,43.06284234859049,1090.5999755859375],[-1.2388233281672,43.06283547542989,1090.5999755859375],[-1.2388452887535095,43.062828266993165,1091],[-1.2388649862259626,43.06282063946128,1091],[-1.2388848513364792,43.062811670824885,1091.199951171875],[-1.238907566294074,43.062805803492665,1091.199951171875],[-1.2389286886900663,43.062801444903016,1091.4000244140625],[-1.2389419320970774,43.06279817596078,1091.800048828125],[-1.2389492243528366,43.06279591284692,1091.800048828125],[-1.2389492243528366,43.06279591284692,1092],[-1.2389492243528366,43.06279591284692,1092],[-1.2389492243528366,43.06279591284692,1092],[-1.2389492243528366,43.06279591284692,1092],[-1.2389492243528366,43.06279591284692,1092],[-1.2389492243528366,43.06279591284692,1092],[-1.2389492243528366,43.06279591284692,1092],[-1.2389492243528366,43.06279591284692,1091.800048828125],[-1.2389492243528366,43.06279591284692,1091.800048828125],[-1.2389492243528366,43.06279591284692,1091.800048828125],[-1.2389492243528366,43.06279591284692,1091.800048828125],[-1.2389492243528366,43.06279591284692,1091.800048828125],[-1.2389492243528366,43.06279591284692,1091.800048828125],[-1.2389492243528366,43.06279591284692,1091.800048828125],[-1.2389492243528366,43.06279591284692,1091.4000244140625],[-1.2389492243528366,43.06279591284692,1091.4000244140625],[-1.2389492243528366,43.06279591284692,1091.199951171875],[-1.2389492243528366,43.06279591284692,1091.199951171875],[-1.2389492243528366,43.06279591284692,1091.199951171875],[-1.2389492243528366,43.06279591284692,1091.199951171875],[-1.2389492243528366,43.06279591284692,1091.199951171875],[-1.2389492243528366,43.06279591284692,1091.199951171875],[-1.2389492243528366,43.06279591284692,1091.199951171875],[-1.2389492243528366,43.06279591284692,1091.199951171875],[-1.2389492243528366,43.06279591284692,1091.199951171875],[-1.2389492243528366,43.06279591284692,1091.199951171875],[-1.2389492243528366,43.06279591284692,1091],[-1.2389492243528366,43.06279591284692,1091],[-1.2389492243528366,43.06279591284692,1091],[-1.2389492243528366,43.06279591284692,1091],[-1.2389492243528366,43.06279591284692,1091],[-1.2389492243528366,43.06279591284692,1091],[-1.2389492243528366,43.06279591284692,1091],[-1.2389492243528366,43.06279591284692,1091],[-1.2389492243528366,43.06279591284692,1091],[-1.2389492243528366,43.06279591284692,1091],[-1.2389492243528366,43.06279591284692,1091],[-1.2389492243528366,43.06279591284692,1090.5999755859375],[-1.2389492243528366,43.06279591284692,1090.5999755859375],[-1.2389492243528366,43.06279591284692,1090.5999755859375],[-1.2389492243528366,43.06279591284692,1090.5999755859375],[-1.2389492243528366,43.06279591284692,1090.5999755859375],[-1.2389492243528366,43.06279591284692,1090.5999755859375],[-1.2389492243528366,43.06279591284692,1090.5999755859375],[-1.2389492243528366,43.06279591284692,1090.5999755859375],[-1.2389492243528366,43.06279591284692,1090.5999755859375],[-1.2389492243528366,43.06279591284692,1090.5999755859375],[-1.2389492243528366,43.06279591284692,1090.5999755859375],[-1.2389492243528366,43.06279591284692,1090.5999755859375],[-1.2389492243528366,43.06279591284692,1090.5999755859375],[-1.2389492243528366,43.06279591284692,1090.5999755859375],[-1.2389492243528366,43.06279591284692,1090.5999755859375],[-1.2389492243528366,43.06279591284692,1090.5999755859375],[-1.2389492243528366,43.06279591284692,1090.5999755859375],[-1.2389492243528366,43.06279591284692,1090.5999755859375],[-1.2389492243528366,43.06279591284692,1090.4000244140625],[-1.2389492243528366,43.06279591284692,1090.4000244140625],[-1.2389492243528366,43.06279591284692,1090.4000244140625],[-1.2389492243528366,43.06279591284692,1090.4000244140625],[-1.2389492243528366,43.06279591284692,1090.4000244140625],[-1.2389492243528366,43.06279591284692,1090.4000244140625],[-1.2389492243528366,43.06279591284692,1090.4000244140625],[-1.2389492243528366,43.06279591284692,1090.4000244140625],[-1.2389492243528366,43.06279591284692,1090.4000244140625],[-1.2389492243528366,43.06279591284692,1090.4000244140625],[-1.2389492243528366,43.06279591284692,1090.4000244140625],[-1.2389492243528366,43.06279591284692,1090.4000244140625],[-1.2389492243528366,43.06279591284692,1090.4000244140625],[-1.2389492243528366,43.06279591284692,1090.4000244140625],[-1.2389492243528366,43.06279591284692,1090.4000244140625],[-1.2389492243528366,43.06279591284692,1090.4000244140625],[-1.2389492243528366,43.06279591284692,1090.4000244140625],[-1.2389492243528366,43.06279591284692,1090.4000244140625],[-1.2389492243528366,43.06279591284692,1090.4000244140625],[-1.2389492243528366,43.06279591284692,1090.4000244140625],[-1.2389492243528366,43.06279591284692,1090.4000244140625],[-1.2389492243528366,43.06279591284692,1090],[-1.2389492243528366,43.06279591284692,1090],[-1.2389492243528366,43.06279591284692,1090],[-1.2389492243528366,43.06279591284692,1090],[-1.2389492243528366,43.06279591284692,1090],[-1.2389492243528366,43.06279591284692,1090],[-1.2389492243528366,43.06279591284692,1090],[-1.2389492243528366,43.06279591284692,1090],[-1.2389492243528366,43.06279591284692,1090],[-1.2389492243528366,43.06279591284692,1090],[-1.2389492243528366,43.06279591284692,1090],[-1.2389492243528366,43.06279591284692,1090],[-1.2389492243528366,43.06279591284692,1090],[-1.2389492243528366,43.06279591284692,1090],[-1.2389492243528366,43.06279591284692,1090],[-1.2389492243528366,43.06279591284692,1090],[-1.2389492243528366,43.06279591284692,1090],[-1.2389492243528366,43.06279591284692,1090],[-1.2389492243528366,43.06279591284692,1090],[-1.2389492243528366,43.06279591284692,1090],[-1.2389492243528366,43.06279591284692,1090],[-1.2389492243528366,43.06279591284692,1090],[-1.2389492243528366,43.06279591284692,1090],[-1.2389492243528366,43.06279591284692,1090],[-1.2389492243528366,43.06279591284692,1090],[-1.2389492243528366,43.06279591284692,1090],[-1.2389492243528366,43.06279591284692,1090],[-1.2389492243528366,43.06279591284692,1089.800048828125],[-1.2389492243528366,43.06279591284692,1089.800048828125],[-1.2389492243528366,43.06279591284692,1089.800048828125],[-1.2389492243528366,43.06279591284692,1089.800048828125],[-1.2389492243528366,43.06279591284692,1089.800048828125],[-1.2389492243528366,43.06279591284692,1089.800048828125],[-1.2389492243528366,43.06279591284692,1089.800048828125],[-1.2389492243528366,43.06279591284692,1089.800048828125],[-1.2389492243528366,43.06279591284692,1089.800048828125],[-1.2389492243528366,43.06279591284692,1089.4000244140625],[-1.2389492243528366,43.06279591284692,1089.4000244140625],[-1.2389492243528366,43.06279591284692,1089.4000244140625],[-1.2389492243528366,43.06279591284692,1089.4000244140625],[-1.2389492243528366,43.06279591284692,1089.4000244140625],[-1.2389492243528366,43.06279591284692,1089.4000244140625],[-1.2389492243528366,43.06279591284692,1089.4000244140625],[-1.2389492243528366,43.06279591284692,1089.4000244140625],[-1.2389492243528366,43.06279591284692,1089.4000244140625],[-1.2389492243528366,43.06279591284692,1089.4000244140625],[-1.2389492243528366,43.06279591284692,1089.4000244140625],[-1.2389492243528366,43.06279591284692,1089.800048828125],[-1.2389492243528366,43.06279591284692,1089.800048828125],[-1.2389492243528366,43.06279591284692,1089.800048828125],[-1.238950314000249,43.06279398500919,1089.800048828125],[-1.2389574386179447,43.06278753094375,1089.800048828125],[-1.2389652337878942,43.06277931667864,1089.800048828125],[-1.2389772199094296,43.06277068331838,1089.800048828125],[-1.2389944028109312,43.062764229252934,1089.800048828125],[-1.239013932645321,43.06275878101587,1090],[-1.239034803584218,43.062751488760114,1090],[-1.2390563450753689,43.06274201720953,1090],[-1.2390735279768705,43.062731539830565,1090.5999755859375],[-1.23909255489707,43.062722235918045,1090.5999755859375],[-1.2391118332743645,43.062713434919715,1091.199951171875],[-1.239130524918437,43.06270681321621,1091.199951171875],[-1.239149048924446,43.062702706083655,1091.800048828125],[-1.2391695845872164,43.062695330008864,1091.800048828125],[-1.2391897849738598,43.06268594227731,1092],[-1.2392084766179323,43.06267621926963,1092.4000244140625],[-1.2392278388142586,43.06266758590937,1092.4000244140625],[-1.2392466980963945,43.06265945546329,1093],[-1.2392681557685137,43.06265249848366,1093.199951171875],[-1.239287769421935,43.06264579296112,1093.199951171875],[-1.2393032759428024,43.062636237591505,1093.199951171875],[-1.239322554320097,43.06262810714543,1093.800048828125],[-1.2393395695835352,43.06261838413775,1093.800048828125],[-1.2393559981137514,43.06261167861521,1094.199951171875],[-1.2393736839294434,43.06260388344526,1094.199951171875],[-1.239390280097723,43.06259307079017,1094.4000244140625],[-1.2394078820943832,43.06258116848767,1094.4000244140625],[-1.239422969520092,43.06256842799485,1094.5999755859375],[-1.2394392304122448,43.062556525692344,1094.5999755859375],[-1.2394633702933788,43.06254495866597,1095],[-1.2394790444523096,43.06253297254443,1095],[-1.2394927069544792,43.06252107024193,1095],[-1.2395052798092365,43.06250740773976,1095.199951171875],[-1.2395203672349453,43.062494834885,1095.5999755859375],[-1.2395368795841932,43.06248310022056,1095.800048828125],[-1.2395535595715046,43.06247295811772,1096.199951171875],[-1.239570239558816,43.06246113963425,1096.4000244140625],[-1.2395859975367785,43.06244605220854,1096.4000244140625],[-1.2396016716957092,43.06243280880153,1096.5999755859375],[-1.2396183516830206,43.062422247603536,1096.5999755859375],[-1.2396377138793468,43.06241378188133,1097],[-1.2396485265344381,43.06240481324494,1097.199951171875],[-1.2396628595888615,43.06239215657115,1097.5999755859375],[-1.2396745942533016,43.062378242611885,1097.5999755859375],[-1.2396908551454544,43.06236047297716,1097.5999755859375],[-1.2397035118192434,43.06234915740788,1098.199951171875],[-1.2397213652729988,43.06233541108668,1098.4000244140625],[-1.2397361174225807,43.062324933707714,1098.4000244140625],[-1.2397487740963697,43.06231588125229,1098.800048828125],[-1.2397664599120617,43.06230381131172,1099],[-1.2397828046232462,43.06229190900922,1099.199951171875],[-1.2397989816963673,43.062278497964144,1099.5999755859375],[-1.2398186791688204,43.06226659566164,1099.800048828125],[-1.2398378737270832,43.06225636973977,1100],[-1.2398601695895195,43.06224807165563,1100.4000244140625],[-1.2398798670619726,43.06223809719086,1100.800048828125],[-1.2398972176015377,43.06222611106932,1101],[-1.2399155739694834,43.06221663951874,1101.5999755859375],[-1.2399323377758265,43.062208676710725,1101.800048828125],[-1.2399499397724867,43.062199456617236,1102],[-1.2399626802653074,43.06219124235213,1102.4000244140625],[-1.2399834673851728,43.062179423868656,1102.5999755859375],[-1.2400020752102137,43.06216886267066,1103],[-1.2400204315781593,43.062159391120076,1103],[-1.2400379497557878,43.06215167976916,1103.4000244140625],[-1.24005613848567,43.062138855457306,1103.5999755859375],[-1.2400711420923471,43.06212477385998,1103.5999755859375],[-1.2400869838893414,43.062111614272,1103.800048828125],[-1.240102406591177,43.06209619157016,1104],[-1.2401169072836637,43.0620769970119,1104.199951171875],[-1.2401317432522774,43.06205847300589,1104.4000244140625],[-1.2401486746966839,43.06203927844763,1104.800048828125],[-1.2401558831334114,43.06202536448836,1105],[-1.2401644326746464,43.06200943887234,1105.199951171875],[-1.240171054378152,43.061989741399884,1105.5999755859375],[-1.2401782628148794,43.06196711026132,1105.800048828125],[-1.2401840463280678,43.061949759721756,1106],[-1.2401892431080341,43.061931570991874,1106.199951171875],[-1.2401958648115396,43.061915477737784,1106.4000244140625],[-1.2401990499347448,43.06189854629338,1106.4000244140625],[-1.2401996366679668,43.06187968701124,1106.800048828125],[-1.240198714658618,43.061861330643296,1107.199951171875],[-1.2402007263153791,43.061842638999224,1107.199951171875],[-1.2402012292295694,43.06182721629739,1107.4000244140625],[-1.2402064260095358,43.06180877611041,1107.800048828125],[-1.2402103655040264,43.061784552410245,1108],[-1.240218998864293,43.0617646034807,1108.199951171875],[-1.240229057148099,43.06174767203629,1108.4000244140625],[-1.2402400374412537,43.06172805838287,1108.4000244140625],[-1.2402536161243916,43.06170852854848,1108.5999755859375],[-1.2402689550071955,43.06169101037085,1108.800048828125],[-1.2402825336903334,43.06167868897319,1109],[-1.240301476791501,43.06166494265199,1109.199951171875],[-1.2403239402920008,43.06165295653045,1109.5999755859375],[-1.2403470743447542,43.061642395332456,1109.800048828125],[-1.2403712142258883,43.061633510515094,1110],[-1.2403997965157032,43.06162546388805,1110.199951171875],[-1.2404181528836489,43.06162202730775,1110.4000244140625],[-1.2404407002031803,43.06161724962294,1110.5999755859375],[-1.2404661811888218,43.0616126395762,1110.5999755859375],[-1.2404850404709578,43.06160836480558,1110.800048828125],[-1.2405127845704556,43.06160266511142,1111.199951171875],[-1.2405325658619404,43.06160165928304,1111.4000244140625],[-1.240557711571455,43.061599396169186,1111.800048828125],[-1.2405837792903185,43.061596881598234,1112],[-1.2406147923320532,43.06159428320825,1112.199951171875],[-1.2406338192522526,43.06159436702728,1112.4000244140625],[-1.2406652513891459,43.06159378029406,1112.800048828125],[-1.2406874634325504,43.06159319356084,1112.800048828125],[-1.2407131120562553,43.06159269064665,1113.199951171875],[-1.2407383415848017,43.06159486994147,1113.4000244140625],[-1.2407634034752846,43.061596881598234,1113.5999755859375],[-1.2407882139086723,43.061598390340805,1113.800048828125],[-1.2408166285604239,43.0615967977792,1114.199951171875],[-1.240841941908002,43.06159872561693,1114.199951171875],[-1.2408695183694363,43.06159906089306,1114.5999755859375],[-1.2409023754298687,43.06160409003496,1114.5999755859375],[-1.240924671292305,43.061608616262674,1115],[-1.2409531697630882,43.06161171756685,1115.4000244140625],[-1.2409761361777782,43.061614064499736,1115.5999755859375],[-1.2409972585737705,43.061615908518434,1115.800048828125],[-1.2410284392535686,43.061618423089385,1116],[-1.2410552613437176,43.061622278764844,1116.199951171875],[-1.2410814967006445,43.06162546388805,1116.4000244140625],[-1.2411062233150005,43.06162990629673,1116.4000244140625],[-1.24112818390131,43.06163283996284,1116.5999755859375],[-1.24115408398211,43.061636528000236,1116.800048828125],[-1.24117998406291,43.061638539657,1117],[-1.2412128411233425,43.06164206005633,1117],[-1.241236226633191,43.06164641864598,1117.199951171875],[-1.2412561755627394,43.06165178306401,1117.4000244140625],[-1.241289870813489,43.0616591591388,1117.5999755859375],[-1.2413137592375278,43.06166619993746,1117.800048828125],[-1.241340497508645,43.061671648174524,1117.800048828125],[-1.2413647212088108,43.061677012592554,1118],[-1.241384083405137,43.06168070062995,1118.199951171875],[-1.2414131686091423,43.06168723851442,1118.199951171875],[-1.241439739242196,43.061694195494056,1118.4000244140625],[-1.241463040933013,43.06170140393078,1118.5999755859375],[-1.2414891924709082,43.06170852854848,1118.5999755859375],[-1.241512494161725,43.0617128033191,1119],[-1.2415324430912733,43.061716658994555,1119],[-1.2415559124201536,43.06172235868871,1119.4000244140625],[-1.2415870930999517,43.06172747164965,1119.5999755859375],[-1.241613244637847,43.061730824410915,1119.800048828125],[-1.2416341993957758,43.061733255162835,1120],[-1.2416657153517008,43.06173895485699,1120],[-1.2416940461844206,43.06174272671342,1120.199951171875],[-1.2417156714946032,43.06174507364631,1120.4000244140625],[-1.2417423259466887,43.06174809113145,1120.5999755859375],[-1.2417680583894253,43.06175052188337,1121],[-1.241794042289257,43.061751360073686,1121.199951171875],[-1.2418174277991056,43.06175312027335,1121.199951171875],[-1.2418409809470177,43.06175555102527,1121.4000244140625],[-1.2418676353991032,43.06175756268203,1121.5999755859375],[-1.2418957985937595,43.06175798177719,1121.800048828125],[-1.2419279851019382,43.061759574338794,1122],[-1.2419491074979305,43.06176141835749,1122.199951171875],[-1.241975761950016,43.06176083162427,1122.4000244140625],[-1.2420036736875772,43.0617609154433,1122.4000244140625],[-1.2420316692441702,43.061760077252984,1122.5999755859375],[-1.242057653144002,43.061762508004904,1122.800048828125],[-1.2420811224728823,43.061763597652316,1123],[-1.242104759439826,43.06176519021392,1123.199951171875],[-1.2421273905783892,43.061765441671014,1123.4000244140625],[-1.2421511951833963,43.06176510639489,1123.5999755859375],[-1.2421784363687038,43.061765441671014,1123.800048828125],[-1.242206934839487,43.061765525490046,1124],[-1.2422352656722069,43.06176477111876,1124],[-1.24226083047688,43.061764016747475,1124.199951171875],[-1.2422902509570122,43.06176317855716,1124.4000244140625],[-1.242307098582387,43.061764016747475,1124.5999755859375],[-1.2423282209783792,43.061764100566506,1124.800048828125],[-1.2423535343259573,43.06176569312811,1125],[-1.2423770036548376,43.0617730692029,1125],[-1.2424072623252869,43.06177927181125,1125],[-1.2424289714545012,43.061779690906405,1125.4000244140625],[-1.2424579728394747,43.06177700869739,1125.4000244140625],[-1.2424852140247822,43.061775332316756,1125.5999755859375],[-1.242506504058838,43.0617765057832,1125.800048828125],[-1.2425325717777014,43.06177751161158,1126.199951171875],[-1.2425576336681843,43.061778265982866,1126.4000244140625],[-1.2425828631967306,43.06177876889706,1126.5999755859375],[-1.2426070868968964,43.0617783498019,1126.800048828125],[-1.2426315620541573,43.06177566759288,1127],[-1.242656959220767,43.06177340447903,1127.199951171875],[-1.2426844518631697,43.06176862679422,1127.4000244140625],[-1.2427125312387943,43.06176443584263,1127.5999755859375],[-1.2427405267953873,43.061761585995555,1127.800048828125],[-1.242766259238124,43.06175630539656,1128],[-1.2427926622331142,43.061752282083035,1128.199951171875],[-1.2428196519613266,43.061752784997225,1128.4000244140625],[-1.2428461387753487,43.061748929321766,1128.4000244140625],[-1.2428702786564827,43.06174440309405,1128.5999755859375],[-1.242895508185029,43.06174146942794,1128.800048828125],[-1.242922581732273,43.06173635646701,1128.800048828125],[-1.2429521698504686,43.06173551827669,1129],[-1.2429802492260933,43.06173627264798,1129.199951171875],[-1.2430069874972105,43.061736691743135,1129.199951171875],[-1.2430345639586449,43.06173736229539,1129.4000244140625],[-1.2430591229349375,43.06174088269472,1129.5999755859375],[-1.2430823408067226,43.06174440309405,1129.800048828125],[-1.2431039661169052,43.06174775585532,1130],[-1.2431268487125635,43.06174859404564,1130.4000244140625],[-1.243151742964983,43.06174859404564,1130.5999755859375],[-1.2431740388274193,43.0617490131408,1130.800048828125],[-1.2431958317756653,43.061748845502734,1131],[-1.2432174570858479,43.061747923493385,1131.199951171875],[-1.2432372383773327,43.06174675002694,1131.199951171875],[-1.2432584445923567,43.061743061989546,1131.199951171875],[-1.2432797346264124,43.061739122495055,1131.4000244140625],[-1.243301359936595,43.061734260991216,1131.4000244140625],[-1.2433238234370947,43.06172898039222,1131.5999755859375],[-1.2433451972901821,43.06172504089773,1131.5999755859375],[-1.243364978581667,43.06172143667936,1131.800048828125],[-1.24338760972023,43.06171774864197,1132],[-1.2434140965342522,43.06171062402427,1132],[-1.2434466183185577,43.06170090101659,1132.199951171875],[-1.2434667348861694,43.06169478222728,1132.4000244140625],[-1.2434940598905087,43.06168841198087,1132.5999755859375],[-1.2435255758464336,43.06168220937252,1132.800048828125],[-1.2435471173375845,43.0616779346019,1132.800048828125],[-1.243571676313877,43.06167349219322,1133],[-1.2435944750905037,43.06166645139456,1133.199951171875],[-1.2436174415051937,43.06165823712945,1133.4000244140625],[-1.243640910834074,43.0616522859782,1133.5999755859375],[-1.2436616979539394,43.061648681759834,1133.800048828125],[-1.2436813954263926,43.06164440698922,1134],[-1.243701260536909,43.06163837201893,1134.199951171875],[-1.2437208741903305,43.06162890046835,1134.4000244140625],[-1.2437414098531008,43.06162303313613,1134.5999755859375],[-1.243764040991664,43.06161657907069,1134.800048828125],[-1.243789941072464,43.06160978972912,1135],[-1.2438056990504265,43.06160744279623,1135],[-1.2438244745135307,43.06160417385399,1135.4000244140625],[-1.243842663243413,43.061601324006915,1135.5999755859375],[-1.2438653782010078,43.06159562431276,1135.800048828125],[-1.2438893504440784,43.06159193627536,1136],[-1.2439090479165316,43.0615867394954,1136.199951171875],[-1.2439316790550947,43.06157810613513,1136.4000244140625],[-1.2439476884901524,43.061572909355164,1136.5999755859375],[-1.2439692299813032,43.0615674611181,1136.800048828125],[-1.2439896818250418,43.06156092323363,1137],[-1.2440100498497486,43.061556899920106,1137.199951171875],[-1.2440309207886457,43.06155329570174,1137.199951171875],[-1.2440523784607649,43.06155061349273,1137.4000244140625],[-1.2440740037709475,43.0615449976176,1137.5999755859375],[-1.2440945394337177,43.06154038757086,1137.800048828125],[-1.2441154941916466,43.0615346878767,1138],[-1.2441366165876389,43.061529994010925,1138.4000244140625],[-1.2441584933549166,43.06152471341193,1138.5999755859375],[-1.2441760953515768,43.06151985190809,1138.5999755859375],[-1.2441924400627613,43.06151708588004,1138.800048828125],[-1.2442105449736118,43.061513314023614,1139.199951171875],[-1.2442304100841284,43.06150970980525,1139.4000244140625],[-1.2442506104707718,43.06150577031076,1139.5999755859375],[-1.2442706432193518,43.06150057353079,1139.5999755859375],[-1.2442920170724392,43.06149655021727,1139.800048828125],[-1.2443122174590826,43.06149420328438,1140.199951171875],[-1.2443333398550749,43.06148825213313,1140.4000244140625],[-1.244352450594306,43.06147978641093,1140.5999755859375],[-1.2443712260574102,43.0614725779742,1140.5999755859375],[-1.244388660416007,43.06146419607103,1140.800048828125],[-1.2444056756794453,43.061455646529794,1141],[-1.2444216012954712,43.06144617497921,1141.199951171875],[-1.2444355990737677,43.0614329315722,1141.199951171875],[-1.2444503512233496,43.06141776032746,1141.4000244140625],[-1.2444688752293587,43.06140569038689,1141.4000244140625],[-1.2444848846644163,43.06139085441828,1141.5999755859375],[-1.244498547166586,43.06137383915484,1141.5999755859375],[-1.244512628763914,43.061357494443655,1141.800048828125],[-1.2445262912660837,43.06134047918022,1141.800048828125],[-1.2445386126637459,43.06132497265935,1142],[-1.2445522751659155,43.06131022050977,1142.199951171875],[-1.2445625010877848,43.06129555217922,1142.199951171875],[-1.244574235752225,43.061281805858016,1142.4000244140625],[-1.2445868086069822,43.061266131699085,1142.5999755859375],[-1.2445997167378664,43.06124844588339,1142.800048828125],[-1.2446120381355286,43.061229418963194,1143],[-1.2446226831525564,43.061208967119455,1143.199951171875],[-1.24463165178895,43.061189353466034,1143.199951171875],[-1.244644308462739,43.061173344030976,1143.5999755859375],[-1.2446545343846083,43.06115448474884,1143.800048828125],[-1.2446624971926212,43.06113478727639,1144],[-1.2446720525622368,43.061113664880395,1144.199951171875],[-1.244687307626009,43.06109111756086,1144.4000244140625],[-1.2446969468146563,43.06107887998223,1144.800048828125],[-1.2447092682123184,43.06106027215719,1145],[-1.2447193264961243,43.06104007177055,1145.199951171875],[-1.2447256967425346,43.061019368469715,1145.4000244140625],[-1.2447282951325178,43.06100009009242,1145.5999755859375],[-1.2447351682931185,43.060982236638665,1145.800048828125],[-1.2447390239685774,43.06096161715686,1146.199951171875],[-1.244745645672083,43.06094292551279,1146.5999755859375],[-1.244747657328844,43.06092431768775,1147],[-1.244748244062066,43.06090570986271,1147.199951171875],[-1.2447453942149878,43.060885509476066,1147.4000244140625],[-1.244741203263402,43.060864470899105,1147.5999755859375],[-1.2447469867765903,43.060849383473396,1147.800048828125],[-1.244749166071415,43.06083085946739,1148],[-1.2447473220527172,43.06081040762365,1148.4000244140625],[-1.2447432987391949,43.060788782313466,1148.5999755859375],[-1.244736509397626,43.0607679951936,1148.800048828125],[-1.2447282951325178,43.060746705159545,1149.199951171875],[-1.2447231821715832,43.06072734296322,1149.4000244140625],[-1.2447186559438705,43.060708148404956,1149.5999755859375],[-1.2447138782590628,43.06069012731314,1149.800048828125],[-1.2447080947458744,43.060672860592604,1150],[-1.244702646508813,43.060654420405626,1150.199951171875],[-1.2446962762624025,43.06063564494252,1150.4000244140625],[-1.2446897383779287,43.0606160312891,1150.4000244140625],[-1.2446826975792646,43.060597172006965,1150.800048828125],[-1.244675824418664,43.06057848036289,1151],[-1.2446659337729216,43.0605607945472,1151],[-1.2446537800133228,43.06054512038827,1151.199951171875],[-1.2446422968059778,43.060529278591275,1151.4000244140625],[-1.2446298077702522,43.0605105869472,1151.5999755859375],[-1.2446191627532244,43.0604918114841,1151.800048828125],[-1.2446107808500528,43.06047345511615,1152],[-1.2445997167378664,43.06045426055789,1152.199951171875],[-1.2445896584540606,43.060434898361564,1152.199951171875],[-1.2445801869034767,43.06041478179395,1152.4000244140625],[-1.2445740681141615,43.060396844521165,1152.4000244140625],[-1.2445656023919582,43.06037915870547,1152.5999755859375],[-1.2445568852126598,43.06036281399429,1152.5999755859375],[-1.2445484194904566,43.060346469283104,1152.5999755859375],[-1.2445391993969679,43.060329873114824,1152.800048828125],[-1.244530901312828,43.060313779860735,1153],[-1.244520004838705,43.06029592640698,1153.199951171875],[-1.2445081025362015,43.06027949787676,1153.199951171875],[-1.2444987148046494,43.06026239879429,1153.199951171875],[-1.244489997625351,43.06024353951216,1153.4000244140625],[-1.2444840464740992,43.06022300384939,1153.5999755859375],[-1.2444782629609108,43.06020230054855,1153.5999755859375],[-1.244472311809659,43.060182351619005,1153.800048828125],[-1.2444666121155024,43.06016349233687,1154],[-1.244458481669426,43.06014547124505,1154.199951171875],[-1.2444537039846182,43.060126192867756,1154.199951171875],[-1.2444463279098272,43.06010699830949,1154.4000244140625],[-1.2444376107305288,43.0600874684751,1154.4000244140625],[-1.2444305699318647,43.060070872306824,1154.5999755859375],[-1.244424618780613,43.060054276138544,1154.800048828125],[-1.2444181647151709,43.06003650650382,1155],[-1.24441078864038,43.06001647375524,1155.199951171875],[-1.2444048374891281,43.05999778211117,1155.199951171875],[-1.244398383423686,43.05998018011451,1155.4000244140625],[-1.24439368955791,43.059962913393974,1155.5999755859375],[-1.2443835474550724,43.059945814311504,1155.5999755859375],[-1.2443732377141714,43.059928296133876,1155.800048828125],[-1.244368376210332,43.05991052649915,1156],[-1.2443634308874607,43.05989074520767,1156.199951171875],[-1.2443562224507332,43.05987138301134,1156.199951171875],[-1.244345996528864,43.059853026643395,1156.4000244140625],[-1.2443389557301998,43.05983550846577,1156.5999755859375],[-1.2443371955305338,43.05982050485909,1156.800048828125],[-1.2443330883979797,43.05980675853789,1157],[-1.244328310713172,43.05979209020734,1157],[-1.2443223595619202,43.059776248410344,1157.199951171875],[-1.2443158216774464,43.059758730232716,1157.4000244140625],[-1.2443084456026554,43.059739703312516,1157.5999755859375],[-1.244302662089467,43.05972277186811,1157.800048828125],[-1.2442940287292004,43.0597060918808,1158],[-1.244288245216012,43.059689328074455,1158],[-1.24428179115057,43.059673234820366,1158.199951171875],[-1.2442743312567472,43.05965596809983,1158.4000244140625],[-1.2442674580961466,43.059639958664775,1158.4000244140625],[-1.2442603334784508,43.05962361395359,1158.5999755859375],[-1.244252286851406,43.05960743688047,1158.800048828125],[-1.2442441564053297,43.05958824232221,1159],[-1.2442371156066656,43.059569047763944,1159.199951171875],[-1.2442309129983187,43.05955328978598,1159.4000244140625],[-1.2442242074757814,43.059536442160606,1159.5999755859375],[-1.2442188430577517,43.05952001363039,1159.5999755859375],[-1.2442118022590876,43.05950383655727,1160],[-1.2442036718130112,43.059485564008355,1160.199951171875],[-1.2441988941282034,43.05946829728782,1160.4000244140625],[-1.2441931944340467,43.05945203639567,1160.4000244140625],[-1.2441833037883043,43.059433763846755,1160.5999755859375],[-1.2441741675138474,43.059414653107524,1160.800048828125],[-1.2441622652113438,43.05939646437764,1161.199951171875],[-1.2441532965749502,43.05937886238098,1161.4000244140625],[-1.2441480159759521,43.059360925108194,1161.5999755859375],[-1.2441399693489075,43.05934315547347,1161.5999755859375],[-1.2441320903599262,43.05932614021003,1161.800048828125],[-1.244126558303833,43.05930937640369,1161.800048828125],[-1.2441247142851353,43.059291522949934,1162],[-1.2441190145909786,43.05927182547748,1162.199951171875],[-1.244111806154251,43.05925405584276,1162.4000244140625],[-1.244107447564602,43.05923335254192,1162.4000244140625],[-1.2441017478704453,43.059215415269136,1162.5999755859375],[-1.244092108681798,43.05919948965311,1162.800048828125],[-1.2440851517021656,43.059182055294514,1163.199951171875],[-1.2440770212560892,43.05916319601238,1163.5999755859375],[-1.2440702319145203,43.05914559401572,1163.800048828125],[-1.2440653704106808,43.05912924930453,1164.199951171875],[-1.244057659059763,43.059111228212714,1164.5999755859375],[-1.2440486066043377,43.059092704206705,1164.800048828125],[-1.2440397217869759,43.05907493457198,1165],[-1.2440338544547558,43.05905791930854,1165.4000244140625],[-1.2440287414938211,43.05903822183609,1165.800048828125],[-1.244022874161601,43.0590152554214,1166],[-1.2440195214003325,43.0589962285012,1166.4000244140625],[-1.2440156657248735,43.058977453038096,1166.5999755859375],[-1.2440136540681124,43.05895742028952,1167],[-1.244014073163271,43.058937555179,1167.199951171875],[-1.2440144084393978,43.05891911499202,1167.4000244140625],[-1.2440160010010004,43.05890226736665,1167.800048828125],[-1.2440153304487467,43.05888382717967,1168.199951171875],[-1.2440153304487467,43.05886605754495,1168.4000244140625],[-1.2440190184861422,43.05884820409119,1168.5999755859375],[-1.24402086250484,43.058832278475165,1169],[-1.244023209437728,43.05881576612592,1169.199951171875],[-1.2440294120460749,43.05880210362375,1169.5999755859375],[-1.244030250236392,43.05878458544612,1169.800048828125],[-1.2440309207886457,43.058768408373,1170],[-1.2440321780741215,43.058753572404385,1170.199951171875],[-1.2440377101302147,43.05873831734061,1170.4000244140625],[-1.2440455053001642,43.058722810819745,1170.5999755859375],[-1.2440486066043377,43.0587062984705,1170.800048828125],[-1.2440523784607649,43.05869121104479,1171],[-1.244053216651082,43.05867553688586,1171.4000244140625],[-1.2440525460988283,43.058660281822085,1171.5999755859375],[-1.2440527137368917,43.05864527821541,1171.800048828125],[-1.2440566532313824,43.058629939332604,1172],[-1.2440671306103468,43.0586161930114,1172.199951171875],[-1.244077691808343,43.058603620156646,1172.4000244140625],[-1.2440781947225332,43.05859146639705,1172.5999755859375],[-1.2440760154277086,43.05857855826616,1172.800048828125],[-1.2440739199519157,43.05856171064079,1172.800048828125],[-1.2440709862858057,43.05854259990156,1173.199951171875],[-1.2440716568380594,43.05852172896266,1173.4000244140625],[-1.2440737523138523,43.058501528576016,1173.5999755859375],[-1.2440786976367235,43.05848258547485,1173.5999755859375],[-1.2440796196460724,43.05846003815532,1174],[-1.2440821342170238,43.05843967013061,1174],[-1.2440890073776245,43.05842156521976,1174.4000244140625],[-1.2440987303853035,43.05840530432761,1174.800048828125],[-1.2441067770123482,43.058388121426105,1175],[-1.2441141530871391,43.05837026797235,1175.199951171875],[-1.2441252171993256,43.0583540070802,1175.4000244140625],[-1.2441348563879728,43.05833866819739,1175.4000244140625],[-1.244142148643732,43.058320647105575,1175.5999755859375],[-1.2441554758697748,43.05830421857536,1175.800048828125],[-1.2441744189709425,43.05828921496868,1176.199951171875],[-1.244191937148571,43.058276223018765,1176.4000244140625],[-1.24420752748847,43.058262979611754,1176.4000244140625],[-1.2442215252667665,43.05824923329055,1176.5999755859375],[-1.2442433182150126,43.058239007368684,1176.800048828125],[-1.2442647758871317,43.058228278532624,1177.199951171875],[-1.244284138083458,43.05821646004915,1177.4000244140625],[-1.2443058472126722,43.058203384280205,1177.4000244140625],[-1.2443283945322037,43.05819190107286,1177.5999755859375],[-1.2443558033555746,43.0581795796752,1177.800048828125],[-1.2443744111806154,43.05816960521042,1178.199951171875],[-1.2444079387933016,43.0581587087363,1178.199951171875],[-1.244431994855404,43.05815317668021,1178.199951171875],[-1.244462002068758,43.05814412422478,1178.199951171875],[-1.244497038424015,43.05813180282712,1178.4000244140625],[-1.244520926848054,43.058124678209424,1178.4000244140625],[-1.2445526104420424,43.058119397610426,1178.5999755859375],[-1.2445925083011389,43.05811487138271,1178.5999755859375],[-1.244627544656396,43.05811235681176,1178.5999755859375],[-1.2446573004126549,43.058111015707254,1178.5999755859375],[-1.2446953542530537,43.05810917168856,1178.5999755859375],[-1.2447398621588945,43.05810498073697,1178.800048828125],[-1.2447689473628998,43.05810104124248,1178.800048828125],[-1.2448023073375225,43.0580947548151,1179],[-1.2448344100266695,43.058088133111596,1179],[-1.2448662612587214,43.05808251723647,1179],[-1.2448969390243292,43.05807405151427,1179],[-1.2449243478477001,43.05806399323046,1179.199951171875],[-1.2449484039098024,43.05805074982345,1179.4000244140625],[-1.2449745554476976,43.05803935043514,1179.5999755859375],[-1.2449996173381805,43.05802786722779,1179.800048828125],[-1.2450259365141392,43.05801504291594,1180],[-1.245040688663721,43.058002050966024,1180.199951171875],[-1.245061894878745,43.057982521131635,1180.4000244140625],[-1.2450752221047878,43.05796994827688,1180.800048828125],[-1.2450923211872578,43.057956201955676,1181],[-1.245103133842349,43.057940946891904,1181.199951171875],[-1.245108749717474,43.0579221714288,1181.5999755859375],[-1.2451162934303284,43.05790264159441,1182],[-1.2451217416673899,43.05788118392229,1182.199951171875],[-1.2451257649809122,43.057862324640155,1182.4000244140625],[-1.2451292853802443,43.05784170515835,1182.800048828125],[-1.2451329734176397,43.057821756228805,1183],[-1.2451390083879232,43.05780247785151,1183.4000244140625],[-1.245144959539175,43.057784624397755,1183.5999755859375],[-1.2451516650617123,43.05776668712497,1183.800048828125],[-1.2451575323939323,43.05774858221412,1184],[-1.2451601307839155,43.05773005820811,1184.199951171875],[-1.2451634835451841,43.05771245621145,1184.199951171875],[-1.2451613880693913,43.05769351311028,1184.199951171875],[-1.2451609689742327,43.05767540819943,1184.4000244140625],[-1.2451613042503595,43.057655207812786,1184.4000244140625],[-1.2451603822410107,43.05763534270227,1184.5999755859375],[-1.245158789679408,43.0576166510582,1184.800048828125],[-1.24515937641263,43.05759728886187,1184.800048828125],[-1.2451613880693913,43.05757817812264,1185],[-1.2451627291738987,43.05755906738341,1185.199951171875],[-1.2451584544032812,43.0575302336365,1185.199951171875],[-1.2451530899852514,43.05750978179276,1185.199951171875],[-1.2451509106904268,43.05748522281647,1185.4000244140625],[-1.245149066671729,43.05746175348759,1185.4000244140625],[-1.2451501563191414,43.05743937380612,1185.5999755859375],[-1.2451509945094585,43.057419089600444,1185.5999755859375],[-1.2451536767184734,43.05739872157574,1185.5999755859375],[-1.2451566942036152,43.057379107922316,1185.800048828125],[-1.245164992287755,43.057358572259545,1185.800048828125],[-1.2451724521815777,43.05733887478709,1186],[-1.2451799120754004,43.05731926113367,1186],[-1.2451880425214767,43.05729956366122,1186],[-1.2451908085495234,43.05728062056005,1186.199951171875],[-1.2451915629208088,43.05726201273501,1186.4000244140625],[-1.2451978493481874,43.057241812348366,1186.4000244140625],[-1.2452064827084541,43.05721968412399,1186.5999755859375],[-1.2452151998877525,43.05719839408994,1187],[-1.2452198937535286,43.05717752315104,1187.199951171875],[-1.2452205643057823,43.057158747687936,1187.5999755859375],[-1.2452213186770678,43.05713611654937,1187.800048828125],[-1.2452243361622095,43.05711172521114,1188.199951171875],[-1.2452270183712244,43.05708255618811,1188.5999755859375],[-1.2452283594757318,43.05706453509629,1189],[-1.2452293653041124,43.05704282596707,1189.199951171875],[-1.2452354840934277,43.05702270939946,1189.5999755859375],[-1.24523950740695,43.05700443685055,1189.800048828125],[-1.2452425248920918,43.05698742158711,1190.199951171875],[-1.2452469673007727,43.05697124451399,1190.4000244140625],[-1.2452489789575338,43.056949032470584,1190.800048828125],[-1.24524537473917,43.05693042464554,1190.800048828125],[-1.245242189615965,43.05690888315439,1191.199951171875],[-1.2452447041869164,43.05688910186291,1191.4000244140625],[-1.2452449556440115,43.05686856620014,1191.4000244140625],[-1.2452449556440115,43.056847946718335,1191.800048828125],[-1.2452493980526924,43.0568290874362,1191.800048828125],[-1.245252164080739,43.056811820715666,1192],[-1.2452529184520245,43.056794134899974,1192.199951171875],[-1.245254259556532,43.05677594617009,1192.4000244140625],[-1.2452538404613733,43.05675767362118,1192.5999755859375],[-1.2452549301087856,43.05673864670098,1192.800048828125],[-1.245258618146181,43.05671559646726,1193],[-1.245263647288084,43.05670168250799,1193.199951171875],[-1.2452699337154627,43.05668290704489,1193.4000244140625],[-1.245279237627983,43.05666111409664,1193.5999755859375],[-1.24528250657022,43.056645104661584,1193.5999755859375],[-1.2452917266637087,43.0566271673888,1193.800048828125],[-1.2453006953001022,43.056608475744724,1193.800048828125],[-1.2453120108693838,43.05659112520516,1194.199951171875],[-1.245324332267046,43.05657553486526,1194.4000244140625],[-1.2453385815024376,43.05656178854406,1194.800048828125],[-1.245354926213622,43.05654728785157,1195],[-1.2453694269061089,43.05653069168329,1195],[-1.245386442169547,43.05651577189565,1195.199951171875],[-1.245402367785573,43.05650060065091,1195.199951171875],[-1.2454160302877426,43.05648325011134,1195.4000244140625],[-1.2454323749989271,43.056465396657586,1195.5999755859375],[-1.2454540003091097,43.05645039305091,1195.5999755859375],[-1.2454760447144508,43.056435976177454,1195.5999755859375],[-1.2454969994723797,43.05642122402787,1195.800048828125],[-1.245518121868372,43.05640546604991,1195.800048828125],[-1.2455424293875694,43.056390127167106,1195.800048828125],[-1.24556640163064,43.05637420155108,1196],[-1.2455853447318077,43.05636196397245,1196],[-1.2456071376800537,43.0563491396606,1196.199951171875],[-1.2456286791712046,43.056336818262935,1196.199951171875],[-1.245654160156846,43.05632131174207,1196.199951171875],[-1.245679808780551,43.05630840361118,1196.199951171875],[-1.2457044515758753,43.05629541166127,1196.4000244140625],[-1.245728675276041,43.05628325790167,1196.4000244140625],[-1.2457523122429848,43.05627110414207,1196.5999755859375],[-1.2457795534282923,43.056260626763105,1196.5999755859375],[-1.2458065431565046,43.05624973028898,1196.5999755859375],[-1.2458327785134315,43.05623749271035,1196.800048828125],[-1.2458601035177708,43.05622517131269,1196.800048828125],[-1.245888601988554,43.05621502920985,1196.800048828125],[-1.245917435735464,43.05620513856411,1197],[-1.2459439225494862,43.05619650520384,1197],[-1.2459683138877153,43.0561850219965,1197],[-1.245994633063674,43.056172616779804,1197],[-1.2460225448012352,43.056163312867284,1197.199951171875],[-1.246056742966175,43.056154092773795,1197.199951171875],[-1.2460807990282774,43.05614990182221,1197.4000244140625],[-1.246107704937458,43.05614344775677,1197.5999755859375],[-1.2461359519511461,43.056135484948754,1197.5999755859375],[-1.2461643666028976,43.05612701922655,1197.5999755859375],[-1.2461937870830297,43.05611662566662,1197.5999755859375],[-1.246230248361826,43.056105729192495,1197.800048828125],[-1.246250867843628,43.0560986045748,1198],[-1.2462780252099037,43.0560882948339,1198],[-1.246304176747799,43.0560777336359,1198],[-1.246331837028265,43.05606692098081,1198.199951171875],[-1.2463599164038897,43.05605753324926,1198.199951171875],[-1.246385732665658,43.05604395456612,1198.4000244140625],[-1.2464089505374432,43.05603029206395,1198.4000244140625],[-1.2464379519224167,43.05601847358048,1198.4000244140625],[-1.2464660312980413,43.05600682273507,1198.5999755859375],[-1.2464886624366045,43.05599324405193,1198.5999755859375],[-1.246510623022914,43.055980084463954,1198.5999755859375],[-1.246533840894699,43.05596734397113,1198.800048828125],[-1.246557142585516,43.05595636367798,1199],[-1.2465781811624765,43.05594462901354,1199],[-1.2465982139110565,43.05593063123524,1199.199951171875],[-1.24661548063159,43.05591554380953,1199.199951171875],[-1.2466335017234087,43.05589961819351,1199.4000244140625],[-1.2466530315577984,43.05588545277715,1199.4000244140625],[-1.2466694600880146,43.055868688970804,1199.4000244140625],[-1.246689073741436,43.055849159136415,1199.5999755859375],[-1.2467139679938555,43.0558324791491,1199.5999755859375],[-1.2467358447611332,43.05581521242857,1199.5999755859375],[-1.2467576377093792,43.05579719133675,1199.5999755859375],[-1.2467811070382595,43.05577472783625,1199.5999755859375],[-1.2467987090349197,43.05576198734343,1199.800048828125],[-1.2468144670128822,43.05574497207999,1199.800048828125],[-1.2468292191624641,43.05572737008333,1199.800048828125],[-1.2468444742262363,43.055709013715386,1199.800048828125],[-1.2468599807471037,43.0556892324239,1200],[-1.2468777503818274,43.055668948218226,1200],[-1.2468957714736462,43.05565059185028,1200],[-1.2469129543751478,43.05563014000654,1200.199951171875],[-1.2469319812953472,43.05561211891472,1200.199951171875],[-1.2469487451016903,43.05559434928,1200.4000244140625],[-1.246964419260621,43.05557331070304,1200.4000244140625],[-1.2469783332198858,43.05555487051606,1200.4000244140625],[-1.2469927500933409,43.05553559213877,1200.5999755859375],[-1.2470079213380814,43.05551488883793,1200.5999755859375],[-1.2470244336873293,43.05549711920321,1200.5999755859375],[-1.2470406107604504,43.05547893047333,1200.800048828125],[-1.2470562011003494,43.05546032264829,1200.800048828125],[-1.2470695283263922,43.05544012226164,1200.800048828125],[-1.247082855552435,43.055420676246285,1201],[-1.2470947578549385,43.05540081113577,1201],[-1.2471088394522667,43.05538136512041,1201.199951171875],[-1.2471234239637852,43.055361583828926,1201.199951171875],[-1.2471377570182085,43.05534314364195,1201.4000244140625],[-1.2471526768058538,43.055325374007225,1201.4000244140625],[-1.2471639085561037,43.05530467070639,1201.5999755859375],[-1.2471766490489244,43.05528363212943,1201.800048828125],[-1.2471898924559355,43.055262342095375,1201.800048828125],[-1.247202381491661,43.055240884423256,1202],[-1.247213026508689,43.055219342932105,1202],[-1.2472243420779705,43.055199310183525,1202.199951171875],[-1.2472357414662838,43.0551799479872,1202.4000244140625],[-1.247243620455265,43.055157819762826,1202.4000244140625],[-1.2472553551197052,43.055137284100056,1202.4000244140625],[-1.247268933802843,43.05511699989438,1202.5999755859375],[-1.2472827639430761,43.05509596131742,1202.800048828125],[-1.2472960911691189,43.05507559329271,1202.800048828125],[-1.247307825833559,43.0550554767251,1202.800048828125],[-1.2473212368786335,43.055033683776855,1203],[-1.2473315466195345,43.055011639371514,1203.199951171875],[-1.2473410181701183,43.05499101988971,1203.199951171875],[-1.247350824996829,43.0549690593034,1203.4000244140625],[-1.2473650742322206,43.05494927801192,1203.4000244140625],[-1.247375886887312,43.054927568882704,1203.5999755859375],[-1.247386196628213,43.05490602739155,1203.800048828125],[-1.2473963387310505,43.0548844859004,1203.800048828125],[-1.2474078219383955,43.054862273857,1204],[-1.2474188022315502,43.05483897216618,1204],[-1.2474278546869755,43.054817263036966,1204],[-1.2474388349801302,43.054798571392894,1204.199951171875],[-1.2474482227116823,43.054777700454,1204.199951171875],[-1.247460125014186,43.054756578058004,1204.199951171875],[-1.247472446411848,43.05473520420492,1204.4000244140625],[-1.2474840972572565,43.054715087637305,1204.4000244140625],[-1.2474940717220306,43.05469589307904,1204.4000244140625],[-1.247502788901329,43.05467192083597,1204.4000244140625],[-1.2475149426609278,43.0546463560313,1204.5999755859375],[-1.2475238274782896,43.05463034659624,1204.5999755859375],[-1.2475353945046663,43.05460838600993,1204.5999755859375],[-1.2475448660552502,43.05458491668105,1204.5999755859375],[-1.2475534155964851,43.05456295609474,1204.800048828125],[-1.2475626356899738,43.05454267188907,1204.800048828125],[-1.2475715205073357,43.05451727472246,1204.800048828125],[-1.2475757952779531,43.05449891835451,1204.800048828125],[-1.247581159695983,43.05447486229241,1205],[-1.2475885357707739,43.05445047095418,1205],[-1.247595576569438,43.05442750453949,1205.199951171875],[-1.2476010248064995,43.05440604686737,1205.4000244140625],[-1.2476068921387196,43.05438408628106,1205.5999755859375],[-1.2476154416799545,43.054362712427974,1205.800048828125],[-1.2476174533367157,43.05434050038457,1206],[-1.2476213928312063,43.05431795306504,1206],[-1.2476239074021578,43.054295405745506,1206.199951171875],[-1.2476270087063313,43.0542716011405,1206.5999755859375],[-1.2476301100105047,43.05424394086003,1206.5999755859375],[-1.2476307805627584,43.05421351455152,1206.800048828125],[-1.247632959857583,43.054184429347515,1206.800048828125],[-1.247634720057249,43.05415391921997,1206.800048828125],[-1.2476330436766148,43.05412441492081,1207],[-1.2476332113146782,43.05409574881196,1207],[-1.247631199657917,43.05406750179827,1207.4000244140625],[-1.2476307805627584,43.05404109880328,1207.4000244140625],[-1.2476320378482342,43.054016288369894,1207.5999755859375],[-1.2476358097046614,43.05399131029844,1207.800048828125],[-1.2476332113146782,43.0539589561522,1208],[-1.2476293556392193,43.05393414571881,1208.199951171875],[-1.2476254161447287,43.053902043029666,1208.199951171875],[-1.247626757249236,43.05387035943568,1208.199951171875],[-1.2476280983537436,43.0538397654891,1208.4000244140625],[-1.2476246617734432,43.053806740790606,1208.4000244140625],[-1.2476205546408892,43.05377522483468,1208.5999755859375],[-1.2476198002696037,43.05374496616423,1208.800048828125],[-1.247619716450572,43.05371152237058,1208.800048828125],[-1.2476166989654303,43.053669864311814,1209.199951171875],[-1.2476153578609228,43.05364320985973,1209.199951171875],[-1.2476112507283688,43.053607838228345,1209.4000244140625],[-1.2476065568625927,43.053571628406644,1209.4000244140625],[-1.2476001866161823,43.05353474803269,1209.4000244140625],[-1.2475957442075014,43.05349417962134,1209.4000244140625],[-1.2475907150655985,43.053450929000974,1209.4000244140625],[-1.2475850153714418,43.05340860038996,1209.4000244140625],[-1.2475794833153486,43.053366523236036,1209.4000244140625],[-1.2475727777928114,43.05332570336759,1209.4000244140625],[-1.2475654017180204,43.053284380584955,1209.4000244140625],[-1.2475573550909758,43.05324020795524,1209.199951171875],[-1.2475491408258677,43.05319528095424,1209.199951171875],[-1.2475380767136812,43.05315085686743,1209.199951171875],[-1.2475244980305433,43.05310626514256,1209.199951171875],[-1.2475099135190248,43.05306267924607,1209.199951171875],[-1.2474931497126818,43.053018087521195,1209.4000244140625],[-1.247474541887641,43.05296662263572,1209.4000244140625],[-1.2474608793854713,43.05293091572821,1209.4000244140625],[-1.2474428582936525,43.05288749746978,1209.4000244140625],[-1.2474244181066751,43.05284575559199,1209.4000244140625],[-1.247402373701334,43.052801163867116,1209.4000244140625],[-1.2473818380385637,43.052754644304514,1209.4000244140625],[-1.2473594583570957,43.052705861628056,1209.199951171875],[-1.2473366595804691,43.05265816859901,1209.199951171875],[-1.2473097536712885,43.05261022411287,1209],[-1.2472851946949959,43.05256588384509,1209],[-1.247254516929388,43.05252271704376,1209],[-1.2472250126302242,43.05248189717531,1209],[-1.2471960950642824,43.05244107730687,1209],[-1.24717203900218,43.05240168236196,1209],[-1.2471435405313969,43.052359437569976,1209],[-1.2471104320138693,43.05231895297766,1209],[-1.247071623802185,43.052279222756624,1209],[-1.247032480314374,43.05223991163075,1209],[-1.2469934206455946,43.05219992995262,1208.800048828125],[-1.2469575461000204,43.05215734988451,1208.800048828125],[-1.246923767030239,43.052116110920906,1208.800048828125],[-1.246885797008872,43.052076045423746,1208.800048828125],[-1.246845480054617,43.052039332687855,1208.800048828125],[-1.2468019779771566,43.05200505070388,1208.800048828125],[-1.2467555422335863,43.05197420530021,1208.800048828125],[-1.2467060051858425,43.051948975771666,1208.800048828125],[-1.2466574739664793,43.05192626081407,1208.800048828125],[-1.2466058414429426,43.05190622806549,1208.800048828125],[-1.2465475033968687,43.051885943859816,1208.800048828125],[-1.2464848067611456,43.05186859332025,1208.800048828125],[-1.2464183382689953,43.05185308679938,1208.5999755859375],[-1.2463466729968786,43.05183431133628,1208.5999755859375],[-1.246272912248969,43.05181670933962,1208],[-1.2461998220533133,43.05179441347718,1207.800048828125],[-1.2461272347718477,43.051768681034446,1207.4000244140625],[-1.2460546474903822,43.05173967964947,1207],[-1.245984910055995,43.05170967243612,1206.800048828125],[-1.245918357744813,43.0516779050231,1206.5999755859375],[-1.245851470157504,43.051645047962666,1206.5999755859375],[-1.245765807107091,43.05160406045616,1205.800048828125],[-1.2457082234323025,43.051577070727944,1205.800048828125],[-1.2456372287124395,43.05154379457235,1205.5999755859375],[-1.2455685809254646,43.05150959640741,1205.5999755859375],[-1.245502782985568,43.05147858336568,1205.5999755859375],[-1.2454426009207964,43.05145075544715,1205.800048828125],[-1.245384681969881,43.051419323310256,1205.800048828125],[-1.2453267630189657,43.05138713680208,1205.800048828125],[-1.245267167687416,43.05135645903647,1206.4000244140625],[-1.2452101707458496,43.05132519453764,1206.4000244140625],[-1.2451520841568708,43.05129233747721,1206.4000244140625],[-1.245101373642683,43.05126082152128,1206.4000244140625],[-1.2450535129755735,43.05123282596469,1206.4000244140625],[-1.2450017128139734,43.05120072327554,1206.5999755859375],[-1.2449554447084665,43.051167698577046,1206.800048828125],[-1.2449147924780846,43.051132410764694,1206.800048828125],[-1.2448773253709078,43.051095865666866,1206.800048828125],[-1.2448461446911097,43.05105848237872,1207],[-1.2448205798864365,43.05102218873799,1207],[-1.2447966076433659,43.05098715238273,1207],[-1.2447720486670732,43.05095446296036,1207.199951171875],[-1.244752686470747,43.05092210881412,1207.5999755859375],[-1.2447318155318499,43.05088598281145,1207.800048828125],[-1.2447210028767586,43.05086108855903,1208.199951171875],[-1.2447100225836039,43.05082873441279,1208.199951171875],[-1.2447025626897812,43.05079210549593,1208.5999755859375],[-1.2447059992700815,43.05077064782381,1208.800048828125],[-1.2447105254977942,43.05074173025787,1209],[-1.2447184044867754,43.05071205832064,1209.199951171875],[-1.2447308097034693,43.050685906782746,1209.5999755859375],[-1.2447499204427004,43.050659503787756,1209.800048828125],[-1.2447676062583923,43.05063528008759,1210],[-1.2447852082550526,43.05061021819711,1210.199951171875],[-1.2448082584887743,43.0505813844502,1210.4000244140625],[-1.2448235135525465,43.050561686977744,1210.5999755859375],[-1.2448422890156507,43.05053662508726,1211],[-1.2448602262884378,43.05051173083484,1211.199951171875],[-1.2448804266750813,43.050487926229835,1211.4000244140625],[-1.2449053209275007,43.05045741610229,1211.800048828125],[-1.244924683123827,43.050439143553376,1212],[-1.2449431233108044,43.05041693150997,1212.199951171875],[-1.2449624855071306,43.05039346218109,1212.4000244140625],[-1.2449826020747423,43.05037083104253,1212.5999755859375],[-1.2450048979371786,43.050350127741694,1212.5999755859375],[-1.2450326420366764,43.05032121017575,1212.800048828125],[-1.2450559437274933,43.05030100978911,1213],[-1.245082849636674,43.05027896538377,1213.4000244140625],[-1.2451027147471905,43.05025516077876,1214],[-1.2451228313148022,43.05023261345923,1214.199951171875],[-1.2451462168246508,43.05020763538778,1214.4000244140625],[-1.245168512687087,43.05018567480147,1214.5999755859375],[-1.245193239301443,43.050164971500635,1214.5999755859375],[-1.2452136911451817,43.05014376528561,1214.5999755859375],[-1.2452339753508568,43.05012037977576,1214.5999755859375],[-1.2452556006610394,43.05009766481817,1215],[-1.2452779803425074,43.05007595568895,1215],[-1.2452989351004362,43.05005265399814,1215.199951171875],[-1.2453199736773968,43.050031531602144,1215.4000244140625],[-1.2453410122543573,43.05001024156809,1215.5999755859375],[-1.2453624699264765,43.049989538267255,1215.800048828125],[-1.245382921770215,43.04996875114739,1216],[-1.2454031221568584,43.04994829930365,1216.199951171875],[-1.2454227358102798,43.04992726072669,1216.199951171875],[-1.2454405892640352,43.04990530014038,1216.4000244140625],[-1.2454649806022644,43.04988828487694,1216.5999755859375],[-1.2454873602837324,43.0498696770519,1217],[-1.2455083150416613,43.049849811941385,1217],[-1.2455287668853998,43.049828773364425,1217.4000244140625],[-1.2455499731004238,43.049810752272606,1217.4000244140625],[-1.2455688323825598,43.04979004897177,1217.4000244140625],[-1.2455886974930763,43.049770686775446,1217.5999755859375],[-1.2456084787845612,43.04974948056042,1217.5999755859375],[-1.2456266675144434,43.04972793906927,1217.800048828125],[-1.2456448562443256,43.04970547556877,1218],[-1.2456619553267956,43.04968351498246,1218],[-1.2456808984279633,43.0496624764055,1218.199951171875],[-1.245702188462019,43.0496418569237,1218.199951171875],[-1.2457237299531698,43.04962291382253,1218.199951171875],[-1.2457425892353058,43.04960229434073,1218.4000244140625],[-1.24576429836452,43.049582513049245,1218.5999755859375],[-1.2457844987511635,43.04956021718681,1218.800048828125],[-1.2458042800426483,43.04953892715275,1218.800048828125],[-1.2458247318863869,43.04951788857579,1219],[-1.245847949758172,43.04949827492237,1219.199951171875],[-1.2458699941635132,43.04947924800217,1219.4000244140625],[-1.2458919547498226,43.04945971816778,1219.5999755859375],[-1.2459158431738615,43.04943926632404,1219.5999755859375],[-1.2459396477788687,43.04942057467997,1219.800048828125],[-1.245961943641305,43.04940087720752,1220],[-1.2459863349795341,43.04938134737313,1220.199951171875],[-1.2460095528513193,43.049361230805516,1220.199951171875],[-1.246030256152153,43.0493429582566,1220.5999755859375],[-1.2460488639771938,43.04932225495577,1220.800048828125],[-1.2460662983357906,43.04930138401687,1221],[-1.246084738522768,43.049280093982816,1221.199951171875],[-1.2461027596145868,43.04925796575844,1221.199951171875],[-1.2461196910589933,43.04923575371504,1221.4000244140625],[-1.246135113760829,43.049211697652936,1221.4000244140625],[-1.2461543921381235,43.04918889887631,1221.5999755859375],[-1.2461702339351177,43.04916157387197,1221.800048828125],[-1.2461883388459682,43.04913802072406,1221.800048828125],[-1.246205773204565,43.049114467576146,1221.800048828125],[-1.2462216150015593,43.04908697493374,1222],[-1.2462361995130777,43.04906141012907,1222],[-1.2462533824145794,43.04903953336179,1222],[-1.2462709844112396,43.04901455529034,1222],[-1.246284982189536,43.048988822847605,1222.199951171875],[-1.2462946213781834,43.048959486186504,1222.199951171875],[-1.246304428204894,43.04893048480153,1222.199951171875],[-1.246316498145461,43.04890299215913,1222.5999755859375],[-1.2463235389441252,43.04887482896447,1222.5999755859375],[-1.2463309988379478,43.0488458275795,1222.5999755859375],[-1.246339464560151,43.048817748203874,1222.800048828125],[-1.2463511154055595,43.048790423199534,1223],[-1.2463608384132385,43.04876519367099,1223],[-1.2463656160980463,43.04873644374311,1223.199951171875],[-1.24637215398252,43.04870869964361,1223.4000244140625],[-1.2463817093521357,43.04868129082024,1223.5999755859375],[-1.2463895045220852,43.04865404963493,1223.5999755859375],[-1.2464003171771765,43.04862705990672,1223.800048828125],[-1.246410207822919,43.04859730415046,1224],[-1.2464189250022173,43.0485659558326,1224],[-1.246426971629262,43.04853511042893,1224],[-1.246435521170497,43.04850937798619,1224.199951171875],[-1.2464409694075584,43.048484064638615,1224.5999755859375],[-1.2464429810643196,43.048455733805895,1224.800048828125],[-1.2464411370456219,43.04842136800289,1225],[-1.2464442383497953,43.048391193151474,1225.800048828125],[-1.2464503571391106,43.04836110211909,1226],[-1.2464557215571404,43.04833143018186,1226],[-1.2464606668800116,43.04830242879689,1226.199951171875],[-1.246463768184185,43.04827309213579,1226.199951171875],[-1.246466701850295,43.04824199527502,1226.199951171875],[-1.2464693002402782,43.04821173660457,1226.4000244140625],[-1.2464693002402782,43.04818298667669,1226.5999755859375],[-1.2464709766209126,43.0481549911201,1226.800048828125],[-1.2464713118970394,43.04812431335449,1227.199951171875],[-1.2464704737067223,43.04809598252177,1227.4000244140625],[-1.2464722339063883,43.04806639440358,1227.5999755859375],[-1.246476173400879,43.04803672246635,1227.800048828125],[-1.2464763410389423,43.048007721081376,1227.800048828125],[-1.2464755028486252,43.047979390248656,1228],[-1.2464739102870226,43.04795105941594,1228.199951171875],[-1.2464700546115637,43.04792105220258,1228.199951171875],[-1.246465528383851,43.04789213463664,1228.4000244140625],[-1.2464651092886925,43.04786422289908,1228.5999755859375],[-1.2464600801467896,43.04783505387604,1228.800048828125],[-1.246455805376172,43.04780513048172,1229],[-1.246454380452633,43.04777638055384,1229.199951171875],[-1.2464530393481255,43.04774553515017,1229.199951171875],[-1.2464498542249203,43.04771485738456,1229.199951171875],[-1.2464422266930342,43.04768258705735,1229.199951171875],[-1.246436946094036,43.04765040054917,1229.4000244140625],[-1.246436107903719,43.047620141878724,1229.4000244140625],[-1.2464352697134018,43.047588877379894,1229.5999755859375],[-1.2464305758476257,43.04755509831011,1229.5999755859375],[-1.246426971629262,43.04752031341195,1229.800048828125],[-1.2464239541441202,43.047485863789916,1229.800048828125],[-1.2464217748492956,43.047449234873056,1229.800048828125],[-1.2464204337447882,43.04741176776588,1229.800048828125],[-1.2464192602783442,43.04737170226872,1229.800048828125],[-1.2464144825935364,43.04733197204769,1229.5999755859375],[-1.2464109621942043,43.0472899787128,1229.5999755859375],[-1.2464054301381111,43.04724622517824,1229.5999755859375],[-1.2463988084346056,43.04720079526305,1229.5999755859375],[-1.246389588341117,43.04715578444302,1229.4000244140625],[-1.246381038799882,43.04711077362299,1229.4000244140625],[-1.2463720701634884,43.047064589336514,1229.4000244140625],[-1.2463667895644903,43.047025026753545,1229.4000244140625],[-1.2463567312806845,43.046981105580926,1229.4000244140625],[-1.2463455833494663,43.04693047888577,1229.4000244140625],[-1.246333597227931,43.046876499429345,1229.800048828125],[-1.2463270593434572,43.04684020578861,1229.800048828125],[-1.2463190965354443,43.04679460823536,1229.800048828125],[-1.2463097926229239,43.04674758575857,1229.800048828125],[-1.2462975550442934,43.04670081473887,1229.5999755859375],[-1.2462845630943775,43.046654211357236,1229.4000244140625],[-1.246272660791874,43.04660517722368,1229.4000244140625],[-1.246259417384863,43.04655522108078,1229.199951171875],[-1.2462437432259321,43.046504175290465,1229.199951171875],[-1.2462237942963839,43.04645312950015,1229.199951171875],[-1.2461992353200912,43.04639579728246,1227.800048828125],[-1.2461786158382893,43.046358497813344,1227.5999755859375],[-1.24614835716784,43.046313151717186,1227.4000244140625],[-1.2461153324693441,43.04626998491585,1227.4000244140625],[-1.2460799608379602,43.046230003237724,1227.4000244140625],[-1.2460424937307835,43.046193458139896,1227.5999755859375],[-1.2460050266236067,43.04615892469883,1227.5999755859375],[-1.2459679786115885,43.046125900000334,1227.5999755859375],[-1.2459363788366318,43.046091701835394,1227.800048828125],[-1.2459100596606731,43.04605239070952,1227.800048828125],[-1.2458906136453152,43.046009140089154,1227.800048828125],[-1.2458758614957333,43.045968068763614,1227.5999755859375],[-1.2458665575832129,43.045924147590995,1227.5999755859375],[-1.2458658870309591,43.04587746039033,1227.5999755859375],[-1.2458758614957333,43.04583169519901,1227.5999755859375],[-1.2458940502256155,43.0457856785506,1227.5999755859375],[-1.2459181901067495,43.04574175737798,1227.5999755859375],[-1.2459416594356298,43.04569808766246,1227.4000244140625],[-1.2459683138877153,43.04565601050854,1227.5999755859375],[-1.2459984049201012,43.0456146877259,1227.5999755859375],[-1.2460241373628378,43.04557370021939,1227.5999755859375],[-1.246046768501401,43.0455335509032,1227.5999755859375],[-1.2460688967257738,43.04549449123442,1227.800048828125],[-1.246090941131115,43.045456018298864,1228],[-1.2461126502603292,43.04541670717299,1228.199951171875],[-1.246133353561163,43.04538049735129,1228.199951171875],[-1.2461523804813623,43.04534261114895,1228.199951171875],[-1.24617425724864,43.04530438967049,1228.4000244140625],[-1.246197558939457,43.045267928391695,1228.5999755859375],[-1.2462163344025612,43.045230293646455,1228.800048828125],[-1.2462364509701729,43.04519307799637,1228.800048828125],[-1.2462565675377846,43.04515577852726,1229],[-1.2462747562676668,43.0451175570488,1229],[-1.2462902627885342,43.0450795032084,1229.199951171875],[-1.2463052663952112,43.045042203739285,1229.199951171875],[-1.2463202700018883,43.04500373080373,1229.199951171875],[-1.2463401351124048,43.04496148601174,1229.199951171875],[-1.246357150375843,43.04493449628353,1229.199951171875],[-1.2463827151805162,43.04490155540407,1229.4000244140625],[-1.2464094534516335,43.04486928507686,1229.5999755859375],[-1.2464338447898626,43.04483374580741,1229.5999755859375],[-1.2464556377381086,43.04479812271893,1229.5999755859375],[-1.2464763410389423,43.04476132616401,1229.800048828125],[-1.2465033307671547,43.04472419433296,1229.800048828125],[-1.246533002704382,43.04468949325383,1229.800048828125],[-1.246563931927085,43.04465655237436,1230],[-1.2465912569314241,43.044623946771026,1230],[-1.2466196715831757,43.044592095538974,1230],[-1.246647834777832,43.04455814883113,1230.199951171875],[-1.2466745730489492,43.04452395066619,1230.199951171875],[-1.246702903881669,43.0444904230535,1230.199951171875],[-1.2467362638562918,43.04445547051728,1230.4000244140625],[-1.2467661872506142,43.0444195959717,1230.4000244140625],[-1.246793596073985,43.0443817935884,1230.5999755859375],[-1.2468235194683075,43.04434474557638,1230.5999755859375],[-1.2468547839671373,43.044309373945,1230.800048828125],[-1.2468868866562843,43.04427416995168,1230.800048828125],[-1.2469199113547802,43.04423997178674,1230.800048828125],[-1.2469513434916735,43.04420426487923,1231],[-1.2469822727143764,43.044169479981065,1231],[-1.2470110226422548,43.044134862720966,1231],[-1.2470432929694653,43.044099155813456,1231.199951171875],[-1.247079586610198,43.04406520910561,1231.199951171875],[-1.247116383165121,43.04403285495937,1231.4000244140625],[-1.2471487373113632,43.04399823769927,1231.4000244140625],[-1.247182684019208,43.04396336898208,1231.5999755859375],[-1.2472188100218773,43.04392741061747,1231.5999755859375],[-1.2472551874816418,43.04389229044318,1231.5999755859375],[-1.2472920678555965,43.04385951720178,1231.5999755859375],[-1.2473283614963293,43.0438273306936,1231.5999755859375],[-1.247365241870284,43.04379506036639,1231.800048828125],[-1.2474021222442389,43.04376404732466,1231.800048828125],[-1.2474399246275425,43.043733118101954,1231.800048828125],[-1.2474788166582584,43.04369984194636,1231.800048828125],[-1.2475161999464035,43.043665643781424,1231.800048828125],[-1.2475568521767855,43.043631445616484,1231.800048828125],[-1.2475970853120089,43.043596828356385,1231.5999755859375],[-1.2476386595517397,43.04356246255338,1231.5999755859375],[-1.2476810719817877,43.04352608509362,1231.5999755859375],[-1.2477227300405502,43.043488366529346,1231.5999755859375],[-1.247766986489296,43.043449306860566,1231.5999755859375],[-1.2478122487664223,43.04341225884855,1231.4000244140625],[-1.2478575948625803,43.043373953551054,1231.4000244140625],[-1.247904533520341,43.04333413951099,1231.4000244140625],[-1.2479553278535604,43.043298767879605,1231.4000244140625],[-1.248011738061905,43.04327010177076,1231.4000244140625],[-1.2480700761079788,43.04324680007994,1231.199951171875],[-1.2481321021914482,43.04322676733136,1231.199951171875],[-1.2481961399316788,43.04321151226759,1231.199951171875],[-1.2482628598809242,43.043201453983784,1231],[-1.2483305018395185,43.04319349117577,1231],[-1.2483981437981129,43.04318745620549,1231],[-1.2484641931951046,43.043181421235204,1231],[-1.2485278956592083,43.04317622445524,1231],[-1.2485850602388382,43.04316708818078,1231],[-1.2486288137733936,43.043147809803486,1231.199951171875],[-1.2486582342535257,43.043121322989464,1231.199951171875],[-1.2486653588712215,43.04309609346092,1231.4000244140625],[-1.248652869835496,43.04307731799781,1231.5999755859375],[-1.248623700812459,43.04306189529598,1231.800048828125],[-1.24857097864151,43.043044628575444,1232],[-1.2485260516405106,43.04302375763655,1232],[-1.2484942004084587,43.043005568906665,1232.4000244140625],[-1.2484526261687279,43.042984530329704,1232.5999755859375],[-1.2484084535390139,43.04296290501952,1232.5999755859375],[-1.2483675498515368,43.04294270463288,1232.800048828125],[-1.2483284901827574,43.0429224204272,1233],[-1.2482839822769165,43.04290062747896,1233.199951171875],[-1.2482503708451986,43.04288554005325,1233.199951171875],[-1.2482139933854342,43.04286818951368,1233.4000244140625],[-1.2481766939163208,43.042852180078626,1233.5999755859375],[-1.2481390591710806,43.04283834993839,1233.5999755859375],[-1.2481002509593964,43.04282544180751,1233.5999755859375],[-1.2480642087757587,43.042810186743736,1233.800048828125],[-1.2480259872972965,43.04279685951769,1234],[-1.2479865923523903,43.04278495721519,1234.199951171875],[-1.2479485385119915,43.04277339018881,1234.199951171875],[-1.2479070480912924,43.042762745171785,1234.199951171875],[-1.2478668987751007,43.042756794020534,1234.199951171875],[-1.2478280067443848,43.042753441259265,1234.199951171875],[-1.2477881088852882,43.042749585583806,1234.4000244140625],[-1.2477485463023186,43.04274505935609,1234.800048828125],[-1.2477094028145075,43.04273961111903,1234.800048828125],[-1.2476690020412207,43.042731480672956,1234.800048828125],[-1.2476315349340439,43.04272544570267,1235],[-1.247591134160757,43.042721170932055,1235.199951171875],[-1.2475493922829628,43.04271421395242,1235.4000244140625],[-1.2475088238716125,43.04270717315376,1235.5999755859375],[-1.247472194954753,43.04269317537546,1235.5999755859375],[-1.2474434450268745,43.042674316093326,1235.5999755859375],[-1.2474242504686117,43.04265361279249,1235.5999755859375],[-1.2474125158041716,43.04263391532004,1235.5999755859375],[-1.247398853302002,43.042614134028554,1235.5999755859375],[-1.2473851907998323,43.04259276017547,1235.5999755859375],[-1.2473760545253754,43.04257096722722,1235.5999755859375],[-1.247372953221202,43.04255889728665,1235.5999755859375],[-1.247372953221202,43.04255889728665,1235.5999755859375],[-1.247372953221202,43.04255889728665,1235.4000244140625],[-1.247372953221202,43.04255889728665,1235.4000244140625],[-1.247372953221202,43.04255889728665,1235.4000244140625],[-1.247372953221202,43.04255889728665,1235.4000244140625],[-1.2473759707063437,43.04255814291537,1235.4000244140625],[-1.2473813351243734,43.0425582267344,1235.4000244140625],[-1.2473813351243734,43.0425582267344,1235.4000244140625],[-1.2473813351243734,43.0425582267344,1235.4000244140625],[-1.2473813351243734,43.0425582267344,1235.199951171875],[-1.2473813351243734,43.0425582267344,1235.199951171875],[-1.2473813351243734,43.0425582267344,1235.199951171875],[-1.2473813351243734,43.0425582267344,1235.199951171875],[-1.2473813351243734,43.0425582267344,1235.199951171875],[-1.2473813351243734,43.0425582267344,1235],[-1.2473813351243734,43.0425582267344,1235],[-1.2473813351243734,43.0425582267344,1235],[-1.2473813351243734,43.0425582267344,1235],[-1.2473813351243734,43.0425582267344,1234.800048828125],[-1.2473813351243734,43.0425582267344,1234.800048828125],[-1.2473813351243734,43.0425582267344,1234.800048828125],[-1.2473813351243734,43.0425582267344,1234.800048828125],[-1.2473813351243734,43.0425582267344,1234.800048828125],[-1.2473813351243734,43.0425582267344,1234.5999755859375],[-1.2473813351243734,43.0425582267344,1234.5999755859375],[-1.2473813351243734,43.0425582267344,1234.5999755859375],[-1.2473813351243734,43.0425582267344,1234.5999755859375],[-1.2473813351243734,43.0425582267344,1234.5999755859375],[-1.2473813351243734,43.0425582267344,1234.4000244140625],[-1.2473813351243734,43.0425582267344,1234.4000244140625],[-1.2473813351243734,43.0425582267344,1234.4000244140625],[-1.2473813351243734,43.0425582267344,1234.4000244140625],[-1.2473813351243734,43.0425582267344,1234.4000244140625],[-1.2473813351243734,43.0425582267344,1234.4000244140625],[-1.2473813351243734,43.0425582267344,1234.4000244140625],[-1.2473813351243734,43.0425582267344,1234.4000244140625],[-1.2473813351243734,43.0425582267344,1234.199951171875],[-1.2473813351243734,43.0425582267344,1234.199951171875],[-1.2473813351243734,43.0425582267344,1234.199951171875],[-1.2473813351243734,43.0425582267344,1234.199951171875],[-1.2473813351243734,43.0425582267344,1234.199951171875],[-1.2473813351243734,43.0425582267344,1234.199951171875],[-1.2473813351243734,43.0425582267344,1234.199951171875],[-1.2473813351243734,43.0425582267344,1234.199951171875],[-1.2473813351243734,43.0425582267344,1234.199951171875],[-1.2473813351243734,43.0425582267344,1234.199951171875],[-1.2473813351243734,43.0425582267344,1234],[-1.2473813351243734,43.0425582267344,1234],[-1.2473813351243734,43.0425582267344,1234],[-1.2473813351243734,43.0425582267344,1234],[-1.2473813351243734,43.0425582267344,1234],[-1.2473813351243734,43.0425582267344,1234],[-1.2473813351243734,43.0425582267344,1234.199951171875],[-1.2473813351243734,43.0425582267344,1234.199951171875],[-1.2473813351243734,43.0425582267344,1234],[-1.2473813351243734,43.0425582267344,1234],[-1.2473813351243734,43.0425582267344,1234],[-1.2473813351243734,43.0425582267344,1234],[-1.2473813351243734,43.0425582267344,1234],[-1.2473813351243734,43.0425582267344,1234],[-1.2473813351243734,43.0425582267344,1234],[-1.2473813351243734,43.0425582267344,1234],[-1.2473813351243734,43.0425582267344,1234],[-1.2473813351243734,43.0425582267344,1234],[-1.2473813351243734,43.0425582267344,1234],[-1.2473813351243734,43.0425582267344,1234],[-1.2473813351243734,43.0425582267344,1234],[-1.2473813351243734,43.0425582267344,1234],[-1.2473813351243734,43.0425582267344,1234],[-1.2473813351243734,43.0425582267344,1234],[-1.2473813351243734,43.0425582267344,1234],[-1.2473813351243734,43.0425582267344,1234.199951171875],[-1.2473813351243734,43.0425582267344,1234.199951171875],[-1.2473813351243734,43.0425582267344,1234.199951171875],[-1.2473813351243734,43.0425582267344,1234.199951171875],[-1.2473813351243734,43.0425582267344,1234.199951171875],[-1.2473813351243734,43.0425582267344,1234.199951171875],[-1.2473813351243734,43.0425582267344,1234.4000244140625],[-1.2473813351243734,43.0425582267344,1234.4000244140625],[-1.2473813351243734,43.0425582267344,1234.4000244140625],[-1.2473813351243734,43.0425582267344,1234.4000244140625],[-1.2473813351243734,43.0425582267344,1234.4000244140625],[-1.2473813351243734,43.0425582267344,1234.4000244140625],[-1.2473813351243734,43.0425582267344,1234.4000244140625],[-1.2473813351243734,43.0425582267344,1234.4000244140625],[-1.2473813351243734,43.0425582267344,1234.4000244140625],[-1.2473813351243734,43.0425582267344,1234.4000244140625],[-1.2473813351243734,43.0425582267344,1234.4000244140625],[-1.2473813351243734,43.0425582267344,1234.4000244140625],[-1.2473813351243734,43.0425582267344,1234.4000244140625],[-1.2473813351243734,43.0425582267344,1234.4000244140625],[-1.2473813351243734,43.0425582267344,1234.4000244140625],[-1.2473813351243734,43.0425582267344,1234.4000244140625],[-1.2473813351243734,43.0425582267344,1234.4000244140625],[-1.2473813351243734,43.0425582267344,1234.4000244140625],[-1.2473813351243734,43.0425582267344,1234.199951171875],[-1.2473807483911514,43.042559903115034,1234.199951171875],[-1.2473802454769611,43.04256149567664,1234.199951171875],[-1.2473802454769611,43.04256149567664,1234],[-1.2473802454769611,43.04256149567664,1234],[-1.2473802454769611,43.04256149567664,1234],[-1.2473802454769611,43.04256149567664,1234],[-1.2473802454769611,43.04256149567664,1234],[-1.2473802454769611,43.04256149567664,1234],[-1.2473802454769611,43.04256149567664,1233.800048828125],[-1.2473802454769611,43.04256149567664,1233.800048828125],[-1.2473802454769611,43.04256149567664,1233.800048828125],[-1.2473802454769611,43.04256149567664,1233.800048828125],[-1.2473802454769611,43.04256149567664,1233.5999755859375],[-1.2473802454769611,43.04256149567664,1233.5999755859375],[-1.2473802454769611,43.04256149567664,1233.800048828125],[-1.2473802454769611,43.04256149567664,1233.5999755859375],[-1.2473802454769611,43.04256149567664,1233.5999755859375],[-1.2473802454769611,43.04256149567664,1233.5999755859375],[-1.2473802454769611,43.04256149567664,1233.5999755859375],[-1.2473802454769611,43.04256149567664,1233.5999755859375],[-1.2473802454769611,43.04256149567664,1233.5999755859375],[-1.2473802454769611,43.04256149567664,1233.5999755859375],[-1.2473802454769611,43.04256149567664,1233.5999755859375],[-1.2473802454769611,43.04256149567664,1233.5999755859375],[-1.2473802454769611,43.04256149567664,1233.5999755859375],[-1.2473802454769611,43.04256149567664,1233.5999755859375],[-1.2473802454769611,43.04256149567664,1233.5999755859375],[-1.2473802454769611,43.04256149567664,1233.5999755859375],[-1.2473802454769611,43.04256149567664,1233.5999755859375],[-1.2473802454769611,43.04256149567664,1233.5999755859375],[-1.2473802454769611,43.04256149567664,1233.5999755859375],[-1.2473802454769611,43.04256149567664,1233.5999755859375],[-1.2473808322101831,43.04255973547697,1233.5999755859375],[-1.2473772279918194,43.042559400200844,1233.5999755859375],[-1.2473772279918194,43.042559400200844,1233.5999755859375],[-1.2473772279918194,43.042559400200844,1233.5999755859375],[-1.2473772279918194,43.042559400200844,1233.5999755859375],[-1.247377898544073,43.0425566341728,1233.5999755859375],[-1.2473824247717857,43.04255252704024,1233.5999755859375],[-1.2473943270742893,43.04254942573607,1233.5999755859375],[-1.2474093306809664,43.04255101829767,1233.5999755859375],[-1.247424753382802,43.04255856201053,1233.5999755859375],[-1.247433889657259,43.04257331416011,1233.5999755859375],[-1.247437745332718,43.04258957505226,1233.5999755859375],[-1.247441517189145,43.04260809905827,1233.5999755859375],[-1.2474442832171917,43.042627796530724,1233.5999755859375],[-1.2474440317600965,43.04264422506094,1233.5999755859375],[-1.2474435288459063,43.04265160113573,1233.5999755859375],[-1.2474435288459063,43.04265160113573,1233.800048828125],[-1.2474435288459063,43.04265160113573,1234.199951171875],[-1.2474435288459063,43.04265160113573,1234.4000244140625],[-1.2474435288459063,43.04265160113573,1234.5999755859375],[-1.2474435288459063,43.04265160113573,1234.5999755859375],[-1.2474435288459063,43.04265160113573,1234.5999755859375],[-1.2474435288459063,43.04265160113573,1234.5999755859375],[-1.247440092265606,43.042651265859604,1234.5999755859375],[-1.2474366556853056,43.042651768773794,1234.5999755859375],[-1.2474366556853056,43.042651768773794,1234.5999755859375],[-1.2474366556853056,43.042651768773794,1234.800048828125],[-1.2474366556853056,43.042651768773794,1234.800048828125],[-1.2474366556853056,43.042651768773794,1234.800048828125],[-1.2474366556853056,43.042651768773794,1234.800048828125],[-1.2474366556853056,43.042651768773794,1234.800048828125],[-1.2474366556853056,43.042651768773794,1234.800048828125],[-1.2474366556853056,43.042651768773794,1234.800048828125],[-1.2474366556853056,43.042651768773794,1234.800048828125],[-1.2474366556853056,43.042651768773794,1234.800048828125],[-1.2474366556853056,43.042651768773794,1235],[-1.2474366556853056,43.042651768773794,1235],[-1.2474353145807981,43.042651349678636,1235],[-1.2474328000098467,43.04264875128865,1235],[-1.2474328000098467,43.04264875128865,1235],[-1.2474328000098467,43.04264875128865,1235],[-1.2474328000098467,43.04264875128865,1235.199951171875],[-1.2474328000098467,43.04264875128865,1235.199951171875],[-1.2474328000098467,43.04264875128865,1235.199951171875],[-1.2474328000098467,43.04264875128865,1235.4000244140625],[-1.2474328000098467,43.04264875128865,1235.4000244140625],[-1.2474328000098467,43.04264875128865,1235.4000244140625],[-1.2474328000098467,43.04264875128865,1235.4000244140625],[-1.2474328000098467,43.04264875128865,1235.4000244140625],[-1.2474328000098467,43.04264875128865,1235.4000244140625],[-1.2474328000098467,43.04264875128865,1235.4000244140625],[-1.2474328000098467,43.04264875128865,1235.4000244140625],[-1.2474328000098467,43.04264875128865,1235.4000244140625],[-1.2474328000098467,43.04264875128865,1235.4000244140625],[-1.2474328000098467,43.04264875128865,1235.4000244140625],[-1.2474328000098467,43.04264875128865,1235.4000244140625],[-1.2474328000098467,43.04264875128865,1235.4000244140625],[-1.2474328000098467,43.04264875128865,1235.4000244140625],[-1.2474328000098467,43.04264875128865,1235.4000244140625],[-1.2474328000098467,43.04264875128865,1235.4000244140625],[-1.2474328000098467,43.04264875128865,1235.4000244140625],[-1.2474328000098467,43.04264875128865,1235.4000244140625],[-1.2474328000098467,43.04264875128865,1235.4000244140625],[-1.2474328000098467,43.04264875128865,1235.199951171875],[-1.2474328000098467,43.04264875128865,1235.199951171875],[-1.2474328000098467,43.04264875128865,1235.199951171875],[-1.2474328000098467,43.04264875128865,1235.199951171875],[-1.2474328000098467,43.04264875128865,1235],[-1.2474328000098467,43.04264875128865,1235],[-1.2474328000098467,43.04264875128865,1235],[-1.2474328000098467,43.04264875128865,1235],[-1.2474328000098467,43.04264875128865,1235],[-1.2474328000098467,43.04264875128865,1234.800048828125],[-1.2474328000098467,43.04264875128865,1234.800048828125],[-1.2474328000098467,43.04264875128865,1234.800048828125],[-1.2474328000098467,43.04264875128865,1234.800048828125],[-1.2474328000098467,43.04264875128865,1234.800048828125],[-1.2474328000098467,43.04264875128865,1234.800048828125],[-1.247435649856925,43.04265160113573,1234.800048828125],[-1.2474399246275425,43.04266199469566,1234.800048828125],[-1.247451240196824,43.04267255589366,1234.5999755859375],[-1.2474742904305458,43.04267934523523,1234.5999755859375],[-1.247508991509676,43.042683033272624,1234.5999755859375],[-1.247550481930375,43.04268387146294,1234.5999755859375],[-1.2475904636085033,43.04268286563456,1234.5999755859375],[-1.247624158859253,43.04268026724458,1234.800048828125],[-1.2476478796452284,43.04267632775009,1234.800048828125],[-1.247662715613842,43.0426705442369,1235],[-1.2476739473640919,43.04266316816211,1235],[-1.2476817425340414,43.04265512153506,1235],[-1.247686604037881,43.04264263249934,1235],[-1.2476908788084984,43.04262989200652,1235],[-1.247703954577446,43.042621510103345,1235],[-1.2477197125554085,43.04261631332338,1235],[-1.2477379012852907,43.04261245764792,1235],[-1.2477553356438875,43.04261094890535,1235],[-1.2477649748325348,43.04260985925794,1235],[-1.2477686628699303,43.04260960780084,1235],[-1.2477686628699303,43.04260960780084,1235],[-1.2477686628699303,43.04260960780084,1235],[-1.247775200754404,43.04260793142021,1235],[-1.24778525903821,43.04260751232505,1235],[-1.2478013522922993,43.04260608740151,1235],[-1.2478141766041517,43.04260851815343,1235],[-1.247827922925353,43.0426134634763,1234.800048828125],[-1.2478360533714294,43.0426169000566,1234.800048828125],[-1.2478360533714294,43.0426169000566,1234.800048828125],[-1.2478360533714294,43.0426169000566,1234.800048828125],[-1.2478360533714294,43.0426169000566,1234.800048828125],[-1.2478360533714294,43.0426169000566,1235],[-1.2478380650281906,43.042619582265615,1235],[-1.247842339798808,43.04262620396912,1235],[-1.2478542421013117,43.04263483732939,1235],[-1.24788005836308,43.04264087229967,1235],[-1.2479138374328613,43.04264581762254,1235],[-1.2479497119784355,43.04264766164124,1235],[-1.247984329238534,43.04264925420284,1235.199951171875],[-1.2480227183550596,43.04265344515443,1235.4000244140625],[-1.2480595149099827,43.04265554063022,1235.4000244140625],[-1.2480946350842714,43.04265487007797,1235.800048828125],[-1.2481319345533848,43.04265210404992,1235.800048828125],[-1.248159846290946,43.04264657199383,1236.199951171875],[-1.248194631189108,43.04263542406261,1236.199951171875],[-1.2482379656285048,43.042623521760106,1236.5999755859375],[-1.2482828088104725,43.04261681623757,1236.800048828125],[-1.24831885099411,43.0426116194576,1237],[-1.2483457569032907,43.04260868579149,1237.4000244140625],[-1.2483793683350086,43.0426049977541,1237.4000244140625],[-1.2484162487089634,43.04260030388832,1237.5999755859375],[-1.2484518717974424,43.04259594529867,1237.5999755859375],[-1.2484877463430166,43.04259292781353,1238],[-1.248522363603115,43.042590664699674,1238.199951171875],[-1.2485635187476873,43.042588317766786,1238.4000244140625],[-1.2486023269593716,43.04258798249066,1238.4000244140625],[-1.2486406322568655,43.04258739575744,1238.5999755859375],[-1.2486720643937588,43.04258471354842,1239],[-1.2487231940031052,43.04257716983557,1239.4000244140625],[-1.2487649358808994,43.04257230833173,1239.800048828125],[-1.2488078512251377,43.04256979376078,1240.199951171875],[-1.248847832903266,43.04256862029433,1240.800048828125],[-1.2488853838294744,43.04256719537079,1241.199951171875],[-1.248919079080224,43.04256426170468,1242],[-1.2489635031670332,43.04255923256278,1242.4000244140625],[-1.2489949353039265,43.04255420342088,1242.800048828125],[-1.2490267865359783,43.04254984483123,1243.199951171875],[-1.2490587215870619,43.042546324431896,1243.4000244140625],[-1.249091662466526,43.04254506714642,1243.800048828125],[-1.2491205800324678,43.042543390765786,1244.199951171875],[-1.2491457257419825,43.04253685288131,1244.5999755859375],[-1.2491698656231165,43.042526710778475,1245],[-1.2491956818848848,43.042519334703684,1245.199951171875],[-1.24921889975667,43.042514976114035,1245.4000244140625],[-1.249245386570692,43.04251371882856,1245.800048828125],[-1.2492743041366339,43.042512545362115,1246],[-1.249301042407751,43.0425117071718,1246.5999755859375],[-1.2493277806788683,43.0425098631531,1247],[-1.2493556924164295,43.04250944405794,1247.5999755859375],[-1.2493816763162613,43.04250793531537,1247.800048828125],[-1.249405648559332,43.042507600039244,1248.5999755859375],[-1.249433308839798,43.04250583983958,1249],[-1.2494587898254395,43.042507180944085,1249.4000244140625],[-1.2494810856878757,43.04250743240118,1250.199951171875],[-1.2495052255690098,43.042506258934736,1250.5999755859375],[-1.2495287787169218,43.042505672201514,1250.800048828125],[-1.249551996588707,43.0425080191344,1251.199951171875],[-1.2495803274214268,43.04251195862889,1251.5999755859375],[-1.2496033776551485,43.042516987770796,1252],[-1.249625338241458,43.04252059198916,1252.199951171875],[-1.2496492266654968,43.042523777112365,1252.5999755859375],[-1.2496746238321066,43.0425270460546,1253],[-1.249700104817748,43.042531572282314,1253.4000244140625],[-1.2497260048985481,43.042534003034234,1253.5999755859375],[-1.2497519049793482,43.04253433831036,1253.800048828125],[-1.2497768830507994,43.04253492504358,1254],[-1.2498007714748383,43.04253517650068,1254.5999755859375],[-1.2498231511563063,43.04253484122455,1254.800048828125],[-1.2498442735522985,43.04253634996712,1255],[-1.2498695030808449,43.042537523433566,1255.199951171875],[-1.249895989894867,43.042538445442915,1255.800048828125],[-1.249920129776001,43.0425357632339,1256],[-1.24994695186615,43.042534589767456,1256.199951171875],[-1.2499723490327597,43.04253291338682,1256.5999755859375],[-1.2499933876097202,43.042531572282314,1257],[-1.250016102567315,43.04253039881587,1257.199951171875],[-1.250038230791688,43.04253148846328,1257.5999755859375],[-1.2500609457492828,43.0425339192152,1258.199951171875],[-1.2500864267349243,43.04253634996712,1258.4000244140625],[-1.250110063701868,43.04253685288131,1258.5999755859375],[-1.2501321081072092,43.04253593087196,1259],[-1.2501509673893452,43.04253467358649,1259.4000244140625],[-1.2501708324998617,43.04253291338682,1259.800048828125],[-1.250194301828742,43.042534003034234,1260],[-1.2502203695476055,43.042535511776805,1260.199951171875],[-1.250243755057454,43.042534589767456,1260.4000244140625],[-1.250265296548605,43.04253224283457,1260.800048828125],[-1.2502873409539461,43.042529644444585,1260.800048828125],[-1.2503114808350801,43.0425288900733,1261.199951171875],[-1.2503339443355799,43.04252855479717,1261.5999755859375],[-1.2503560725599527,43.04252930916846,1261.800048828125],[-1.250381302088499,43.0425341706723,1261.800048828125],[-1.250408124178648,43.04253609851003,1262],[-1.2504314258694649,43.042537020519376,1262.4000244140625],[-1.2504544761031866,43.042537523433566,1262.800048828125],[-1.2504744250327349,43.04253609851003,1263],[-1.2504946254193783,43.04253249429166,1263.199951171875],[-1.2505170051008463,43.042528638616204,1263.4000244140625],[-1.2505410611629486,43.04252654314041,1263.800048828125],[-1.2505632732063532,43.0425270460546,1264.199951171875],[-1.2505852337926626,43.042526207864285,1264.4000244140625],[-1.2506073620170355,43.04252369329333,1264.5999755859375],[-1.2506297416985035,43.04252050817013,1264.800048828125],[-1.2506506964564323,43.042519418522716,1265.199951171875],[-1.2506715673953295,43.04251874797046,1265.5999755859375],[-1.2506933603435755,43.042519334703684,1265.800048828125],[-1.250713812187314,43.04251925088465,1266],[-1.2507346831262112,43.042517993599176,1266.199951171875],[-1.2507553864270449,43.04251422174275,1266.5999755859375],[-1.2507778499275446,43.04251036606729,1266.800048828125],[-1.2508004810661077,43.04250977933407,1267],[-1.250824872404337,43.042509108781815,1267.4000244140625],[-1.250848425552249,43.04250952787697,1267.5999755859375],[-1.2508773431181908,43.04251036606729,1267.5999755859375],[-1.2509009800851345,43.04251271300018,1268],[-1.2509247846901417,43.04251338355243,1268.4000244140625],[-1.2509433086961508,43.04251388646662,1268.5999755859375],[-1.250969460234046,43.04251380264759,1268.800048828125],[-1.2509898282587528,43.04251070134342,1269],[-1.2510070949792862,43.04250726476312,1269.199951171875],[-1.2510288041085005,43.04250533692539,1269.199951171875],[-1.2510597333312035,43.042504666373134,1269.5999755859375],[-1.2510837893933058,43.04250407963991,1269.800048828125],[-1.2511118687689304,43.04250542074442,1270],[-1.251131147146225,43.04250550456345,1270.199951171875],[-1.2511608190834522,43.0425029899925,1270.199951171875],[-1.2511849589645863,43.042501732707024,1270.4000244140625],[-1.2512194085866213,43.042502235621214,1270.5999755859375],[-1.25124866142869,43.04250357672572,1270.800048828125],[-1.2512796744704247,43.04250659421086,1271],[-1.2513036467134953,43.04251036606729,1271.199951171875],[-1.2513335701078176,43.04251371882856,1271.199951171875],[-1.251364666968584,43.042515981942415,1271.4000244140625],[-1.2513923272490501,43.0425220169127,1271.5999755859375],[-1.251421244814992,43.042527632787824,1271.800048828125],[-1.2514508329331875,43.042533583939075,1271.800048828125],[-1.2514830194413662,43.04254070855677,1271.800048828125],[-1.2515147868543863,43.04255420342088,1271.800048828125],[-1.2515386752784252,43.04256753064692,1271.800048828125],[-1.2515682633966208,43.042570212855935,1271.800048828125],[-1.2515992764383554,43.042563926428556,1271.800048828125],[-1.2516348157078028,43.0425600707531,1271.800048828125],[-1.2516670022159815,43.042561830952764,1271.800048828125],[-1.2516981828957796,43.04256711155176,1271.800048828125],[-1.2517299503087997,43.04256836883724,1271.800048828125],[-1.2517580296844244,43.04256736300886,1271.800048828125],[-1.2517882883548737,43.04256359115243,1271.800048828125],[-1.2518180441111326,43.0425600707531,1271.800048828125],[-1.2518493924289942,43.042557556182146,1272],[-1.2518803216516972,43.04255621507764,1272],[-1.2519097421318293,43.04255370050669,1272],[-1.251938994973898,43.042552191764116,1272.199951171875],[-1.2519700080156326,43.04255126975477,1272.199951171875],[-1.2519991770386696,43.042551688849926,1272.4000244140625],[-1.2520269211381674,43.04255302995443,1272.5999755859375],[-1.2520552519708872,43.04255596362054,1272.800048828125],[-1.2520837504416704,43.04256032221019,1272.800048828125],[-1.2521132547408342,43.04256225004792,1273],[-1.252144519239664,43.04256493225694,1273],[-1.25217461027205,43.042568704113364,1273.199951171875],[-1.2522031925618649,43.04257230833173,1273.199951171875],[-1.2522321101278067,43.04257767274976,1273.4000244140625],[-1.2522627878934145,43.04258328862488,1273.5999755859375],[-1.2522938009351492,43.04258907213807,1273.5999755859375],[-1.2523247301578522,43.04259493947029,1273.5999755859375],[-1.2523533124476671,43.042600555345416,1273.5999755859375],[-1.2523838225752115,43.04260466247797,1273.5999755859375],[-1.2524203676730394,43.04260985925794,1273.5999755859375],[-1.2524500396102667,43.042616648599505,1273.800048828125],[-1.2524730898439884,43.04262167774141,1273.800048828125],[-1.2524993252009153,43.0426290538162,1273.800048828125],[-1.2525226268917322,43.04263207130134,1274],[-1.252550957724452,43.04262804798782,1274],[-1.2525827251374722,43.04262578487396,1274],[-1.2526118103414774,43.04262519814074,1274.199951171875],[-1.2526413146406412,43.042625868692994,1274.199951171875],[-1.2526721600443125,43.04262435995042,1274.4000244140625],[-1.2527014128863811,43.042625868692994,1274.5999755859375],[-1.2527267262339592,43.0426272097975,1275],[-1.2527563981711864,43.04262612015009,1275.199951171875],[-1.2527873273938894,43.0426256172359,1275.4000244140625],[-1.252816580235958,43.04262603633106,1275.5999755859375],[-1.2528428994119167,43.04262896999717,1276.199951171875],[-1.2528735771775246,43.042633244767785,1276.4000244140625],[-1.2529036682099104,43.04263969883323,1276.4000244140625],[-1.2529322504997253,43.04264481179416,1276.5999755859375],[-1.2529598269611597,43.04265101440251,1276.5999755859375],[-1.2529898341745138,43.042654786258936,1276.800048828125],[-1.2530205119401217,43.04265948012471,1276.800048828125],[-1.2530496809631586,43.04266660474241,1277],[-1.2530786823481321,43.042671885341406,1277],[-1.2531059235334396,43.04267599247396,1277.199951171875],[-1.2531344220042229,43.04268169216812,1277.4000244140625],[-1.2531624175608158,43.042688481509686,1277.5999755859375],[-1.2531843781471252,43.04269585758448,1277.5999755859375],[-1.253213295713067,43.04270348511636,1277.5999755859375],[-1.2532474100589752,43.04271153174341,1277.800048828125],[-1.2532764114439487,43.04271639324725,1277.800048828125],[-1.2533035688102245,43.04272133857012,1277.800048828125],[-1.2533324863761663,43.04272745735943,1278],[-1.2533609848469496,43.04273181594908,1278],[-1.253385879099369,43.04273567162454,1278],[-1.2534127850085497,43.042738270014524,1278],[-1.2534400261938572,43.04273994639516,1278.199951171875],[-1.2534666806459427,43.04273994639516,1278.199951171875],[-1.2534965202212334,43.04274036549032,1278.4000244140625],[-1.2535277009010315,43.04274003021419,1278.4000244140625],[-1.2535547744482756,43.04274237714708,1278.4000244140625],[-1.2535820994526148,43.04274681955576,1278.5999755859375],[-1.2536097597330809,43.04275084286928,1278.5999755859375],[-1.2536398507654667,43.0427551176399,1278.800048828125],[-1.253669774159789,43.042761236429214,1278.800048828125],[-1.2536976858973503,43.04276769049466,1279],[-1.2537225801497698,43.04277380928397,1279],[-1.2537478096783161,43.04277992807329,1279.4000244140625],[-1.2537741288542747,43.04278696887195,1279.4000244140625],[-1.2537997774779797,43.04279342293739,1279.5999755859375],[-1.2538278568536043,43.04279769770801,1279.5999755859375],[-1.253854176029563,43.0428016372025,1279.800048828125],[-1.253881249576807,43.04280783981085,1280],[-1.2539058923721313,43.04281513206661,1280.199951171875],[-1.2539329659193754,43.04282158613205,1280.4000244140625],[-1.253959620371461,43.04282988421619,1280.4000244140625],[-1.2539861910045147,43.042837427929044,1280.5999755859375],[-1.2540125101804733,43.04284547455609,1280.5999755859375],[-1.254038829356432,43.042852180078626,1280.800048828125],[-1.25406707637012,43.042859053239226,1281],[-1.2540937308222055,43.042866764590144,1281.199951171875],[-1.2541177868843079,43.04287330247462,1281.4000244140625],[-1.2541431840509176,43.042881516739726,1281.4000244140625],[-1.2541687488555908,43.042889311909676,1281.5999755859375],[-1.254196660593152,43.04289593361318,1281.5999755859375],[-1.2542254105210304,43.04290138185024,1281.800048828125],[-1.2542524002492428,43.04290750063956,1282],[-1.2542780488729477,43.042915128171444,1282],[-1.2542953994125128,43.04292074404657,1282.199951171875],[-1.2543242331594229,43.042928874492645,1282.199951171875],[-1.2543566711246967,43.04293734021485,1282.5999755859375],[-1.2543870136141777,43.04294371046126,1282.5999755859375],[-1.2544169370085,43.04295008070767,1282.800048828125],[-1.2544407416135073,43.04295510984957,1282.800048828125],[-1.254467312246561,43.0429604742676,1282.800048828125],[-1.2544953916221857,43.042965000495315,1283],[-1.2545219622552395,43.04297162219882,1283.199951171875],[-1.254547107964754,43.042976735159755,1283.199951171875],[-1.2545746844261885,43.042982602491975,1283.4000244140625],[-1.2546023447066545,43.04298788309097,1283.5999755859375],[-1.2546324357390404,43.04299266077578,1283.5999755859375],[-1.2546560727059841,43.042996264994144,1284],[-1.2546903546899557,43.04300280287862,1284.199951171875],[-1.254716506227851,43.04300867021084,1284.4000244140625],[-1.2547411490231752,43.04301520809531,1284.800048828125],[-1.2547682225704193,43.043020237237215,1285],[-1.2547937035560608,43.043026523664594,1285.4000244140625],[-1.2548141553997993,43.0430315528065,1285.4000244140625],[-1.2548421509563923,43.04304211400449,1285.5999755859375],[-1.254870817065239,43.04305284284055,1285.800048828125],[-1.2548956274986267,43.04306449368596,1285.800048828125],[-1.2549186777323484,43.043073462322354,1286.199951171875],[-1.2549370341002941,43.04308209568262,1286.4000244140625],[-1.2549577374011278,43.043090142309666,1286.5999755859375],[-1.2549791112542152,43.04310154169798,1287.199951171875],[-1.254998305812478,43.04311193525791,1287.199951171875],[-1.2550164107233286,43.043121825903654,1287.4000244140625],[-1.2550367787480354,43.0431317165494,1287.800048828125],[-1.2550571467727423,43.043141439557076,1288],[-1.2550760060548782,43.04315133020282,1288.4000244140625],[-1.2550945300608873,43.04315937682986,1288.5999755859375],[-1.2551148980855942,43.04316935129464,1288.800048828125],[-1.255133505910635,43.04317991249263,1289],[-1.255150018259883,43.04319181479514,1289.4000244140625],[-1.2551646865904331,43.04320363327861,1289.4000244140625],[-1.2551805283874273,43.043216122314334,1289.800048828125],[-1.2551946938037872,43.04322584532201,1290],[-1.2552102841436863,43.043234730139375,1290],[-1.255226880311966,43.04324621334672,1290.4000244140625],[-1.2552422191947699,43.04325744509697,1290.4000244140625],[-1.2552614975720644,43.04326691664755,1290.5999755859375],[-1.2552789319306612,43.0432765558362,1290.800048828125],[-1.2552965339273214,43.04328770376742,1290.800048828125],[-1.2553139682859182,43.04329801350832,1291.199951171875],[-1.255332324653864,43.043310502544045,1291.199951171875],[-1.2553501781076193,43.04332139901817,1291.199951171875],[-1.2553642597049475,43.04333087056875,1291.5999755859375],[-1.2553816940635443,43.043338833376765,1291.800048828125],[-1.255400637164712,43.04334537126124,1292],[-1.2554201669991016,43.04335333406925,1292.199951171875],[-1.2554391101002693,43.0433613806963,1292.4000244140625],[-1.2554565444588661,43.04336925968528,1292.5999755859375],[-1.2554738949984312,43.043376468122005,1293],[-1.2554899044334888,43.04338459856808,1293],[-1.2555052433162928,43.0433939024806,1293.4000244140625],[-1.2555225938558578,43.043402368202806,1293.4000244140625],[-1.255541956052184,43.04341041482985,1293.800048828125],[-1.255564084276557,43.043417958542705,1293.800048828125],[-1.2555847875773907,43.04342902265489,1294.199951171875],[-1.255604987964034,43.04343732073903,1294.199951171875],[-1.2556235119700432,43.04344452917576,1294.5999755859375],[-1.2556422036141157,43.04345182143152,1294.5999755859375],[-1.2556607276201248,43.04345768876374,1294.800048828125],[-1.2556763179600239,43.04346422664821,1295.199951171875],[-1.2556920759379864,43.04347151890397,1295.5999755859375],[-1.2557106837630272,43.04347864352167,1295.5999755859375],[-1.25572987832129,43.04348576813936,1295.800048828125],[-1.2557489890605211,43.043494150042534,1296],[-1.255764914676547,43.04349993355572,1296],[-1.2557832710444927,43.04350521415472,1296.4000244140625],[-1.2558018788695335,43.04351267404854,1296.5999755859375],[-1.255818558856845,43.0435183737427,1296.800048828125],[-1.25583590939641,43.043524492532015,1297],[-1.2558535113930702,43.04353103041649,1297.4000244140625],[-1.255873627960682,43.04353857412934,1297.4000244140625],[-1.2558943312615156,43.04354419000447,1297.5999755859375],[-1.2559171300381422,43.04355056025088,1298],[-1.255937246605754,43.04355793632567,1298.199951171875],[-1.2559544295072556,43.043565060943365,1298.4000244140625],[-1.2559714447706938,43.04357067681849,1298.5999755859375],[-1.2559907231479883,43.04357696324587,1298.800048828125],[-1.2560103368014097,43.04358467459679,1299],[-1.2560304533690214,43.04359255358577,1299.199951171875],[-1.2560504022985697,43.04360101930797,1299.4000244140625],[-1.2560675013810396,43.04360831156373,1299.4000244140625],[-1.2560879532247782,43.043613927438855,1299.5999755859375],[-1.256110668182373,43.04361904039979,1299.800048828125],[-1.2561323773115873,43.043623231351376,1300],[-1.256153080612421,43.04362976923585,1300.199951171875],[-1.256172526627779,43.04363764822483,1300.4000244140625],[-1.2561939004808664,43.04364452138543,1300.5999755859375],[-1.2562187109142542,43.04364938288927,1300.800048828125],[-1.2562412582337856,43.043655501678586,1300.800048828125],[-1.256262380629778,43.04366111755371,1301],[-1.2562828324735165,43.04366648197174,1301.199951171875],[-1.2563023623079062,43.04367243312299,1301.199951171875],[-1.2563247419893742,43.04367813281715,1301.4000244140625],[-1.2563404999673367,43.04368106648326,1301.5999755859375],[-1.2563614547252655,43.04368450306356,1301.5999755859375],[-1.256386348977685,43.04368953220546,1301.800048828125],[-1.2564058788120747,43.04369238205254,1301.800048828125],[-1.2564283423125744,43.04369389079511,1302.199951171875],[-1.2564525660127401,43.04369774647057,1302.199951171875],[-1.2564733531326056,43.043702356517315,1302.199951171875],[-1.2564895302057266,43.04370570927858,1302.4000244140625],[-1.256503527984023,43.043707301840186,1302.4000244140625],[-1.2565272487699986,43.043711660429835,1302.5999755859375],[-1.2565487064421177,43.0437152646482,1302.5999755859375],[-1.2565703317523003,43.04371635429561,1302.800048828125],[-1.2565874308347702,43.04371878504753,1303],[-1.2566154263913631,43.04372272454202,1303],[-1.2566345371305943,43.04372498765588,1303],[-1.2566556595265865,43.04372641257942,1303.199951171875],[-1.2566751055419445,43.04372834041715,1303.4000244140625],[-1.2566962279379368,43.04373051971197,1303.5999755859375],[-1.2567192781716585,43.04373387247324,1303.5999755859375],[-1.256744172424078,43.04373663850129,1304],[-1.2567683961242437,43.04373814724386,1304],[-1.2567893508821726,43.04374124854803,1304],[-1.2568123172968626,43.043745858594775,1304.4000244140625],[-1.2568318471312523,43.04374812170863,1304.5999755859375],[-1.2568506225943565,43.04375239647925,1304.800048828125],[-1.2568728346377611,43.04375591687858,1305],[-1.2568962201476097,43.04375918582082,1305.199951171875],[-1.2569201085716486,43.043763879686594,1305.4000244140625],[-1.2569419853389263,43.04376798681915,1305.4000244140625],[-1.2569625210016966,43.04377108812332,1305.5999755859375],[-1.256983894854784,43.043773770332336,1305.5999755859375],[-1.257007196545601,43.04377502761781,1305.800048828125],[-1.257032509893179,43.043777542188764,1306],[-1.2570571526885033,43.04377930238843,1306.199951171875],[-1.257080789655447,43.043781062588096,1306.4000244140625],[-1.257099648937583,43.043782068416476,1306.5999755859375],[-1.2571207713335752,43.04378324188292,1306.5999755859375],[-1.2571453303098679,43.043783493340015,1306.800048828125],[-1.2571669556200504,43.043783912435174,1306.800048828125],[-1.2571910116821527,43.043782990425825,1307],[-1.2572125531733036,43.04377829656005,1307.199951171875],[-1.2572372797876596,43.04377586580813,1307.4000244140625],[-1.2572623416781425,43.04377494379878,1307.5999755859375],[-1.2572811171412468,43.04377485997975,1307.800048828125],[-1.2573046702891588,43.04377603344619,1307.800048828125],[-1.2573278043419123,43.04377494379878,1308],[-1.2573478370904922,43.04377133958042,1308.4000244140625],[-1.2573692947626114,43.043768825009465,1308.5999755859375],[-1.2573924288153648,43.043766310438514,1308.5999755859375],[-1.2574132159352303,43.043762957677245,1308.800048828125],[-1.2574319913983345,43.04375918582082,1309],[-1.257451856508851,43.043754575774074,1309],[-1.257466273382306,43.04375013336539,1309.199951171875],[-1.2574837915599346,43.04374661296606,1309.4000244140625],[-1.257508434355259,43.043741919100285,1309.5999755859375],[-1.2575303111225367,43.04373387247324,1309.800048828125],[-1.2575491704046726,43.043725825846195,1309.800048828125],[-1.2575687002390623,43.04372155107558,1310],[-1.2575863022357225,43.04371886886656,1310.199951171875],[-1.2576013058423996,43.04371643811464,1310.199951171875],[-1.2576051615178585,43.04371861740947,1310.199951171875],[-1.257602395489812,43.04372020997107,1310.4000244140625],[-1.257602395489812,43.04372020997107,1310.4000244140625],[-1.257602395489812,43.04372020997107,1310.4000244140625],[-1.257602395489812,43.04372020997107,1310.4000244140625],[-1.257602395489812,43.04372020997107,1310.5999755859375],[-1.257602395489812,43.04372020997107,1310.5999755859375],[-1.257602395489812,43.04372020997107,1310.5999755859375],[-1.257602395489812,43.04372020997107,1310.5999755859375],[-1.257602395489812,43.04372020997107,1310.5999755859375],[-1.257602395489812,43.04372020997107,1310.5999755859375],[-1.257602395489812,43.04372020997107,1310.5999755859375],[-1.257602395489812,43.04372020997107,1310.5999755859375],[-1.257602395489812,43.04372020997107,1310.5999755859375],[-1.257602395489812,43.04372020997107,1310.5999755859375],[-1.257602395489812,43.04372020997107,1310.5999755859375],[-1.257602395489812,43.04372020997107,1310.5999755859375],[-1.257602395489812,43.04372020997107,1310.5999755859375],[-1.257602395489812,43.04372020997107,1310.5999755859375],[-1.257602395489812,43.04372020997107,1310.5999755859375],[-1.257602395489812,43.04372020997107,1310.5999755859375],[-1.257602395489812,43.04372020997107,1310.5999755859375],[-1.257602395489812,43.04372020997107,1310.5999755859375],[-1.257602395489812,43.04372020997107,1310.5999755859375],[-1.257602395489812,43.04372020997107,1310.800048828125],[-1.257602395489812,43.04372020997107,1310.5999755859375],[-1.257602395489812,43.04372020997107,1310.5999755859375],[-1.257602395489812,43.04372020997107,1310.5999755859375],[-1.257602395489812,43.04372020997107,1310.5999755859375],[-1.257602395489812,43.04372020997107,1310.5999755859375],[-1.257602395489812,43.04372020997107,1310.5999755859375],[-1.257602395489812,43.04372020997107,1310.5999755859375],[-1.257602395489812,43.04372020997107,1310.5999755859375],[-1.257602395489812,43.04372020997107,1310.5999755859375],[-1.257602395489812,43.04372020997107,1310.5999755859375],[-1.257602395489812,43.04372020997107,1310.5999755859375],[-1.257602395489812,43.04372020997107,1310.5999755859375],[-1.257602395489812,43.04372020997107,1310.5999755859375],[-1.257602395489812,43.04372020997107,1310.5999755859375],[-1.257602395489812,43.04372020997107,1310.5999755859375],[-1.257602395489812,43.04372020997107,1310.5999755859375],[-1.257602395489812,43.04372020997107,1310.5999755859375],[-1.257602395489812,43.04372020997107,1310.5999755859375],[-1.257602395489812,43.04372020997107,1310.5999755859375],[-1.257602395489812,43.04372020997107,1310.5999755859375],[-1.257602395489812,43.04372020997107,1310.5999755859375],[-1.257602395489812,43.04372020997107,1310.4000244140625],[-1.257602395489812,43.04372020997107,1310.4000244140625],[-1.257602395489812,43.04372020997107,1310.4000244140625],[-1.257602395489812,43.04372020997107,1310.4000244140625],[-1.257602395489812,43.04372020997107,1310.4000244140625],[-1.257602395489812,43.04372020997107,1310.4000244140625],[-1.257602395489812,43.04372020997107,1310.4000244140625],[-1.257602395489812,43.04372020997107,1310.4000244140625],[-1.257602395489812,43.04372020997107,1310.4000244140625],[-1.257602395489812,43.04372020997107,1310.4000244140625],[-1.257602395489812,43.04372020997107,1310.4000244140625],[-1.257602395489812,43.04372020997107,1310.4000244140625],[-1.257602395489812,43.04372020997107,1310.4000244140625],[-1.257602395489812,43.04372020997107,1310.4000244140625],[-1.257602395489812,43.04372020997107,1310.4000244140625],[-1.257602395489812,43.04372020997107,1310.199951171875],[-1.257602395489812,43.04372020997107,1310.199951171875],[-1.257602395489812,43.04372020997107,1310.199951171875],[-1.257602395489812,43.04372020997107,1310.199951171875],[-1.257602395489812,43.04372020997107,1310.199951171875],[-1.257602395489812,43.04372020997107,1310.199951171875],[-1.257602395489812,43.04372020997107,1310.199951171875],[-1.257602395489812,43.04372020997107,1310.199951171875],[-1.257602395489812,43.04372020997107,1310.199951171875],[-1.257602395489812,43.04372020997107,1310.199951171875],[-1.257602395489812,43.04372020997107,1310.199951171875],[-1.257602395489812,43.04372020997107,1310.199951171875],[-1.257602395489812,43.04372020997107,1310.199951171875],[-1.257602395489812,43.04372020997107,1310.199951171875],[-1.257602395489812,43.04372020997107,1310.199951171875],[-1.257602395489812,43.04372020997107,1310.199951171875],[-1.257602395489812,43.04372020997107,1310.199951171875],[-1.257602395489812,43.04372020997107,1310.199951171875],[-1.257602395489812,43.04372020997107,1310.199951171875],[-1.257602395489812,43.04372020997107,1310.199951171875],[-1.257602395489812,43.04372020997107,1310.199951171875],[-1.257602395489812,43.04372020997107,1310.199951171875],[-1.257602395489812,43.04372020997107,1310.199951171875],[-1.257602395489812,43.04372020997107,1310.199951171875],[-1.257602395489812,43.04372020997107,1310.199951171875],[-1.257602395489812,43.04372020997107,1310.199951171875],[-1.257602395489812,43.04372020997107,1310.199951171875],[-1.257602395489812,43.04372020997107,1310.199951171875],[-1.257602395489812,43.04372020997107,1310.199951171875],[-1.257602395489812,43.04372020997107,1310.199951171875],[-1.257602395489812,43.04372020997107,1310.199951171875],[-1.2576080951839685,43.04371811449528,1310.199951171875],[-1.2576210871338844,43.04371417500079,1310.199951171875],[-1.2576375156641006,43.04370512254536,1310.199951171875],[-1.2576513458043337,43.04369640536606,1310.199951171875],[-1.2576732225716114,43.04368760436773,1310.199951171875],[-1.2576975300908089,43.04368156939745,1310.4000244140625],[-1.2577232625335455,43.04367813281715,1310.4000244140625],[-1.257749916985631,43.04367586970329,1310.4000244140625],[-1.2577762361615896,43.0436737742275,1310.5999755859375],[-1.2578024715185165,43.04367050528526,1310.5999755859375],[-1.2578261084854603,43.04366547614336,1310.5999755859375],[-1.2578510027378798,43.04365910589695,1310.5999755859375],[-1.2578781601041555,43.04365172982216,1310.5999755859375],[-1.2579072453081608,43.04364209063351,1310.5999755859375],[-1.2579362466931343,43.043630104511976,1310.4000244140625],[-1.2579703610390425,43.043614933267236,1310.4000244140625],[-1.2580112647265196,43.043603617697954,1310.4000244140625],[-1.2580655794590712,43.043599259108305,1310.199951171875],[-1.258128946647048,43.04360185749829,1310],[-1.2581980135291815,43.04360864683986,1309.800048828125],[-1.258276803418994,43.04361501708627,1309.5999755859375],[-1.2583641428500414,43.04362482391298,1309],[-1.2584574334323406,43.04363429546356,1307.800048828125],[-1.2585541605949402,43.043643264099956,1306.5999755859375],[-1.2586539052426815,43.04364996962249,1305.800048828125],[-1.2587496265769005,43.043651478365064,1305.800048828125],[-1.2588270753622055,43.04364779032767,1305.4000244140625],[-1.2588828150182962,43.04364485666156,1305.4000244140625],[-1.2589181028306484,43.0436394084245,1305.4000244140625],[-1.2589460145682096,43.04363287054002,1305.4000244140625],[-1.258975937962532,43.04362650029361,1305.4000244140625],[-1.2590082921087742,43.04362574592233,1305.4000244140625],[-1.2590424064546824,43.043625578284264,1305.5999755859375],[-1.2590750958770514,43.043626667931676,1305.5999755859375],[-1.2591116409748793,43.043628595769405,1305.5999755859375],[-1.259155897423625,43.0436306912452,1305.5999755859375],[-1.259202752262354,43.043634463101625,1305.5999755859375],[-1.2592491041868925,43.04363907314837,1305.5999755859375],[-1.2592971324920654,43.0436425935477,1305.5999755859375],[-1.2593450769782066,43.043647119775414,1305.800048828125],[-1.2593987211585045,43.04365583695471,1305.800048828125],[-1.2594319973140955,43.043661369010806,1306],[-1.2594743259251118,43.04366757161915,1306.199951171875],[-1.2595130503177643,43.043675450608134,1306.4000244140625],[-1.2595521099865437,43.04368492215872,1306.4000244140625],[-1.259590582922101,43.04369104094803,1306.800048828125],[-1.2596346717327833,43.04369984194636,1306.800048828125],[-1.2596634216606617,43.043707218021154,1307],[-1.2597039062529802,43.043713085353374,1307.4000244140625],[-1.259745480492711,43.04371736012399,1307.4000244140625],[-1.2597866356372833,43.043722892180085,1307.5999755859375],[-1.2598265334963799,43.04373102262616,1307.800048828125],[-1.2598628271371126,43.043739069253206,1308],[-1.259900713339448,43.043745355680585,1308],[-1.2599361687898636,43.0437533184886,1308.199951171875],[-1.2599721271544695,43.04375943727791,1308.4000244140625],[-1.260006995871663,43.04376413114369,1308.5999755859375],[-1.2600377574563026,43.04377108812332,1308.5999755859375],[-1.2600621487945318,43.0437789671123,1308.800048828125],[-1.2600805889815092,43.04378231987357,1308.800048828125],[-1.260100118815899,43.04378458298743,1308.800048828125],[-1.2601203192025423,43.04378776811063,1308.800048828125],[-1.2601413577795029,43.043793216347694,1308.800048828125],[-1.2601711135357618,43.0438016820699,1308.800048828125],[-1.2602017913013697,43.0438101477921,1308.800048828125],[-1.2602378334850073,43.043815260753036,1308.800048828125],[-1.2602722831070423,43.04381995461881,1308.800048828125],[-1.2603111751377583,43.04382330738008,1308.800048828125],[-1.2603426910936832,43.04382666014135,1308.800048828125],[-1.26038309186697,43.04383219219744,1309],[-1.2604198046028614,43.043839149177074,1309],[-1.2604512367397547,43.04384183138609,1309],[-1.260462049394846,43.04384392686188,1309],[-1.2604642286896706,43.04384342394769,1309.199951171875],[-1.2604674976319075,43.043842585757375,1309.4000244140625],[-1.260462636128068,43.043842585757375,1309.4000244140625],[-1.2604576908051968,43.04384266957641,1309.4000244140625],[-1.2604576908051968,43.04384266957641,1309.4000244140625],[-1.2604576908051968,43.04384266957641,1309.5999755859375],[-1.2604576908051968,43.04384266957641,1309.5999755859375],[-1.2604576908051968,43.04384266957641,1309.5999755859375],[-1.2604576908051968,43.04384266957641,1309.5999755859375],[-1.2604576908051968,43.04384266957641,1309.5999755859375],[-1.2604576908051968,43.04384266957641,1309.4000244140625],[-1.2604576908051968,43.04384266957641,1309.4000244140625],[-1.2604627199470997,43.043844094499946,1309.199951171875],[-1.2604777235537767,43.04384334012866,1309.199951171875],[-1.2604951579123735,43.043842166662216,1309.199951171875],[-1.26050915569067,43.04384199902415,1309],[-1.260517118498683,43.04384283721447,1309],[-1.260526841506362,43.04384392686188,1309],[-1.2605415936559439,43.04384627379477,1309],[-1.2605610396713018,43.043850380927324,1309],[-1.260580150410533,43.043854320421815,1309],[-1.260602530092001,43.04385700263083,1309],[-1.2606267537921667,43.043858762830496,1309],[-1.2606503907591105,43.0438656359911,1309],[-1.2606752011924982,43.043873431161046,1309],[-1.2607007659971714,43.04388307034969,1309],[-1.2607226427644491,43.04389178752899,1309.199951171875],[-1.260747704654932,43.04389866068959,1309.199951171875],[-1.2607738561928272,43.043904192745686,1309.4000244140625],[-1.2608000915497541,43.043911987915635,1309.4000244140625],[-1.2608280032873154,43.04391819052398,1309.4000244140625],[-1.2608580943197012,43.043922297656536,1309.4000244140625],[-1.2608863413333893,43.04392548277974,1309.5999755859375],[-1.2609121575951576,43.04392942227423,1309.5999755859375],[-1.2609471939504147,43.04393327794969,1309.5999755859375],[-1.2609684001654387,43.043935876339674,1309.800048828125],[-1.2609961442649364,43.04393671452999,1309.800048828125],[-1.2610255647450686,43.04394048638642,1310],[-1.2610515486449003,43.04394450969994,1310.199951171875],[-1.2610789574682713,43.04394803009927,1310.199951171875],[-1.2611051928251982,43.04395129904151,1310.199951171875],[-1.2611299194395542,43.04395624436438,1310.4000244140625],[-1.2611590884625912,43.043959932401776,1310.5999755859375],[-1.2611805461347103,43.04396169260144,1310.5999755859375],[-1.261201249435544,43.04396294988692,1311],[-1.2612234614789486,43.04396362043917,1311],[-1.261248691007495,43.04396563209593,1311.199951171875],[-1.2612739205360413,43.04396663792431,1311.4000244140625],[-1.2612952943891287,43.0439673922956,1311.4000244140625],[-1.2613157462328672,43.0439673922956,1311.4000244140625],[-1.2613362818956375,43.043967643752694,1311.5999755859375],[-1.2613523751497269,43.04396538063884,1312],[-1.2613729946315289,43.043962279334664,1312],[-1.261398894712329,43.04395607672632,1312.199951171875],[-1.2614246271550655,43.04394903592765,1312.4000244140625],[-1.2614490184932947,43.043945264071226,1312.5999755859375],[-1.2614731583744287,43.04394383914769,1312.5999755859375],[-1.2614964600652456,43.043938893824816,1312.800048828125],[-1.2615130562335253,43.04393470287323,1313],[-1.2615401297807693,43.04392917081714,1313.199951171875],[-1.2615544628351927,43.04392389021814,1313.199951171875],[-1.261584721505642,43.04392104037106,1313.199951171875],[-1.2615996412932873,43.04392238147557,1313.4000244140625],[-1.261608274653554,43.043922297656536,1313.800048828125],[-1.261608274653554,43.043922297656536,1314],[-1.261608274653554,43.043922297656536,1314.199951171875],[-1.261608274653554,43.043922297656536,1314.4000244140625],[-1.261608274653554,43.043922297656536,1314.4000244140625],[-1.261608274653554,43.043922297656536,1314.4000244140625],[-1.2616066820919514,43.043921710923314,1314.4000244140625],[-1.261603580787778,43.0439206212759,1314.4000244140625],[-1.261603580787778,43.0439206212759,1314.4000244140625],[-1.261603580787778,43.0439206212759,1314.4000244140625],[-1.261603580787778,43.0439206212759,1314.199951171875],[-1.261603580787778,43.0439206212759,1314.199951171875],[-1.261603580787778,43.0439206212759,1314.199951171875],[-1.261603580787778,43.0439206212759,1314.199951171875],[-1.261603580787778,43.0439206212759,1314.199951171875],[-1.261603580787778,43.0439206212759,1314.199951171875],[-1.261603580787778,43.0439206212759,1314],[-1.261603580787778,43.0439206212759,1314],[-1.261603580787778,43.0439206212759,1314],[-1.261603580787778,43.0439206212759,1314],[-1.261603580787778,43.0439206212759,1314],[-1.261603580787778,43.0439206212759,1314],[-1.2616063468158245,43.043918861076236,1313.800048828125],[-1.2616211827844381,43.04391575977206,1313.800048828125],[-1.2616340909153223,43.04391450248659,1313.800048828125],[-1.2616498488932848,43.04391022771597,1313.800048828125],[-1.2616710551083088,43.0439000017941,1314],[-1.261688070371747,43.0438931286335,1314],[-1.2617084383964539,43.04388843476772,1314.199951171875],[-1.2617283873260021,43.04388181306422,1314.4000244140625],[-1.2617423012852669,43.043875778093934,1314.5999755859375],[-1.261766441166401,43.04386865347624,1314.800048828125],[-1.2617966998368502,43.04386077448726,1315.199951171875],[-1.2618154752999544,43.04385809227824,1315.4000244140625],[-1.2618392799049616,43.04385364986956,1315.5999755859375],[-1.2618625815957785,43.043849375098944,1316],[-1.2618914991617203,43.043844597414136,1316],[-1.2619126215577126,43.043844094499946,1316.4000244140625],[-1.2619411200284958,43.043839652091265,1316.5999755859375],[-1.2619603145867586,43.04383655078709,1316.800048828125],[-1.2619815208017826,43.043832359835505,1317],[-1.2620113603770733,43.043827498331666,1317.199951171875],[-1.2620354164391756,43.043823055922985,1317.4000244140625],[-1.2620552815496922,43.043820122256875,1317.800048828125],[-1.262082103639841,43.043818194419146,1318.199951171875],[-1.2621011305600405,43.04381735622883,1318.4000244140625],[-1.2621220853179693,43.043816769495606,1318.5999755859375],[-1.2621514219790697,43.0438188649714,1318.5999755859375],[-1.2621714547276497,43.04381987079978,1319.199951171875],[-1.2622017972171307,43.04382087662816,1319.199951171875],[-1.262225266546011,43.04382079280913,1319.4000244140625],[-1.262247646227479,43.04382246918976,1319.5999755859375],[-1.2622706964612007,43.043822133913636,1319.800048828125],[-1.262290645390749,43.04382037371397,1320.199951171875],[-1.2623163778334856,43.04382137954235,1320.4000244140625],[-1.2623333930969238,43.04382246918976,1320.800048828125],[-1.26236105337739,43.04382422938943,1321],[-1.2623844388872385,43.04382489994168,1321.4000244140625],[-1.262406399473548,43.04382473230362,1321.4000244140625],[-1.2624268513172865,43.043824061751366,1321.5999755859375],[-1.2624516617506742,43.043823558837175,1322],[-1.2624727841466665,43.043821630999446,1322.199951171875],[-1.2625014502555132,43.04381953552365,1322.4000244140625],[-1.2625191360712051,43.043818194419146,1322.4000244140625],[-1.2625464610755444,43.043816685676575,1322.5999755859375],[-1.2625638116151094,43.04381660185754,1322.800048828125],[-1.2625937350094318,43.04381735622883,1323],[-1.2626131810247898,43.04381836205721,1323],[-1.2626359798014164,43.04382129572332,1323.199951171875],[-1.2626636400818825,43.04382381029427,1323.4000244140625],[-1.2626857683062553,43.043828001245856,1323.5999755859375],[-1.2627063877880573,43.04382808506489,1323.800048828125],[-1.262731784954667,43.04383026435971,1323.800048828125],[-1.262756260111928,43.04383361712098,1324],[-1.2627794779837132,43.043835293501616,1324.4000244140625],[-1.2628075573593378,43.043836299329996,1324.5999755859375],[-1.2628297694027424,43.04384090937674,1324.5999755859375],[-1.2628461141139269,43.04384677670896,1325],[-1.2628724332898855,43.04385549388826,1325.199951171875],[-1.262889951467514,43.04386178031564,1325.4000244140625],[-1.2629109900444746,43.04387074895203,1325.5999755859375],[-1.2629348784685135,43.043879298493266,1325.800048828125],[-1.2629534862935543,43.0438844114542,1326],[-1.2629742734134197,43.04389379918575,1326.199951171875],[-1.262989779934287,43.0439018458128,1326.4000244140625],[-1.2630083877593279,43.043909473344684,1326.5999755859375],[-1.2630306836217642,43.043918777257204,1326.800048828125],[-1.2630433402955532,43.043925734236836,1327],[-1.2630657199770212,43.04393679834902,1327.199951171875],[-1.2630829028785229,43.043945180252194,1327.199951171875],[-1.2630966491997242,43.04394920356572,1327.4000244140625],[-1.2631103117018938,43.043955406174064,1327.5999755859375],[-1.2631246447563171,43.043962363153696,1327.800048828125],[-1.263138558715582,43.043972505256534,1327.800048828125],[-1.2631497066468,43.04398558102548,1327.800048828125],[-1.2631580047309399,43.04398993961513,1328],[-1.2631699070334435,43.043996477499604,1328.199951171875],[-1.263184491544962,43.04399983026087,1328.199951171875],[-1.2631966453045607,43.04399781860411,1328.4000244140625],[-1.2632141634821892,43.043997064232826,1328.4000244140625],[-1.2632371298968792,43.04399371147156,1328.5999755859375],[-1.2632497865706682,43.04399027489126,1328.800048828125],[-1.2632651254534721,43.043984826654196,1329],[-1.263273088261485,43.0439827311784,1329.199951171875],[-1.263273088261485,43.0439827311784,1329.199951171875],[-1.263273088261485,43.0439827311784,1329],[-1.263273088261485,43.0439827311784,1329],[-1.263273088261485,43.0439827311784,1329],[-1.263273088261485,43.0439827311784,1329],[-1.263273088261485,43.0439827311784,1329],[-1.263273088261485,43.0439827311784,1329],[-1.263273088261485,43.0439827311784,1328.800048828125],[-1.263273088261485,43.0439827311784,1328.800048828125],[-1.263273088261485,43.0439827311784,1328.800048828125],[-1.263273088261485,43.0439827311784,1328.5999755859375],[-1.263273088261485,43.0439827311784,1328.5999755859375],[-1.263273088261485,43.0439827311784,1328.5999755859375],[-1.263273088261485,43.0439827311784,1328.5999755859375],[-1.263273088261485,43.0439827311784,1328.5999755859375],[-1.263273088261485,43.0439827311784,1328.5999755859375],[-1.263273088261485,43.0439827311784,1328.4000244140625],[-1.263273088261485,43.0439827311784,1328.4000244140625],[-1.263273088261485,43.0439827311784,1328.4000244140625],[-1.263273088261485,43.0439827311784,1328.4000244140625],[-1.263273088261485,43.0439827311784,1328.199951171875],[-1.263273088261485,43.0439827311784,1328.199951171875],[-1.263273088261485,43.0439827311784,1328.199951171875],[-1.263273088261485,43.0439827311784,1328],[-1.263273088261485,43.0439827311784,1328],[-1.263273088261485,43.0439827311784,1328],[-1.263273088261485,43.0439827311784,1328],[-1.2632756866514683,43.04398071952164,1328],[-1.2632797099649906,43.04397870786488,1328],[-1.2632797099649906,43.04397870786488,1328],[-1.2632797099649906,43.04397870786488,1328],[-1.2632797099649906,43.04397870786488,1328],[-1.2632797099649906,43.04397870786488,1328.199951171875],[-1.2632797099649906,43.04397870786488,1328.199951171875],[-1.2632797099649906,43.04397870786488,1328.199951171875],[-1.2632857449352741,43.043980384245515,1328.199951171875],[-1.2632965575903654,43.043982898816466,1328.199951171875],[-1.2633105553686619,43.0439861677587,1328.199951171875],[-1.2633350305259228,43.043992538005114,1328.199951171875],[-1.2633574940264225,43.043998489156365,1328.199951171875],[-1.2633768562227488,43.044002344831824,1328.199951171875],[-1.263401499018073,43.04400695487857,1328.4000244140625],[-1.2634263932704926,43.04401089437306,1328.5999755859375],[-1.2634470127522945,43.04401516914368,1328.5999755859375],[-1.2634677160531282,43.04402162320912,1328.800048828125],[-1.2634874135255814,43.04402464069426,1328.800048828125],[-1.2635019142180681,43.044028328731656,1328.800048828125],[-1.2635155767202377,43.04403444752097,1328.800048828125],[-1.263529323041439,43.04403679445386,1328.800048828125],[-1.2635461706668139,43.044039560481906,1328.800048828125],[-1.2635700590908527,43.044045092538,1328.800048828125],[-1.2635827995836735,43.044050289317966,1328.800048828125],[-1.2635971326380968,43.044054647907615,1328.800048828125],[-1.2636064365506172,43.04405741393566,1328.800048828125],[-1.2636204343289137,43.044059509411454,1328.800048828125],[-1.2636232003569603,43.04405967704952,1328.800048828125],[-1.2636232003569603,43.04405967704952,1328.800048828125],[-1.2636232003569603,43.04405967704952,1329],[-1.263627391308546,43.04406336508691,1329],[-1.2636335100978613,43.04407157935202,1329],[-1.2636420596390963,43.04407484829426,1329],[-1.2636572308838367,43.04408038035035,1329],[-1.2636757548898458,43.04408943280578,1329.199951171875],[-1.2636962905526161,43.04409823380411,1329.199951171875],[-1.263714898377657,43.044106950983405,1329.199951171875],[-1.263735182583332,43.044118182733655,1329.199951171875],[-1.2637536227703094,43.04412773810327,1329.199951171875],[-1.2637723982334137,43.04413595236838,1329.199951171875],[-1.2637879885733128,43.044145591557026,1329.4000244140625],[-1.263808524236083,43.044157745316625,1329.4000244140625],[-1.263822689652443,43.04416713304818,1329.4000244140625],[-1.2638397887349129,43.04417450912297,1329.4000244140625],[-1.2638576421886683,43.04417752660811,1329.5999755859375],[-1.2638860568404198,43.04417911916971,1329.5999755859375],[-1.263906005769968,43.044179789721966,1329.5999755859375],[-1.2639302294701338,43.04418062791228,1329.800048828125],[-1.2639518547803164,43.0441833101213,1329.800048828125],[-1.2639795150607824,43.04418766871095,1330],[-1.2640175689011812,43.044193368405104,1330],[-1.2640424631536007,43.04419772699475,1330.199951171875],[-1.2640650104731321,43.044200241565704,1330.199951171875],[-1.2640944309532642,43.0442023370415,1330.199951171875],[-1.26412452198565,43.044205186888576,1330.199951171875],[-1.2641541101038456,43.04420887492597,1330.199951171875],[-1.2641847878694534,43.044213904067874,1330.199951171875],[-1.2642242666333914,43.04421759210527,1330.199951171875],[-1.2642525974661112,43.044220274314284,1330.199951171875],[-1.2642863765358925,43.04422387853265,1330.199951171875],[-1.2643242627382278,43.04422790184617,1330.199951171875],[-1.2643592990934849,43.04423410445452,1330],[-1.2643960118293762,43.04424257017672,1330],[-1.264423755928874,43.0442472640425,1329.800048828125],[-1.2644608039408922,43.04425019770861,1329.800048828125],[-1.2644962593913078,43.04425438866019,1329.800048828125],[-1.264538001269102,43.04426159709692,1329.5999755859375],[-1.264576306566596,43.04426897317171,1329.4000244140625],[-1.2646097503602505,43.04427525959909,1329.199951171875],[-1.2646504864096642,43.04428590461612,1329],[-1.2647010292857885,43.04430132731795,1328.800048828125],[-1.2647320423275232,43.0443128105253,1328.5999755859375],[-1.264775125309825,43.044331669807434,1328.4000244140625],[-1.2648126762360334,43.0443524569273,1328.199951171875],[-1.2648449465632439,43.04437098093331,1328.199951171875],[-1.2648989260196686,43.044390846043825,1327.800048828125],[-1.2649449426680803,43.04440534673631,1327.4000244140625],[-1.2649824935942888,43.04441758431494,1327],[-1.2650312762707472,43.044433342292905,1327],[-1.2650808971375227,43.0444475915283,1326.800048828125],[-1.2651278357952833,43.04446343332529,1326.800048828125],[-1.2651754450052977,43.04448137059808,1326.4000244140625],[-1.2652342021465302,43.04450349882245,1326],[-1.2652823980897665,43.044519340619445,1325.800048828125],[-1.2653167638927698,43.04452939890325,1325.4000244140625],[-1.2653522193431854,43.0445387866348,1325],[-1.2653804663568735,43.04455127567053,1324.800048828125],[-1.265392703935504,43.04456535726786,1324.800048828125],[-1.2653993256390095,43.04459352046251,1324.5999755859375],[-1.2653955537825823,43.04461791180074,1324.199951171875],[-1.265389183536172,43.04463299922645,1324],[-1.265378287062049,43.04465244524181,1323.5999755859375],[-1.2653663847595453,43.04467775858939,1323.199951171875],[-1.2653606850653887,43.044696701690555,1323],[-1.2653494533151388,43.04471807554364,1322.5999755859375],[-1.2653379701077938,43.04473903030157,1322],[-1.2653377186506987,43.04476199671626,1321.4000244140625],[-1.2653428316116333,43.044781778007746,1321],[-1.2653528898954391,43.044799799099565,1320.4000244140625],[-1.265369402244687,43.044812455773354,1319.800048828125],[-1.2653925362974405,43.04481899365783,1319.199951171875],[-1.2654219567775726,43.04481580853462,1318.800048828125],[-1.2654556520283222,43.04480365477502,1318.800048828125],[-1.2654883414506912,43.044790579006076,1318.5999755859375],[-1.265520779415965,43.044782783836126,1318.5999755859375],[-1.2655527982860804,43.044773982837796,1318.5999755859375],[-1.2655946239829063,43.044767612591386,1318.800048828125],[-1.2656287383288145,43.04476484656334,1318.800048828125],[-1.2656574044376612,43.04475964978337,1319.199951171875],[-1.2656962964683771,43.04474866949022,1319.199951171875],[-1.2657423969358206,43.04473500698805,1319.199951171875],[-1.2657755892723799,43.04472628980875,1319.199951171875],[-1.265817079693079,43.044716818258166,1319.199951171875],[-1.2658605817705393,43.04470759816468,1319.199951171875],[-1.2658879067748785,43.04469930008054,1319],[-1.265924870967865,43.04469049908221,1319],[-1.2659720610827208,43.04468429647386,1319],[-1.2660043314099312,43.04468295536935,1319],[-1.2660464085638523,43.04468521848321,1319],[-1.266083288937807,43.044687984511256,1318.800048828125],[-1.2661205884069204,43.04468865506351,1318.800048828125],[-1.2661598157137632,43.04468630813062,1318.800048828125],[-1.2662000488489866,43.04468329064548,1318.800048828125],[-1.2662395276129246,43.04468362592161,1319],[-1.2662736419588327,43.0446857213974,1319.199951171875],[-1.2663038168102503,43.04468555375934,1319.4000244140625],[-1.2663332372903824,43.04468194954097,1319.5999755859375],[-1.2663494143635035,43.044682033360004,1319.800048828125],[-1.2663700338453054,43.04468555375934,1320],[-1.266396688297391,43.04468764923513,1320],[-1.2664303835481405,43.04468186572194,1320],[-1.266470616683364,43.044668873772025,1320],[-1.2665186449885368,43.044646326452494,1320],[-1.2665525916963816,43.04462419822812,1320],[-1.2666017096489668,43.04459528066218,1319.5999755859375],[-1.2666701059788465,43.044563094154,1319.4000244140625],[-1.2667198106646538,43.04453853517771,1319.199951171875],[-1.2667893804609776,43.04450651630759,1318.4000244140625],[-1.266885856166482,43.04446720518172,1317.4000244140625],[-1.2669548392295837,43.0444404669106,1316.5999755859375],[-1.2670391611754894,43.0444061011076,1315.800048828125],[-1.267116442322731,43.04436846636236,1314.199951171875],[-1.2672003451734781,43.04432136006653,1314],[-1.2672521453350782,43.04428883828223,1313.5999755859375],[-1.2673339527100325,43.04424508474767,1313.5999755859375],[-1.2673913687467575,43.044221280142665,1313.5999755859375],[-1.2674773670732975,43.04418532177806,1313.5999755859375],[-1.2675325199961662,43.04416176863015,1313.5999755859375],[-1.2676110584288836,43.04411944001913,1313.5999755859375],[-1.2676724139600992,43.04408121854067,1313.5999755859375],[-1.2677306681871414,43.04404056631029,1313.5999755859375],[-1.267792945727706,43.0440020095557,1313.5999755859375],[-1.2678601685911417,43.04396839812398,1313.4000244140625],[-1.267924290150404,43.04393470287323,1313.4000244140625],[-1.267988160252571,43.043898241594434,1313.4000244140625],[-1.2680495996028185,43.04386337287724,1313.4000244140625],[-1.2681003101170063,43.04383831098676,1313.4000244140625],[-1.2681700475513935,43.04380193352699,1313.5999755859375],[-1.268214974552393,43.04377703927457,1313.5999755859375],[-1.2682754080742598,43.04375139065087,1313.800048828125],[-1.2683496717363596,43.04372071288526,1314],[-1.2684127874672413,43.043693555518985,1314.199951171875],[-1.2684624083340168,43.04367276839912,1314.4000244140625],[-1.2685227580368519,43.04364745505154,1314.4000244140625],[-1.268578078597784,43.04362239316106,1314.5999755859375],[-1.2686411943286657,43.04359548725188,1314.5999755859375],[-1.2686943355947733,43.04357377812266,1315],[-1.2687466386705637,43.04354921914637,1315.199951171875],[-1.2687988579273224,43.043528432026505,1315.4000244140625],[-1.2688507419079542,43.043505884706974,1316],[-1.2688982672989368,43.043489288538694,1316.199951171875],[-1.2689475528895855,43.0434752907604,1316.5999755859375],[-1.2689975928515196,43.04345919750631,1316.800048828125],[-1.2690483871847391,43.04344545118511,1317.199951171875],[-1.269097337499261,43.043432626873255,1317.4000244140625],[-1.2691379897296429,43.043422820046544,1317.4000244140625],[-1.2692007701843977,43.04340555332601,1317.5999755859375],[-1.2692482117563486,43.04339432157576,1317.5999755859375],[-1.2693156022578478,43.043379904702306,1317.4000244140625],[-1.2693776283413172,43.04337135516107,1317.4000244140625],[-1.269442168995738,43.04336355999112,1317.199951171875],[-1.269500758498907,43.04335383698344,1317],[-1.2695749383419752,43.043340342119336,1316.800048828125],[-1.2696535605937243,43.04332408122718,1316.4000244140625],[-1.2697498686611652,43.04329994134605,1316.199951171875],[-1.2698305863887072,43.043276723474264,1315.5999755859375],[-1.2699056882411242,43.04325895383954,1315],[-1.269977604970336,43.04324361495674,1314.800048828125],[-1.270057400688529,43.0432229116559,1314.199951171875],[-1.2701327539980412,43.043207405135036,1313.5999755859375],[-1.2702083587646484,43.043190808966756,1313.199951171875],[-1.2702816165983677,43.043173123151064,1313.199951171875],[-1.270343391224742,43.04315325804055,1313],[-1.2704210076481104,43.04312660358846,1312.4000244140625],[-1.2704914156347513,43.043104307726026,1311.5999755859375],[-1.270568361505866,43.043079832568765,1311.199951171875],[-1.2706503365188837,43.04305619560182,1310.800048828125],[-1.2707389332354069,43.04303850978613,1310.4000244140625],[-1.27083046361804,43.043018225580454,1310],[-1.2709219940006733,43.04299148730934,1309.800048828125],[-1.2710073217749596,43.04296298883855,1309.5999755859375],[-1.271090218797326,43.04293851368129,1309.5999755859375],[-1.271166242659092,43.04292124696076,1309.5999755859375],[-1.2712379917502403,43.042897526174784,1309.5999755859375],[-1.2713129259645939,43.042881935834885,1309.5999755859375],[-1.2714108265936375,43.042863830924034,1309.5999755859375],[-1.2714811507612467,43.04285444319248,1309.5999755859375],[-1.271590031683445,43.042840361595154,1309.5999755859375],[-1.2716623675078154,43.042828626930714,1309.4000244140625],[-1.271772338077426,43.04280582815409,1308.5999755859375],[-1.2718661315739155,43.0427878908813,1306.5999755859375],[-1.2719605956226587,43.04276643320918,1305.800048828125],[-1.2720367033034563,43.042748579755425,1305.800048828125],[-1.2721387948840857,43.04272569715977,1305.5999755859375],[-1.2722172494977713,43.04271278902888,1305.4000244140625],[-1.2722884118556976,43.04270633496344,1305.4000244140625],[-1.2723464984446764,43.04270197637379,1305],[-1.2723986338824034,43.04269753396511,1304.4000244140625],[-1.2724320776760578,43.04269853979349,1304.199951171875],[-1.2724718917161226,43.04269845597446,1303.800048828125],[-1.2725034914910793,43.04269895888865,1303.4000244140625],[-1.272526877000928,43.04269996471703,1303],[-1.2725543696433306,43.04270097054541,1302.5999755859375],[-1.2725802697241306,43.04270197637379,1302.4000244140625],[-1.2726069241762161,43.04270348511636,1302.199951171875],[-1.2726314831525087,43.04270482622087,1301.800048828125],[-1.2726518511772156,43.04270784370601,1301.4000244140625],[-1.2726795114576817,43.042710442095995,1301.4000244140625],[-1.2726996280252934,43.042715387418866,1301.199951171875],[-1.272723851725459,43.0427205003798,1301],[-1.272752434015274,43.04272133857012,1300.5999755859375],[-1.2727769929915667,43.042720668017864,1300.4000244140625],[-1.2728008814156055,43.042719243094325,1300.199951171875],[-1.2728250212967396,43.04271656088531,1300],[-1.2728520948439837,43.042711867019534,1299.800048828125],[-1.2728839460760355,43.04270625114441,1299.5999755859375],[-1.2729235924780369,43.042700719088316,1299.5999755859375],[-1.2729779910296202,43.042692337185144,1299.4000244140625],[-1.273044040426612,43.04268194362521,1298.800048828125],[-1.2731174658983946,43.04266140796244,1298.199951171875],[-1.2731937412172556,43.0426377709955,1298],[-1.2732633110135794,43.042616648599505,1297.4000244140625],[-1.273333802819252,43.042593682184815,1297.4000244140625],[-1.2733850162476301,43.04257675074041,1297.4000244140625],[-1.2734428513795137,43.04255839437246,1297.199951171875],[-1.2735138460993767,43.042537020519376,1297.199951171875],[-1.273570591583848,43.042522268369794,1297.199951171875],[-1.2736342940479517,43.04251070134342,1297],[-1.273700762540102,43.042500307783484,1296.5999755859375],[-1.2737755291163921,43.04248387925327,1296.4000244140625],[-1.2738290894776583,43.04246736690402,1296],[-1.2738747708499432,43.0424527823925,1296],[-1.2739086337387562,43.042444149032235,1295.5999755859375],[-1.2739668879657984,43.04243861697614,1295.4000244140625],[-1.2740372959524393,43.0424271337688,1295.199951171875],[-1.2741005793213844,43.04241120815277,1295],[-1.2741651199758053,43.042394276708364,1294.199951171875],[-1.27426796592772,43.04237793199718,1293.800048828125],[-1.274354299530387,43.04236242547631,1293],[-1.2744372803717852,43.042342560365796,1292],[-1.2745520286262035,43.04232227616012,1291],[-1.2746565509587526,43.04229972884059,1288.800048828125],[-1.2747658509761095,43.04227399639785,1287.5999755859375],[-1.274865847080946,43.042242396622896,1286.800048828125],[-1.2749769072979689,43.0422093719244,1286.4000244140625],[-1.2750844471156597,43.042201828211546,1286],[-1.2751879636198282,43.042180286720395,1285.800048828125],[-1.2752606347203255,43.04215086624026,1285.5999755859375],[-1.2753740418702364,43.042129408568144,1285.5999755859375],[-1.2754661589860916,43.042098144069314,1285.800048828125],[-1.2755551747977734,43.042079200968146,1285.800048828125],[-1.275637736544013,43.04206000640988,1286.199951171875],[-1.2757176999002695,43.042039135470986,1286.5999755859375],[-1.2757978308945894,43.042023461312056,1287],[-1.2758602760732174,43.0420143250376,1287.4000244140625],[-1.275952896103263,43.041997561231256,1287.5999755859375],[-1.2760240584611893,43.04198171943426,1287.5999755859375],[-1.2760927062481642,43.04196956567466,1288],[-1.2761538941413164,43.04195959120989,1288.199951171875],[-1.2762038502842188,43.04195280186832,1288.4000244140625],[-1.2762627750635147,43.04194022901356,1288.5999755859375],[-1.2763151619583368,43.04192824289203,1289],[-1.2763765174895525,43.04191508330405,1289],[-1.2764271441847086,43.04190653376281,1289.5999755859375],[-1.2764729093760252,43.04189555346966,1289.800048828125],[-1.2765143997967243,43.0418848246336,1290],[-1.2765432335436344,43.04187744855881,1290.199951171875],[-1.2765741627663374,43.041876358911395,1290.5999755859375],[-1.2766003143042326,43.04187350906432,1290.800048828125],[-1.2766241189092398,43.041872000321746,1291],[-1.2766573950648308,43.04186378605664,1291.199951171875],[-1.2767004780471325,43.041849033907056,1291.199951171875],[-1.2767455726861954,43.0418362095952,1291.199951171875],[-1.2767904996871948,43.04182346910238,1291.199951171875],[-1.2768371868878603,43.041810896247625,1291.199951171875],[-1.2768857181072235,43.041800167411566,1291.199951171875],[-1.2769336625933647,43.04178918711841,1291.4000244140625],[-1.276980685070157,43.041776614263654,1291.5999755859375],[-1.277025444433093,43.04176186211407,1291.5999755859375],[-1.2770759873092175,43.04174727760255,1291.5999755859375],[-1.277134409174323,43.04173428565264,1291.5999755859375],[-1.2771969381719828,43.04171877913177,1291.5999755859375],[-1.2772553600370884,43.041706373915076,1291.4000244140625],[-1.2773008737713099,43.041694052517414,1291.4000244140625],[-1.2773553561419249,43.04167385213077,1291.199951171875],[-1.277413610368967,43.04164392873645,1291.199951171875],[-1.277458956465125,43.04161970503628,1291.199951171875],[-1.2775001116096973,43.04159506224096,1291.4000244140625],[-1.2775376625359058,43.04157075472176,1291.5999755859375],[-1.277569094672799,43.04154661484063,1292],[-1.2775975093245506,43.041519708931446,1292.4000244140625],[-1.2776275165379047,43.04149456322193,1293.199951171875],[-1.2776558473706245,43.04146958515048,1293.4000244140625],[-1.277681915089488,43.04144276306033,1294.199951171875],[-1.2777085695415735,43.04141384549439,1295.199951171875],[-1.2777319550514221,43.04139523766935,1295.5999755859375],[-1.2777689192444086,43.04137101396918,1295.800048828125],[-1.2778003513813019,43.04135165177286,1296],[-1.2778328731656075,43.0413303617388,1296.199951171875],[-1.2778546661138535,43.041307646781206,1296.4000244140625],[-1.2778937257826328,43.041282668709755,1297],[-1.2779202964156866,43.04126305505633,1297.4000244140625],[-1.2779487948864698,43.041243525221944,1297.5999755859375],[-1.27799766138196,43.041223995387554,1297.800048828125],[-1.278033871203661,43.04121410474181,1298],[-1.2780697457492352,43.04120521992445,1298],[-1.2781145051121712,43.04119935259223,1298],[-1.2781630363315344,43.041191305965185,1298.199951171875],[-1.2782077956944704,43.041180577129126,1298.199951171875],[-1.2782720010727644,43.04115786217153,1298],[-1.278326315805316,43.041140008717775,1297.800048828125],[-1.2783823907375336,43.04112416692078,1297.5999755859375],[-1.278438800945878,43.04110103286803,1297.199951171875],[-1.2784976419061422,43.04108100011945,1296.800048828125],[-1.2785438261926174,43.04106742143631,1296.5999755859375],[-1.2786097079515457,43.0410473048687,1296.199951171875],[-1.2786630168557167,43.041028110310435,1296],[-1.278711212798953,43.04101075977087,1295.800048828125],[-1.2787443213164806,43.04099760018289,1294.800048828125],[-1.2787870690226555,43.04098092019558,1294.4000244140625],[-1.2788130529224873,43.04097102954984,1294],[-1.2788371928036213,43.04096348583698,1293.800048828125],[-1.2788579799234867,43.04095351137221,1293.4000244140625],[-1.2788807787001133,43.040936747565866,1293.199951171875],[-1.278900895267725,43.04092316888273,1293],[-1.2789336685091257,43.04090078920126,1292.800048828125],[-1.2789675313979387,43.04087966680527,1292.4000244140625],[-1.2789987120777369,43.040866842493415,1292.4000244140625],[-1.2790442258119583,43.04085007868707,1292.199951171875],[-1.2790933437645435,43.04083155468106,1292.199951171875],[-1.279158554971218,43.040807750076056,1291.5999755859375],[-1.2792147975414991,43.04078595712781,1291.4000244140625],[-1.2792624905705452,43.04077195934951,1291.4000244140625],[-1.279328791424632,43.04075276479125,1291.199951171875],[-1.2794111017137766,43.04073130711913,1290.800048828125],[-1.2794780731201172,43.040714375674725,1290.5999755859375],[-1.2795416079461575,43.04069962352514,1290.199951171875],[-1.2796084955334663,43.04068059660494,1290],[-1.2796743772923946,43.04065763019025,1290],[-1.2797394208610058,43.040634747594595,1290],[-1.2798072304576635,43.04061446338892,1290],[-1.2798782251775265,43.04059694521129,1289.800048828125],[-1.2799483817070723,43.04058412089944,1289.800048828125],[-1.2800189573317766,43.04057548753917,1289.800048828125],[-1.28009925596416,43.04056718945503,1289.800048828125],[-1.2801832426339388,43.04055277258158,1289.4000244140625],[-1.2802766170352697,43.04053056053817,1289.199951171875],[-1.2803647946566343,43.04051220417023,1288],[-1.280454732477665,43.04049393162131,1287.800048828125],[-1.2805450893938541,43.04047314450145,1287.800048828125],[-1.2806185986846685,43.04045369848609,1287.5999755859375],[-1.2807074468582869,43.04042578674853,1287.199951171875],[-1.2807961273938417,43.040395360440016,1286.800048828125],[-1.280893525108695,43.04036024026573,1286.199951171875],[-1.2809544615447521,43.040336268022656,1285.800048828125],[-1.281036101281643,43.04030072875321,1285.800048828125],[-1.2810951936990023,43.04027306847274,1285.5999755859375],[-1.2811498437076807,43.04024557583034,1285.5999755859375],[-1.281204828992486,43.040215484797955,1285.4000244140625],[-1.2812621612101793,43.04018187336624,1285.4000244140625],[-1.281312620267272,43.04015287198126,1285],[-1.2813858781009912,43.04010978899896,1284.5999755859375],[-1.28143516369164,43.040080117061734,1283.800048828125],[-1.2815080024302006,43.04003410041332,1283.5999755859375],[-1.2815649155527353,43.03999059833586,1283.199951171875],[-1.281610680744052,43.03995472379029,1283.199951171875],[-1.2816682644188404,43.03991130553186,1283],[-1.2817338109016418,43.03985791280866,1282.800048828125],[-1.281784689053893,43.039810471236706,1282.5999755859375],[-1.281825676560402,43.03977459669113,1282.5999755859375],[-1.2818894628435373,43.0397261492908,1282.4000244140625],[-1.2819493934512138,43.03968717344105,1282.4000244140625],[-1.2819913029670715,43.03965683095157,1282.5999755859375],[-1.28205475397408,43.03961332887411,1282.5999755859375],[-1.2821058835834265,43.03958063945174,1282.5999755859375],[-1.2821373157203197,43.039550464600325,1282.800048828125],[-1.2821715138852596,43.03951115347445,1282.800048828125],[-1.282208813354373,43.039473770186305,1283.199951171875],[-1.2822384014725685,43.03942901082337,1283.5999755859375],[-1.282240329310298,43.03939674049616,1283.5999755859375],[-1.282234713435173,43.03935818374157,1284],[-1.2822222243994474,43.03931560367346,1285],[-1.2822101544588804,43.03928551264107,1285.4000244140625],[-1.2821995932608843,43.0392599478364,1286.199951171875],[-1.2821909599006176,43.03923455066979,1286.800048828125],[-1.2821921333670616,43.039186522364616,1287],[-1.2822050414979458,43.0391338840127,1287],[-1.2822254095226526,43.039072109386325,1287],[-1.2822622060775757,43.039007149636745,1286.800048828125],[-1.282302187755704,43.03894864395261,1285.800048828125],[-1.2823485396802425,43.03889441303909,1285.5999755859375],[-1.2823972385376692,43.03885786794126,1285.4000244140625],[-1.2824775371700525,43.038810761645436,1285.4000244140625],[-1.2825444247573614,43.03877388127148,1285.4000244140625],[-1.2825992424041033,43.038747143000364,1285.5999755859375],[-1.2826661299914122,43.03871319629252,1285.800048828125],[-1.2827310897409916,43.03868100978434,1285.800048828125],[-1.282794289290905,43.03864966146648,1286],[-1.2828679662197828,43.03861412219703,1286],[-1.2829269748181105,43.038585959002376,1286.199951171875],[-1.282973662018776,43.03856466896832,1286.4000244140625],[-1.2830314133316278,43.03854078054428,1286.4000244140625],[-1.2831010669469833,43.03851831704378,1286.800048828125],[-1.2831468321383,43.03850649856031,1287],[-1.2832002248615026,43.038489734753966,1287.199951171875],[-1.2832636758685112,43.0384723842144,1287.5999755859375],[-1.2833137158304453,43.03846190683544,1287.800048828125],[-1.2833531107753515,43.038453441113234,1288],[-1.2834022287279367,43.03843751549721,1288.199951171875],[-1.2834479939192533,43.03842259570956,1288.4000244140625],[-1.283488729968667,43.03841169923544,1288.5999755859375],[-1.2835321482270956,43.038397785276175,1288.800048828125],[-1.2835833616554737,43.03838286548853,1289],[-1.2836184818297625,43.038370879366994,1289.4000244140625],[-1.2836617324501276,43.0383568815887,1289.5999755859375],[-1.2837127782404423,43.038349756971,1289.800048828125],[-1.2837525084614754,43.03833995014429,1290.4000244140625],[-1.283777067437768,43.038335256278515,1290.5999755859375],[-1.2838093377649784,43.038330897688866,1291],[-1.2838416919112206,43.03832637146115,1291.199951171875],[-1.2838870380073786,43.03832025267184,1291.5999755859375],[-1.283903131261468,43.038315391168,1292],[-1.28394965082407,43.038304494693875,1292.199951171875],[-1.2839846033602953,43.03829116746783,1292.5999755859375],[-1.2840198073536158,43.03827784024179,1293.199951171875],[-1.2840581964701414,43.03826652467251,1293.199951171875],[-1.28410748206079,43.038253197446465,1293.800048828125],[-1.2841509841382504,43.038233583793044,1294.199951171875],[-1.2841813266277313,43.03822495043278,1294.4000244140625],[-1.2842195481061935,43.03821371868253,1294.5999755859375],[-1.2842684984207153,43.03820692934096,1295],[-1.2843104917556047,43.038204247131944,1295.5999755859375],[-1.2843503896147013,43.03820516914129,1295.800048828125],[-1.2843903712928295,43.03820366039872,1296],[-1.2844219710677862,43.0382081028074,1296.199951171875],[-1.2844653893262148,43.038204750046134,1296.800048828125],[-1.2845054548233747,43.038196954876184,1297.4000244140625],[-1.2845391500741243,43.038190668448806,1297.4000244140625],[-1.284574018791318,43.03818312473595,1298],[-1.284607881680131,43.03818144835532,1298.4000244140625],[-1.284640822559595,43.038181867450476,1298.5999755859375],[-1.2846759427338839,43.03818354383111,1299.4000244140625],[-1.2847157567739487,43.038188656792045,1299.800048828125],[-1.2847438361495733,43.03818790242076,1300],[-1.2847805488854647,43.03818597458303,1300.199951171875],[-1.2848160043358803,43.03817658685148,1300.5999755859375],[-1.2848612666130066,43.0381684564054,1301],[-1.284888843074441,43.03816074505448,1301.199951171875],[-1.2849167548120022,43.03815915249288,1301.5999755859375],[-1.2849496956914663,43.03815563209355,1302],[-1.284973919391632,43.03815211169422,1302.5999755859375],[-1.2850017473101616,43.03814750164747,1302.5999755859375],[-1.2850388791412115,43.038133420050144,1302.800048828125],[-1.285073161125183,43.038104586303234,1303],[-1.2851002346724272,43.03806250914931,1303.4000244140625],[-1.2851313315331936,43.038048008456826,1303.800048828125],[-1.2851546332240105,43.038035184144974,1304],[-1.2851864844560623,43.03802227601409,1304.5999755859375],[-1.2852137256413698,43.038003919646144,1304.800048828125],[-1.285239877179265,43.03799729794264,1304.800048828125],[-1.2852754164487123,43.037993777543306,1305.199951171875],[-1.2853096146136522,43.03798464126885,1305.4000244140625],[-1.2853469140827656,43.037986317649484,1305.5999755859375],[-1.285368874669075,43.03799302317202,1305.5999755859375],[-1.285395948216319,43.03800282999873,1305.800048828125],[-1.285416902974248,43.038007356226444,1305.800048828125],[-1.2854458205401897,43.03799545392394,1305.800048828125],[-1.2854679487645626,43.037990843877196,1305.800048828125],[-1.2854889035224915,43.03798858076334,1306],[-1.28551522269845,43.03797575645149,1306],[-1.2855386920273304,43.03797592408955,1306.199951171875],[-1.2855521868914366,43.03798229433596,1306.199951171875],[-1.2855707108974457,43.037978606298566,1306.4000244140625],[-1.2855847924947739,43.03797408007085,1306.4000244140625],[-1.2855992931872606,43.037969721481204,1306.4000244140625],[-1.2856220919638872,43.03796519525349,1306.4000244140625],[-1.285652182996273,43.037963435053825,1306.5999755859375],[-1.285676322877407,43.03796695545316,1306.5999755859375],[-1.2857178132981062,43.03797106258571,1306.5999755859375],[-1.2857718765735626,43.03797332569957,1306.5999755859375],[-1.2858095951378345,43.03797240369022,1306.5999755859375],[-1.2858594674617052,43.0379683803767,1306.5999755859375],[-1.2859184760600328,43.03795740008354,1306.5999755859375],[-1.2859535962343216,43.0379509460181,1306.5999755859375],[-1.2860038038343191,43.03794465959072,1306.5999755859375],[-1.2860590405762196,43.037933595478535,1306.800048828125],[-1.2861271854490042,43.0379232019186,1307.199951171875],[-1.2861806619912386,43.03790643811226,1307.199951171875],[-1.2862343899905682,43.03789319470525,1307.4000244140625],[-1.286293650045991,43.03788749501109,1307.4000244140625],[-1.2863420136272907,43.03788062185049,1308],[-1.28638937138021,43.03787525743246,1308.199951171875],[-1.2864413391798735,43.03786461241543,1308.199951171875],[-1.2864938098937273,43.03785229101777,1308.5999755859375],[-1.286546029150486,43.03784290328622,1308.5999755859375],[-1.2865973263978958,43.03783217445016,1308.5999755859375],[-1.2866443488746881,43.03781373426318,1308.5999755859375],[-1.2866963166743517,43.037795796990395,1308.5999755859375],[-1.2867413274943829,43.03778322413564,1308.5999755859375],[-1.28679933026433,43.03777299821377,1308.5999755859375],[-1.2868674751371145,43.03776176646352,1308.5999755859375],[-1.2869264837354422,43.03774852305651,1308.5999755859375],[-1.2869750149548054,43.03773628547788,1308.4000244140625],[-1.2870358675718307,43.037722958251834,1308.4000244140625],[-1.2871018331497908,43.037708289921284,1308.199951171875],[-1.2871654517948627,43.03769337013364,1308],[-1.287247845903039,43.03767492994666,1307.4000244140625],[-1.2873145658522844,43.037662943825126,1307.4000244140625],[-1.2873772624880075,43.03765003569424,1307.4000244140625],[-1.2874396238476038,43.037638049572706,1307.4000244140625],[-1.287496704608202,43.0376295838505,1307.4000244140625],[-1.2875384464859962,43.037620950490236,1307.4000244140625],[-1.2875934317708015,43.037603851407766,1307.5999755859375],[-1.2876243609935045,43.037592116743326,1307.800048828125],[-1.2876564636826515,43.03757417947054,1308],[-1.2876894883811474,43.03754769265652,1308],[-1.2877229321748018,43.03752489387989,1308.199951171875],[-1.2877546157687902,43.03751257248223,1308.5999755859375],[-1.2877984531223774,43.03751022554934,1308.800048828125],[-1.2878507561981678,43.037510393187404,1309.199951171875],[-1.287881014868617,43.03750578314066,1309.4000244140625],[-1.2879159674048424,43.0374984908849,1309.800048828125],[-1.2879562843590975,43.037489941343665,1310.199951171875],[-1.2879826035350561,43.03748273290694,1310.5999755859375],[-1.2880152091383934,43.03747217170894,1311.199951171875],[-1.2880507484078407,43.03746236488223,1311.199951171875],[-1.288091903552413,43.0374482832849,1311.4000244140625],[-1.2881179712712765,43.037439566105604,1311.4000244140625],[-1.288159042596817,43.03742707706988,1311.5999755859375],[-1.2881863676011562,43.03741970099509,1311.800048828125],[-1.2882187217473984,43.03740989416838,1311.800048828125],[-1.2882515788078308,43.037398578599095,1312.199951171875],[-1.2882887944579124,43.03738122805953,1312.4000244140625],[-1.2883099168539047,43.037367314100266,1312.4000244140625],[-1.2883336376398802,43.03735004737973,1312.5999755859375],[-1.2883628066629171,43.03733194246888,1312.800048828125],[-1.2883933167904615,43.0373206268996,1313],[-1.2884167023003101,43.037315011024475,1313.199951171875],[-1.2884493079036474,43.03731165826321,1313.4000244140625],[-1.2884735316038132,43.037308137863874,1313.5999755859375],[-1.2885075621306896,43.037297409027815,1313.800048828125],[-1.2885327078402042,43.03728802129626,1314.199951171875],[-1.288555758073926,43.03727746009827,1314.199951171875],[-1.2885838374495506,43.03726639598608,1314.199951171875],[-1.2886094022542238,43.03725943900645,1314.199951171875],[-1.2886424269527197,43.037256840616465,1314.4000244140625],[-1.2886731885373592,43.03726295940578,1314.4000244140625],[-1.288697412237525,43.03727804683149,1314.4000244140625],[-1.28870302811265,43.03728139959276,1314.5999755859375],[-1.2887073867022991,43.0372809804976,1314.800048828125],[-1.288705039769411,43.03728290833533,1314.800048828125],[-1.288701267912984,43.037284668534994,1314.5999755859375],[-1.288701267912984,43.037284668534994,1314.5999755859375],[-1.288701267912984,43.037284668534994,1314.5999755859375],[-1.288701267912984,43.037284668534994,1314.5999755859375],[-1.288701267912984,43.037284668534994,1314.5999755859375],[-1.288701267912984,43.037284668534994,1314.5999755859375],[-1.288701267912984,43.037284668534994,1314.5999755859375],[-1.288701267912984,43.037284668534994,1314.5999755859375],[-1.288701267912984,43.037284668534994,1314.5999755859375],[-1.288701267912984,43.037284668534994,1314.5999755859375],[-1.288701267912984,43.037284668534994,1314.5999755859375],[-1.288701267912984,43.037284668534994,1314.5999755859375],[-1.288701267912984,43.037284668534994,1314.5999755859375],[-1.288701267912984,43.037284668534994,1314.5999755859375],[-1.288701267912984,43.037284668534994,1314.5999755859375],[-1.288701267912984,43.037284668534994,1314.5999755859375],[-1.288701267912984,43.037284668534994,1314.5999755859375],[-1.288701267912984,43.037284668534994,1314.5999755859375],[-1.288701267912984,43.037284668534994,1314.5999755859375],[-1.288701267912984,43.037284668534994,1314.5999755859375],[-1.288701267912984,43.037284668534994,1314.5999755859375],[-1.288701267912984,43.037284668534994,1314.5999755859375],[-1.288701267912984,43.037284668534994,1314.5999755859375],[-1.288701267912984,43.037284668534994,1314.5999755859375],[-1.288701267912984,43.037284668534994,1314.5999755859375],[-1.288701267912984,43.037284668534994,1314.5999755859375],[-1.288701267912984,43.037284668534994,1314.5999755859375],[-1.288701267912984,43.037284668534994,1314.5999755859375],[-1.288701267912984,43.037284668534994,1314.5999755859375],[-1.288701267912984,43.037284668534994,1314.5999755859375],[-1.288701267912984,43.037284668534994,1314.5999755859375],[-1.288701267912984,43.037284668534994,1314.5999755859375],[-1.288701267912984,43.037284668534994,1314.5999755859375],[-1.288701267912984,43.037284668534994,1314.5999755859375],[-1.288701267912984,43.037284668534994,1314.5999755859375],[-1.288701267912984,43.037284668534994,1314.5999755859375],[-1.288701267912984,43.037284668534994,1314.5999755859375],[-1.288701267912984,43.037284668534994,1314.5999755859375],[-1.288701267912984,43.037284668534994,1314.5999755859375],[-1.288701267912984,43.037284668534994,1314.5999755859375],[-1.288701267912984,43.037284668534994,1314.5999755859375],[-1.2887005135416985,43.0372860096395,1314.5999755859375],[-1.2886976636946201,43.037293469533324,1314.5999755859375],[-1.288693556562066,43.03730268962681,1314.5999755859375],[-1.2886872701346874,43.03731165826321,1314.5999755859375],[-1.2886843364685774,43.037315933033824,1314.5999755859375],[-1.2886875215917826,43.03731869906187,1314.5999755859375],[-1.2886964902281761,43.037322890013456,1314.5999755859375],[-1.2887078057974577,43.03732599131763,1314.5999755859375],[-1.2887107394635677,43.03732691332698,1314.5999755859375],[-1.288712164387107,43.03732448257506,1314.5999755859375],[-1.2887129187583923,43.03732171654701,1314.5999755859375],[-1.2887138407677412,43.03731911815703,1314.5999755859375],[-1.288718031719327,43.03731568157673,1314.5999755859375],[-1.288718031719327,43.03731568157673,1314.5999755859375],[-1.288718031719327,43.03731568157673,1314.5999755859375],[-1.288718031719327,43.03731568157673,1314.5999755859375],[-1.288718031719327,43.03731568157673,1314.5999755859375],[-1.288718031719327,43.03731568157673,1314.5999755859375],[-1.288718031719327,43.03731568157673,1314.5999755859375],[-1.2887193728238344,43.037315011024475,1314.5999755859375],[-1.2887224741280079,43.037313753739,1314.5999755859375],[-1.2887224741280079,43.037313753739,1314.5999755859375],[-1.2887224741280079,43.037313753739,1314.5999755859375],[-1.2887224741280079,43.037313753739,1314.5999755859375],[-1.2887224741280079,43.037313753739,1314.5999755859375],[-1.2887224741280079,43.037313753739,1314.5999755859375],[-1.2887224741280079,43.037313753739,1314.5999755859375],[-1.2887224741280079,43.037313753739,1314.5999755859375],[-1.2887224741280079,43.037313753739,1314.5999755859375],[-1.2887224741280079,43.037313753739,1314.5999755859375],[-1.2887224741280079,43.037313753739,1314.5999755859375],[-1.2887224741280079,43.037313753739,1314.5999755859375],[-1.2887224741280079,43.037313753739,1314.5999755859375],[-1.2887224741280079,43.037313753739,1314.5999755859375],[-1.2887246534228325,43.03731526248157,1314.5999755859375],[-1.288724821060896,43.03731777705252,1314.5999755859375],[-1.288724821060896,43.03731777705252,1314.5999755859375],[-1.288724821060896,43.03731777705252,1314.5999755859375],[-1.288724821060896,43.03731777705252,1314.5999755859375],[-1.288724821060896,43.03731777705252,1314.5999755859375],[-1.288724821060896,43.03731777705252,1314.5999755859375],[-1.288724821060896,43.03731777705252,1314.5999755859375],[-1.288724821060896,43.03731777705252,1314.5999755859375],[-1.288724821060896,43.03731777705252,1314.5999755859375],[-1.288724821060896,43.03731777705252,1314.5999755859375],[-1.288724821060896,43.03731777705252,1314.5999755859375],[-1.288724821060896,43.03731777705252,1314.5999755859375],[-1.288724821060896,43.03731777705252,1314.5999755859375],[-1.288724821060896,43.03731777705252,1314.5999755859375],[-1.288724821060896,43.03731777705252,1314.5999755859375],[-1.2887264136224985,43.03732004016638,1314.5999755859375],[-1.2887282576411963,43.03732297383249,1314.5999755859375],[-1.2887282576411963,43.03732297383249,1314.5999755859375],[-1.2887282576411963,43.03732297383249,1314.5999755859375],[-1.2887282576411963,43.03732297383249,1314.5999755859375],[-1.2887282576411963,43.03732297383249,1314.5999755859375],[-1.2887282576411963,43.03732297383249,1314.5999755859375],[-1.2887266650795937,43.03732599131763,1314.5999755859375],[-1.2887280900031328,43.03732758387923,1314.5999755859375],[-1.2887313589453697,43.037325823679566,1314.5999755859375],[-1.2887313589453697,43.037325823679566,1314.5999755859375],[-1.2887313589453697,43.037325823679566,1314.5999755859375],[-1.2887313589453697,43.037325823679566,1314.5999755859375],[-1.2887313589453697,43.037325823679566,1314.5999755859375],[-1.2887313589453697,43.037325823679566,1314.5999755859375],[-1.2887313589453697,43.037325823679566,1314.5999755859375],[-1.2887313589453697,43.037325823679566,1314.5999755859375],[-1.2887313589453697,43.037325823679566,1314.5999755859375],[-1.2887313589453697,43.037325823679566,1314.5999755859375],[-1.2887313589453697,43.037325823679566,1314.5999755859375],[-1.2887313589453697,43.037325823679566,1314.5999755859375],[-1.2887313589453697,43.037325823679566,1314.5999755859375],[-1.2887313589453697,43.037325823679566,1314.5999755859375],[-1.2887313589453697,43.037325823679566,1314.5999755859375],[-1.2887313589453697,43.037325823679566,1314.5999755859375],[-1.2887313589453697,43.037325823679566,1314.5999755859375],[-1.2887313589453697,43.037325823679566,1314.5999755859375],[-1.2887313589453697,43.037325823679566,1314.5999755859375],[-1.2887313589453697,43.037325823679566,1314.5999755859375],[-1.2887313589453697,43.037325823679566,1314.5999755859375],[-1.2887313589453697,43.037325823679566,1314.5999755859375],[-1.2887313589453697,43.037325823679566,1314.5999755859375],[-1.2887313589453697,43.037325823679566,1314.5999755859375],[-1.2887313589453697,43.037325823679566,1314.5999755859375],[-1.2887313589453697,43.037325823679566,1314.5999755859375],[-1.2887313589453697,43.037325823679566,1314.5999755859375],[-1.2887313589453697,43.037325823679566,1314.5999755859375],[-1.2887313589453697,43.037325823679566,1314.5999755859375],[-1.2887313589453697,43.037325823679566,1314.5999755859375],[-1.2887313589453697,43.037325823679566,1314.5999755859375],[-1.2887313589453697,43.037325823679566,1314.5999755859375],[-1.2887313589453697,43.037325823679566,1314.5999755859375],[-1.2887293472886086,43.0373259074986,1314.5999755859375],[-1.2887273356318474,43.03732858970761,1314.5999755859375],[-1.2887263298034668,43.03733194246888,1314.5999755859375],[-1.2887263298034668,43.03733194246888,1314.5999755859375],[-1.288725072517991,43.037333618849516,1314.5999755859375],[-1.2887202110141516,43.03733236156404,1314.5999755859375],[-1.2887187022715807,43.03732842206955,1314.5999755859375],[-1.2887187022715807,43.03732842206955,1314.5999755859375],[-1.2887187022715807,43.03732842206955,1314.5999755859375],[-1.2887187022715807,43.03732842206955,1314.5999755859375],[-1.2887187022715807,43.03732842206955,1314.5999755859375],[-1.2887187022715807,43.03732842206955,1314.5999755859375],[-1.2887187022715807,43.03732842206955,1314.5999755859375],[-1.2887187022715807,43.03732842206955,1314.5999755859375],[-1.2887187022715807,43.03732842206955,1314.5999755859375],[-1.2887187022715807,43.03732842206955,1314.5999755859375],[-1.2887187022715807,43.03732842206955,1314.5999755859375],[-1.2887187022715807,43.03732842206955,1314.5999755859375],[-1.2887187022715807,43.03732842206955,1314.5999755859375],[-1.2887187022715807,43.03732842206955,1314.5999755859375],[-1.2887187022715807,43.03732842206955,1314.5999755859375],[-1.2887187022715807,43.03732842206955,1314.5999755859375],[-1.2887187022715807,43.03732842206955,1314.5999755859375],[-1.2887187022715807,43.03732842206955,1314.5999755859375],[-1.2887187022715807,43.03732842206955,1314.5999755859375],[-1.2887187022715807,43.03732842206955,1314.5999755859375],[-1.2887187022715807,43.03732842206955,1314.5999755859375],[-1.2887187022715807,43.03732842206955,1314.5999755859375],[-1.2887187022715807,43.03732842206955,1314.5999755859375],[-1.2887187022715807,43.03732842206955,1314.5999755859375],[-1.2887187022715807,43.03732842206955,1314.5999755859375],[-1.2887167744338512,43.03732850588858,1314.5999755859375],[-1.288706799969077,43.03732900880277,1314.5999755859375],[-1.2887031119316816,43.0373275000602,1314.5999755859375],[-1.2887031119316816,43.0373275000602,1314.5999755859375],[-1.2887031119316816,43.0373275000602,1314.5999755859375],[-1.2887031119316816,43.0373275000602,1314.5999755859375],[-1.2887031119316816,43.0373275000602,1314.5999755859375],[-1.2887031119316816,43.0373275000602,1314.5999755859375],[-1.2887031119316816,43.0373275000602,1314.5999755859375],[-1.2887031119316816,43.0373275000602,1314.5999755859375],[-1.2887031119316816,43.0373275000602,1314.5999755859375],[-1.2887040339410305,43.03732641041279,1314.5999755859375],[-1.2887075543403625,43.03732439875603,1314.5999755859375],[-1.2887146789580584,43.037325236946344,1314.5999755859375],[-1.2887254916131496,43.03732540458441,1314.5999755859375],[-1.2887290120124817,43.037325236946344,1314.5999755859375],[-1.2887290120124817,43.037325236946344,1314.5999755859375],[-1.2887290120124817,43.037325236946344,1314.5999755859375],[-1.2887290120124817,43.037325236946344,1314.5999755859375],[-1.2887290120124817,43.037325236946344,1314.5999755859375],[-1.2887290120124817,43.037325236946344,1314.5999755859375],[-1.2887290120124817,43.037325236946344,1314.5999755859375],[-1.2887290120124817,43.037325236946344,1314.5999755859375],[-1.2887290120124817,43.037325236946344,1314.5999755859375],[-1.2887290120124817,43.037325236946344,1314.5999755859375],[-1.2887290120124817,43.037325236946344,1314.5999755859375],[-1.2887290120124817,43.037325236946344,1314.5999755859375],[-1.2887290120124817,43.037325236946344,1314.5999755859375],[-1.2887290120124817,43.037325236946344,1314.5999755859375],[-1.2887290120124817,43.037325236946344,1314.5999755859375],[-1.2887290120124817,43.037325236946344,1314.5999755859375],[-1.2887290120124817,43.037325236946344,1314.5999755859375],[-1.2887290120124817,43.037325236946344,1314.5999755859375],[-1.2887290120124817,43.037325236946344,1314.5999755859375],[-1.2887290120124817,43.037325236946344,1314.5999755859375],[-1.2887290120124817,43.037325236946344,1314.5999755859375],[-1.2887290120124817,43.037325236946344,1314.5999755859375],[-1.288727419450879,43.037324314936996,1314.5999755859375],[-1.2887293472886086,43.03732708096504,1314.5999755859375],[-1.2887332867830992,43.03732758387923,1314.5999755859375],[-1.2887332867830992,43.03732758387923,1314.5999755859375],[-1.2887332867830992,43.03732758387923,1314.5999755859375],[-1.2887332867830992,43.03732758387923,1314.5999755859375],[-1.2887326162308455,43.0373275000602,1314.5999755859375],[-1.2887352984398603,43.0373224709183,1314.5999755859375],[-1.2887334544211626,43.037314508110285,1314.5999755859375],[-1.2887270003557205,43.03731777705252,1314.5999755859375],[-1.2887232284992933,43.037321297451854,1314.5999755859375],[-1.2887232284992933,43.037321297451854,1314.5999755859375],[-1.2887232284992933,43.037321297451854,1314.5999755859375],[-1.2887232284992933,43.037321297451854,1314.5999755859375],[-1.288719791918993,43.037318447604775,1314.5999755859375],[-1.2887193728238344,43.03731618449092,1314.5999755859375],[-1.2887207139283419,43.03731710650027,1314.5999755859375],[-1.2887231446802616,43.0373187828809,1314.5999755859375],[-1.2887231446802616,43.0373187828809,1314.5999755859375],[-1.2887231446802616,43.0373187828809,1314.5999755859375],[-1.2887202110141516,43.037314508110285,1314.5999755859375],[-1.2887079734355211,43.03730336017907,1314.5999755859375],[-1.2886980827897787,43.03729372099042,1314.5999755859375],[-1.2886886112391949,43.03727712482214,1314.5999755859375],[-1.2886891979724169,43.03725960664451,1314.5999755859375],[-1.2886981666088104,43.037239825353026,1314.800048828125],[-1.288718618452549,43.03722289390862,1314.800048828125],[-1.288737142458558,43.03720235824585,1314.800048828125],[-1.288758348673582,43.037182157859206,1314.800048828125],[-1.2887818180024624,43.03716262802482,1315],[-1.288809897378087,43.03714334964752,1315],[-1.2888405751436949,43.0371255800128,1315.199951171875],[-1.2888782937079668,43.03710378706455,1315.199951171875],[-1.288903271779418,43.03708953782916,1315.199951171875],[-1.2889325246214867,43.03706816397607,1315.4000244140625],[-1.2889640405774117,43.037047209218144,1315.4000244140625],[-1.2889956403523684,43.037030110135674,1315.4000244140625],[-1.28902992233634,43.03701653145254,1315.4000244140625],[-1.2890710774809122,43.0369976721704,1315.4000244140625],[-1.2890989053994417,43.0369839258492,1315.4000244140625],[-1.2891320139169693,43.0369683355093,1315.5999755859375],[-1.2891743425279856,43.036953415721655,1315.5999755859375],[-1.289209546521306,43.03694210015237,1315.5999755859375],[-1.2892371229827404,43.036932963877916,1315.5999755859375],[-1.289277607575059,43.036918295547366,1315.800048828125],[-1.289306776598096,43.03690857253969,1315.800048828125],[-1.2893437407910824,43.03689734078944,1315.800048828125],[-1.2893802020698786,43.03688770160079,1316],[-1.289416328072548,43.03687881678343,1316],[-1.2894514482468367,43.03687261417508,1316.199951171875],[-1.2894919328391552,43.03686364553869,1316.199951171875],[-1.2895245384424925,43.03685509599745,1316.4000244140625],[-1.289550270885229,43.03684822283685,1316.4000244140625],[-1.2895825412124395,43.03684185259044,1316.4000244140625],[-1.2896149791777134,43.03683430887759,1316.5999755859375],[-1.289647500962019,43.03682433441281,1317],[-1.2896811123937368,43.03681578487158,1317],[-1.289714053273201,43.0368076544255,1317],[-1.289744395762682,43.03679868578911,1317.199951171875],[-1.2897731456905603,43.03678443655372,1317.4000244140625],[-1.2898061703890562,43.03676566109061,1317.5999755859375],[-1.2898293044418097,43.03675468079746,1317.5999755859375],[-1.2898625805974007,43.03674311377108,1317.5999755859375],[-1.2899012211710215,43.03673322312534,1317.800048828125],[-1.2899276241660118,43.03672710433602,1318],[-1.289957296103239,43.0367196444422,1318.4000244140625],[-1.2899896502494812,43.03671419620514,1318.4000244140625],[-1.2900111079216003,43.03671293891966,1318.5999755859375],[-1.2900391034781933,43.03671025671065,1318.5999755859375],[-1.290074223652482,43.036703215911984,1319],[-1.2900972738862038,43.03669458255172,1319.4000244140625],[-1.290128454566002,43.03668653592467,1319.4000244140625],[-1.290164329111576,43.036676393821836,1319.800048828125],[-1.2901877984404564,43.03666935302317,1320],[-1.2902180571109056,43.036661641672254,1320.199951171875],[-1.2902480643242598,43.03665418177843,1320.4000244140625],[-1.2902794126421213,43.03665124811232,1320.5999755859375],[-1.2903077434748411,43.03664739243686,1320.800048828125],[-1.2903349846601486,43.03664244711399,1321.4000244140625],[-1.2903606332838535,43.036637334153056,1321.5999755859375],[-1.2903871200978756,43.036634400486946,1322],[-1.290413774549961,43.03663264028728,1322.5999755859375],[-1.290441770106554,43.03662761114538,1322.800048828125],[-1.2904701847583055,43.0366178881377,1323],[-1.2904938217252493,43.036602046340704,1323.199951171875],[-1.2905122619122267,43.03658368997276,1323.4000244140625],[-1.2905278522521257,43.03656273521483,1323.5999755859375],[-1.290543358772993,43.03654119372368,1323.800048828125],[-1.2905592005699873,43.03651923313737,1324],[-1.2905770540237427,43.03649676963687,1324],[-1.2905977573245764,43.036475982517004,1324.4000244140625],[-1.2906181253492832,43.036455530673265,1324.800048828125],[-1.2906422652304173,43.036435414105654,1325.199951171875],[-1.2906696740537882,43.0364173091948,1325.800048828125],[-1.290693897753954,43.03640205413103,1325.800048828125],[-1.290719797834754,43.036387637257576,1326],[-1.2907470390200615,43.036375315859914,1326.4000244140625],[-1.2907721009105444,43.03636324591935,1326.800048828125],[-1.2907936424016953,43.03635117597878,1327.4000244140625],[-1.2908201292157173,43.036340614780784,1327.5999755859375],[-1.2908501364290714,43.03632737137377,1327.800048828125],[-1.2908738572150469,43.036317396909,1328],[-1.290901517495513,43.036306500434875,1328.4000244140625],[-1.2909286748617887,43.03629350848496,1328.5999755859375],[-1.2909547425806522,43.03627984598279,1329],[-1.2909835763275623,43.03627003915608,1329.199951171875],[-1.2910131644457579,43.0362621601671,1329.5999755859375],[-1.2910401541739702,43.03625537082553,1330.199951171875],[-1.2910637073218822,43.036246821284294,1330.4000244140625],[-1.29108558408916,43.03623550571501,1330.5999755859375],[-1.2911142501980066,43.03622318431735,1330.800048828125],[-1.291141826659441,43.03621061146259,1331.199951171875],[-1.291168313473463,43.03619954735041,1331.5999755859375],[-1.2911919504404068,43.03618588484824,1332],[-1.291213994845748,43.03617138415575,1332.199951171875],[-1.2912362068891525,43.036157470196486,1332.4000244140625],[-1.291257832199335,43.0361448135227,1332.4000244140625],[-1.291282894089818,43.03613324649632,1332.800048828125],[-1.2913083750754595,43.03612201474607,1333.199951171875],[-1.2913324311375618,43.0361136328429,1333.4000244140625],[-1.2913576606661081,43.0361030716449,1333.5999755859375],[-1.2913800403475761,43.036093432456255,1333.800048828125],[-1.2914025038480759,43.03608278743923,1334],[-1.291428990662098,43.03607172332704,1334.4000244140625],[-1.2914545554667711,43.03606149740517,1334.800048828125],[-1.2914777733385563,43.03605588153005,1335.4000244140625],[-1.2915005721151829,43.03605085238814,1335.5999755859375],[-1.2915187608450651,43.03604423068464,1336],[-1.2915365304797888,43.03603098727763,1336.5999755859375],[-1.291551785543561,43.03601296618581,1337],[-1.2915709801018238,43.03599293343723,1337],[-1.2915963772684336,43.03597943857312,1337.4000244140625],[-1.2916232831776142,43.0359701346606,1337.800048828125],[-1.291646920144558,43.035959070548415,1338.199951171875],[-1.291663683950901,43.03594280965626,1338.4000244140625],[-1.29167634062469,43.03592076525092,1338.800048828125],[-1.2916848063468933,43.03589712828398,1339.199951171875],[-1.2916931044310331,43.03587424568832,1339.5999755859375],[-1.291703749448061,43.0358546320349,1339.800048828125],[-1.291711712256074,43.03583074361086,1340],[-1.2917197588831186,43.03580643609166,1340.199951171875],[-1.2917278055101633,43.03578154183924,1340.5999755859375],[-1.2917361874133348,43.03575128316879,1341.199951171875],[-1.2917450722306967,43.03573560900986,1341.199951171875],[-1.291752615943551,43.035715743899345,1341.5999755859375],[-1.2917581479996443,43.035691268742085,1341.800048828125],[-1.2917604949325323,43.03567299619317,1342],[-1.291763512417674,43.03565212525427,1342.4000244140625],[-1.2917704693973064,43.03563033230603,1342.800048828125],[-1.2917851377278566,43.03560996428132,1343],[-1.2918025720864534,43.03559286519885,1343.199951171875],[-1.2918140552937984,43.03557182662189,1343.5999755859375],[-1.291819754987955,43.03554978221655,1343.800048828125],[-1.2918264605104923,43.03552723489702,1344.4000244140625],[-1.291835680603981,43.035503597930074,1344.800048828125],[-1.2918460741639137,43.03548599593341,1345.5999755859375],[-1.2918523605912924,43.035465544089675,1345.800048828125],[-1.2918549589812756,43.03544559516013,1345.800048828125],[-1.2918610777705908,43.035426987335086,1346.4000244140625],[-1.2918672803789377,43.03540972061455,1346.4000244140625],[-1.2918659392744303,43.03539019078016,1347],[-1.291868956759572,43.035373175516725,1347.199951171875],[-1.2918647658079863,43.03535440005362,1347.4000244140625],[-1.2918573897331953,43.0353363789618,1347.800048828125],[-1.2918531149625778,43.03531969897449,1348.199951171875],[-1.2918455712497234,43.03530100733042,1348.4000244140625],[-1.291835680603981,43.035288685932755,1348.5999755859375],[-1.291818916797638,43.03527728654444,1348.800048828125],[-1.2917993869632483,43.03526655770838,1349],[-1.291776755824685,43.035256415605545,1349.199951171875],[-1.2917519453912973,43.035245686769485,1349.4000244140625],[-1.2917345948517323,43.035237891599536,1349.4000244140625],[-1.2917100358754396,43.03522816859186,1349.5999755859375],[-1.2916859798133373,43.03522188216448,1350],[-1.2916620913892984,43.03521417081356,1350.199951171875],[-1.2916449923068285,43.03520034067333,1350.5999755859375],[-1.2916289828717709,43.03518760018051,1350.5999755859375],[-1.291612135246396,43.03517318330705,1350.800048828125],[-1.2915955390781164,43.03516052663326,1351],[-1.2915755063295364,43.03514812141657,1351.4000244140625],[-1.291555305942893,43.03513705730438,1351.5999755859375],[-1.2915355246514082,43.03512683138251,1351.5999755859375],[-1.291517000645399,43.035114258527756,1351.800048828125],[-1.2914964649826288,43.035102523863316,1352],[-1.2914740853011608,43.03509313613176,1352.199951171875],[-1.2914512865245342,43.03508752025664,1352.4000244140625],[-1.2914252188056707,43.03507980890572,1352.5999755859375],[-1.2914012465626001,43.035071678459644,1352.800048828125],[-1.2913814652711153,43.03506455384195,1353.199951171875],[-1.2913602590560913,43.03505206480622,1353.4000244140625],[-1.2913368735462427,43.03504150360823,1353.5999755859375],[-1.2913165893405676,43.03502993658185,1353.5999755859375],[-1.2912950478494167,43.03501778282225,1353.5999755859375],[-1.2912721652537584,43.03500546142459,1354],[-1.291249031201005,43.0349946487695,1354.199951171875],[-1.291228411719203,43.03498400375247,1354.4000244140625],[-1.2912052776664495,43.034973023459315,1354.5999755859375],[-1.2911784555763006,43.03496397100389,1355],[-1.2911548186093569,43.03495433181524,1355.199951171875],[-1.2911311816424131,43.03494720719755,1355.199951171875],[-1.291105868294835,43.03494159132242,1355.5999755859375],[-1.291079968214035,43.034933879971504,1355.800048828125],[-1.291058510541916,43.034922648221254,1356],[-1.2910392321646214,43.03491074591875,1356.199951171875],[-1.2910211272537708,43.03489406593144,1356.4000244140625],[-1.2910057045519352,43.03487990051508,1356.4000244140625],[-1.2909896951168776,43.03486581891775,1357],[-1.29097368568182,43.0348529946059,1357.199951171875],[-1.2909560836851597,43.034842517226934,1357.5999755859375],[-1.2909396551549435,43.03482667542994,1357.800048828125],[-1.2909301836043596,43.03481385111809,1357.800048828125],[-1.2909290939569473,43.03480773232877,1358.199951171875],[-1.2909290939569473,43.03480773232877,1358.4000244140625],[-1.2909290939569473,43.03480773232877,1358.5999755859375],[-1.2909290939569473,43.03480773232877,1358.5999755859375],[-1.2909290939569473,43.03480773232877,1358.5999755859375],[-1.2909290939569473,43.03480773232877,1358.5999755859375],[-1.2909290939569473,43.03480773232877,1358.5999755859375],[-1.2909290939569473,43.03480773232877,1358.5999755859375],[-1.2909290939569473,43.03480773232877,1358.5999755859375],[-1.2909290939569473,43.03480773232877,1358.5999755859375],[-1.2909290939569473,43.03480773232877,1358.5999755859375],[-1.2909290939569473,43.03480773232877,1358.5999755859375],[-1.2909290939569473,43.03480773232877,1358.4000244140625],[-1.2909290939569473,43.03480773232877,1358.4000244140625],[-1.2909290939569473,43.03480773232877,1358.4000244140625],[-1.2909290939569473,43.03480773232877,1358.4000244140625],[-1.2909290939569473,43.03480773232877,1358.4000244140625],[-1.2909290939569473,43.03480773232877,1358.4000244140625],[-1.2909290939569473,43.03480773232877,1358.4000244140625],[-1.2909290939569473,43.03480773232877,1358.4000244140625],[-1.2909290939569473,43.03480773232877,1358.4000244140625],[-1.2909290939569473,43.03480773232877,1358.4000244140625],[-1.2909290939569473,43.03480773232877,1358.4000244140625],[-1.2909290939569473,43.03480773232877,1358.199951171875],[-1.2909290939569473,43.03480773232877,1358.199951171875],[-1.2909290939569473,43.03480773232877,1358.199951171875],[-1.2909290939569473,43.03480773232877,1358.199951171875],[-1.2909290939569473,43.03480773232877,1358.199951171875],[-1.2909290939569473,43.03480773232877,1358.199951171875],[-1.2909290939569473,43.03480773232877,1358.199951171875],[-1.2909290939569473,43.03480773232877,1358.199951171875],[-1.2909290939569473,43.03480773232877,1358.199951171875],[-1.2909290939569473,43.03480773232877,1358.199951171875],[-1.2909290939569473,43.03480773232877,1358.199951171875],[-1.2909290939569473,43.03480773232877,1358],[-1.2909290939569473,43.03480773232877,1358],[-1.2909290939569473,43.03480773232877,1358],[-1.2909290939569473,43.03480773232877,1358],[-1.2909290939569473,43.03480773232877,1358],[-1.2909290939569473,43.03480773232877,1358.199951171875],[-1.2909290939569473,43.03480773232877,1358.199951171875],[-1.2909290939569473,43.03480773232877,1358.199951171875],[-1.2909290939569473,43.03480773232877,1358.199951171875],[-1.2909290939569473,43.03480773232877,1358.199951171875],[-1.2909290939569473,43.03480773232877,1358.199951171875],[-1.2909290939569473,43.03480773232877,1358.199951171875],[-1.2909290939569473,43.03480773232877,1358.199951171875],[-1.2909290939569473,43.03480773232877,1358.199951171875],[-1.2909290939569473,43.03480773232877,1358],[-1.2909290939569473,43.03480773232877,1358],[-1.2909290939569473,43.03480773232877,1358],[-1.2909290939569473,43.03480773232877,1358],[-1.2909290939569473,43.03480773232877,1358],[-1.2909290939569473,43.03480773232877,1358],[-1.2909290939569473,43.03480773232877,1358],[-1.2909290939569473,43.03480773232877,1358],[-1.2909290939569473,43.03480773232877,1357.800048828125],[-1.2909290939569473,43.03480773232877,1357.800048828125],[-1.2909290939569473,43.03480773232877,1357.800048828125],[-1.2909290939569473,43.03480773232877,1357.800048828125],[-1.290925070643425,43.034804463386536,1357.800048828125],[-1.2909241486340761,43.0348011944443,1357.5999755859375],[-1.2909239809960127,43.0347993504256,1357.5999755859375],[-1.2909285072237253,43.034792225807905,1357.5999755859375],[-1.2909386493265629,43.034777054563165,1357.5999755859375],[-1.2909513898193836,43.03476280532777,1357.5999755859375],[-1.2909699138253927,43.03474327549338,1357.5999755859375],[-1.290984582155943,43.0347285233438,1357.5999755859375],[-1.2910049501806498,43.034711172804236,1357.5999755859375],[-1.2910268269479275,43.03469625301659,1357.5999755859375],[-1.2910510506480932,43.034685272723436,1357.800048828125],[-1.2910759449005127,43.03467454388738,1357.800048828125],[-1.291102096438408,43.034663228318095,1357.800048828125],[-1.2911280803382397,43.034652415663004,1357.800048828125],[-1.2911539804190397,43.03464101627469,1358],[-1.2911777012050152,43.03463456220925,1358],[-1.2912067025899887,43.03463456220925,1358.199951171875],[-1.2912365421652794,43.03462869487703,1358.4000244140625],[-1.2912644539028406,43.034618720412254,1358.5999755859375],[-1.2912942096590996,43.034609500318766,1358.5999755859375],[-1.2913237139582634,43.03460044786334,1358.800048828125],[-1.2913539726287127,43.034593323245645,1358.800048828125],[-1.2913833931088448,43.03458812646568,1359],[-1.2914098799228668,43.03458267822862,1359.4000244140625],[-1.2914356961846352,43.03457605652511,1359.4000244140625],[-1.2914635241031647,43.03456834517419,1359.800048828125],[-1.2914906814694405,43.0345612205565,1359.800048828125],[-1.2915168330073357,43.034554263576865,1360],[-1.2915423139929771,43.03454797714949,1360.199951171875],[-1.2915695551782846,43.03454076871276,1360.4000244140625],[-1.2915973830968142,43.034533308818936,1360.800048828125],[-1.2916237860918045,43.03452366963029,1361],[-1.2916488479822874,43.03451344370842,1361.199951171875],[-1.2916754186153412,43.03450204432011,1361.4000244140625],[-1.291694026440382,43.034493243321776,1361.5999755859375],[-1.2917197588831186,43.03448025137186,1361.800048828125],[-1.2917361874133348,43.03446692414582,1362],[-1.291751777753234,43.03444806486368,1362.4000244140625],[-1.2917675357311964,43.034426691010594,1362.5999755859375],[-1.2917842995375395,43.03440489806235,1362.800048828125],[-1.2918007280677557,43.03438553586602,1363.199951171875],[-1.2918117921799421,43.03436340764165,1363.4000244140625],[-1.291820090264082,43.03434194996953,1363.4000244140625],[-1.2918254546821117,43.034316804260015,1363.5999755859375],[-1.2918308191001415,43.03429098799825,1363.5999755859375],[-1.2918372731655836,43.034265423193574,1363.800048828125],[-1.2918449006974697,43.034239523112774,1364],[-1.2918548751622438,43.0342139583081,1364],[-1.291866023093462,43.03418688476086,1364.199951171875],[-1.29187423735857,43.03415863774717,1364.199951171875],[-1.2918844632804394,43.03413022309542,1364.4000244140625],[-1.2918937671929598,43.03410314954817,1364.4000244140625],[-1.2918984610587358,43.034074483439326,1364.4000244140625],[-1.2918990477919579,43.03404422476888,1364.4000244140625],[-1.2918967846781015,43.03401103243232,1364.4000244140625],[-1.291892509907484,43.033977253362536,1364.4000244140625],[-1.2918897438794374,43.03394271992147,1364.5999755859375],[-1.2918871454894543,43.03390885703266,1364.5999755859375],[-1.2918846309185028,43.03387591615319,1364.5999755859375],[-1.2918783444911242,43.03384314291179,1364.5999755859375],[-1.2918693758547306,43.03381238132715,1364.5999755859375],[-1.2918584793806076,43.033777344971895,1364.800048828125],[-1.2918508518487215,43.033754378557205,1365],[-1.2918411288410425,43.03372671827674,1365],[-1.291830400004983,43.03369830362499,1365.199951171875],[-1.291818916797638,43.03367148153484,1365.4000244140625],[-1.291804164648056,43.03363837301731,1365.5999755859375],[-1.2917952798306942,43.0336113832891,1366],[-1.291784467175603,43.03358154371381,1366],[-1.2917736545205116,43.03354709409177,1366],[-1.291763512417674,43.03351230919361,1366.4000244140625],[-1.291754376143217,43.033490013331175,1366.5999755859375],[-1.2917439825832844,43.033462688326836,1366.5999755859375],[-1.2917396239936352,43.03342865779996,1366.5999755859375],[-1.2917294818907976,43.033397644758224,1366.800048828125],[-1.2917189206928015,43.03337350487709,1366.800048828125],[-1.291711125522852,43.03334676660597,1366.800048828125],[-1.2917071022093296,43.03331818431616,1366.800048828125],[-1.2917056772857904,43.033291613683105,1367.199951171875],[-1.2917024921625853,43.03326839581132,1367.199951171875],[-1.291698468849063,43.033243753015995,1367.4000244140625],[-1.291696960106492,43.033221205696464,1367.5999755859375],[-1.2916953675448895,43.033194383606315,1367.800048828125],[-1.2916884943842888,43.03317066282034,1367.800048828125],[-1.2916806992143393,43.033144511282444,1368],[-1.2916824594140053,43.033121628686786,1368.199951171875],[-1.2916850578039885,43.033097656443715,1368.5999755859375],[-1.2916869018226862,43.03307351656258,1368.800048828125],[-1.2916892487555742,43.033050298690796,1368.800048828125],[-1.2916962057352066,43.033026326447725,1369.199951171875],[-1.2917030788958073,43.03300797007978,1369.4000244140625],[-1.2917112093418837,43.03299103863537,1369.5999755859375],[-1.2917189206928015,43.03297092206776,1370.199951171875],[-1.291722021996975,43.03295047022402,1370.4000244140625],[-1.2917236983776093,43.03292867727578,1370.5999755859375],[-1.2917225249111652,43.0329068005085,1370.800048828125],[-1.2917273864150047,43.03288886323571,1370.800048828125],[-1.2917332537472248,43.03286966867745,1371.199951171875],[-1.291743814945221,43.03285097703338,1371.4000244140625],[-1.2917596567422152,43.03283706307411,1371.5999755859375],[-1.2917774263769388,43.03282616659999,1372.199951171875],[-1.2917931005358696,43.032815773040056,1372.4000244140625],[-1.2918086908757687,43.03280076943338,1372.4000244140625],[-1.2918167375028133,43.0327876098454,1372.5999755859375],[-1.2918287236243486,43.032771684229374,1372.800048828125],[-1.2918392848223448,43.03275542333722,1373.199951171875],[-1.2918497622013092,43.0327374022454,1373.4000244140625],[-1.291855126619339,43.03272323682904,1373.5999755859375],[-1.2918643467128277,43.03270689211786,1374],[-1.2918746564537287,43.0326908826828,1374],[-1.291887816041708,43.03267487324774,1374.199951171875],[-1.2919036578387022,43.032660372555256,1374.4000244140625],[-1.2919209245592356,43.03264444693923,1374.5999755859375],[-1.2919273786246777,43.03263355046511,1374.800048828125],[-1.291938778012991,43.032620307058096,1375],[-1.2919523566961288,43.03260890766978,1375.199951171875],[-1.2919633369892836,43.03259591571987,1375.5999755859375],[-1.2919719703495502,43.03258141502738,1375.800048828125],[-1.291986471042037,43.03256926126778,1375.800048828125],[-1.2920018937438726,43.03256004117429,1376],[-1.2920163106173277,43.03254637867212,1376],[-1.2920256983488798,43.03253489546478,1376.4000244140625],[-1.2920406181365252,43.032522071152925,1376.5999755859375],[-1.2920572981238365,43.032512264326215,1376.800048828125],[-1.2920768279582262,43.032504972070456,1377],[-1.2920928373932838,43.03249843418598,1377],[-1.2920982018113136,43.03248720243573,1377.199951171875],[-1.2921028956770897,43.03247379139066,1377.4000244140625],[-1.292110439389944,43.03245862014592,1377.5999755859375],[-1.2921237666159868,43.032447220757604,1377.5999755859375],[-1.2921380158513784,43.032435989007354,1377.5999755859375],[-1.2921515945345163,43.03242417052388,1377.800048828125],[-1.2921708729118109,43.03241327404976,1377.800048828125],[-1.292187888175249,43.032401287928224,1377.800048828125],[-1.2922033946961164,43.03238485939801,1378],[-1.2922127824276686,43.03237220272422,1378.199951171875],[-1.2922270316630602,43.03235795348883,1378.4000244140625],[-1.2922373414039612,43.03234294988215,1378.5999755859375],[-1.2922442145645618,43.03232694044709,1378.800048828125],[-1.292253602296114,43.03230665624142,1379],[-1.292265085503459,43.03229307755828,1379],[-1.292277155444026,43.03227933123708,1379.4000244140625],[-1.2922882195562124,43.032264076173306,1379.5999755859375],[-1.292303055524826,43.03224924020469,1379.5999755859375],[-1.2923144549131393,43.03223758935928,1379.800048828125],[-1.2923273630440235,43.03221730515361,1380],[-1.2923340685665607,43.0322056543082,1380.199951171875],[-1.2923411093652248,43.03219048306346,1380.4000244140625],[-1.2923511676490307,43.032181346789,1380.5999755859375],[-1.2923665065318346,43.032170785591006,1380.800048828125],[-1.2923830188810825,43.03215812891722,1381.4000244140625],[-1.2923951726406813,43.032144885510206,1381.4000244140625],[-1.2924080807715654,43.032134994864464,1381.4000244140625],[-1.2924231681972742,43.03212367929518,1381.800048828125],[-1.2924365792423487,43.03211085498333,1382],[-1.2924518343061209,43.0320970248431,1382.199951171875],[-1.292467676103115,43.032086212188005,1382.5999755859375],[-1.2924821767956018,43.032072968780994,1382.800048828125],[-1.292499527335167,43.03205939009786,1383],[-1.2925108429044485,43.03205075673759,1383.199951171875],[-1.2925246730446815,43.03203701041639,1383.5999755859375],[-1.29254512488842,43.0320209171623,1383.800048828125],[-1.2925586197525263,43.03200784139335,1384.4000244140625],[-1.2925654090940952,43.031998286023736,1384.5999755859375],[-1.2925786525011063,43.03198152221739,1384.800048828125],[-1.2925892136991024,43.03196534514427,1385.199951171875],[-1.2926010321825743,43.03195369429886,1385.4000244140625],[-1.2926181312650442,43.03193902596831,1385.800048828125],[-1.2926351465284824,43.03192703984678,1386.4000244140625],[-1.2926514074206352,43.03191949613392,1386.4000244140625],[-1.292668841779232,43.03190759383142,1386.800048828125],[-1.2926848512142897,43.031892674043775,1387.199951171875],[-1.2926973402500153,43.0318845435977,1387.800048828125],[-1.292715361341834,43.03187347948551,1388],[-1.2927349749952555,43.03185872733593,1388.199951171875],[-1.2927493918687105,43.03184799849987,1388.4000244140625],[-1.2927693407982588,43.03183048032224,1388.800048828125],[-1.2927829194813967,43.03182067349553,1389.199951171875],[-1.2928027007728815,43.031813045963645,1389.5999755859375],[-1.292817872017622,43.031803239136934,1389.800048828125],[-1.2928341329097748,43.03179318085313,1390.199951171875],[-1.2928565125912428,43.031781781464815,1390.5999755859375],[-1.2928714323788881,43.03177272900939,1390.800048828125],[-1.2928916327655315,43.03175948560238,1391.4000244140625],[-1.29290621727705,43.031750014051795,1391.4000244140625],[-1.2929224781692028,43.03173643536866,1391.5999755859375],[-1.2929368950426579,43.031724113970995,1391.5999755859375],[-1.2929532397538424,43.03171313367784,1392],[-1.2929714284837246,43.031702991575,1392.199951171875],[-1.2929891142994165,43.031692346557975,1392.5999755859375],[-1.293001938611269,43.031679689884186,1392.5999755859375],[-1.2930195406079292,43.03166368044913,1392.800048828125],[-1.2930310238152742,43.03165010176599,1393.199951171875],[-1.293040495365858,43.03163979202509,1393.4000244140625],[-1.2930507212877274,43.03162177093327,1393.5999755859375],[-1.2930572591722012,43.031603917479515,1393.800048828125],[-1.2930697482079268,43.03159243427217,1394],[-1.2930869311094284,43.03157768212259,1394.199951171875],[-1.2931102328002453,43.03156049922109,1394.4000244140625],[-1.293126242235303,43.03155027329922,1394.5999755859375],[-1.2931473646312952,43.03153485059738,1394.5999755859375],[-1.2931743543595076,43.03151909261942,1395],[-1.293199835345149,43.031503753736615,1395],[-1.2932274118065834,43.031485648825765,1395.199951171875],[-1.2932545691728592,43.031472992151976,1395.199951171875],[-1.2932773679494858,43.03146435879171,1395.800048828125],[-1.2933065369725227,43.03144717589021,1396.4000244140625],[-1.2933257315307856,43.03142739459872,1396.4000244140625],[-1.2933398131281137,43.03141213953495,1396.5999755859375],[-1.2933572474867105,43.031394286081195,1397],[-1.293381555005908,43.03137199021876,1397.4000244140625],[-1.293397480621934,43.03135933354497,1397.5999755859375],[-1.293413657695055,43.031340474262834,1398],[-1.2934328522533178,43.031322034075856,1398.4000244140625],[-1.2934526335448027,43.03130694665015,1398.800048828125],[-1.2934705708175898,43.03129051811993,1399],[-1.2934917770326138,43.031269144266844,1399.4000244140625],[-1.2935149110853672,43.031249111518264,1399.5999755859375],[-1.2935298308730125,43.03123343735933,1399.800048828125],[-1.293547097593546,43.03121424280107,1400.199951171875],[-1.2935664597898722,43.031195467337966,1400.199951171875],[-1.2935843132436275,43.03117769770324,1400.4000244140625],[-1.2936017476022243,43.03115992806852,1400.5999755859375],[-1.29361717030406,43.031143080443144,1400.800048828125],[-1.2936335988342762,43.03112539462745,1400.800048828125],[-1.2936512846499681,43.03110863082111,1401.199951171875],[-1.2936700601130724,43.0310935433954,1401.4000244140625],[-1.2936911825090647,43.03107988089323,1401.5999755859375],[-1.2937135621905327,43.031066050753,1401.5999755859375],[-1.2937289010733366,43.03105113096535,1401.800048828125],[-1.293744659051299,43.03103495389223,1401.800048828125],[-1.2937620095908642,43.031018106266856,1401.800048828125],[-1.2937845569103956,43.03099874407053,1402],[-1.2938004825264215,43.03098801523447,1402],[-1.2938231136649847,43.03097384981811,1402.199951171875],[-1.2938457448035479,43.03095725364983,1402.4000244140625],[-1.2938744947314262,43.03093856200576,1402.4000244140625],[-1.2938920129090548,43.03092632442713,1402.4000244140625],[-1.2939144764095545,43.03091182373464,1402.4000244140625],[-1.293939957395196,43.03089799359441,1402.4000244140625],[-1.2939660251140594,43.030882738530636,1402.4000244140625],[-1.2939960323274136,43.030870500952005,1402.5999755859375],[-1.2940270453691483,43.030861699953675,1402.5999755859375],[-1.2940583936870098,43.03085449151695,1402.800048828125],[-1.29409602843225,43.03084786981344,1402.800048828125],[-1.2941251136362553,43.03084627725184,1402.800048828125],[-1.2941593118011951,43.03084527142346,1402.800048828125],[-1.2942024786025286,43.03084543906152,1403],[-1.2942378502339125,43.03084493614733,1403],[-1.2942689470946789,43.03084443323314,1402.800048828125],[-1.2943170592188835,43.030842170119286,1402.800048828125],[-1.294357543811202,43.03083403967321,1402.5999755859375],[-1.294387886300683,43.03082624450326,1402.5999755859375],[-1.294433567672968,43.030817275866866,1402.5999755859375],[-1.2944660056382418,43.03080922923982,1402.5999755859375],[-1.2944955937564373,43.030804032459855,1402.800048828125],[-1.2945377547293901,43.03079891949892,1402.800048828125],[-1.2945633195340633,43.030793219804764,1403],[-1.29459198564291,43.03078584372997,1403],[-1.2946233339607716,43.03077687509358,1403],[-1.294663567095995,43.03077167831361,1403.199951171875],[-1.2946887966245413,43.03076514042914,1403.4000244140625],[-1.2947189714759588,43.03075633943081,1403.800048828125],[-1.2947503197938204,43.03074820898473,1403.800048828125],[-1.2947829253971577,43.03074083290994,1404],[-1.2948131002485752,43.0307325348258,1404.199951171875],[-1.2948409281671047,43.03072507493198,1404.199951171875],[-1.2948769703507423,43.03071526810527,1404.199951171875],[-1.2949051335453987,43.03070747293532,1404.5999755859375],[-1.2949343863874674,43.030701857060194,1404.5999755859375],[-1.2949640583246946,43.03069397807121,1404.800048828125],[-1.2949872761964798,43.030684757977724,1405],[-1.2950203847140074,43.030672520399094,1405.199951171875],[-1.295041423290968,43.03066271357238,1405.199951171875],[-1.295074364170432,43.03065382875502,1405.199951171875],[-1.2951016053557396,43.03064050152898,1405.199951171875],[-1.29512800835073,43.030625162646174,1405.5999755859375],[-1.2951499689370394,43.030610578134656,1405.800048828125],[-1.2951831612735987,43.030589036643505,1405.800048828125],[-1.2952115759253502,43.030571434646845,1405.800048828125],[-1.295236386358738,43.03055106662214,1406.199951171875],[-1.2952582631260157,43.03053421899676,1406.199951171875],[-1.295284079387784,43.03050865419209,1406.4000244140625],[-1.2953113205730915,43.03048216737807,1406.4000244140625],[-1.2953411601483822,43.030454590916634,1406.4000244140625],[-1.2953746039420366,43.03042558953166,1406.199951171875],[-1.295420117676258,43.03038988262415,1406.199951171875],[-1.2954536452889442,43.030366245657206,1406],[-1.2954960577189922,43.03033623844385,1405.800048828125],[-1.2955421581864357,43.0303062312305,1405.800048828125],[-1.2955929525196552,43.030275302007794,1405.4000244140625],[-1.2956461776047945,43.03024294786155,1405],[-1.295702001079917,43.03020657040179,1405],[-1.2957645300775766,43.0301714502275,1404.800048828125],[-1.2958278134465218,43.03013725206256,1404.5999755859375],[-1.2958974670618773,43.03008989430964,1404.199951171875],[-1.2959518656134605,43.03004840388894,1404],[-1.2959860637784004,43.030013870447874,1404],[-1.2960243690758944,43.02997070364654,1404],[-1.296056555584073,43.02992954850197,1404.199951171875],[-1.2960825394839048,43.02989006973803,1404.5999755859375],[-1.2961021531373262,43.02984899841249,1405.199951171875],[-1.296117827296257,43.02981236949563,1405.5999755859375],[-1.2961278017610312,43.029778925701976,1405.800048828125],[-1.296136099845171,43.02975160069764,1406.199951171875],[-1.2961427215486765,43.02972578443587,1406.800048828125],[-1.2961500976234674,43.02970239892602,1407.800048828125],[-1.296156970784068,43.02967557683587,1408],[-1.2961589824408293,43.02964607253671,1408.4000244140625],[-1.2961583957076073,43.0296138022095,1408.800048828125],[-1.2961558811366558,43.02957968786359,1409.199951171875],[-1.2961542885750532,43.02954406477511,1409.5999755859375],[-1.2961576413363218,43.029508190229535,1410],[-1.2961609940975904,43.02948111668229,1410],[-1.296168202534318,43.02945747971535,1410.199951171875],[-1.2961657717823982,43.02942428737879,1410.4000244140625],[-1.2961604073643684,43.0293976329267,1410.5999755859375],[-1.296160239726305,43.029376678168774,1411],[-1.29616292193532,43.02934801205993,1411.199951171875],[-1.29616878926754,43.029315154999495,1411.4000244140625],[-1.296174069866538,43.029294200241566,1411.4000244140625],[-1.296183206140995,43.02926209755242,1411.5999755859375],[-1.2961877323687077,43.029241897165775,1411.800048828125],[-1.296188486739993,43.02921541035175,1412.4000244140625],[-1.2961866427212954,43.02918263711035,1412.4000244140625],[-1.2961845472455025,43.02916008979082,1412.5999755859375],[-1.2961803562939167,43.02913008257747,1412.800048828125],[-1.2961810268461704,43.02909697405994,1412.800048828125],[-1.2961804401129484,43.0290646199137,1413],[-1.2961736507713795,43.02903402596712,1413],[-1.2961626704782248,43.028997145593166,1413],[-1.2961548753082752,43.028966803103685,1413.199951171875],[-1.2961474154144526,43.02894316613674,1413.4000244140625],[-1.2961379438638687,43.028906201943755,1413.5999755859375],[-1.2961329985409975,43.028880301862955,1413.800048828125],[-1.296126963570714,43.02885138429701,1414],[-1.2961174920201302,43.02882187999785,1414.4000244140625],[-1.296106930822134,43.02878533490002,1414.5999755859375],[-1.2960988003760576,43.028758596628904,1414.800048828125],[-1.2960888259112835,43.028725404292345,1415],[-1.2960779294371605,43.028686847537756,1415],[-1.2960656080394983,43.028660863637924,1415.199951171875],[-1.2960504367947578,43.02862809039652,1415.4000244140625],[-1.2960305716842413,43.02858735434711,1415.4000244140625],[-1.2960192561149597,43.02855952642858,1415.4000244140625],[-1.2960057612508535,43.02852583117783,1415.4000244140625],[-1.2959926016628742,43.02848760969937,1415.4000244140625],[-1.2959822919219732,43.02846372127533,1415.4000244140625],[-1.2959662824869156,43.02843354642391,1415.199951171875],[-1.2959480937570333,43.028402365744114,1415.199951171875],[-1.2959278095513582,43.02837051451206,1415.199951171875],[-1.2959077768027782,43.02833623252809,1415],[-1.29589076153934,43.02829851396382,1415],[-1.2958744168281555,43.028259789571166,1414.800048828125],[-1.2958558928221464,43.028218634426594,1414.800048828125],[-1.295835692435503,43.028178652748466,1414.800048828125],[-1.295815659686923,43.02814328111708,1414.5999755859375],[-1.295795375481248,43.02810614928603,1414.5999755859375],[-1.2957772705703974,43.028066419065,1414.5999755859375],[-1.295762686058879,43.028026688843966,1414.4000244140625],[-1.2957496102899313,43.02798788063228,1414.199951171875],[-1.2957303319126368,43.027942115440965,1414],[-1.2957118079066277,43.027903055772185,1414],[-1.2956926971673965,43.027863996103406,1414],[-1.2956645339727402,43.0278246011585,1414],[-1.2956347782164812,43.02778637968004,1413.800048828125],[-1.2956209480762482,43.02775318734348,1414],[-1.295615416020155,43.027710020542145,1414],[-1.2956123985350132,43.02766869775951,1414],[-1.295603346079588,43.02762662060559,1414],[-1.2955916114151478,43.02758697420359,1414],[-1.2955763563513756,43.0275465734303,1414.4000244140625],[-1.2955583352595568,43.02749737165868,1414.5999755859375],[-1.2955486122518778,43.027468621730804,1414.5999755859375],[-1.2955349497497082,43.027432495728135,1414.800048828125],[-1.2955204490572214,43.027394358068705,1415],[-1.2955094687640667,43.02735487930477,1415.4000244140625],[-1.295496392995119,43.02731632255018,1415.5999755859375],[-1.2954844068735838,43.02727893926203,1415.800048828125],[-1.2954741809517145,43.02724398672581,1416],[-1.295464038848877,43.02720928564668,1416],[-1.2954518012702465,43.02717508748174,1416.199951171875],[-1.2954350374639034,43.02714298479259,1416.4000244140625],[-1.2954212073236704,43.02711071446538,1417],[-1.2954070419073105,43.027081210166216,1417.4000244140625],[-1.2953953072428703,43.02705304697156,1417.800048828125],[-1.2953823152929544,43.027024045586586,1418],[-1.2953758612275124,43.026996133849025,1418.4000244140625],[-1.2953711673617363,43.02696746774018,1418.800048828125],[-1.2953686527907848,43.026938047260046,1419.199951171875],[-1.2953672278672457,43.026908207684755,1419.4000244140625],[-1.2953610252588987,43.02687811665237,1419.800048828125],[-1.2953559961169958,43.02684836089611,1419.800048828125],[-1.2953560799360275,43.026819778606296,1420],[-1.2953548226505518,43.02679421380162,1420.4000244140625],[-1.2953504640609026,43.026769487187266,1420.800048828125],[-1.2953474465757608,43.026743503287435,1420.800048828125],[-1.2953436747193336,43.026717100292444,1421.199951171875],[-1.295333867892623,43.026689775288105,1421.800048828125],[-1.2953221332281828,43.02666278555989,1422.199951171875],[-1.2953122425824404,43.02663680166006,1422.199951171875],[-1.2953075487166643,43.02661148831248,1422.4000244140625],[-1.2953087221831083,43.02658692933619,1423],[-1.2953104823827744,43.02656094543636,1423],[-1.295313248410821,43.026536386460066,1423.5999755859375],[-1.2953170202672482,43.02651165984571,1423.5999755859375],[-1.295319451019168,43.02648718468845,1423.800048828125],[-1.2953221332281828,43.02646178752184,1424.199951171875],[-1.2953293416649103,43.02643211558461,1424.4000244140625],[-1.295335292816162,43.026412250474095,1424.800048828125],[-1.29534593783319,43.02638886496425,1424.800048828125],[-1.295356834307313,43.02636497654021,1425.199951171875],[-1.2953646294772625,43.0263411719352,1425.4000244140625],[-1.2953731790184975,43.02631803788245,1425.5999755859375],[-1.2953820638358593,43.026297418400645,1425.800048828125],[-1.2953905295580626,43.02627520635724,1426],[-1.2954032700508833,43.02625743672252,1426.199951171875],[-1.2954190280288458,43.0262410081923,1426.4000244140625],[-1.2954363785684109,43.026226088404655,1426.4000244140625],[-1.2954528909176588,43.026213850826025,1426.800048828125],[-1.295471414923668,43.02620194852352,1427],[-1.2954937107861042,43.02618711255491,1427.199951171875],[-1.2955073732882738,43.02617210894823,1427.4000244140625],[-1.2955207843333483,43.02615207619965,1427.4000244140625],[-1.2955325189977884,43.0261339712888,1427.4000244140625],[-1.295547690242529,43.0261115077883,1427.4000244140625],[-1.2955641187727451,43.026097007095814,1427],[-1.2955719139426947,43.02609013393521,1427],[-1.295569483190775,43.02609331905842,1426.800048828125],[-1.2955655436962843,43.02610010839999,1426.800048828125],[-1.2955655436962843,43.02610010839999,1426.800048828125],[-1.2955655436962843,43.02610010839999,1426.4000244140625],[-1.2955655436962843,43.02610010839999,1426.4000244140625],[-1.2955655436962843,43.02610010839999,1426.4000244140625],[-1.2955655436962843,43.02610010839999,1426.4000244140625],[-1.2955655436962843,43.02610010839999,1426.4000244140625],[-1.2955655436962843,43.02610010839999,1426.4000244140625],[-1.2955655436962843,43.02610010839999,1426.4000244140625],[-1.2955655436962843,43.02610010839999,1426.4000244140625],[-1.2955655436962843,43.02610010839999,1426.4000244140625],[-1.2955655436962843,43.02610010839999,1426.4000244140625],[-1.2955655436962843,43.02610010839999,1426.4000244140625],[-1.2955655436962843,43.02610010839999,1426.4000244140625],[-1.2955655436962843,43.02610010839999,1426.4000244140625],[-1.2955655436962843,43.02610010839999,1426.4000244140625],[-1.2955655436962843,43.02610010839999,1426.4000244140625],[-1.2955655436962843,43.02610010839999,1426.4000244140625],[-1.2955655436962843,43.02610010839999,1426.4000244140625],[-1.2955655436962843,43.02610010839999,1426.4000244140625],[-1.2955655436962843,43.02610010839999,1426.4000244140625],[-1.2955655436962843,43.02610010839999,1426.4000244140625],[-1.2955655436962843,43.02610010839999,1426.4000244140625],[-1.2955655436962843,43.02610010839999,1426.4000244140625],[-1.2955655436962843,43.02610010839999,1426.4000244140625],[-1.2955655436962843,43.02610010839999,1426.4000244140625],[-1.2955655436962843,43.02610010839999,1426.4000244140625],[-1.2955655436962843,43.02610010839999,1426.4000244140625],[-1.2955655436962843,43.02610010839999,1426.4000244140625],[-1.2955655436962843,43.02610010839999,1426.4000244140625],[-1.2955655436962843,43.02610010839999,1426.4000244140625],[-1.2955655436962843,43.02610010839999,1426.4000244140625],[-1.2955655436962843,43.02610010839999,1426.4000244140625],[-1.295567974448204,43.02610027603805,1426.4000244140625],[-1.2955728359520435,43.02609482780099,1426.4000244140625],[-1.2955796252936125,43.026082841679454,1426.4000244140625],[-1.2955896835774183,43.02606347948313,1427.4000244140625],[-1.2956052739173174,43.026029616594315,1427.199951171875],[-1.2956324312835932,43.02597655914724,1427],[-1.295663695782423,43.02593884058297,1426.800048828125],[-1.295729661360383,43.02588762715459,1425.800048828125],[-1.2957801204174757,43.025852255523205,1425],[-1.2958439067006111,43.02580514922738,1424.5999755859375],[-1.295906938612461,43.02575192414224,1423.5999755859375],[-1.2959675397723913,43.02569274790585,1422.199951171875],[-1.2960206810384989,43.02562720142305,1420.800048828125],[-1.2960682064294815,43.02556081674993,1419.199951171875],[-1.2961164861917496,43.02549275569618,1418],[-1.29616878926754,43.02542653866112,1417.4000244140625],[-1.2962138839066029,43.025361243635416,1416.4000244140625],[-1.2962605711072683,43.025284549221396,1415.800048828125],[-1.2962832860648632,43.02523182705045,1415.4000244140625],[-1.296301893889904,43.02516460418701,1414.199951171875],[-1.2963136285543442,43.02509285509586,1413.5999755859375],[-1.2963194120675325,43.0250062700361,1412],[-1.2963182386010885,43.0249526258558,1411],[-1.296307509765029,43.02487459033728,1410],[-1.2963079288601875,43.024825220927596,1409.4000244140625],[-1.2963251117616892,43.02477694116533,1409],[-1.296373475342989,43.02475246600807,1408.5999755859375],[-1.296426448971033,43.02476596087217,1408.4000244140625],[-1.296468861401081,43.02480150014162,1407.4000244140625],[-1.2964946776628494,43.024848606437445,1406.4000244140625],[-1.2965085916221142,43.02489973604679,1405.800048828125],[-1.2965111900120974,43.02494114264846,1405.199951171875],[-1.2965173088014126,43.02500233054161,1405],[-1.2965172249823809,43.025044994428754,1404.5999755859375],[-1.296522170305252,43.02510601468384,1404.4000244140625],[-1.2965232599526644,43.02515722811222,1404.199951171875],[-1.296521332114935,43.025206848978996,1404.199951171875],[-1.2965166382491589,43.02525831386447,1404.4000244140625],[-1.2965126149356365,43.02531690336764,1405.4000244140625],[-1.2965099327266216,43.02538152784109,1405.5999755859375],[-1.2965090945363045,43.02544808015227,1405.5999755859375],[-1.2965047359466553,43.02551622502506,1405.800048828125],[-1.2964985333383083,43.02558227442205,1404.5999755859375],[-1.2964920792728662,43.02564673125744,1403.199951171875],[-1.2964902352541685,43.02571219392121,1403.199951171875],[-1.2964879721403122,43.02577346563339,1403.199951171875],[-1.2964897323399782,43.02583247423172,1403.199951171875],[-1.2965041492134333,43.02589047700167,1403.199951171875],[-1.2965296301990747,43.025947054848075,1403],[-1.2965806759893894,43.02600304596126,1403],[-1.2966540176421404,43.02605610340834,1403],[-1.296742195263505,43.02610404789448,1401.4000244140625],[-1.2968362402170897,43.02614813670516,1400.4000244140625],[-1.2969378288835287,43.026189878582954,1399.5999755859375],[-1.297027850523591,43.026221226900816,1398.199951171875],[-1.29716070368886,43.02627621218562,1397],[-1.2972653098404408,43.02632893435657,1395.4000244140625],[-1.2973693292587996,43.02638551220298,1394],[-1.2974720913916826,43.02644653245807,1393.199951171875],[-1.2975781224668026,43.02650763653219,1391.199951171875],[-1.297678453847766,43.026564633473754,1390.800048828125],[-1.297778282314539,43.02663252688944,1389.800048828125],[-1.2978802900761366,43.02671282552183,1388.199951171875],[-1.297962013632059,43.02678088657558,1386.199951171875],[-1.2980858981609344,43.02688708528876,1384.4000244140625],[-1.2981898337602615,43.026977106928825,1382.5999755859375],[-1.2982870638370514,43.02706235088408,1381.4000244140625],[-1.2983854673802853,43.02714281715453,1379.800048828125],[-1.2984857149422169,43.027221439406276,1378.4000244140625],[-1.2985850404947996,43.02729411050677,1377.199951171875],[-1.2986833602190018,43.02735848352313,1376.5999755859375],[-1.2987895589321852,43.02740735001862,1375.800048828125],[-1.2989098392426968,43.0274411290884,1374.5999755859375],[-1.2990185525268316,43.02745479159057,1374],[-1.299182502552867,43.02747247740626,1373.4000244140625],[-1.299323234707117,43.027485217899084,1371],[-1.2994394917041063,43.02749284543097,1369.800048828125],[-1.299603022634983,43.027508687227964,1369],[-1.2997359596192837,43.027519416064024,1367.800048828125],[-1.2998677231371403,43.02752494812012,1366.800048828125],[-1.300004431977868,43.02752008661628,1366.199951171875],[-1.3001470919698477,43.02751128561795,1365],[-1.3002965413033962,43.02750885486603,1363.5999755859375],[-1.300451522693038,43.02751128561795,1362.199951171875],[-1.300610527396202,43.02751103416085,1359.4000244140625],[-1.3007344119250774,43.02750424481928,1358.4000244140625],[-1.3009188137948513,43.02748387679458,1357.4000244140625],[-1.3010734599083662,43.02745898254216,1356.199951171875],[-1.3012283574789762,43.0274376925081,1354.5999755859375],[-1.3013811595737934,43.027410954236984,1353.4000244140625],[-1.3015305250883102,43.02738044410944,1351.800048828125],[-1.3016759511083364,43.027345575392246,1349.5999755859375],[-1.3018155936151743,43.02730525843799,1348],[-1.301954397931695,43.027265444397926,1346.4000244140625],[-1.3020703196525574,43.027233928442,1345.4000244140625],[-1.302249189466238,43.02719512023032,1344.199951171875],[-1.3023990578949451,43.027166705578566,1342.5999755859375],[-1.302518667653203,43.027146672829986,1339.199951171875],[-1.3026607409119606,43.02712295204401,1337.5999755859375],[-1.3028135430067778,43.027094872668386,1336.4000244140625],[-1.3029060792177916,43.02707551047206,1336],[-1.3030142895877361,43.027052795514464,1335.5999755859375],[-1.3031416945159435,43.02702220156789,1335.199951171875],[-1.3032485637813807,43.02698775194585,1334.800048828125],[-1.3033614680171013,43.02695196121931,1333.4000244140625],[-1.3034763000905514,43.02692446857691,1330.800048828125],[-1.303586857393384,43.026903849095106,1329.800048828125],[-1.3036879431456327,43.026883732527494,1328.5999755859375],[-1.303782993927598,43.02686210721731,1327.5999755859375],[-1.3038723450154066,43.02683478221297,1327.4000244140625],[-1.303957337513566,43.02679982967675,1327],[-1.3040375523269176,43.02675993181765,1326.4000244140625],[-1.3041156716644764,43.026717687025666,1325.800048828125],[-1.304188845679164,43.02666991017759,1324.5999755859375],[-1.3042579125612974,43.02661869674921,1323],[-1.3043244648724794,43.02657184191048,1321.4000244140625],[-1.3043895922601223,43.02654066123068,1320.199951171875],[-1.3044484332203865,43.02653362043202,1319.800048828125],[-1.3044872414320707,43.02654585801065,1319.4000244140625],[-1.3045503571629524,43.02656337618828,1318.800048828125],[-1.3046221900731325,43.02656069397926,1317.5999755859375],[-1.3046921789646149,43.02654552273452,1316.5999755859375],[-1.3047552946954966,43.0265293456614,1315.800048828125],[-1.304812291637063,43.02652155049145,1315.4000244140625],[-1.304868869483471,43.02651861682534,1314.199951171875],[-1.3049254473298788,43.02651300095022,1313.4000244140625],[-1.3049902394413948,43.0265068821609,1312.4000244140625],[-1.3050666823983192,43.026497745886445,1310.199951171875],[-1.3051516748964787,43.026481065899134,1309],[-1.3052435405552387,43.02645642310381,1307.4000244140625],[-1.3053407706320286,43.02642800845206,1306.199951171875],[-1.3054369110614061,43.026395067572594,1304.5999755859375],[-1.3055345602333546,43.026367239654064,1302.4000244140625],[-1.3056314550340176,43.026336980983615,1301],[-1.3057222310453653,43.02629859186709,1298.5999755859375],[-1.3058095704764128,43.0262600351125,1297.800048828125],[-1.30589934065938,43.0262291058898,1296.4000244140625],[-1.305990032851696,43.02620681002736,1295.4000244140625],[-1.306080473586917,43.02618862129748,1294.5999755859375],[-1.3061663880944252,43.026171773672104,1293.199951171875],[-1.3062477763742208,43.026154758408666,1292.4000244140625],[-1.3063286617398262,43.026144448667765,1291.199951171875],[-1.3063936214894056,43.02613631822169,1289.800048828125],[-1.3064878340810537,43.026120560243726,1288],[-1.3065625168383121,43.026097593829036,1287.5999755859375],[-1.3066362775862217,43.02606616169214,1286.5999755859375],[-1.3067148998379707,43.02603338845074,1284.800048828125],[-1.3067950308322906,43.026002207770944,1283.800048828125],[-1.3068718928843737,43.02597060799599,1281.800048828125],[-1.3069431390613317,43.02594278007746,1280.4000244140625],[-1.307011703029275,43.02592040039599,1279.4000244140625],[-1.3070724718272686,43.025903552770615,1278.4000244140625],[-1.3071272894740105,43.02589014172554,1278],[-1.307173054665327,43.025882598012686,1277.5999755859375],[-1.3072026427835226,43.0258818436414,1277],[-1.307213120162487,43.02588041871786,1276.199951171875],[-1.307213120162487,43.02588041871786,1275.5999755859375],[-1.307213120162487,43.02588041871786,1275.4000244140625],[-1.307213120162487,43.02588041871786,1275.4000244140625],[-1.307213120162487,43.02588041871786,1275.199951171875],[-1.3072159700095654,43.02587890997529,1275.199951171875],[-1.3072308897972107,43.02587639540434,1275.199951171875],[-1.3072619028389454,43.02587362937629,1275.199951171875],[-1.30731001496315,43.02586507983506,1275],[-1.307364497333765,43.02585284225643,1275],[-1.3074165489524603,43.02583917975426,1274.199951171875],[-1.307470528408885,43.02582702599466,1273.5999755859375],[-1.3075317163020372,43.02581914700568,1273],[-1.3075980171561241,43.02581453695893,1272],[-1.3076611328870058,43.025810262188315,1270.5999755859375],[-1.307720560580492,43.0258110165596,1269.5999755859375],[-1.3077796529978514,43.025811184197664,1268.5999755859375],[-1.3078377395868301,43.025807747617364,1268],[-1.307896999642253,43.02580037154257,1266.199951171875],[-1.307961791753769,43.02578964270651,1265.5999755859375],[-1.3080275896936655,43.02577053196728,1264.800048828125],[-1.3080901186913252,43.02574438042939,1263.5999755859375],[-1.3081503845751286,43.02572065964341,1263.199951171875],[-1.3082059565931559,43.02570356056094,1261.800048828125],[-1.308261277154088,43.02569082006812,1261.199951171875],[-1.3083103112876415,43.02567724138498,1260.5999755859375],[-1.3083591777831316,43.02566542290151,1259.5999755859375],[-1.308403266593814,43.02564916200936,1258.4000244140625],[-1.3084423262625933,43.025629715994,1257.5999755859375],[-1.3084816373884678,43.02560708485544,1256.5999755859375],[-1.3085244689136744,43.02558193914592,1256.4000244140625],[-1.3085692282766104,43.02555310539901,1255.800048828125],[-1.3086134009063244,43.025522930547595,1254.800048828125],[-1.308659166097641,43.025493174791336,1253.800048828125],[-1.3087049312889576,43.02546593360603,1252.800048828125],[-1.3087475951761007,43.02544095553458,1251.4000244140625],[-1.308793779462576,43.025413965806365,1250.5999755859375],[-1.3088440708816051,43.02538546733558,1249.5999755859375],[-1.3088978826999664,43.025360153988004,1248.199951171875],[-1.3089594058692455,43.025344144552946,1247.199951171875],[-1.3090268801897764,43.02533308044076,1246.4000244140625],[-1.3090978749096394,43.02531849592924,1245.800048828125],[-1.3091622479259968,43.02529745735228,1244.800048828125],[-1.3092198316007853,43.02527532912791,1244.199951171875],[-1.3092756550759077,43.025252697989345,1243.4000244140625],[-1.3093272037804127,43.02523048594594,1242.5999755859375],[-1.3093722146004438,43.025210201740265,1242.199951171875],[-1.309413705021143,43.025189666077495,1241.800048828125],[-1.30945754237473,43.02517147734761,1241],[-1.3095101807266474,43.02515999414027,1240.5999755859375],[-1.3095739670097828,43.025148091837764,1240.4000244140625],[-1.3096439559012651,43.025129064917564,1239.5999755859375],[-1.3097221590578556,43.02510601468384,1238.800048828125],[-1.3098096661269665,43.02508254535496,1238.199951171875],[-1.3099062256515026,43.025061506778,1236.199951171875],[-1.3100006897002459,43.025037702172995,1235.4000244140625],[-1.3100953213870525,43.025017753243446,1234.800048828125],[-1.3101969100534916,43.02500761114061,1233.800048828125],[-1.3103026058524847,43.02500459365547,1232.199951171875],[-1.3104093074798584,43.025003001093864,1230.5999755859375],[-1.3105186074972153,43.0250046774745,1230],[-1.3106274046003819,43.02500903606415,1229.5999755859375],[-1.310742488130927,43.02501046098769,1228.4000244140625],[-1.310869138687849,43.02501020953059,1226.4000244140625],[-1.3110032491385937,43.0250099580735,1224.800048828125],[-1.3111425563693047,43.02500576712191,1222.800048828125],[-1.3112878985702991,43.025002079084516,1220],[-1.311439611017704,43.024998642504215,1219],[-1.311591574922204,43.024998139590025,1217.800048828125],[-1.311735911294818,43.0249975528568,1215],[-1.3118665013462305,43.02500023506582,1214],[-1.311998013406992,43.025007443502545,1212.5999755859375],[-1.3121230714023113,43.02501800470054,1211.800048828125],[-1.312243603169918,43.025026470422745,1211.199951171875],[-1.3123710080981255,43.02502487786114,1210.5999755859375],[-1.3124988321214914,43.02501222118735,1209.800048828125],[-1.3126242253929377,43.02499855868518,1208.800048828125],[-1.3127450924366713,43.02498875185847,1207],[-1.3128696475178003,43.02497433498502,1204.5999755859375],[-1.3129960466176271,43.02496310323477,1203.800048828125],[-1.3131248764693737,43.02495187148452,1201.5999755859375],[-1.313250521197915,43.02493812516332,1200.800048828125],[-1.3133725617080927,43.02492320537567,1200.199951171875],[-1.3134810235351324,43.02491105161607,1199.800048828125],[-1.3135781697928905,43.024901412427425,1199.4000244140625],[-1.3136519305408,43.024895042181015,1199.199951171875],[-1.3137575425207615,43.02488062530756,1198.800048828125],[-1.3138355780392885,43.02485682070255,1198.5999755859375],[-1.3139028009027243,43.02482111379504,1198.199951171875],[-1.3139524217694998,43.02477467805147,1197.5999755859375],[-1.3139813393354416,43.0247282423079,1196.800048828125],[-1.3139821775257587,43.02467971108854,1195.800048828125],[-1.3139621447771788,43.02463352680206,1195.4000244140625],[-1.3139207381755114,43.02460050210357,1195.199951171875],[-1.3138636574149132,43.02458164282143,1194.5999755859375],[-1.3137952610850334,43.024577954784036,1193.800048828125],[-1.3137198239564896,43.024584827944636,1193.199951171875],[-1.313639273867011,43.0245902761817,1193],[-1.3135558739304543,43.02459580823779,1192.199951171875],[-1.3134719710797071,43.02459832280874,1192],[-1.31338220089674,43.02460351958871,1192],[-1.3132875692099333,43.024610644206405,1191.800048828125],[-1.3131926022469997,43.024618942290545,1191.4000244140625],[-1.3131083641201258,43.02462556399405,1191],[-1.3130276463925838,43.02463294006884,1190.4000244140625],[-1.3129627704620361,43.02463050931692,1190.199951171875],[-1.3129179272800684,43.024615002796054,1189.800048828125],[-1.3129020016640425,43.02458206191659,1189.4000244140625],[-1.3129240460693836,43.024547612294555,1189],[-1.3129768520593643,43.02451106719673,1188.800048828125],[-1.313046421855688,43.02447368390858,1186.800048828125],[-1.3131262175738811,43.02443563006818,1185.800048828125],[-1.3132053427398205,43.02439095452428,1184.199951171875],[-1.3132832944393158,43.02434200420976,1182.800048828125],[-1.313364515081048,43.02429028786719,1182.199951171875],[-1.3134428020566702,43.02423530258238,1181.5999755859375],[-1.3135104440152645,43.024173360317945,1180.5999755859375],[-1.3135695364326239,43.02410923875868,1179.5999755859375],[-1.3136138767004013,43.024046793580055,1178.5999755859375],[-1.3136462308466434,43.02399222739041,1178.4000244140625],[-1.3136697001755238,43.023945204913616,1178.199951171875],[-1.3136900682002306,43.02390228956938,1177.800048828125],[-1.313705574721098,43.02386188879609,1177.199951171875],[-1.313717309385538,43.023826433345675,1177],[-1.3137254398316145,43.023792151361704,1176.5999755859375],[-1.3137253560125828,43.023760970681906,1175.5999755859375],[-1.3137194886803627,43.0237353220582,1175],[-1.3137153815478086,43.02371193654835,1174.4000244140625],[-1.3137151300907135,43.0236888024956,1174.199951171875],[-1.313718231394887,43.0236681830138,1173.5999755859375],[-1.3137261942029,43.0236457195133,1173.4000244140625],[-1.3137350790202618,43.023623675107956,1172.5999755859375],[-1.3137446343898773,43.02360297180712,1172.4000244140625],[-1.3137534353882074,43.02358813583851,1172],[-1.313757710158825,43.02358327433467,1171.5999755859375],[-1.313757710158825,43.02358327433467,1171.199951171875],[-1.313757710158825,43.02358327433467,1171],[-1.313757710158825,43.02358327433467,1170.800048828125],[-1.313757710158825,43.02358327433467,1170.800048828125],[-1.313757710158825,43.02358327433467,1170.800048828125],[-1.313757710158825,43.02358327433467,1170.800048828125],[-1.313757710158825,43.02358327433467,1170.5999755859375],[-1.313757710158825,43.02358327433467,1170.5999755859375],[-1.313757710158825,43.02358327433467,1170.4000244140625],[-1.313757710158825,43.02358327433467,1170.4000244140625],[-1.313757710158825,43.02358327433467,1170.199951171875],[-1.313757710158825,43.02358327433467,1170.199951171875],[-1.313757710158825,43.02358327433467,1170.199951171875],[-1.313757710158825,43.02358327433467,1170.199951171875],[-1.313757710158825,43.02358327433467,1170],[-1.313757710158825,43.02358327433467,1170],[-1.313757710158825,43.02358327433467,1170],[-1.313757710158825,43.02358327433467,1170],[-1.313757710158825,43.02358327433467,1170],[-1.313757710158825,43.02358327433467,1169.800048828125],[-1.313757710158825,43.02358327433467,1169.800048828125],[-1.313757710158825,43.02358327433467,1169.800048828125],[-1.313757710158825,43.02358327433467,1169.800048828125],[-1.313757710158825,43.02358327433467,1169.5999755859375],[-1.313757710158825,43.02358327433467,1169.5999755859375],[-1.313757710158825,43.02358327433467,1169.5999755859375],[-1.313757710158825,43.02358327433467,1169.4000244140625],[-1.313757710158825,43.02358327433467,1169.4000244140625],[-1.313757710158825,43.02358327433467,1169.4000244140625],[-1.313757710158825,43.02358327433467,1169.4000244140625],[-1.313757710158825,43.02358327433467,1169.199951171875],[-1.313757710158825,43.02358327433467,1169.199951171875],[-1.313757710158825,43.02358327433467,1169],[-1.313757710158825,43.02358327433467,1169],[-1.313757710158825,43.02358327433467,1169],[-1.313757710158825,43.02358327433467,1169],[-1.313757710158825,43.02358327433467,1169],[-1.313757710158825,43.02358327433467,1169],[-1.313757710158825,43.02358327433467,1168.800048828125],[-1.313757710158825,43.02358327433467,1168.800048828125],[-1.313757710158825,43.02358327433467,1168.800048828125],[-1.313757710158825,43.02358327433467,1168.800048828125],[-1.313757710158825,43.02358327433467,1168.800048828125],[-1.313757710158825,43.02358327433467,1168.5999755859375],[-1.313757710158825,43.02358327433467,1168.5999755859375],[-1.313757710158825,43.02358327433467,1168.5999755859375],[-1.313757710158825,43.02358327433467,1168.5999755859375],[-1.313757710158825,43.02358327433467,1168.4000244140625],[-1.313757710158825,43.02358327433467,1168.4000244140625],[-1.313757710158825,43.02358327433467,1168.199951171875],[-1.313758296892047,43.02358050830662,1168.199951171875],[-1.3137589674443007,43.02357790991664,1168.199951171875],[-1.3137603923678398,43.02357514388859,1168],[-1.3137630745768547,43.02357313223183,1168],[-1.3137630745768547,43.02357313223183,1168],[-1.3137630745768547,43.02357313223183,1167.800048828125],[-1.3137630745768547,43.02357313223183,1167.5999755859375],[-1.313766511157155,43.0235714558512,1167.5999755859375],[-1.3137758150696754,43.023563576862216,1167.4000244140625],[-1.3137949258089066,43.023548321798444,1167.4000244140625],[-1.313825100660324,43.02352862432599,1167.4000244140625],[-1.313864914700389,43.0235006287694,1167.199951171875],[-1.3139044772833586,43.0234728846699,1167],[-1.313961809501052,43.023436004295945,1166.4000244140625],[-1.3140296190977097,43.02340339869261,1165.199951171875],[-1.3141380809247494,43.02337422966957,1164],[-1.3142425194382668,43.02336593158543,1162.199951171875],[-1.3143320381641388,43.02336283028126,1160.4000244140625],[-1.3144702557474375,43.023356795310974,1159.5999755859375],[-1.3145896140486002,43.0233417917043,1158],[-1.314714252948761,43.02332133986056,1157],[-1.314838221296668,43.02330147475004,1156],[-1.3149588368833065,43.02327884361148,1155.199951171875],[-1.3150792848318815,43.0232551228255,1153.800048828125],[-1.315201073884964,43.02323148585856,1153],[-1.3152972143143415,43.02321681752801,1151.5999755859375],[-1.3154373597353697,43.023202903568745,1151],[-1.3155286386609077,43.02319971844554,1150.5999755859375],[-1.3156405370682478,43.023196030408144,1149.5999755859375],[-1.3157526031136513,43.02318739704788,1147.800048828125],[-1.3158808462321758,43.023177506402135,1146.800048828125],[-1.3159543555229902,43.02316702902317,1145.4000244140625],[-1.3160402700304985,43.02314682863653,1144.800048828125],[-1.316112270578742,43.023113468661904,1144.4000244140625],[-1.3161855284124613,43.02305705845356,1144.199951171875],[-1.3162252586334944,43.0230117123574,1144],[-1.3162851892411709,43.0229408852756,1143.800048828125],[-1.3163436949253082,43.022874584421515,1143.5999755859375],[-1.316397674381733,43.02280090749264,1142],[-1.3164429366588593,43.02272203378379,1139.800048828125],[-1.3164759613573551,43.02263444289565,1138.199951171875],[-1.316508399322629,43.022550791502,1137.4000244140625],[-1.3165347184985876,43.022462110966444,1136.199951171875],[-1.3165617920458317,43.02236848510802,1135.4000244140625],[-1.3165959063917398,43.02227729000151,1134.800048828125],[-1.316633289679885,43.022192381322384,1134.199951171875],[-1.3166708406060934,43.02210998721421,1133.199951171875],[-1.3167061284184456,43.02202507853508,1132.800048828125],[-1.3167353812605143,43.02193505689502,1132.5999755859375],[-1.3167574256658554,43.02184813655913,1132.199951171875],[-1.3167812302708626,43.02176448516548,1131.800048828125],[-1.3168057054281235,43.02168100140989,1131.5999755859375],[-1.3168271631002426,43.021592907607555,1131.5999755859375],[-1.316840574145317,43.02150120958686,1131.199951171875],[-1.3168517220765352,43.02141177468002,1131],[-1.316863540560007,43.02132527343929,1131],[-1.316873850300908,43.02124581299722,1131],[-1.3168865907937288,43.02117238752544,1130.800048828125],[-1.3168974034488201,43.021094938740134,1130.800048828125],[-1.3169037736952305,43.02101447246969,1130.4000244140625],[-1.316915675997734,43.020943561568856,1129.5999755859375],[-1.3169254828244448,43.020871225744486,1129.4000244140625],[-1.3169394806027412,43.020803248509765,1129.199951171875],[-1.3169588427990675,43.02073652856052,1128.800048828125],[-1.3169880118221045,43.020666958764195,1128.4000244140625],[-1.3170305918902159,43.02060266956687,1128],[-1.3170880917459726,43.020541397854686,1127.4000244140625],[-1.3171546440571547,43.02047811448574,1126.800048828125],[-1.3172241300344467,43.020416758954525,1125.4000244140625],[-1.3172956276685,43.020356157794595,1124],[-1.317374249920249,43.020303854718804,1123],[-1.3174517825245857,43.02027393132448,1122.199951171875],[-1.3175260461866856,43.02026320248842,1121.5999755859375],[-1.3175840489566326,43.02026856690645,1121.5999755859375],[-1.3176639284938574,43.020291700959206,1121.4000244140625],[-1.3177092745900154,43.020317098125815,1121.4000244140625],[-1.3177728094160557,43.020354229956865,1121.4000244140625],[-1.3178252801299095,43.02038582973182,1121.199951171875],[-1.3178775832057,43.02042220719159,1121.199951171875],[-1.3179189059883356,43.02045305259526,1121.199951171875],[-1.3179746456444263,43.02049454301596,1120.800048828125],[-1.3180375937372446,43.020549193024635,1120.4000244140625],[-1.3180865440517664,43.02059914916754,1120.199951171875],[-1.3181300461292267,43.02065237425268,1119.800048828125],[-1.3181610591709614,43.02070727571845,1119.5999755859375],[-1.3181734643876553,43.02076385356486,1119.5999755859375],[-1.3181754760444164,43.02082101814449,1118.800048828125],[-1.318172374740243,43.02087583579123,1118.5999755859375],[-1.3181866239756346,43.02092797122896,1118.199951171875],[-1.318232472985983,43.02096929401159,1118.199951171875],[-1.3182932417839766,43.020985554903746,1118.199951171875],[-1.318343449383974,43.0209775082767,1118.199951171875],[-1.3183798268437386,43.02094917744398,1118.199951171875],[-1.3184038829058409,43.02090601064265,1118.199951171875],[-1.3184141926467419,43.020850606262684,1117.800048828125],[-1.318410923704505,43.02079025655985,1117.800048828125],[-1.318404721096158,43.0207306612283,1117.4000244140625],[-1.3183971773833036,43.0206616781652,1117],[-1.3183863647282124,43.020592611283064,1116.800048828125],[-1.3183694332838058,43.020516922697425,1116.199951171875],[-1.3183390907943249,43.020441653206944,1115],[-1.3182960916310549,43.020364539697766,1114],[-1.318238340318203,43.020287761464715,1113.199951171875],[-1.318169441074133,43.0202158447355,1112.4000244140625],[-1.3180988654494286,43.02014233544469,1111.5999755859375],[-1.3180341571569443,43.02006681449711,1110.199951171875],[-1.3179752323776484,43.019990120083094,1110],[-1.3179125357419252,43.01991602405906,1109.800048828125],[-1.3178500905632973,43.01984486170113,1108.5999755859375],[-1.3177925907075405,43.019780069589615,1108.199951171875],[-1.3177452329546213,43.019721480086446,1107.800048828125],[-1.3177054189145565,43.019672613590956,1107.4000244140625],[-1.3176668621599674,43.01962927915156,1107.199951171875],[-1.3176374416798353,43.01958083175123,1106.800048828125],[-1.3176297303289175,43.019528444856405,1105.5999755859375],[-1.317659905180335,43.01948603242636,1105.4000244140625],[-1.317714974284172,43.01946206018329,1105.199951171875],[-1.3177755754441023,43.019462982192636,1105.199951171875],[-1.3178303092718124,43.01948678679764,1104],[-1.3178711291402578,43.01952240988612,1103.4000244140625],[-1.3178973644971848,43.01956498995423,1102.199951171875],[-1.3179236836731434,43.01960748620331,1101.800048828125],[-1.317952685058117,43.01965031772852,1101.4000244140625],[-1.3179919123649597,43.01969105377793,1101],[-1.3180344086140394,43.01973472349346,1101],[-1.3180817663669586,43.01978015340865,1101],[-1.3181314710527658,43.01982952281833,1100.800048828125],[-1.318186791613698,43.019880736246705,1100],[-1.3182484824210405,43.01993211731315,1099.5999755859375],[-1.3183160405606031,43.01998551003635,1099],[-1.318388544023037,43.020039573311806,1098.800048828125],[-1.3184737041592598,43.020089361816645,1098.199951171875],[-1.3185665756464005,43.02013269625604,1096.199951171875],[-1.3186599500477314,43.0201711691916,1095.800048828125],[-1.318759610876441,43.02020494826138,1095.199951171875],[-1.3188613671809435,43.02023369818926,1093.800048828125],[-1.318961614742875,43.02025708369911,1093.5999755859375],[-1.3190608564764261,43.0202850792557,1093.199951171875],[-1.31915632635355,43.02032355219126,1092.5999755859375],[-1.3192542269825935,43.02036705426872,1092.4000244140625],[-1.3193511217832565,43.02041759714484,1091.800048828125],[-1.3194481004029512,43.02047182805836,1090],[-1.3195471744984388,43.020526645705104,1088.5999755859375],[-1.3196471706032753,43.02058313973248,1087.4000244140625],[-1.319740880280733,43.02063980139792,1086.800048828125],[-1.31982428021729,43.02070040255785,1086.5999755859375],[-1.3198956102132797,43.020761758089066,1085.199951171875],[-1.3199605699628592,43.0208237003535,1084.5999755859375],[-1.3200253620743752,43.02087692543864,1084.199951171875],[-1.3201000448316336,43.020919505506754,1083.5999755859375],[-1.3201664295047522,43.020943980664015,1083.199951171875],[-1.3202639110386372,43.02096267230809,1082.199951171875],[-1.3203373365104198,43.02095588296652,1082.199951171875],[-1.3204038888216019,43.02092797122896,1082.199951171875],[-1.3204552698880434,43.02088907919824,1082.199951171875],[-1.3204908929765224,43.020840464159846,1082.199951171875],[-1.3205245044082403,43.020787574350834,1082.199951171875],[-1.3205643184483051,43.02073845639825,1082.199951171875],[-1.320615615695715,43.020695289596915,1082],[-1.3206764683127403,43.020654218271375,1081],[-1.320749893784523,43.02061624825001,1080.800048828125],[-1.320833545178175,43.020578445866704,1080],[-1.3209194596856833,43.020543325692415,1079],[-1.3209976628422737,43.02051331847906,1078.199951171875],[-1.3210678193718195,43.02049404010177,1077.5999755859375],[-1.3211402390152216,43.020485658198595,1077.4000244140625],[-1.3212229683995247,43.02047308534384,1077],[-1.321312403306365,43.02044819109142,1076.4000244140625],[-1.3214058615267277,43.020418686792254,1076.199951171875],[-1.3215095456689596,43.02039748057723,1075.199951171875],[-1.3216182589530945,43.0203955527395,1073],[-1.3217346835881472,43.02040175534785,1071.5999755859375],[-1.3218618370592594,43.020407957956195,1069.5999755859375],[-1.3219904992729425,43.020415836945176,1067],[-1.3220877293497324,43.02042027935386,1066],[-1.3222215045243502,43.020415836945176,1064.5999755859375],[-1.3223130349069834,43.02039094269276,1063.800048828125],[-1.3223797548562288,43.02036629989743,1063.800048828125],[-1.3224482350051403,43.0203506257385,1063.4000244140625],[-1.322518391534686,43.02034308202565,1063.800048828125],[-1.3225912302732468,43.020338052883744,1063.199951171875],[-1.322669181972742,43.02032824605703,1063],[-1.3227517437189817,43.02031391300261,1063],[-1.3228364009410143,43.02029874175787,1062.5999755859375],[-1.3229232374578714,43.02028306759894,1061.5999755859375],[-1.32300965487957,43.02026487886906,1061.4000244140625],[-1.323098922148347,43.02024551667273,1061],[-1.3231889437884092,43.02023093216121,1060.800048828125],[-1.3232790492475033,43.02022104151547,1060.4000244140625],[-1.3233717530965805,43.0202124081552,1059.5999755859375],[-1.3234665524214506,43.02020880393684,1059.199951171875],[-1.3235591724514961,43.020215006545186,1058.199951171875],[-1.3236469309777021,43.02021374925971,1057.800048828125],[-1.3237237092107534,43.02019564434886,1057.4000244140625],[-1.3237899262458086,43.02016924135387,1057],[-1.3238391280174255,43.02014593966305,1056.800048828125],[-1.3238709792494774,43.020126996561885,1056.5999755859375],[-1.3238898385316133,43.02011316642165,1056.5999755859375],[-1.3238974660634995,43.02010687999427,1056.5999755859375],[-1.3238974660634995,43.02010687999427,1056.4000244140625],[-1.3238974660634995,43.02010687999427,1056.4000244140625],[-1.3238974660634995,43.02010687999427,1056.199951171875],[-1.3238974660634995,43.02010687999427,1056.199951171875],[-1.3238974660634995,43.02010687999427,1056.199951171875],[-1.3238974660634995,43.02010687999427,1056.199951171875],[-1.3238974660634995,43.02010687999427,1056.199951171875],[-1.3238974660634995,43.02010687999427,1056],[-1.3238974660634995,43.02010687999427,1056],[-1.3238974660634995,43.02010687999427,1056],[-1.3238974660634995,43.02010687999427,1056],[-1.3238974660634995,43.02010687999427,1056],[-1.3238974660634995,43.02010687999427,1056],[-1.3238974660634995,43.02010687999427,1056],[-1.3238974660634995,43.02010687999427,1056],[-1.3238974660634995,43.02010687999427,1056],[-1.3238974660634995,43.02010687999427,1055.800048828125],[-1.3238974660634995,43.02010687999427,1055.800048828125],[-1.3238974660634995,43.02010687999427,1055.800048828125],[-1.3238974660634995,43.02010687999427,1055.800048828125],[-1.3238974660634995,43.02010687999427,1055.5999755859375],[-1.3238974660634995,43.02010687999427,1055.5999755859375],[-1.3238974660634995,43.02010687999427,1055.5999755859375],[-1.3238974660634995,43.02010687999427,1055.5999755859375],[-1.3238974660634995,43.02010687999427,1055.5999755859375],[-1.3238974660634995,43.02010687999427,1055.5999755859375],[-1.3238974660634995,43.02010687999427,1055.5999755859375],[-1.3238974660634995,43.02010687999427,1055.5999755859375],[-1.3238974660634995,43.02010687999427,1055.5999755859375],[-1.3238974660634995,43.02010687999427,1055.5999755859375],[-1.3238974660634995,43.02010687999427,1055.5999755859375],[-1.3238974660634995,43.02010687999427,1055.5999755859375],[-1.3238974660634995,43.02010687999427,1055.5999755859375],[-1.3238974660634995,43.02010687999427,1055.5999755859375],[-1.3238974660634995,43.02010687999427,1055.5999755859375],[-1.3238974660634995,43.02010687999427,1055.5999755859375],[-1.3238974660634995,43.02010687999427,1055.5999755859375],[-1.3238974660634995,43.02010687999427,1055.5999755859375],[-1.3238974660634995,43.02010687999427,1055.5999755859375],[-1.3238974660634995,43.02010687999427,1055.5999755859375],[-1.3238974660634995,43.02010687999427,1055.5999755859375],[-1.3238974660634995,43.02010687999427,1055.5999755859375],[-1.3238998968154192,43.020103527233005,1055.5999755859375],[-1.32390970364213,43.02009145729244,1055.5999755859375],[-1.323922611773014,43.02007301710546,1055.5999755859375],[-1.3239357713609934,43.02004711702466,1055.5999755859375],[-1.3239448238164186,43.02001493051648,1055.4000244140625],[-1.3239479251205921,43.019984755665064,1055.4000244140625],[-1.3239552173763514,43.01993848755956,1055],[-1.3239737413823605,43.01990554668009,1054.800048828125],[-1.3240058440715075,43.01988333463669,1054.5999755859375],[-1.3240461610257626,43.019876377657056,1054.4000244140625],[-1.324086980894208,43.019879227504134,1054.199951171875],[-1.3241322431713343,43.01988492719829,1054.199951171875],[-1.3241733144968748,43.01989138126373,1054.199951171875],[-1.3242243602871895,43.01990546286106,1054.199951171875],[-1.3242834527045488,43.01993211731315,1054],[-1.324324021115899,43.01996019668877,1054],[-1.3243534415960312,43.0199811514467,1054.199951171875],[-1.324390321969986,43.0200052075088,1054.4000244140625],[-1.3244257774204016,43.02002917975187,1054.4000244140625],[-1.3244596403092146,43.02005155943334,1054.5999755859375],[-1.3244982808828354,43.020079135894775,1054.800048828125],[-1.3245285395532846,43.0201037786901,1055.199951171875],[-1.324561731889844,43.0201262421906,1056.199951171875],[-1.3245988637208939,43.02014769986272,1056.5999755859375],[-1.3246342353522778,43.02016697824001,1056.800048828125],[-1.3246649131178856,43.02018826827407,1057],[-1.324690394103527,43.02020436152816,1057],[-1.3247209880501032,43.02022389136255,1057.199951171875],[-1.3247489836066961,43.02024417556822,1057.4000244140625],[-1.3247737940400839,43.020265717059374,1057.4000244140625],[-1.3247997779399157,43.020286755636334,1058.199951171875],[-1.3248301204293966,43.020308800041676,1058.5999755859375],[-1.3248498179018497,43.02032078616321,1058.800048828125],[-1.3248758856207132,43.0203350353986,1058.800048828125],[-1.3249094132333994,43.0203543137759,1059.199951171875],[-1.32493045181036,43.02036831155419,1059.4000244140625],[-1.324963141232729,43.02038633264601,1059.5999755859375],[-1.3249907176941633,43.0204042699188,1059.800048828125],[-1.3250088226050138,43.02041734568775,1060.4000244140625],[-1.325029106810689,43.02043226547539,1060.5999755859375],[-1.3250487204641104,43.02044911310077,1060.800048828125],[-1.3250716868788004,43.02046352997422,1061],[-1.3251016102731228,43.020482724532485,1061],[-1.3251301925629377,43.02050041034818,1061],[-1.3251550868153572,43.02051424048841,1061.199951171875],[-1.3251846749335527,43.02053242921829,1061.199951171875],[-1.3252174481749535,43.02055514417589,1061.199951171875],[-1.3252420909702778,43.02057081833482,1061.199951171875],[-1.3252730201929808,43.020590683445334,1061.4000244140625],[-1.3253117445856333,43.020612727850676,1061.4000244140625],[-1.3253508880734444,43.020630329847336,1061.4000244140625],[-1.325391959398985,43.02065044641495,1061.4000244140625],[-1.3254307676106691,43.02067450247705,1061.199951171875],[-1.3254743535071611,43.02070224657655,1061.199951171875],[-1.3255202025175095,43.02073024213314,1061.199951171875],[-1.3255706615746021,43.02075899206102,1061],[-1.3256211206316948,43.02078799344599,1061],[-1.3256715796887875,43.020819928497076,1060.800048828125],[-1.3257219549268484,43.02085203118622,1060.5999755859375],[-1.325776856392622,43.02088689990342,1060.5999755859375],[-1.3258338533341885,43.0209241155535,1060],[-1.3258906826376915,43.0209637619555,1059.5999755859375],[-1.3259525410830975,43.021002067252994,1059.4000244140625],[-1.3259899243712425,43.0210396181792,1059.199951171875],[-1.3260505255311728,43.021086724475026,1058.4000244140625],[-1.326128225773573,43.021143386140466,1058],[-1.326181199401617,43.02118328399956,1057.4000244140625],[-1.3262487575411797,43.02123558707535,1056.800048828125],[-1.3263201713562012,43.021289398893714,1056.5999755859375],[-1.3263889029622078,43.021346060559154,1056.199951171875],[-1.3264557905495167,43.02140448242426,1056],[-1.326521672308445,43.02146474830806,1055.199951171875],[-1.3265833631157875,43.02152769640088,1054.800048828125],[-1.3266556151211262,43.021605145186186,1054],[-1.3267177250236273,43.0216667521745,1054],[-1.3267846126109362,43.021719893440604,1054],[-1.3268480636179447,43.02177102304995,1054.199951171875],[-1.3269029650837183,43.02181787788868,1054.5999755859375],[-1.3269633147865534,43.02185568027198,1054.800048828125],[-1.3270071521401405,43.021879736334085,1055.199951171875],[-1.3270793203264475,43.02191426977515,1055.4000244140625],[-1.3271281868219376,43.02193899638951,1055.4000244140625],[-1.3271873630583286,43.021973948925734,1055.800048828125],[-1.3272394984960556,43.021999429911375,1056.199951171875],[-1.3272836711257696,43.02202164195478,1056.4000244140625],[-1.3273213896900415,43.022036142647266,1056.5999755859375],[-1.3273678254336119,43.02205827087164,1056.800048828125],[-1.327413758262992,43.022081488743424,1057],[-1.3274550810456276,43.02210529334843,1057.4000244140625],[-1.3274977449327707,43.022124571725726,1057.5999755859375],[-1.3275399897247553,43.022137228399515,1057.800048828125],[-1.3275888562202454,43.0221586022526,1058.199951171875],[-1.3276420813053846,43.022171845659614,1058.199951171875],[-1.32768583483994,43.022185089066625,1058.4000244140625],[-1.3277367129921913,43.02220202051103,1059],[-1.327785076573491,43.02221467718482,1059.199951171875],[-1.3278281595557928,43.02222725003958,1059.199951171875],[-1.3278651237487793,43.022241834551096,1059.5999755859375],[-1.32790083065629,43.022252563387156,1059.800048828125],[-1.327952966094017,43.02226983010769,1060.199951171875],[-1.3279973063617945,43.022277876734734,1060.4000244140625],[-1.3280466757714748,43.02229489199817,1060.5999755859375],[-1.3280890043824911,43.02230461500585,1061],[-1.328137619420886,43.02231140434742,1061],[-1.3281786069273949,43.02230939269066,1061.199951171875],[-1.328217415139079,43.02230151370168,1061.4000244140625],[-1.328258402645588,43.022294137626886,1061.4000244140625],[-1.3283033296465874,43.02227854728699,1061.4000244140625],[-1.3283492624759674,43.02228106185794,1061.4000244140625],[-1.328390585258603,43.022258430719376,1061.5999755859375],[-1.3284608256071806,43.02222381345928,1061.4000244140625],[-1.3285048305988312,43.02221476100385,1061.4000244140625],[-1.3285453990101814,43.022201266139746,1061.4000244140625],[-1.3285812735557556,43.022191375494,1061.4000244140625],[-1.3286207523196936,43.0221879389137,1061.4000244140625],[-1.3286649249494076,43.022173354402184,1061.4000244140625],[-1.3287106063216925,43.02216178737581,1061.4000244140625],[-1.3287531863898039,43.0221554171294,1061.4000244140625],[-1.328798783943057,43.02214628085494,1061.199951171875],[-1.3288463093340397,43.02213714458048,1061.199951171875],[-1.3288988638669252,43.022123984992504,1061.4000244140625],[-1.3289542682468891,43.022115267813206,1061.4000244140625],[-1.3290097564458847,43.02210998721421,1061.4000244140625],[-1.3290636520832777,43.02210755646229,1061.5999755859375],[-1.3291176315397024,43.022103533148766,1061.800048828125],[-1.3291750475764275,43.02209800109267,1061.800048828125],[-1.3292323797941208,43.02209557034075,1062],[-1.329290634021163,43.022096659988165,1062.199951171875],[-1.3293449487537146,43.022098587825894,1062.199951171875],[-1.3294016942381859,43.02210579626262,1062.199951171875],[-1.3294583559036255,43.02210537716746,1062.4000244140625],[-1.3295178674161434,43.02210437133908,1062.4000244140625],[-1.3295783009380102,43.022113256156445,1062.5999755859375],[-1.3296386506408453,43.02211308851838,1062.800048828125],[-1.32969263009727,43.02211560308933,1063],[-1.3297476153820753,43.022118117660284,1063],[-1.3298038579523563,43.022129936143756,1063.199951171875],[-1.3298568315804005,43.02212314680219,1063.4000244140625],[-1.329908799380064,43.02211786620319,1063.4000244140625],[-1.3299586717039347,43.022110322490335,1063.5999755859375],[-1.3300078734755516,43.022105460986495,1063.800048828125],[-1.3300667144358158,43.02210168913007,1064],[-1.3301213644444942,43.02210529334843,1064.199951171875],[-1.3301711529493332,43.02211015485227,1064.4000244140625],[-1.3302240427583456,43.02211015485227,1064.4000244140625],[-1.330275172367692,43.02210470661521,1064.4000244140625],[-1.3303281459957361,43.02210135385394,1064.5999755859375],[-1.3303961232304573,43.02208182401955,1064.5999755859375],[-1.3304502703249454,43.02205734886229,1064.5999755859375],[-1.3305071834474802,43.022042931988835,1064.4000244140625],[-1.3305463269352913,43.02203790284693,1064.4000244140625],[-1.3306146394461393,43.022018959745765,1064.199951171875],[-1.3306739833205938,43.0220206361264,1064],[-1.3307238556444645,43.022047374397516,1063.800048828125],[-1.3307610712945461,43.0220880266279,1063.800048828125],[-1.3307928387075663,43.02213597111404,1063.5999755859375],[-1.3308179005980492,43.02217503078282,1063.4000244140625],[-1.3308634143322706,43.02222331054509,1063.4000244140625],[-1.3309010490775108,43.02227125503123,1063.4000244140625],[-1.3309475686401129,43.02231349982321,1063.4000244140625],[-1.3309813477098942,43.02235339768231,1063.5999755859375],[-1.3310208264738321,43.02239388227463,1063.5999755859375],[-1.3310646638274193,43.02243302576244,1063.5999755859375],[-1.3311017956584692,43.02247166633606,1063.5999755859375],[-1.3311463873833418,43.02250946871936,1063.5999755859375],[-1.331184022128582,43.022548193112016,1063.5999755859375],[-1.3312224950641394,43.0225922819227,1063.5999755859375],[-1.331248814240098,43.02263427525759,1063.5999755859375],[-1.3312794081866741,43.02267576567829,1063.5999755859375],[-1.331310085952282,43.02271390333772,1063.5999755859375],[-1.331338919699192,43.022748520597816,1063.800048828125],[-1.331360712647438,43.02277576178312,1064],[-1.331380158662796,43.022820353507996,1064.199951171875],[-1.3313959166407585,43.0228650290519,1064.199951171875],[-1.3314102496951818,43.022905848920345,1064.5999755859375],[-1.3314162008464336,43.02294130437076,1064.800048828125],[-1.331416368484497,43.022978184744716,1064.800048828125],[-1.3314212299883366,43.023020680993795,1065],[-1.3314316235482693,43.02306929603219,1065.199951171875],[-1.3314429391175508,43.02310885861516,1065.5999755859375],[-1.3314324617385864,43.02315001375973,1065.5999755859375],[-1.3314483035355806,43.02317683584988,1065.800048828125],[-1.33147026412189,43.023205837234855,1066],[-1.3314831722527742,43.02324405871332,1066.4000244140625],[-1.3314897939562798,43.02328538149595,1066.5999755859375],[-1.3314939010888338,43.02332343533635,1067.199951171875],[-1.3314787298440933,43.023346569389105,1067.199951171875],[-1.331468503922224,43.02338403649628,1067.4000244140625],[-1.3314842619001865,43.0234451405704,1067.4000244140625],[-1.3315222319215536,43.023502221331,1067.800048828125],[-1.3315380737185478,43.02354161627591,1068.199951171875],[-1.3315464556217194,43.02357933484018,1068.4000244140625],[-1.3315684162080288,43.02360322326422,1068.5999755859375],[-1.3315709307789803,43.023630045354366,1069.199951171875],[-1.3315855991095304,43.02364639006555,1069.199951171875],[-1.3315755408257246,43.023662231862545,1069.5999755859375],[-1.3315859343856573,43.02368746139109,1069.800048828125],[-1.3315790612250566,43.02373381331563,1069.800048828125],[-1.331582497805357,43.02376063540578,1070],[-1.3315909635275602,43.02378821186721,1070],[-1.3316043745726347,43.02381696179509,1070.5999755859375],[-1.3316197134554386,43.023844035342336,1070.5999755859375],[-1.3316391594707966,43.02386373281479,1071.199951171875],[-1.3316589407622814,43.023878233507276,1071.199951171875],[-1.3316890317946672,43.02389851771295,1071.4000244140625],[-1.3317125849425793,43.02391720935702,1071.4000244140625],[-1.3317361380904913,43.02393623627722,1071.800048828125],[-1.331759775057435,43.02395911887288,1071.800048828125],[-1.3317896984517574,43.02398116327822,1072.4000244140625],[-1.331819538027048,43.024001866579056,1072.4000244140625],[-1.3318459410220385,43.02402256987989,1072.4000244140625],[-1.33187142200768,43.02404469810426,1072.4000244140625],[-1.331902015954256,43.02407101728022,1072.4000244140625],[-1.3319359626621008,43.02409046329558,1072.800048828125],[-1.3319634553045034,43.024111753329635,1073],[-1.33199212141335,43.02413103170693,1073],[-1.3320203684270382,43.0241565965116,1073],[-1.3320575002580881,43.024189369753,1073],[-1.3320933748036623,43.02421594038606,1073],[-1.3321677222847939,43.024256341159344,1073.199951171875],[-1.3321998249739408,43.02428483963013,1073.199951171875],[-1.3322258926928043,43.02431736141443,1073.199951171875],[-1.3322517927736044,43.024343848228455,1073.5999755859375],[-1.3322749268263578,43.02437184378505,1073.800048828125],[-1.3323012460023165,43.02439782768488,1073.800048828125],[-1.332329073920846,43.02442372776568,1073.800048828125],[-1.3323714025318623,43.02444577217102,1074.199951171875],[-1.332404762506485,43.0244708340615,1074.199951171875],[-1.3324383739382029,43.02448910661042,1074.4000244140625],[-1.3324779365211725,43.024515425786376,1074.4000244140625],[-1.332499561831355,43.024548115208745,1074.5999755859375],[-1.332532837986946,43.02457904443145,1074.5999755859375],[-1.3325860630720854,43.02459471859038,1074.5999755859375],[-1.332623278722167,43.024628078565,1074.5999755859375],[-1.332665691152215,43.0246455129236,1074.800048828125],[-1.332725789397955,43.0246608518064,1075],[-1.3327811937779188,43.024672167375684,1075],[-1.3328276295214891,43.0246867518872,1075.199951171875],[-1.3328511826694012,43.024698067456484,1075.5999755859375],[-1.3328720536082983,43.02473410964012,1075.5999755859375],[-1.3328963611274958,43.024748442694545,1075.5999755859375],[-1.332923686131835,43.0247610155493,1076],[-1.332947826012969,43.02478683181107,1076.199951171875],[-1.3329677749425173,43.024827148765326,1076.4000244140625],[-1.3329883944243193,43.02485874854028,1076.4000244140625],[-1.3330127019435167,43.02488682791591,1076.4000244140625],[-1.3330389373004436,43.02491247653961,1076.4000244140625],[-1.3330639991909266,43.02493988536298,1076.800048828125],[-1.3330879714339972,43.02497240714729,1076.800048828125],[-1.333111273124814,43.02499579265714,1076.800048828125],[-1.3331429567188025,43.02502663806081,1077],[-1.3331716228276491,43.02505052648485,1077],[-1.3331981096416712,43.02506712265313,1077],[-1.3332254346460104,43.025091513991356,1077],[-1.3332551065832376,43.0251238681376,1077],[-1.3332800846546888,43.02515119314194,1077],[-1.3333117682486773,43.025176422670484,1077],[-1.3333375006914139,43.025196958333254,1077],[-1.3333689328283072,43.02521975710988,1077],[-1.3334004487842321,43.02524507045746,1077.4000244140625],[-1.3334319647401571,43.02526610903442,1077.4000244140625],[-1.333472952246666,43.02527734078467,1077.4000244140625],[-1.333522154018283,43.02529075182974,1077.5999755859375],[-1.3335735350847244,43.025300642475486,1077.5999755859375],[-1.3336240779608488,43.02531857974827,1077.5999755859375],[-1.3336679991334677,43.02532964386046,1077.5999755859375],[-1.3337176200002432,43.02533517591655,1077.800048828125],[-1.3337661512196064,43.0253397859633,1078.199951171875],[-1.333808982744813,43.02535403519869,1078.199951171875],[-1.3338498026132584,43.0253567174077,1078.199951171875],[-1.3338923826813698,43.0253532808274,1078.199951171875],[-1.3339293468743563,43.02535311318934,1078.199951171875],[-1.3339797221124172,43.025348419323564,1078.4000244140625],[-1.3340231403708458,43.02535395137966,1078.800048828125],[-1.3340608589351177,43.02535369992256,1078.800048828125],[-1.3341004215180874,43.02534925751388,1079],[-1.3341580890119076,43.02533911541104,1079],[-1.334225730970502,43.02533148787916,1079],[-1.3342862483114004,43.0253292247653,1079],[-1.3343254756182432,43.02532880567014,1079],[-1.3343535549938679,43.025326458737254,1079],[-1.3343907706439495,43.02531070075929,1079.4000244140625],[-1.334438044577837,43.02530709654093,1079.4000244140625],[-1.3344826363027096,43.02529854699969,1079.4000244140625],[-1.334532843902707,43.02529159002006,1079.5999755859375],[-1.3346030004322529,43.025278598070145,1079.5999755859375],[-1.334647173061967,43.02527013234794,1079.5999755859375],[-1.3346929382532835,43.02526325918734,1079.5999755859375],[-1.3347395416349173,43.02525395527482,1079.5999755859375],[-1.3347829598933458,43.02524356171489,1079.5999755859375],[-1.3348273001611233,43.02523392252624,1080],[-1.3348670303821564,43.02522554062307,1080],[-1.3349025696516037,43.025219505652785,1080.199951171875],[-1.3349391147494316,43.02521179430187,1080.199951171875],[-1.3349773362278938,43.02519662305713,1080.199951171875],[-1.3350156415253878,43.02517717704177,1080.5999755859375],[-1.3350547011941671,43.025160832330585,1080.800048828125],[-1.335098035633564,43.02514750510454,1080.800048828125],[-1.335138939321041,43.02513283677399,1080.800048828125],[-1.3351741433143616,43.025122694671154,1080.800048828125],[-1.335227033123374,43.0251133069396,1080.800048828125],[-1.3352786656469107,43.02511272020638,1080.800048828125],[-1.3353429548442364,43.0251135583967,1081],[-1.3353886362165213,43.02511875517666,1081],[-1.3354339823126793,43.02512981928885,1081],[-1.3354820106178522,43.025139290839434,1080.800048828125],[-1.3355298712849617,43.025146666914225,1080.800048828125],[-1.3355799112468958,43.02515563555062,1080.800048828125],[-1.3356306217610836,43.025166783481836,1080.800048828125],[-1.3356828410178423,43.02517248317599,1080.800048828125],[-1.3357346411794424,43.02517759613693,1081],[-1.3357809092849493,43.02518128417432,1081],[-1.3358281832188368,43.025185726583004,1081],[-1.335880570113659,43.02519620396197,1081.4000244140625],[-1.3359333761036396,43.02520751953125,1081.4000244140625],[-1.3359802309423685,43.02521891891956,1081.4000244140625],[-1.336026331409812,43.02523040212691,1081.5999755859375],[-1.3360723480582237,43.02524758502841,1081.5999755859375],[-1.336126746609807,43.025261079892516,1081.5999755859375],[-1.3361787982285023,43.025275245308876,1082],[-1.3362176902592182,43.025295194238424,1082.199951171875],[-1.336249290034175,43.02531371824443,1082.199951171875],[-1.3362985756248236,43.025338193401694,1082.5999755859375],[-1.336348196491599,43.02535277791321,1082.5999755859375],[-1.3363984879106283,43.02536970935762,1082.5999755859375],[-1.3364402297884226,43.02538588643074,1082.5999755859375],[-1.336493706330657,43.02541421726346,1082.5999755859375],[-1.336543746292591,43.025435926392674,1082.5999755859375],[-1.3366014137864113,43.02545470185578,1082.199951171875],[-1.3366546388715506,43.02546760998666,1082.199951171875],[-1.3367205206304789,43.02548127248883,1082.199951171875],[-1.3367848098278046,43.02550113759935,1082.199951171875],[-1.3368473388254642,43.02552410401404,1082],[-1.3369108736515045,43.02554220892489,1081.5999755859375],[-1.3369893282651901,43.02555645816028,1081.5999755859375],[-1.337065938860178,43.02557162940502,1081.5999755859375],[-1.337143387645483,43.02558571100235,1081.4000244140625],[-1.3372107781469822,43.02559945732355,1081],[-1.3372795935720205,43.02562183700502,1081],[-1.3373649213463068,43.02562678232789,1080.800048828125],[-1.3374445494264364,43.025644049048424,1080.800048828125],[-1.3375198189169168,43.02566969767213,1080.199951171875],[-1.3375935796648264,43.02568579092622,1080],[-1.3376706093549728,43.025698782876134,1079.5999755859375],[-1.3377570267766714,43.02571529522538,1079.5999755859375],[-1.3378454558551311,43.025731639936566,1079],[-1.3379424344748259,43.02575217559934,1078.800048828125],[-1.338044861331582,43.02577002905309,1077.800048828125],[-1.3381540775299072,43.02578570321202,1076.800048828125],[-1.3382694963365793,43.02580456249416,1076],[-1.3383885193616152,43.02582560107112,1075.5999755859375],[-1.3385155890136957,43.025843789801,1074.5999755859375],[-1.3386466819792986,43.02586130797863,1073.5999755859375],[-1.3387828040868044,43.02587488666177,1072.4000244140625],[-1.338921021670103,43.02588561549783,1071.800048828125],[-1.3390643522143364,43.025891399011016,1070.5999755859375],[-1.3392118737101555,43.02589274011552,1069.199951171875],[-1.3393614068627357,43.02588754333556,1068.199951171875],[-1.3395108561962843,43.02587882615626,1067.4000244140625],[-1.3396616466343403,43.02586616948247,1067.199951171875],[-1.339809000492096,43.02585401572287,1066.800048828125],[-1.3399555999785662,43.02584823220968,1065.800048828125],[-1.3400977570563555,43.025847896933556,1065.4000244140625],[-1.340207476168871,43.02585502155125,1065.4000244140625],[-1.340336725115776,43.02587061189115,1065.199951171875],[-1.340461615473032,43.02588419057429,1065.199951171875],[-1.3405803870409727,43.02589441649616,1065.199951171875],[-1.3407154195010662,43.025907911360264,1065.199951171875],[-1.3408190198242664,43.02591704763472,1065.4000244140625],[-1.3408973067998886,43.02592375315726,1065.800048828125],[-1.3410051818937063,43.02593464963138,1066],[-1.3410879112780094,43.025943199172616,1066.4000244140625],[-1.3411660306155682,43.02594831213355,1066.5999755859375],[-1.34123794734478,43.025950994342566,1067],[-1.3413057569414377,43.02595602348447,1067.4000244140625],[-1.3413711357861757,43.02595996297896,1067.800048828125],[-1.341431988403201,43.02596348337829,1068.199951171875],[-1.3414889015257359,43.02596524357796,1068.4000244140625],[-1.3415433838963509,43.02596691995859,1068.800048828125],[-1.3415956869721413,43.02596733905375,1069.199951171875],[-1.3416468165814877,43.02596893161535,1069.5999755859375],[-1.3416849542409182,43.02597236819565,1069.800048828125],[-1.3417389336973429,43.02597320638597,1070],[-1.3417812623083591,43.025974379852414,1070],[-1.3418238423764706,43.02597463130951,1070.4000244140625],[-1.3418653327971697,43.02597555331886,1070.5999755859375],[-1.3419127743691206,43.02597722969949,1071],[-1.3419634010642767,43.02597706206143,1071.800048828125],[-1.342013943940401,43.025978822261095,1071.800048828125],[-1.3420621398836374,43.02598577924073,1071.800048828125],[-1.3421074021607637,43.025996927171946,1072.199951171875],[-1.3421536702662706,43.02600547671318,1072.4000244140625],[-1.3422022014856339,43.02601033821702,1072.4000244140625],[-1.3422486372292042,43.026010589674115,1072.4000244140625],[-1.342290798202157,43.02601343952119,1072.800048828125],[-1.3423348870128393,43.02601897157729,1073],[-1.3423767127096653,43.026024252176285,1073],[-1.3424166943877935,43.02602794021368,1073.199951171875],[-1.3424574304372072,43.02603296935558,1073.5999755859375],[-1.342495484277606,43.02603389136493,1073.800048828125],[-1.342541417106986,43.02603313699365,1073.800048828125],[-1.3425837457180023,43.026032550260425,1074.199951171875],[-1.3426272477954626,43.026031628251076,1074.5999755859375],[-1.3426679000258446,43.026032634079456,1074.5999755859375],[-1.3427097257226706,43.02603087387979,1075],[-1.3427521381527185,43.026029197499156,1075],[-1.3427955564111471,43.026021318510175,1075.199951171875],[-1.3428390584886074,43.026014529168606,1075.5999755859375],[-1.3428818061947823,43.026005728170276,1075.5999755859375],[-1.3429212849587202,43.025999274104834,1076],[-1.342961685732007,43.025992987677455,1076.199951171875],[-1.3430020026862621,43.02598879672587,1076.4000244140625],[-1.343041816726327,43.025986701250076,1076.800048828125],[-1.3430788647383451,43.02598309703171,1077],[-1.3431127276271582,43.02597865462303,1077.4000244140625],[-1.3431524578481913,43.025974882766604,1077.5999755859375],[-1.3431915175169706,43.025973876938224,1077.800048828125],[-1.3432252127677202,43.02596423774958,1078.199951171875],[-1.3432602491229773,43.02595367655158,1078.4000244140625],[-1.3432968780398369,43.025948060676455,1078.4000244140625],[-1.3433318305760622,43.02594009786844,1078.800048828125],[-1.3433667831122875,43.025928447023034,1079],[-1.3434017356485128,43.025916209444404,1079],[-1.3434407114982605,43.025911431759596,1079.4000244140625],[-1.3434830401092768,43.02590866573155,1079.5999755859375],[-1.3435264583677053,43.025907492265105,1079.5999755859375],[-1.3435706309974194,43.025908917188644,1080],[-1.3436149712651968,43.02590564824641,1080.199951171875],[-1.3436585571616888,43.025900116190314,1080.199951171875],[-1.3436995446681976,43.0258990265429,1080.199951171875],[-1.3437407836318016,43.02589684724808,1080.5999755859375],[-1.343777496367693,43.02589450031519,1080.800048828125],[-1.3438184838742018,43.025899278,1080.800048828125],[-1.3438600581139326,43.02590095438063,1081],[-1.3438974414020777,43.025904977694154,1081.4000244140625],[-1.343927113339305,43.02590564824641,1081.5999755859375],[-1.34396449662745,43.02590715698898,1081.5999755859375],[-1.3440065737813711,43.02590388804674,1082.199951171875],[-1.3440478965640068,43.025906486436725,1082.199951171875],[-1.3440943323075771,43.02590522915125,1082.199951171875],[-1.3441401813179255,43.02591076120734,1082.199951171875],[-1.3441796600818634,43.02592283114791,1082.5999755859375],[-1.34422249160707,43.0259267706424,1082.5999755859375],[-1.3442641496658325,43.025926016271114,1082.800048828125],[-1.3443026226013899,43.02592970430851,1082.800048828125],[-1.3443457894027233,43.025933643803,1082.800048828125],[-1.3443866092711687,43.02594973705709,1082.800048828125],[-1.3444323744624853,43.025953341275454,1083.199951171875],[-1.344471937045455,43.02595761604607,1083.4000244140625],[-1.3445094879716635,43.02595996297896,1083.4000244140625],[-1.3445454463362694,43.02596239373088,1083.5999755859375],[-1.3445793092250824,43.02596683613956,1083.5999755859375],[-1.3446142617613077,43.02597018890083,1084],[-1.3446487113833427,43.02597563713789,1084],[-1.3446837477385998,43.02597991190851,1084.199951171875],[-1.3447200413793325,43.02598284557462,1084.199951171875],[-1.3447548262774944,43.02598494105041,1084.5999755859375],[-1.3447894435375929,43.0259907245636,1084.800048828125],[-1.3448215462267399,43.02599776536226,1084.800048828125],[-1.3448544032871723,43.02600162103772,1085.199951171875],[-1.3448888529092073,43.026005644351244,1085.4000244140625],[-1.3449207041412592,43.02601033821702,1085.4000244140625],[-1.3449524715542793,43.02601193077862,1085.4000244140625],[-1.3449834007769823,43.02601536735892,1086],[-1.3450152520090342,43.02601804956794,1086],[-1.3450422417372465,43.02602299489081,1086],[-1.345070069655776,43.02602726966143,1086.199951171875],[-1.3451018370687962,43.02603020332754,1086.800048828125],[-1.3451336044818163,43.02603414282203,1086.800048828125],[-1.3451655395328999,43.02603732794523,1086.800048828125],[-1.345193786546588,43.02604051306844,1086.800048828125],[-1.345221446827054,43.02604118362069,1087.199951171875],[-1.3452507834881544,43.02604361437261,1087.4000244140625],[-1.3452779408544302,43.02604445256293,1087.800048828125],[-1.3453050144016743,43.026045709848404,1088],[-1.3453311659395695,43.0260459613055,1088.4000244140625],[-1.3453562278300524,43.02604855969548,1088.5999755859375],[-1.345379278063774,43.02605182863772,1088.5999755859375],[-1.3454035855829716,43.026053085923195,1088.800048828125],[-1.345428815111518,43.026055097579956,1089.199951171875],[-1.3454537093639374,43.02605660632253,1089.4000244140625],[-1.3454752508550882,43.02605836652219,1089.800048828125],[-1.3454981334507465,43.026062306016684,1090],[-1.3455184176564217,43.02606649696827,1090.4000244140625],[-1.345538953319192,43.02606909535825,1090.5999755859375],[-1.345559572800994,43.0260734539479,1091],[-1.3455824553966522,43.026076555252075,1091.199951171875],[-1.3456054218113422,43.02607940509915,1091.4000244140625],[-1.3456247840076685,43.026082925498486,1091.800048828125],[-1.3456431403756142,43.02608418278396,1091.800048828125],[-1.3456613291054964,43.02608703263104,1092],[-1.3456784281879663,43.02609030157328,1092.4000244140625],[-1.345701478421688,43.026098515838385,1092.5999755859375],[-1.3457187451422215,43.026109328493476,1093],[-1.3457384426146746,43.02612265571952,1093.199951171875],[-1.3457575533539057,43.02612667903304,1093.800048828125],[-1.345773646607995,43.02613631822169,1093.800048828125],[-1.3457930088043213,43.026147466152906,1094.199951171875],[-1.3458136282861233,43.02615702152252,1094.4000244140625],[-1.3458355888724327,43.026165487244725,1094.5999755859375],[-1.3458517659455538,43.02617604844272,1095],[-1.3458686135709286,43.026188453659415,1095.199951171875],[-1.3458850421011448,43.026200104504824,1095.5999755859375],[-1.3459028117358685,43.026209408417344,1096.199951171875],[-1.3459181506186724,43.02621804177761,1096.4000244140625],[-1.3459330704063177,43.02622550167143,1096.4000244140625],[-1.345949750393629,43.02623547613621,1096.5999755859375],[-1.3459704536944628,43.02624570205808,1097],[-1.3459884747862816,43.02625282667577,1097],[-1.3460038136690855,43.026262717321515,1097.5999755859375],[-1.3460218347609043,43.02626917138696,1097.5999755859375],[-1.3460399396717548,43.0262756254524,1098.199951171875],[-1.3460562843829393,43.026284258812666,1098.4000244140625],[-1.3460692763328552,43.02629138343036,1099],[-1.34608905762434,43.02630269899964,1099],[-1.3461016304790974,43.02631149999797,1099],[-1.3461187295615673,43.02631954662502,1099.5999755859375],[-1.346138846129179,43.02633228711784,1099.800048828125],[-1.34615795686841,43.02634351886809,1100],[-1.3461731281131506,43.026347709819674,1100],[-1.3461975194513798,43.02635592408478,1100.4000244140625],[-1.3462156243622303,43.026365814730525,1101],[-1.3462332263588905,43.02637478336692,1101],[-1.3462478946894407,43.02638316527009,1101.4000244140625],[-1.346261641010642,43.02639146335423,1101.5999755859375],[-1.3462770637124777,43.02640018053353,1101.800048828125],[-1.346292570233345,43.02641334012151,1101.800048828125],[-1.346303801983595,43.0264204647392,1102.199951171875],[-1.346320565789938,43.026433289051056,1102.5999755859375],[-1.3463317975401878,43.02644510753453,1102.800048828125],[-1.3463466335088015,43.026455668732524,1103.199951171875],[-1.3463643193244934,43.0264637991786,1103.4000244140625],[-1.3463820051401854,43.02647058852017,1103.5999755859375],[-1.3463970925658941,43.026474779471755,1103.800048828125],[-1.3464173767715693,43.02648223936558,1104.199951171875],[-1.3464337214827538,43.02649062126875,1104.800048828125],[-1.3464555982500315,43.0264984164387,1105],[-1.3464726135134697,43.026504619047046,1105.4000244140625],[-1.3464897964149714,43.02651023492217,1105.4000244140625],[-1.3465089071542025,43.02651886828244,1105.5999755859375],[-1.3465220667421818,43.026522640138865,1105.800048828125],[-1.3465359807014465,43.02652733400464,1106.199951171875],[-1.3465586956590414,43.02653672173619,1106.5999755859375],[-1.3465714361518621,43.026544684544206,1107],[-1.3465850986540318,43.02654895931482,1107.199951171875],[-1.346600353717804,43.02655499428511,1107.5999755859375],[-1.3466199673712254,43.026564717292786,1107.800048828125],[-1.3466345518827438,43.02656991407275,1108.199951171875],[-1.3466578535735607,43.02657729014754,1108.5999755859375],[-1.3466787245124578,43.02658558823168,1109.199951171875],[-1.3466967456042767,43.02659195847809,1109.5999755859375],[-1.34671987965703,43.02659958600998,1110],[-1.346739074215293,43.02660168148577,1110.199951171875],[-1.3467619568109512,43.02660604007542,1110.5999755859375],[-1.3467816542834044,43.02661148831248,1111],[-1.3467990886420012,43.02662054076791,1111.199951171875],[-1.3468162715435028,43.02662925794721,1111.5999755859375],[-1.3468398246914148,43.02663789130747,1112.199951171875],[-1.3468544092029333,43.02664065733552,1112.4000244140625],[-1.3468796387314796,43.026643842458725,1112.800048828125],[-1.346903946250677,43.02664903923869,1113],[-1.3469269126653671,43.02665482275188,1113.4000244140625],[-1.3469426706433296,43.02665532566607,1113.800048828125],[-1.3469623681157827,43.02665641531348,1114],[-1.3469856698065996,43.026662869378924,1114.4000244140625],[-1.347001427784562,43.02666739560664,1114.5999755859375],[-1.3470246456563473,43.02667401731014,1115],[-1.3470445945858955,43.026677621528506,1115.4000244140625],[-1.347068902105093,43.02668273448944,1115.800048828125],[-1.3470911979675293,43.02668994292617,1116.199951171875],[-1.3471100572496653,43.026695139706135,1116.5999755859375],[-1.347129587084055,43.02669916301966,1117],[-1.347147524356842,43.02670511417091,1117.199951171875],[-1.3471637014299631,43.02671441808343,1117.4000244140625],[-1.347185242921114,43.026722045615315,1117.800048828125],[-1.3472027610987425,43.02672908641398,1118.199951171875],[-1.347217597067356,43.02673587575555,1118.5999755859375],[-1.3472363725304604,43.02674115635455,1118.800048828125],[-1.3472555670887232,43.02674585022032,1119],[-1.3472817186266184,43.026754735037684,1119.5999755859375],[-1.347298314794898,43.02675825543702,1120],[-1.3473143242299557,43.02676563151181,1120.199951171875],[-1.3473320938646793,43.026770409196615,1120.5999755859375],[-1.3473488576710224,43.02677518688142,1120.800048828125],[-1.347363106906414,43.026779713109136,1121],[-1.3473844807595015,43.02678541280329,1121.199951171875],[-1.34740493260324,43.026793375611305,1121.800048828125],[-1.3474156614392996,43.02680041640997,1122],[-1.347435275092721,43.02680586464703,1122.4000244140625],[-1.3474483508616686,43.02680988796055,1122.5999755859375],[-1.3474579900503159,43.02681282162666,1122.800048828125],[-1.3474755082279444,43.026818353682756,1123.199951171875],[-1.3474914338439703,43.026820197701454,1123.5999755859375],[-1.3475066050887108,43.02682237699628,1123.5999755859375],[-1.3475250452756882,43.02682405337691,1124],[-1.3475470896810293,43.02682933397591,1124.4000244140625],[-1.3475659489631653,43.026833944022655,1124.5999755859375],[-1.347584305331111,43.02683578804135,1125],[-1.34760282933712,43.02683562040329,1125.199951171875],[-1.3476256281137466,43.0268385540694,1125.4000244140625],[-1.3476578146219254,43.02684308029711,1125.4000244140625],[-1.3476849719882011,43.026833860203624,1125.800048828125],[-1.3477057591080666,43.026826567947865,1126.199951171875],[-1.3477284740656614,43.02682489156723,1126.4000244140625],[-1.347755379974842,43.02682237699628,1126.5999755859375],[-1.3477820344269276,43.02682748995721,1126.800048828125],[-1.3478025700896978,43.0268332734704,1127.199951171875],[-1.3478233572095633,43.02683402784169,1127.5999755859375],[-1.3478417973965406,43.02683595567942,1127.800048828125],[-1.3478630036115646,43.026837799698114,1128],[-1.3478922564536333,43.026842158287764,1128.199951171875],[-1.3479231856763363,43.02683210000396,1128.5999755859375],[-1.3479488343000412,43.02682304754853,1128.800048828125],[-1.3479712139815092,43.026825562119484,1128.800048828125],[-1.3479982875287533,43.0268300883472,1129],[-1.3480211701244116,43.026837296783924,1129.4000244140625],[-1.3480401132255793,43.02684190683067,1129.5999755859375],[-1.348068444058299,43.02684936672449,1130],[-1.348092332482338,43.026848109439015,1130],[-1.3481168914586306,43.02685716189444,1130.4000244140625],[-1.3481404446065426,43.02685322239995,1130.4000244140625],[-1.3481634110212326,43.02685288712382,1130.5999755859375],[-1.348188640549779,43.026856826618314,1131],[-1.3482085056602955,43.026854982599616,1131.199951171875],[-1.3482285384088755,43.026849115267396,1131.4000244140625],[-1.3482558634132147,43.026843164116144,1131.800048828125],[-1.348281679674983,43.026845091953874,1132],[-1.3483050651848316,43.0268504563719,1132.199951171875],[-1.348315877839923,43.026851043105125,1132.5999755859375],[-1.3483310490846634,43.02686051465571,1132.800048828125],[-1.3483440410345793,43.026862274855375,1133],[-1.3483583740890026,43.02686545997858,1133.199951171875],[-1.3483690191060305,43.02686797454953,1133.4000244140625],[-1.3483851123601198,43.0268713273108,1133.800048828125],[-1.3484043907374144,43.0268731713295,1134],[-1.3484219927340746,43.02687778137624,1134.199951171875],[-1.3484436180442572,43.02688239142299,1134.4000244140625],[-1.3484659977257252,43.02688758820295,1134.5999755859375],[-1.3484780676662922,43.02689119242132,1134.800048828125],[-1.348494915291667,43.026891611516476,1135],[-1.3485158700495958,43.0268921982497,1135.4000244140625],[-1.3485357351601124,43.026897395029664,1135.5999755859375],[-1.3485605455935001,43.026903849095106,1135.800048828125],[-1.3485801592469215,43.026910135522485,1136],[-1.3486012816429138,43.02691583521664,1136.199951171875],[-1.3486166205257177,43.02691759541631,1136.4000244140625],[-1.3486226554960012,43.02691826596856,1136.4000244140625],[-1.3486213982105255,43.02692069672048,1136.5999755859375],[-1.348616536706686,43.026922876015306,1136.5999755859375],[-1.348616536706686,43.026922876015306,1136.800048828125],[-1.348616536706686,43.026922876015306,1137],[-1.348616536706686,43.026922876015306,1137],[-1.348616536706686,43.026922876015306,1137],[-1.348616536706686,43.026922876015306,1137],[-1.348616536706686,43.026922876015306,1137],[-1.348616536706686,43.026922876015306,1137],[-1.348616536706686,43.026922876015306,1137],[-1.348616536706686,43.026922876015306,1137],[-1.348616536706686,43.026922876015306,1136.800048828125],[-1.3486196380108595,43.02692689932883,1136.800048828125],[-1.3486176263540983,43.02693100646138,1136.800048828125],[-1.3486176263540983,43.02693100646138,1136.800048828125],[-1.3486176263540983,43.02693100646138,1136.5999755859375],[-1.3486176263540983,43.02693100646138,1136.5999755859375],[-1.3486176263540983,43.02693100646138,1136.5999755859375],[-1.3486176263540983,43.02693100646138,1136.5999755859375],[-1.3486176263540983,43.02693100646138,1136.5999755859375],[-1.3486176263540983,43.02693100646138,1136.5999755859375],[-1.3486176263540983,43.02693100646138,1136.4000244140625],[-1.3486176263540983,43.02693100646138,1136.4000244140625],[-1.3486176263540983,43.02693100646138,1136.4000244140625],[-1.3486176263540983,43.02693100646138,1136.4000244140625],[-1.3486176263540983,43.02693100646138,1136.4000244140625],[-1.3486176263540983,43.02693100646138,1136.4000244140625],[-1.3486176263540983,43.02693100646138,1136.4000244140625],[-1.3486176263540983,43.02693100646138,1136.199951171875],[-1.3486176263540983,43.02693100646138,1136.199951171875],[-1.3486176263540983,43.02693100646138,1136.199951171875],[-1.3486176263540983,43.02693100646138,1136.199951171875],[-1.3486176263540983,43.02693100646138,1136.199951171875],[-1.3486176263540983,43.02693100646138,1136.199951171875],[-1.3486176263540983,43.02693100646138,1136.199951171875],[-1.3486176263540983,43.02693100646138,1136.199951171875],[-1.3486176263540983,43.02693100646138,1136],[-1.3486176263540983,43.02693100646138,1136],[-1.3486176263540983,43.02693100646138,1136],[-1.3486176263540983,43.02693100646138,1136],[-1.3486176263540983,43.02693100646138,1136],[-1.3486176263540983,43.02693100646138,1136],[-1.3486176263540983,43.02693100646138,1135.800048828125],[-1.3486176263540983,43.02693100646138,1135.800048828125],[-1.3486176263540983,43.02693100646138,1135.800048828125],[-1.3486176263540983,43.02693100646138,1135.800048828125],[-1.3486176263540983,43.02693100646138,1135.800048828125],[-1.3486176263540983,43.02693100646138,1135.800048828125],[-1.3486176263540983,43.02693100646138,1135.800048828125],[-1.3486176263540983,43.02693100646138,1135.5999755859375],[-1.3486176263540983,43.02693100646138,1135.5999755859375],[-1.3486176263540983,43.02693100646138,1135.5999755859375],[-1.3486176263540983,43.02693100646138,1135.5999755859375],[-1.3486176263540983,43.02693100646138,1135.5999755859375],[-1.3486176263540983,43.02693100646138,1135.5999755859375],[-1.3486176263540983,43.02693100646138,1135.5999755859375],[-1.3486176263540983,43.02693100646138,1135.5999755859375],[-1.3486176263540983,43.02693100646138,1135.4000244140625],[-1.3486176263540983,43.02693100646138,1135.4000244140625],[-1.3486176263540983,43.02693100646138,1135.4000244140625],[-1.3486176263540983,43.02693100646138,1135.4000244140625],[-1.3486176263540983,43.02693100646138,1135.4000244140625],[-1.3486176263540983,43.02693100646138,1135.4000244140625],[-1.3486176263540983,43.02693100646138,1135.4000244140625],[-1.3486176263540983,43.02693100646138,1135.4000244140625],[-1.3486176263540983,43.02693100646138,1135.4000244140625],[-1.3486176263540983,43.02693100646138,1135.199951171875],[-1.3486176263540983,43.02693100646138,1135.199951171875],[-1.3486176263540983,43.02693100646138,1135.199951171875],[-1.3486176263540983,43.02693100646138,1135.199951171875],[-1.3486176263540983,43.02693100646138,1135.199951171875],[-1.3486176263540983,43.02693100646138,1135.199951171875],[-1.3486176263540983,43.02693100646138,1135.199951171875],[-1.3486176263540983,43.02693100646138,1135.199951171875],[-1.3486176263540983,43.02693100646138,1135.199951171875],[-1.3486176263540983,43.02693100646138,1135.199951171875],[-1.3486176263540983,43.02693100646138,1135.199951171875],[-1.3486176263540983,43.02693100646138,1135.199951171875],[-1.3486176263540983,43.02693100646138,1135],[-1.3486176263540983,43.02693100646138,1135],[-1.3486176263540983,43.02693100646138,1135],[-1.3486176263540983,43.02693100646138,1135],[-1.3486176263540983,43.02693100646138,1135],[-1.3486176263540983,43.02693100646138,1135],[-1.3486176263540983,43.02693100646138,1135],[-1.3486176263540983,43.02693100646138,1135],[-1.3486176263540983,43.02693100646138,1135],[-1.3486176263540983,43.02693100646138,1135],[-1.3486176263540983,43.02693100646138,1135],[-1.3486176263540983,43.02693100646138,1135],[-1.3486176263540983,43.02693100646138,1135],[-1.3486176263540983,43.02693100646138,1135],[-1.3486176263540983,43.02693100646138,1135],[-1.3486176263540983,43.02693100646138,1135],[-1.3486176263540983,43.02693100646138,1135],[-1.3486176263540983,43.02693100646138,1135],[-1.3486176263540983,43.02693100646138,1135],[-1.3486255053430796,43.02692756988108,1135],[-1.3486401736736298,43.02692648023367,1135.199951171875],[-1.3486562669277191,43.02692421711981,1135.199951171875],[-1.3486747909337282,43.02692715078592,1135.199951171875],[-1.3486994337290525,43.02693125791848,1135.4000244140625],[-1.348717287182808,43.02693444304168,1135.5999755859375],[-1.3487436063587666,43.02693980745971,1136],[-1.348761124536395,43.02694232203066,1136.4000244140625],[-1.3487878628075123,43.02694517187774,1136.800048828125],[-1.3488063868135214,43.026946848258376,1136.800048828125],[-1.3488334603607655,43.02695028483868,1137.199951171875],[-1.3488579355180264,43.026955146342516,1137.4000244140625],[-1.348878387361765,43.02695967257023,1137.5999755859375],[-1.348903365433216,43.02696947939694,1137.800048828125],[-1.3489267509430647,43.02697601728141,1138],[-1.3489482086151838,43.02697869949043,1138.199951171875],[-1.348976455628872,43.02698314189911,1138.4000244140625],[-1.3489945605397224,43.026988841593266,1138.5999755859375],[-1.3490149285644293,43.02699747495353,1138.800048828125],[-1.3490399904549122,43.027007449418306,1139],[-1.349060358479619,43.02701314911246,1139.4000244140625],[-1.3490790501236916,43.027015160769224,1139.5999755859375],[-1.3490954786539078,43.027015160769224,1139.800048828125],[-1.3491166010499,43.02701851353049,1140],[-1.3491391483694315,43.0270214471966,1140.199951171875],[-1.3491596840322018,43.02702966146171,1140.4000244140625],[-1.3491798005998135,43.027040641754866,1140.5999755859375],[-1.3491948042064905,43.0270439106971,1140.800048828125],[-1.3492155075073242,43.027047431096435,1141.199951171875],[-1.3492357078939676,43.0270544718951,1141.199951171875],[-1.3492598477751017,43.02706201560795,1141.4000244140625],[-1.3492834847420454,43.027065033093095,1141.5999755859375],[-1.3493060320615768,43.027068888768554,1142],[-1.3493254780769348,43.02707752212882,1142],[-1.3493530545383692,43.02708514966071,1142.199951171875],[-1.3493717461824417,43.02708875387907,1142.4000244140625],[-1.349392868578434,43.02709763869643,1142.800048828125],[-1.3494203612208366,43.02710375748575,1142.800048828125],[-1.349442070350051,43.02711037918925,1143.199951171875],[-1.349464114755392,43.027114905416965,1143.4000244140625],[-1.349486242979765,43.02713024429977,1143.800048828125],[-1.3495049346238375,43.02713921293616,1144],[-1.3495253026485443,43.02714793011546,1144.199951171875],[-1.3495381269603968,43.02716192789376,1144.199951171875],[-1.349550699815154,43.02717424929142,1144.4000244140625],[-1.3495696429163218,43.02718305028975,1144.800048828125],[-1.3495894242078066,43.02719126455486,1145],[-1.34960669092834,43.02719855681062,1145.199951171875],[-1.3496237061917782,43.02720584906638,1145.4000244140625],[-1.3496434036642313,43.027214985340834,1145.5999755859375],[-1.349662346765399,43.0272220261395,1146],[-1.3496833015233278,43.02722982130945,1146],[-1.3496987242251635,43.02723225206137,1146.199951171875],[-1.3497211039066315,43.027239041402936,1146.4000244140625],[-1.3497377838939428,43.027241388335824,1146.5999755859375],[-1.3497496861964464,43.027245830744505,1146.800048828125],[-1.3497713953256607,43.02725178189576,1147],[-1.3497864827513695,43.02725915797055,1147.199951171875],[-1.3498064316809177,43.02726661786437,1147.4000244140625],[-1.3498303201049566,43.0272738263011,1147.800048828125],[-1.3498483411967754,43.027283465489745,1147.800048828125],[-1.3498696312308311,43.02729310467839,1148],[-1.3498863950371742,43.02729821763933,1148],[-1.3499069306999445,43.02730727009475,1148.199951171875],[-1.3499278854578733,43.02731590345502,1148.5999755859375],[-1.3499478343874216,43.02732244133949,1148.800048828125],[-1.3499672804027796,43.02732814103365,1149.199951171875],[-1.3499876484274864,43.02733543328941,1149.4000244140625],[-1.3500144705176353,43.02733945660293,1149.800048828125],[-1.3500332459807396,43.02734088152647,1150],[-1.3500628340989351,43.027343060821295,1150.199951171875],[-1.3500846270471811,43.0273496825248,1150.4000244140625],[-1.350103234872222,43.0273549631238,1150.800048828125],[-1.350123854354024,43.02735990844667,1151],[-1.3501414563506842,43.027366027235985,1151],[-1.3501599803566933,43.02737315185368,1151.4000244140625],[-1.350178923457861,43.027382120490074,1151.5999755859375],[-1.3501981180161238,43.027389999479055,1152],[-1.3502164743840694,43.027394441887736,1152],[-1.3502401113510132,43.0273946095258,1152.4000244140625],[-1.3502683583647013,43.02740089595318,1152.5999755859375],[-1.350288474932313,43.02740693092346,1152.800048828125],[-1.3503132853657007,43.02741380408406,1153],[-1.3503397721797228,43.0274205096066,1153.199951171875],[-1.3503608107566833,43.02742528729141,1153.4000244140625],[-1.3503777422010899,43.02742687985301,1153.5999755859375],[-1.3503982778638601,43.027431489899755,1153.800048828125],[-1.3504223339259624,43.02743660286069,1154],[-1.3504473958164454,43.027440290898085,1154.199951171875],[-1.3504743855446577,43.02744599059224,1154.4000244140625],[-1.3504938315600157,43.02744993008673,1154.5999755859375],[-1.3505098409950733,43.02745470777154,1155],[-1.3505341485142708,43.027459904551506,1155.199951171875],[-1.3505543489009142,43.02746124565601,1155.4000244140625],[-1.3505798298865557,43.02746300585568,1155.5999755859375],[-1.3506105076521635,43.027465268969536,1155.800048828125],[-1.3506355695426464,43.02746778354049,1156],[-1.3506626430898905,43.027473483234644,1156.199951171875],[-1.3506929855793715,43.027477506548166,1156.4000244140625],[-1.3507146947085857,43.02748169749975,1156.800048828125],[-1.3507445342838764,43.0274826195091,1156.800048828125],[-1.3507769722491503,43.027486223727465,1157],[-1.3507996033877134,43.0274897441268,1157.199951171875],[-1.3508317060768604,43.02749586291611,1157.199951171875],[-1.350863641127944,43.02750416100025,1157.4000244140625],[-1.3508956599980593,43.02751145325601,1157.5999755859375],[-1.3509280141443014,43.02751673385501,1157.800048828125],[-1.3509585242718458,43.02752218209207,1157.800048828125],[-1.3509874418377876,43.027528300881386,1158],[-1.351015605032444,43.02753550931811,1158],[-1.3510478753596544,43.02754305303097,1158.199951171875],[-1.3510752003639936,43.027549255639315,1158.199951171875],[-1.3510985020548105,43.02755193784833,1158.199951171875],[-1.3511261623352766,43.027555206790566,1158.4000244140625],[-1.3511523138731718,43.02755964919925,1158.5999755859375],[-1.3511795550584793,43.02756627090275,1158.800048828125],[-1.3512092269957066,43.02757892757654,1159.199951171875],[-1.3512353785336018,43.027591248974204,1159.4000244140625],[-1.351259769871831,43.02759577520192,1159.800048828125],[-1.3512908667325974,43.02760097198188,1160],[-1.3513182755559683,43.027603570371866,1160.5999755859375],[-1.35134719312191,43.02760750986636,1160.5999755859375],[-1.3513686507940292,43.02760977298021,1161],[-1.3514025136828423,43.02761597558856,1161.199951171875],[-1.351426150649786,43.027617651969194,1161.199951171875],[-1.3514620251953602,43.027625950053334,1161.199951171875],[-1.3514918647706509,43.02763005718589,1161.4000244140625],[-1.3515206146985292,43.02763550542295,1161.4000244140625],[-1.3515408989042044,43.02764045074582,1161.5999755859375],[-1.3515670504420996,43.02764640189707,1161.5999755859375],[-1.3515988178551197,43.02765109576285,1161.800048828125],[-1.3516200240701437,43.02765369415283,1162],[-1.3516510371118784,43.02766006439924,1162],[-1.3516748417168856,43.02766291424632,1162.199951171875],[-1.3517077825963497,43.02766626700759,1162.4000244140625],[-1.351733598858118,43.02766836248338,1162.4000244140625],[-1.3517584931105375,43.02767506800592,1162.5999755859375],[-1.3517796993255615,43.0276795104146,1162.800048828125],[-1.3518114667385817,43.02768210880458,1163.199951171875],[-1.3518356066197157,43.02768697030842,1163.199951171875],[-1.3518656138330698,43.0276847910136,1163.5999755859375],[-1.3518871553242207,43.02769526839256,1164],[-1.3519089482724667,43.02769862115383,1164.4000244140625],[-1.3519328366965055,43.02770348265767,1164.800048828125],[-1.3519558869302273,43.02770750597119,1165],[-1.351983044296503,43.02770842798054,1165.5999755859375],[-1.3520066812634468,43.027709517627954,1166],[-1.3520358502864838,43.02771555259824,1166],[-1.352061415091157,43.027717312797904,1166.4000244140625],[-1.3520819507539272,43.027721336111426,1166.5999755859375],[-1.3521086052060127,43.02772452123463,1166.5999755859375],[-1.3521330803632736,43.027727622538805,1166.800048828125],[-1.3521635066717863,43.02772980183363,1167.199951171875],[-1.352185970172286,43.02773072384298,1167.4000244140625],[-1.3522108644247055,43.02772745490074,1167.4000244140625],[-1.3522365968674421,43.02772510796785,1167.800048828125],[-1.3522551208734512,43.02772686816752,1167.800048828125],[-1.3522798474878073,43.027727119624615,1168],[-1.3523110281676054,43.027721336111426,1168.199951171875],[-1.3523347489535809,43.02772393450141,1168.4000244140625],[-1.3523609843105078,43.027725191786885,1168.5999755859375],[-1.3523938413709402,43.0277294665575,1168.5999755859375],[-1.3524163886904716,43.02773466333747,1168.800048828125],[-1.3524438813328743,43.027737848460674,1169],[-1.3524740561842918,43.02773851901293,1169.199951171875],[-1.352505823597312,43.027745727449656,1169.4000244140625],[-1.3525321427732706,43.02775519900024,1169.5999755859375],[-1.3525572884827852,43.027763245627284,1169.800048828125],[-1.352586792781949,43.02776886150241,1170],[-1.35261126793921,43.02777539938688,1170.199951171875],[-1.352640688419342,43.02778352983296,1170.199951171875],[-1.3526667561382055,43.02779241465032,1170.5999755859375],[-1.3526940811425447,43.02780498750508,1170.5999755859375],[-1.3527199812233448,43.02780456840992,1170.800048828125],[-1.3527458813041449,43.027802892029285,1171],[-1.3527706917375326,43.02780356258154,1171.199951171875],[-1.3527958374470472,43.02780079655349,1171.4000244140625],[-1.352817714214325,43.02780062891543,1171.800048828125],[-1.3528379146009684,43.02780004218221,1172],[-1.352863647043705,43.02780062891543,1172],[-1.3528840988874435,43.02780004218221,1172.4000244140625],[-1.3529074843972921,43.027803394943476,1172.5999755859375],[-1.3529312051832676,43.02780616097152,1172.800048828125],[-1.3529534172266722,43.02781001664698,1172.800048828125],[-1.3529789820313454,43.02781253121793,1173],[-1.3530096597969532,43.02781202830374,1173.4000244140625],[-1.3530372362583876,43.02781722508371,1173.5999755859375],[-1.3530663214623928,43.02782158367336,1174],[-1.3530901260674,43.027826864272356,1174.199951171875],[-1.353106638416648,43.02783532999456,1174.5999755859375],[-1.3531270902603865,43.02784304134548,1174.800048828125],[-1.3531581871211529,43.02783910185099,1175],[-1.3531797286123037,43.02783524617553,1175.4000244140625],[-1.3532021082937717,43.02783440798521,1175.800048828125],[-1.3532250747084618,43.02783390507102,1176],[-1.3532463647425175,43.02784664556384,1176.4000244140625],[-1.3532890286296606,43.0278589669615,1176.5999755859375],[-1.3533138390630484,43.02786516956985,1177],[-1.3533355481922626,43.02787313237786,1177],[-1.3533529825508595,43.027883442118764,1177.199951171875],[-1.3533827383071184,43.02790221758187,1177.4000244140625],[-1.353418193757534,43.027918646112084,1177.5999755859375],[-1.3534445129334927,43.02793406881392,1177.5999755859375],[-1.353473849594593,43.02795862779021,1177.800048828125],[-1.353499162942171,43.0279800016433,1178],[-1.3535227160900831,43.02799617871642,1178],[-1.3535503763705492,43.02802065387368,1178.199951171875],[-1.353575438261032,43.0280405189842,1178.199951171875],[-1.3536033499985933,43.028060887008905,1178.4000244140625],[-1.353629920631647,43.02808276377618,1178.4000244140625],[-1.3536560721695423,43.028103886172175,1178.4000244140625],[-1.353682056069374,43.02811930887401,1178.4000244140625],[-1.3537061121314764,43.0281338095665,1178.4000244140625],[-1.3537282403558493,43.02814805880189,1178.4000244140625],[-1.3537410646677017,43.02816230803728,1178.4000244140625],[-1.3537527993321419,43.0281856097281,1178.4000244140625],[-1.353760426864028,43.02820907905698,1178.4000244140625],[-1.3537702336907387,43.02823447622359,1178.4000244140625],[-1.35378104634583,43.02825895138085,1178.4000244140625],[-1.3537894282490015,43.02828149870038,1178.4000244140625],[-1.3537994027137756,43.02830681204796,1178.4000244140625],[-1.3538146577775478,43.028329107910395,1178.5999755859375],[-1.3538383785635233,43.02834536880255,1178.4000244140625],[-1.35386997833848,43.02835810929537,1178.4000244140625],[-1.3538978062570095,43.028369676321745,1178.4000244140625],[-1.353917671367526,43.02837386727333,1178.4000244140625],[-1.3539398834109306,43.0283825006336,1178.199951171875],[-1.3539449963718653,43.02838308736682,1178.199951171875],[-1.3539449963718653,43.02838308736682,1178],[-1.3539449963718653,43.02838308736682,1178],[-1.3539449963718653,43.02838308736682,1177.800048828125],[-1.3539449963718653,43.02838308736682,1177.800048828125],[-1.3539449963718653,43.02838308736682,1177.800048828125],[-1.3539449963718653,43.02838308736682,1177.800048828125],[-1.3539449963718653,43.02838308736682,1177.800048828125],[-1.3539449963718653,43.02838308736682,1177.800048828125],[-1.3539449963718653,43.02838308736682,1177.800048828125],[-1.3539449963718653,43.02838308736682,1177.5999755859375],[-1.3539449963718653,43.02838308736682,1177.5999755859375],[-1.3539449963718653,43.02838308736682,1177.5999755859375],[-1.3539449963718653,43.02838308736682,1177.5999755859375],[-1.3539449963718653,43.02838308736682,1177.4000244140625],[-1.3539449963718653,43.02838308736682,1177.4000244140625],[-1.3539492711424828,43.028383338823915,1177.4000244140625],[-1.3539659511297941,43.02838685922325,1177.4000244140625],[-1.3539785239845514,43.02839205600321,1177.4000244140625],[-1.3539837207645178,43.02839482203126,1177.4000244140625],[-1.3539837207645178,43.02839482203126,1177.4000244140625],[-1.3539782725274563,43.02839423529804,1177.199951171875],[-1.3539752550423145,43.028392139822245,1177],[-1.3539752550423145,43.028392139822245,1177],[-1.3539752550423145,43.028392139822245,1177],[-1.353974500671029,43.02839524112642,1177],[-1.3539753388613462,43.02839909680188,1176.800048828125],[-1.3539753388613462,43.02839909680188,1176.800048828125],[-1.353972489014268,43.02840203046799,1176.800048828125],[-1.3539693038910627,43.02841007709503,1176.800048828125],[-1.353963939473033,43.02842264994979,1176.800048828125],[-1.3539449125528336,43.02843262441456,1176.800048828125],[-1.3539110496640205,43.02842910401523,1176.800048828125],[-1.3538930285722017,43.0284118372947,1176.800048828125],[-1.3538749236613512,43.02839331328869,1176.800048828125],[-1.3538589142262936,43.02836900576949,1177],[-1.353845251724124,43.02834888920188,1177],[-1.353828152641654,43.02832944318652,1177.4000244140625],[-1.3538080360740423,43.028312092646956,1177.5999755859375],[-1.3537915237247944,43.0282926466316,1177.800048828125],[-1.3537745084613562,43.028271943330765,1177.800048828125],[-1.35375807993114,43.02824939601123,1177.800048828125],[-1.353747183457017,43.02823003381491,1178],[-1.353736286982894,43.02820706740022,1178],[-1.3537216186523438,43.0281819216907,1178],[-1.353705944493413,43.028167840093374,1178],[-1.3536827266216278,43.028150741010904,1178],[-1.3536580000072718,43.028131211176515,1178],[-1.3536410685628653,43.028119476512074,1178.199951171875],[-1.35361491702497,43.028098437935114,1178.199951171875],[-1.3536088820546865,43.028081422671676,1178.199951171875],[-1.3536098040640354,43.0280698556453,1178.199951171875],[-1.3536124862730503,43.0280680116266,1178.5999755859375],[-1.3536124862730503,43.0280680116266,1178.5999755859375],[-1.3536124862730503,43.0280680116266,1178.5999755859375],[-1.3536124862730503,43.0280680116266,1178.5999755859375],[-1.3536168448626995,43.02806365303695,1178.5999755859375],[-1.3536297529935837,43.028056947514415,1178.800048828125],[-1.353647019714117,43.02805736660957,1178.800048828125],[-1.3536636997014284,43.028067257255316,1178.800048828125],[-1.35367501527071,43.02807924337685,1178.800048828125],[-1.3536947965621948,43.028091648593545,1179],[-1.3537206966429949,43.02810514345765,1179.199951171875],[-1.3537447527050972,43.028117548674345,1179.4000244140625],[-1.3537663780152798,43.028132719919086,1179.4000244140625],[-1.353794876486063,43.028146382421255,1179.4000244140625],[-1.3538226205855608,43.028161469846964,1179.5999755859375],[-1.3538470957428217,43.02817638963461,1179.5999755859375],[-1.353871151804924,43.02819063887,1179.5999755859375],[-1.3538937829434872,43.02820715121925,1179.800048828125],[-1.3539132289588451,43.028222154825926,1179.800048828125],[-1.3539311662316322,43.02823564969003,1179.800048828125],[-1.3539481814950705,43.028252832591534,1179.800048828125],[-1.3539725728332996,43.02826959639788,1179.5999755859375],[-1.3540019933134317,43.02828434854746,1179.4000244140625],[-1.354028983041644,43.0282995197922,1179.4000244140625],[-1.3540641870349646,43.02831611596048,1179.199951171875],[-1.3541105389595032,43.028331538662314,1179],[-1.3541625067591667,43.02834536880255,1178.5999755859375],[-1.3542097806930542,43.02835559472442,1178],[-1.354274908080697,43.028367748484015,1176.800048828125],[-1.3543418794870377,43.02837772294879,1175.5999755859375],[-1.3544226810336113,43.0283909663558,1174.199951171875],[-1.3544853776693344,43.0284065566957,1172.5999755859375],[-1.3545422069728374,43.02842072211206,1171.5999755859375],[-1.3545934204012156,43.02843438461423,1170.199951171875],[-1.3546435441821814,43.02844813093543,1169.4000244140625],[-1.3546926621347666,43.02845693193376,1168.800048828125],[-1.354743205010891,43.028463972732425,1167.800048828125],[-1.3547906465828419,43.028468415141106,1167.5999755859375],[-1.354830376803875,43.028475707396865,1167],[-1.3548647426068783,43.028477635234594,1166.5999755859375],[-1.3548927381634712,43.028479563072324,1166.4000244140625],[-1.35491075925529,43.0284826643765,1166.199951171875],[-1.3549309596419334,43.02848341874778,1166],[-1.3549612183123827,43.028486017137766,1165.800048828125],[-1.3549898006021976,43.028490878641605,1165.800048828125],[-1.3550188019871712,43.028496243059635,1165.5999755859375],[-1.3550446182489395,43.02850286476314,1165.199951171875],[-1.3550680875778198,43.02850923500955,1165],[-1.3550921436399221,43.02851459942758,1164.800048828125],[-1.3551165349781513,43.02851744927466,1164.5999755859375],[-1.355146374553442,43.02851946093142,1164.5999755859375],[-1.3551753759384155,43.028520718216896,1164.5999755859375],[-1.3552019465714693,43.028520718216896,1164.5999755859375],[-1.3552274275571108,43.02852340042591,1164.5999755859375],[-1.3552529085427523,43.02852725610137,1164.5999755859375],[-1.3552787248045206,43.02853069268167,1164.800048828125],[-1.3552987575531006,43.02853622473776,1165],[-1.3553200475871563,43.02854242734611,1165],[-1.3553425949066877,43.02854921668768,1165.199951171875],[-1.3553658965975046,43.0285550840199,1165.199951171875],[-1.3553871866315603,43.02855793386698,1165.4000244140625],[-1.3554021064192057,43.02856111899018,1165.4000244140625],[-1.35542968288064,43.02856681868434,1165.4000244140625],[-1.3554507214576006,43.028570003807545,1165.800048828125],[-1.3554654736071825,43.02857419475913,1166],[-1.3554842490702868,43.02857310511172,1166],[-1.3555087242275476,43.028573943302035,1166],[-1.355532445013523,43.02857696078718,1166.199951171875],[-1.355554573237896,43.028577882796526,1166.5999755859375],[-1.35557577945292,43.02858106791973,1166.5999755859375],[-1.355595476925373,43.028582241386175,1166.800048828125],[-1.3556171022355556,43.028583750128746,1166.800048828125],[-1.355640823021531,43.02858634851873,1167],[-1.3556659687310457,43.02858777344227,1167.199951171875],[-1.355688264593482,43.02858802489936,1167.199951171875],[-1.355707123875618,43.02858886308968,1167.4000244140625],[-1.355733359232545,43.02859623916447,1167.800048828125],[-1.3557535596191883,43.02860118448734,1167.800048828125],[-1.3557752687484026,43.028605626896024,1168],[-1.3557980675250292,43.0286068841815,1168.199951171875],[-1.355819944292307,43.02860939875245,1168.199951171875],[-1.3558403961360455,43.02861409261823,1168.4000244140625],[-1.3558589201420546,43.02861811593175,1168.4000244140625],[-1.3558712415397167,43.028624067083,1168.5999755859375],[-1.3558890111744404,43.028632113710046,1168.5999755859375],[-1.3559076189994812,43.028636472299695,1168.800048828125],[-1.3559274841099977,43.028635969385505,1169.199951171875],[-1.3559491094201803,43.0286343768239,1169.199951171875],[-1.3559706509113312,43.028635550290346,1169.199951171875],[-1.3559936173260212,43.02864007651806,1169.800048828125],[-1.3560106325894594,43.028644351288676,1170],[-1.356030497699976,43.02864736877382,1170],[-1.3560465909540653,43.028650134801865,1170.4000244140625],[-1.3560704793781042,43.02865575067699,1170.5999755859375],[-1.3560912664979696,43.02865834906697,1170.5999755859375],[-1.356112388893962,43.028659857809544,1170.5999755859375],[-1.3561337627470493,43.02865935489535,1170.5999755859375],[-1.3561532087624073,43.02865901961923,1170.800048828125],[-1.3561734091490507,43.02866111509502,1171],[-1.3561959564685822,43.02866002544761,1171],[-1.3562149833887815,43.0286586843431,1171.199951171875],[-1.356233423575759,43.028660947456956,1171.5999755859375],[-1.3562554679811,43.02866010926664,1171.5999755859375],[-1.356275836005807,43.02865826524794,1171.5999755859375],[-1.3563045859336853,43.02865172736347,1172],[-1.3563268817961216,43.02865197882056,1172.199951171875],[-1.3563449028879404,43.028652146458626,1172.5999755859375],[-1.356365941464901,43.02864988334477,1172.800048828125],[-1.356390081346035,43.02864544093609,1173],[-1.3564138021320105,43.02864460274577,1173.199951171875],[-1.3564362656325102,43.02864200435579,1173.5999755859375],[-1.3564552925527096,43.02864192053676,1173.5999755859375],[-1.3564783427864313,43.02864074707031,1173.800048828125],[-1.356502901762724,43.02863948978484,1174],[-1.3565260358154774,43.02863823249936,1174.199951171875],[-1.356548499315977,43.02863814868033,1174.4000244140625],[-1.3565701246261597,43.02863705903292,1174.5999755859375],[-1.3565945997834206,43.02863370627165,1174.5999755859375],[-1.3566168118268251,43.028629180043936,1174.800048828125],[-1.35663952678442,43.02862490527332,1175],[-1.3566612359136343,43.02862339653075,1175.4000244140625],[-1.3566831964999437,43.02861853502691,1175.5999755859375],[-1.3567032292485237,43.02861476317048,1175.5999755859375],[-1.3567191548645496,43.028611494228244,1175.800048828125],[-1.3567355833947659,43.02860537543893,1176],[-1.3567515928298235,43.02859866991639,1176],[-1.3567664287984371,43.02858978509903,1176],[-1.3567839469760656,43.02858458831906,1176.199951171875],[-1.3568042311817408,43.02858006209135,1176.199951171875],[-1.3568257726728916,43.02857310511172,1176.4000244140625],[-1.3568493258208036,43.02856447175145,1176.4000244140625],[-1.3568755611777306,43.02855600602925,1176.4000244140625],[-1.356904897838831,43.02855030633509,1176.4000244140625],[-1.356936665251851,43.0285429302603,1176.4000244140625],[-1.3569629844278097,43.028538236394525,1176.4000244140625],[-1.3569934107363224,43.02853555418551,1176.4000244140625],[-1.3570270221680403,43.02853454835713,1176.199951171875],[-1.357062729075551,43.028530441224575,1176],[-1.357097765430808,43.028525579720736,1175.800048828125],[-1.3571343943476677,43.02852222695947,1175.800048828125],[-1.3571721967309713,43.02851996384561,1175.5999755859375],[-1.3572125975042582,43.02851552143693,1175.5999755859375],[-1.3572581950575113,43.02850982174277,1175.4000244140625],[-1.3572984281927347,43.02850521169603,1175.199951171875],[-1.3573581911623478,43.028498170897365,1175],[-1.3574097398668528,43.02848760969937,1174.800048828125],[-1.3574512302875519,43.02848668769002,1174.199951171875],[-1.357480064034462,43.028482580557466,1174.199951171875],[-1.3575190398842096,43.02848165854812,1174.199951171875],[-1.3575498014688492,43.02848098799586,1174],[-1.3575785513967276,43.02847755141556,1173.800048828125],[-1.3576083909720182,43.02847637794912,1173.5999755859375],[-1.3576430082321167,43.02847545593977,1173.5999755859375],[-1.3576850015670061,43.02847252227366,1173.5999755859375],[-1.357732443138957,43.02847101353109,1173.4000244140625],[-1.3577871769666672,43.02846757695079,1173.199951171875],[-1.3578477781265974,43.02846313454211,1173],[-1.3579103909432888,43.0284567642957,1172.800048828125],[-1.357971327379346,43.02845257334411,1172.5999755859375],[-1.358017260208726,43.02844846621156,1172],[-1.3580807950347662,43.028441006317735,1171.5999755859375],[-1.3581192679703236,43.028433630242944,1171.4000244140625],[-1.3581382110714912,43.028431786224246,1171.199951171875],[-1.3581530470401049,43.028432708233595,1171.199951171875],[-1.3581676315516233,43.028436563909054,1171.199951171875],[-1.3581853173673153,43.02844016812742,1171],[-1.3582038413733244,43.02844184450805,1171],[-1.358223957940936,43.02843840792775,1171],[-1.3582450803369284,43.02843924611807,1171],[-1.3582695554941893,43.02844159305096,1171],[-1.3582897558808327,43.02844234742224,1171],[-1.358311716467142,43.02844519726932,1171],[-1.3583321683108807,43.028448298573494,1171.199951171875],[-1.3583537098020315,43.02845156751573,1171.199951171875],[-1.3583724852651358,43.02845215424895,1171.199951171875],[-1.3583895843476057,43.028451818972826,1171.199951171875],[-1.3584131374955177,43.02844846621156,1171.199951171875],[-1.3584362715482712,43.028449639678,1171.199951171875],[-1.3584631774574518,43.028457183390856,1171.4000244140625],[-1.3584873173385859,43.0284514836967,1171.5999755859375],[-1.3585113734006882,43.0284409224987,1171.5999755859375],[-1.3585313223302364,43.02843136712909,1171.800048828125],[-1.358555881306529,43.028431702405214,1172],[-1.3585777580738068,43.028427846729755,1172],[-1.3586134649813175,43.028417117893696,1172],[-1.3586390297859907,43.02841376513243,1172.199951171875],[-1.3586661871522665,43.0284118372947,1172.199951171875],[-1.3586941827088594,43.02840546704829,1172.4000244140625],[-1.3587153889238834,43.02840605378151,1172.4000244140625],[-1.358743216842413,43.02840596996248,1172.800048828125],[-1.358763501048088,43.02840253338218,1172.800048828125],[-1.3587816059589386,43.02839633077383,1172.800048828125],[-1.3588126190006733,43.02840077318251,1172.800048828125],[-1.3588435482233763,43.028388787060976,1172.800048828125],[-1.3588697835803032,43.02838501520455,1172.800048828125],[-1.3589030597358942,43.028368251398206,1172.5999755859375],[-1.3589233439415693,43.028357438743114,1172.5999755859375],[-1.3589437119662762,43.02835098467767,1172.5999755859375],[-1.3589598052203655,43.02834687754512,1172.5999755859375],[-1.3589734677225351,43.02834017202258,1172.5999755859375],[-1.3589883875101805,43.02833489142358,1172.5999755859375],[-1.3590004574507475,43.02833120338619,1172.5999755859375],[-1.3590080849826336,43.02832793444395,1172.4000244140625],[-1.359024764969945,43.02832248620689,1172.4000244140625],[-1.3590414449572563,43.02831427194178,1172.4000244140625],[-1.359055945649743,43.02830496802926,1172.4000244140625],[-1.3590743020176888,43.028298765420914,1172.4000244140625],[-1.359090730547905,43.028293903917074,1172.4000244140625],[-1.3591002020984888,43.02828585729003,1172.199951171875],[-1.3591157086193562,43.028275379911065,1172.199951171875],[-1.3591292034834623,43.02826498635113,1172.199951171875],[-1.3591453805565834,43.02825325168669,1172],[-1.359160216525197,43.028245037421584,1172],[-1.3591779861599207,43.02824076265097,1172],[-1.3591995276510715,43.028235817328095,1172],[-1.3592230807989836,43.028229866176844,1172],[-1.3592319656163454,43.02822860889137,1172],[-1.3592319656163454,43.02822860889137,1172],[-1.3592319656163454,43.02822860889137,1172.199951171875],[-1.3592381682246923,43.02822533994913,1172.4000244140625],[-1.3592544291168451,43.02822081372142,1172.4000244140625],[-1.3592704385519028,43.02821746096015,1172.4000244140625],[-1.359297763556242,43.02821243181825,1172.4000244140625],[-1.359320729970932,43.02820329554379,1172.4000244140625],[-1.3593400921672583,43.028192315250635,1172.4000244140625],[-1.3593547604978085,43.02818619646132,1172.5999755859375],[-1.3593745417892933,43.02817789837718,1172.5999755859375],[-1.3593954127281904,43.0281663313508,1172.5999755859375],[-1.3594197202473879,43.028155183419585,1172.5999755859375],[-1.3594397529959679,43.02814613096416,1172.4000244140625],[-1.359465317800641,43.02813506685197,1172.4000244140625],[-1.35949213989079,43.02812408655882,1172.4000244140625],[-1.3595156092196703,43.028111262246966,1172.199951171875],[-1.3595379050821066,43.0280923191458,1172.199951171875],[-1.3595573510974646,43.02807639352977,1172.199951171875],[-1.3595733605325222,43.02805870771408,1172.199951171875],[-1.35959817096591,43.02804538048804,1172.199951171875],[-1.3596208021044731,43.028031550347805,1172.199951171875],[-1.3596400804817677,43.02801696583629,1172.199951171875],[-1.3596531562507153,43.0279971845448,1172.199951171875],[-1.3596657291054726,43.02797514013946,1172],[-1.3596798107028008,43.027947563678026,1172],[-1.3596954848617315,43.027921663597226,1172],[-1.359707722440362,43.027902552857995,1172],[-1.3597247377038002,43.027878161519766,1172],[-1.3597358856350183,43.027857625856996,1172],[-1.359748626127839,43.02783918567002,1171.800048828125],[-1.3597635459154844,43.02781647071242,1171.800048828125],[-1.359780477359891,43.02778587676585,1171.800048828125],[-1.3597965706139803,43.02775293588638,1171.5999755859375],[-1.3598129153251648,43.02772435359657,1171.5999755859375],[-1.3598262425512075,43.02769275382161,1171.199951171875],[-1.3598393183201551,43.02766132168472,1171],[-1.3598512206226587,43.02763215266168,1170.5999755859375],[-1.3598623685538769,43.02760189399123,1170.4000244140625],[-1.3598704151809216,43.02757306024432,1170.4000244140625],[-1.3598816469311714,43.02754766307771,1170.4000244140625],[-1.3598940521478653,43.02752318792045,1170.4000244140625],[-1.3599083852022886,43.027495946735144,1170.4000244140625],[-1.359920958057046,43.02746803499758,1170.199951171875],[-1.359933614730835,43.02744163200259,1170.199951171875],[-1.359943924471736,43.02741757594049,1170.4000244140625],[-1.3599491212517023,43.02739008329809,1170.4000244140625],[-1.359953647479415,43.027360243722796,1170.4000244140625],[-1.3599620293825865,43.02733543328941,1170.4000244140625],[-1.3599688187241554,43.02731682546437,1170.4000244140625],[-1.3599707465618849,43.02729193121195,1170.4000244140625],[-1.3599685672670603,43.027263851836324,1170.4000244140625],[-1.3599697407335043,43.02723594009876,1170.4000244140625],[-1.3599767815321684,43.027208195999265,1170.5999755859375],[-1.359985414892435,43.027182379737496,1170.800048828125],[-1.3599936291575432,43.02716025151312,1170.800048828125],[-1.3600008375942707,43.02713871002197,1171],[-1.3600064534693956,43.02711457014084,1171.4000244140625],[-1.3600039388984442,43.02709805779159,1171.5999755859375],[-1.3600018434226513,43.02708079107106,1171.5999755859375],[-1.3599997479468584,43.027058662846684,1171.5999755859375],[-1.3600043579936028,43.027028907090425,1171.5999755859375],[-1.3600103929638863,43.026999989524484,1171.5999755859375],[-1.360017266124487,43.02698079496622,1171.5999755859375],[-1.3600234687328339,43.026957074180245,1171.5999755859375],[-1.3600310124456882,43.02692949771881,1171.5999755859375],[-1.3600343652069569,43.026909632608294,1171.800048828125],[-1.3600330241024494,43.02689043805003,1171.800048828125],[-1.360033443197608,43.02686822600663,1172],[-1.360035203397274,43.02684676833451,1172.199951171875],[-1.3600391428917646,43.02682698704302,1172.199951171875],[-1.360043752938509,43.026808965951204,1172.4000244140625],[-1.3600497879087925,43.026789436116815,1172.4000244140625],[-1.3600647915154696,43.02676999010146,1172.4000244140625],[-1.360079711303115,43.02675196900964,1172.4000244140625],[-1.3600891828536987,43.026736127212644,1172.4000244140625],[-1.36008289642632,43.02671995013952,1172.4000244140625],[-1.3600678090006113,43.02669815719128,1172.4000244140625],[-1.3600570801645517,43.02667393349111,1172.4000244140625],[-1.3600538112223148,43.02664660848677,1172.4000244140625],[-1.3600531406700611,43.02661727182567,1172.199951171875],[-1.3600549008697271,43.02658793516457,1172],[-1.3600594270974398,43.0265623703599,1172],[-1.360071999952197,43.02653714083135,1172],[-1.3600863330066204,43.02651794627309,1172],[-1.3600998278707266,43.02649858407676,1171.800048828125],[-1.360117681324482,43.02647737786174,1171.800048828125],[-1.3601370435208082,43.026457680389285,1171.800048828125],[-1.3601553160697222,43.0264378990978,1171.800048828125],[-1.3601688109338284,43.02641593851149,1171.800048828125],[-1.3601810485124588,43.02639431320131,1171.5999755859375],[-1.3601867482066154,43.02637143060565,1171.5999755859375],[-1.360189849510789,43.0263517331332,1171.5999755859375],[-1.3601977284997702,43.02632348611951,1171.5999755859375],[-1.3602016679942608,43.02630303427577,1171.5999755859375],[-1.360204853117466,43.026277804747224,1171.5999755859375],[-1.3602108042687178,43.026247546076775,1171.5999755859375],[-1.3602128997445107,43.026214353740215,1171.4000244140625],[-1.3602078706026077,43.02617562934756,1171],[-1.3602076191455126,43.026136150583625,1170.5999755859375],[-1.3602109719067812,43.026104383170605,1170.4000244140625],[-1.3602194376289845,43.026064820587635,1170.199951171875],[-1.360232848674059,43.02602777257562,1170.199951171875],[-1.3602452538907528,43.02599533461034,1170],[-1.360252546146512,43.02595552057028,1169.800048828125],[-1.3602482713758945,43.02591956220567,1169.800048828125],[-1.3602405600249767,43.02588083781302,1169.5999755859375],[-1.360235195606947,43.02583683282137,1169],[-1.3602336030453444,43.025788301602006,1168.5999755859375],[-1.3602347765117884,43.025736417621374,1168.4000244140625],[-1.360233100131154,43.02568067796528,1167.4000244140625],[-1.3602274842560291,43.02562032826245,1166.800048828125],[-1.3602253049612045,43.02556567825377,1165.5999755859375],[-1.360225724056363,43.025514632463455,1165.4000244140625],[-1.3602346926927567,43.025476075708866,1165],[-1.3602442480623722,43.02544581703842,1164.800048828125],[-1.360256653279066,43.025415977463126,1164.5999755859375],[-1.360275261104107,43.02538831718266,1164.5999755859375],[-1.360287582501769,43.025368032976985,1164.4000244140625],[-1.3603013288229704,43.025346491485834,1164.4000244140625],[-1.3603113871067762,43.025324614718556,1164.4000244140625],[-1.3603164162486792,43.025301648303866,1164.199951171875],[-1.3603175058960915,43.02527851425111,1164.199951171875],[-1.3603174220770597,43.02525529637933,1164.199951171875],[-1.36031499132514,43.025231659412384,1164.199951171875],[-1.3603154942393303,43.02521062083542,1164],[-1.360316751524806,43.025186229497194,1163.800048828125],[-1.3603174220770597,43.02515722811222,1163.800048828125],[-1.3603175897151232,43.025125209242105,1163.800048828125],[-1.360320020467043,43.025090424343944,1163.4000244140625],[-1.3603247981518507,43.02505396306515,1163.199951171875],[-1.3603314198553562,43.0250168312341,1163],[-1.3603356946259737,43.02497399970889,1162.800048828125],[-1.3603368680924177,43.024937622249126,1162.5999755859375],[-1.360329994931817,43.02488112822175,1162.199951171875],[-1.3603186793625355,43.024826142936945,1161.800048828125],[-1.3603074476122856,43.02476922981441,1161.199951171875],[-1.3602934498339891,43.02470871247351,1160.5999755859375],[-1.3602898456156254,43.02464802749455,1160],[-1.3602932821959257,43.02459144964814,1159.800048828125],[-1.3602928631007671,43.02453755401075,1159.5999755859375],[-1.3602994848042727,43.024484077468514,1159.4000244140625],[-1.3603134825825691,43.02443537861109,1159.4000244140625],[-1.3603354431688786,43.024388859048486,1159],[-1.3603539671748877,43.02434938028455,1159],[-1.3603796996176243,43.024293053895235,1158.800048828125],[-1.360397720709443,43.02424351684749,1158.5999755859375],[-1.3604102097451687,43.024193393066525,1158.4000244140625],[-1.3604217767715454,43.02413874305785,1158],[-1.3604352716356516,43.02408451214433,1157.5999755859375],[-1.3604454137384892,43.02403137087822,1157.4000244140625],[-1.36045278981328,43.023978900164366,1157],[-1.3604598306119442,43.02394721657038,1156.5999755859375],[-1.360480198636651,43.02390564233065,1155.5999755859375],[-1.3605083618313074,43.02387756295502,1155],[-1.360537363216281,43.02384587936103,1155],[-1.360571477562189,43.02381193265319,1154.4000244140625],[-1.3606013171374798,43.02377991378307,1153.800048828125],[-1.3606210984289646,43.02375351078808,1153.199951171875],[-1.3606488425284624,43.02371579222381,1152.4000244140625],[-1.3606690429151058,43.02369098179042,1151.5999755859375],[-1.3606953620910645,43.02365628071129,1151.199951171875],[-1.3607206754386425,43.023629039525986,1150.4000244140625],[-1.3607476651668549,43.02359878085554,1150],[-1.360776163637638,43.023565504699945,1149],[-1.3607886526733637,43.02353608421981,1148.4000244140625],[-1.360794436186552,43.02349425852299,1147.800048828125],[-1.3607859704643488,43.023462826386094,1146.800048828125],[-1.3607803545892239,43.023430136963725,1146],[-1.360787646844983,43.02339895628393,1145],[-1.3608080986887217,43.02336920052767,1144.199951171875],[-1.360830646008253,43.02334145642817,1142.5999755859375],[-1.3608529418706894,43.02330667153001,1142],[-1.360876327380538,43.02326618693769,1141.4000244140625],[-1.3609040714800358,43.02322117611766,1141],[-1.3609413709491491,43.023178009316325,1140.199951171875],[-1.3609807658940554,43.02314205095172,1137],[-1.361004402860999,43.02311087027192,1136.5999755859375],[-1.3610178977251053,43.023081701248884,1136.199951171875],[-1.3610310573130846,43.02305378951132,1136],[-1.3610467314720154,43.02303325384855,1135.4000244140625],[-1.3610710389912128,43.0230066832155,1134.800048828125],[-1.361090987920761,43.02298849448562,1133.199951171875],[-1.3611061591655016,43.02296569570899,1133],[-1.361118396744132,43.022936191409826,1132.5999755859375],[-1.3611300475895405,43.0229030828923,1132.199951171875],[-1.3611389324069023,43.02287123166025,1130.5999755859375],[-1.3611498288810253,43.022820772603154,1130],[-1.3611672632396221,43.02275707013905,1129.199951171875],[-1.3611747231334448,43.022703090682626,1128.5999755859375],[-1.361185871064663,43.022642992436886,1127.5999755859375],[-1.3612057361751795,43.022584738209844,1127],[-1.3612328935414553,43.02252212539315,1125.800048828125],[-1.361264493316412,43.0224609375,1125.4000244140625],[-1.3612987753003836,43.02239706739783,1125.199951171875],[-1.361328363418579,43.0223539005965,1125.199951171875],[-1.3613745477050543,43.02229908294976,1125.199951171875],[-1.3614074885845184,43.02226270548999,1125],[-1.3614387530833483,43.022233452647924,1125.199951171875],[-1.3614595402032137,43.022207049652934,1125],[-1.3614827580749989,43.02218047901988,1125],[-1.3615002762526274,43.02215944044292,1125],[-1.3615050539374352,43.02215315401554,1124.800048828125],[-1.3615050539374352,43.02215315401554,1124.800048828125],[-1.3615050539374352,43.02215315401554,1124.5999755859375],[-1.3615050539374352,43.02215315401554,1124.4000244140625],[-1.3615050539374352,43.02215315401554,1124.4000244140625],[-1.3615050539374352,43.02215315401554,1124],[-1.3615050539374352,43.02215315401554,1124],[-1.3615050539374352,43.02215315401554,1124],[-1.3615050539374352,43.02215315401554,1124],[-1.3615050539374352,43.02215315401554,1124],[-1.3615050539374352,43.02215315401554,1124],[-1.3615050539374352,43.02215315401554,1124],[-1.3615050539374352,43.02215315401554,1124],[-1.3615050539374352,43.02215315401554,1124],[-1.3615050539374352,43.02215315401554,1124],[-1.3615050539374352,43.02215315401554,1124],[-1.3615034613758326,43.02215164527297,1124],[-1.3615000247955322,43.02215072326362,1124],[-1.3615000247955322,43.02215072326362,1124],[-1.3615000247955322,43.02215072326362,1124],[-1.3615000247955322,43.02215072326362,1124],[-1.3615000247955322,43.02215072326362,1124],[-1.3615000247955322,43.02215072326362,1124],[-1.3615000247955322,43.02215072326362,1124],[-1.3615000247955322,43.02215072326362,1124],[-1.3615000247955322,43.02215072326362,1124],[-1.3615000247955322,43.02215072326362,1124],[-1.3615000247955322,43.02215072326362,1124],[-1.3615000247955322,43.02215072326362,1124],[-1.3615000247955322,43.02215072326362,1124],[-1.3615000247955322,43.02215072326362,1124],[-1.3615000247955322,43.02215072326362,1124],[-1.3615000247955322,43.02215072326362,1124],[-1.3615000247955322,43.02215072326362,1124],[-1.3615000247955322,43.02215072326362,1124],[-1.3615000247955322,43.02215072326362,1124],[-1.3615000247955322,43.02215072326362,1124],[-1.3615000247955322,43.02215072326362,1124],[-1.3615000247955322,43.02215072326362,1124],[-1.3615000247955322,43.02215072326362,1124],[-1.3615000247955322,43.02215072326362,1124],[-1.3615000247955322,43.02215072326362,1124],[-1.3615000247955322,43.02215072326362,1124],[-1.3615000247955322,43.02215072326362,1124],[-1.3615000247955322,43.02215072326362,1124],[-1.3615000247955322,43.02215072326362,1124],[-1.3615000247955322,43.02215072326362,1124],[-1.3615000247955322,43.02215072326362,1124],[-1.3615000247955322,43.02215072326362,1124],[-1.3615000247955322,43.02215072326362,1124],[-1.3615000247955322,43.02215072326362,1124],[-1.3615000247955322,43.02215072326362,1124],[-1.3615000247955322,43.02215072326362,1124],[-1.3615000247955322,43.02215072326362,1124],[-1.3615000247955322,43.02215072326362,1124],[-1.3615000247955322,43.02215072326362,1124],[-1.3615000247955322,43.02215072326362,1124],[-1.3615000247955322,43.02215072326362,1124],[-1.3615000247955322,43.02215072326362,1124],[-1.3615000247955322,43.02215072326362,1124],[-1.3615000247955322,43.02215072326362,1124],[-1.3615000247955322,43.02215072326362,1124],[-1.3615000247955322,43.02215072326362,1124],[-1.3615000247955322,43.02215072326362,1124],[-1.3615027908235788,43.02214913070202,1124],[-1.3615050539374352,43.02214720286429,1124],[-1.3615050539374352,43.02214720286429,1124],[-1.3615050539374352,43.02214720286429,1124],[-1.3615050539374352,43.02214720286429,1124],[-1.3615050539374352,43.02214720286429,1124],[-1.3615050539374352,43.02214720286429,1124],[-1.3615050539374352,43.02214720286429,1124],[-1.3615050539374352,43.02214720286429,1124],[-1.3615050539374352,43.02214720286429,1124],[-1.3615050539374352,43.02214720286429,1124],[-1.3615037966519594,43.022144604474306,1124],[-1.3615027908235788,43.02214787341654,1124],[-1.3615027908235788,43.02214787341654,1124],[-1.3615027908235788,43.02214787341654,1124],[-1.3615027908235788,43.02214787341654,1124],[-1.3615027908235788,43.02214787341654,1124],[-1.3615027908235788,43.02214787341654,1124],[-1.3615027908235788,43.02214787341654,1124],[-1.3615027908235788,43.02214787341654,1124],[-1.3615027908235788,43.02214787341654,1124],[-1.3615027908235788,43.02214787341654,1124],[-1.3615027908235788,43.02214787341654,1124],[-1.3615027908235788,43.02214787341654,1124],[-1.3615027908235788,43.02214787341654,1124],[-1.3615027908235788,43.02214787341654,1124],[-1.3615027908235788,43.02214787341654,1124],[-1.3615027908235788,43.02214787341654,1124],[-1.3615027908235788,43.02214787341654,1126.199951171875],[-1.3615053053945303,43.02214125171304,1126.199951171875],[-1.361508322879672,43.02212088368833,1126.199951171875],[-1.36151066981256,43.02210411988199,1126.4000244140625],[-1.3615135196596384,43.02208257839084,1126.4000244140625],[-1.3615156151354313,43.0220515653491,1126.199951171875],[-1.3615126814693213,43.02202264778316,1126.199951171875],[-1.3615093287080526,43.02198585122824,1126.199951171875],[-1.3615160342305899,43.02194746211171,1126],[-1.361529864370823,43.02191066555679,1125.800048828125],[-1.361539252102375,43.021875293925405,1125.800048828125],[-1.3615426886826754,43.021854339167476,1125.4000244140625],[-1.3615448679775,43.02183346822858,1125.199951171875],[-1.3615450356155634,43.021820560097694,1125.199951171875],[-1.3615393359214067,43.021808322519064,1125],[-1.3615297805517912,43.02179197780788,1125],[-1.3615263439714909,43.02177152596414,1125],[-1.3615270983427763,43.02174998447299,1124.800048828125],[-1.3615300320088863,43.021728694438934,1125],[-1.3615372404456139,43.02171033807099,1125],[-1.361543694511056,43.02168854512274,1125],[-1.3615582790225744,43.02166851237416,1125],[-1.3615774735808372,43.02165040746331,1125.199951171875],[-1.361585771664977,43.02162635140121,1125.199951171875],[-1.3616006076335907,43.02161034196615,1125.199951171875],[-1.3616147730499506,43.02159642800689,1125.4000244140625],[-1.361629357561469,43.02158586680889,1125.4000244140625],[-1.3616432715207338,43.021576814353466,1125.5999755859375],[-1.3616610411554575,43.02156734280288,1125.5999755859375],[-1.361677972599864,43.02155904471874,1125.5999755859375],[-1.3616895396262407,43.02154907025397,1125.800048828125],[-1.3616985082626343,43.02153398282826,1125.800048828125],[-1.361706219613552,43.02151772193611,1125.800048828125],[-1.3617092370986938,43.02150305360556,1126.199951171875],[-1.3617115002125502,43.02149157039821,1126.4000244140625],[-1.361712422221899,43.0214748904109,1126.5999755859375],[-1.361713595688343,43.02145829424262,1126.800048828125],[-1.3617187924683094,43.021441865712404,1127.199951171875],[-1.3617296889424324,43.02142518572509,1127.4000244140625],[-1.3617413397878408,43.02141387015581,1127.5999755859375],[-1.3617581874132156,43.021405236795545,1127.800048828125],[-1.3617779687047005,43.02139769308269,1128],[-1.3617947325110435,43.02138880826533,1128.199951171875],[-1.3618106581270695,43.0213781632483,1128.4000244140625],[-1.3618278410285711,43.021370032802224,1128.5999755859375],[-1.3618457783013582,43.021364249289036,1128.800048828125],[-1.3618642184883356,43.0213609803468,1128.800048828125],[-1.3618798926472664,43.021356873214245,1129.199951171875],[-1.3618986681103706,43.021352430805564,1129.199951171875],[-1.3619171921163797,43.0213472340256,1129.4000244140625],[-1.3619380630552769,43.02134044468403,1129.4000244140625],[-1.3619545754045248,43.02133382298052,1129.5999755859375],[-1.3619720097631216,43.021326111629605,1129.4000244140625],[-1.3619913719594479,43.0213176459074,1129.4000244140625],[-1.3620103150606155,43.02130666561425,1129.4000244140625],[-1.3620277494192123,43.021294763311744,1129.4000244140625],[-1.3620450161397457,43.02128043025732,1129.4000244140625],[-1.362061109393835,43.021264001727104,1129.4000244140625],[-1.3620791304856539,43.02124564535916,1129.4000244140625],[-1.362097654491663,43.02122519351542,1129.4000244140625],[-1.3621157594025135,43.021203400567174,1129.4000244140625],[-1.362133864313364,43.021177584305406,1129.199951171875],[-1.3621532265096903,43.021149169653654,1129.199951171875],[-1.3621711637824774,43.021121844649315,1129.199951171875],[-1.3621909450739622,43.02109586074948,1129.199951171875],[-1.3622103072702885,43.02107121795416,1129.199951171875],[-1.3622289150953293,43.021046156063676,1129.199951171875],[-1.3622511271387339,43.02102092653513,1129.199951171875],[-1.3622739259153605,43.02099930122495,1129.199951171875],[-1.3622956350445747,43.02097792737186,1129.199951171875],[-1.3623191881924868,43.020955296233296,1129],[-1.3623417355120182,43.020935179665685,1129],[-1.3623645342886448,43.020916152745485,1129],[-1.3623888418078423,43.020896119996905,1128.800048828125],[-1.36241365224123,43.020874662324786,1128.5999755859375],[-1.3624380435794592,43.020853623747826,1128.5999755859375],[-1.3624612614512444,43.02083476446569,1128.5999755859375],[-1.3624734990298748,43.02082068286836,1128.4000244140625],[-1.3624791987240314,43.02081489935517,1128.199951171875],[-1.3624791987240314,43.02081489935517,1128.199951171875],[-1.3624791987240314,43.02081489935517,1128.199951171875],[-1.3624791987240314,43.02081489935517,1128],[-1.3624791987240314,43.02081489935517,1128],[-1.3624791987240314,43.02081489935517,1128],[-1.3624791987240314,43.02081489935517,1128],[-1.3624791987240314,43.02081489935517,1128],[-1.3624791987240314,43.02081489935517,1128],[-1.3624791987240314,43.02081489935517,1128],[-1.3624791987240314,43.02081489935517,1128.199951171875],[-1.3624791987240314,43.02081489935517,1128.199951171875],[-1.3624791987240314,43.02081489935517,1128.199951171875],[-1.3624791987240314,43.02081489935517,1128.199951171875],[-1.3624791987240314,43.02081489935517,1128.199951171875],[-1.3624791987240314,43.02081489935517,1128.199951171875],[-1.3624791987240314,43.02081489935517,1128.4000244140625],[-1.3624791987240314,43.02081489935517,1128.4000244140625],[-1.3624791987240314,43.02081489935517,1128.4000244140625],[-1.3624791987240314,43.02081489935517,1128.4000244140625],[-1.3624791987240314,43.02081489935517,1128.4000244140625],[-1.3624791987240314,43.02081489935517,1128.4000244140625],[-1.3624791987240314,43.02081489935517,1128.4000244140625],[-1.3624791987240314,43.02081489935517,1128.4000244140625],[-1.3624791987240314,43.02081489935517,1128.4000244140625],[-1.3624791987240314,43.02081489935517,1128.4000244140625],[-1.3624791987240314,43.02081489935517,1128.4000244140625],[-1.3624791987240314,43.02081489935517,1128.4000244140625],[-1.3624791987240314,43.02081489935517,1128.4000244140625],[-1.3624791987240314,43.02081489935517,1128.4000244140625],[-1.3624791987240314,43.02081489935517,1128.4000244140625],[-1.3624791987240314,43.02081489935517,1128.4000244140625],[-1.3624829705804586,43.02081263624132,1128.4000244140625],[-1.3624973874539137,43.02080484107137,1128.5999755859375],[-1.3625198509544134,43.020794028416276,1128.5999755859375],[-1.3625504449009895,43.02078162319958,1128.5999755859375],[-1.3625843077898026,43.02076645195484,1128.5999755859375],[-1.3626203499734402,43.020741138607264,1128.5999755859375],[-1.3626525364816189,43.020713394507766,1128.199951171875],[-1.362712299451232,43.020667461678386,1127.5999755859375],[-1.3627728167921305,43.02062756381929,1126.5999755859375],[-1.3628376089036465,43.020589677616954,1126],[-1.362904580309987,43.020548187196255,1124],[-1.3629656005650759,43.02050510421395,1123],[-1.3630313146859407,43.02046847529709,1122.199951171875],[-1.3631040696054697,43.020432433113456,1120.800048828125],[-1.3631700351834297,43.020396726205945,1119.199951171875],[-1.3632843643426895,43.02034358493984,1117.4000244140625],[-1.363391149789095,43.02029589191079,1115.4000244140625],[-1.3635010365396738,43.02024593576789,1113.4000244140625],[-1.3636122643947601,43.02019187249243,1111.800048828125],[-1.363729191944003,43.020134372636676,1110.199951171875],[-1.3638456165790558,43.02007410675287,1108.199951171875],[-1.363963047042489,43.020014679059386,1107.4000244140625],[-1.3640824053436518,43.01995818503201,1106.4000244140625],[-1.3642026856541634,43.019905714318156,1105.199951171875],[-1.364315589889884,43.01985064521432,1104.4000244140625],[-1.3644178491085768,43.01979406736791,1104],[-1.3645119778811932,43.019745452329516,1104],[-1.3646003231406212,43.0197047162801,1104],[-1.3646747544407845,43.0196772236377,1104.800048828125],[-1.3647350203245878,43.01965677179396,1105.4000244140625],[-1.3647675421088934,43.019647216424346,1106],[-1.3648007344454527,43.01963808014989,1106.800048828125],[-1.3648240361362696,43.01962927915156,1107.5999755859375],[-1.3648468349128962,43.01962190307677,1108.4000244140625],[-1.3648682087659836,43.01961435936391,1108.800048828125],[-1.3648868165910244,43.01960287615657,1109],[-1.3649050053209066,43.01959130913019,1109.199951171875],[-1.3649226073175669,43.01958007737994,1109.4000244140625],[-1.364935515448451,43.01957068964839,1109.5999755859375],[-1.364957895129919,43.0195596255362,1110],[-1.3649753294885159,43.01954722031951,1110.4000244140625],[-1.3649906683713198,43.01953800022602,1110.5999755859375],[-1.3650158140808344,43.019525511190295,1110.800048828125],[-1.3650323264300823,43.019515201449394,1111.4000244140625],[-1.365048000589013,43.01950514316559,1111.5999755859375],[-1.3650678656995296,43.01949642598629,1111.800048828125],[-1.3650864735245705,43.01948611624539,1112.199951171875],[-1.3651009742170572,43.01947362720966,1112.4000244140625],[-1.3651164807379246,43.01946138963103,1112.5999755859375],[-1.3651307299733162,43.01944957114756,1112.800048828125],[-1.365138441324234,43.01944060251117,1112.800048828125],[-1.3651512656360865,43.019428197294474,1112.800048828125],[-1.3651613239198923,43.019417971372604,1113],[-1.36518026702106,43.01940372213721,1113.199951171875],[-1.3651941809803247,43.01939316093922,1113.199951171875],[-1.365209436044097,43.01938117481768,1113.4000244140625],[-1.3652247749269009,43.01937036216259,1113.5999755859375],[-1.3652398623526096,43.01936248317361,1113.800048828125],[-1.3652557879686356,43.019353514537215,1114],[-1.3652713783085346,43.01934731192887,1114],[-1.365282442420721,43.01934110932052,1114.199951171875],[-1.365288058295846,43.01933649927378,1114.199951171875],[-1.3652873877435923,43.019339265301824,1114.199951171875],[-1.3652864657342434,43.01934345625341,1114],[-1.3652864657342434,43.01934345625341,1114],[-1.3652864657342434,43.01934345625341,1114],[-1.3652864657342434,43.01934345625341,1114],[-1.3652864657342434,43.01934345625341,1113.800048828125],[-1.3652864657342434,43.01934345625341,1113.800048828125],[-1.3652864657342434,43.01934345625341,1113.800048828125],[-1.3652864657342434,43.01934345625341,1113.800048828125],[-1.3652864657342434,43.01934345625341,1113.800048828125],[-1.3652864657342434,43.01934345625341,1113.5999755859375],[-1.3652864657342434,43.01934345625341,1113.5999755859375],[-1.3652864657342434,43.01934345625341,1113.5999755859375],[-1.3652864657342434,43.01934345625341,1113.5999755859375],[-1.3652864657342434,43.01934345625341,1113.5999755859375],[-1.3652864657342434,43.01934345625341,1113.5999755859375],[-1.3652864657342434,43.01934345625341,1113.5999755859375],[-1.3652864657342434,43.01934345625341,1113.5999755859375],[-1.3652864657342434,43.01934345625341,1113.5999755859375],[-1.3652864657342434,43.01934345625341,1113.5999755859375],[-1.3652864657342434,43.01934345625341,1113.5999755859375],[-1.3652864657342434,43.01934345625341,1113.5999755859375],[-1.3652864657342434,43.01934345625341,1113.5999755859375],[-1.3652864657342434,43.01934345625341,1113.5999755859375],[-1.3652864657342434,43.01934345625341,1113.5999755859375],[-1.3652864657342434,43.01934345625341,1113.5999755859375],[-1.3652864657342434,43.01934345625341,1113.5999755859375],[-1.3652864657342434,43.01934345625341,1113.5999755859375],[-1.3652864657342434,43.01934345625341,1113.5999755859375],[-1.3652864657342434,43.01934345625341,1113.5999755859375],[-1.3652864657342434,43.01934345625341,1113.5999755859375],[-1.3652864657342434,43.01934345625341,1113.5999755859375],[-1.3652864657342434,43.01934345625341,1113.5999755859375],[-1.3652864657342434,43.01934345625341,1113.5999755859375],[-1.3652864657342434,43.01934345625341,1113.5999755859375],[-1.3652864657342434,43.01934345625341,1113.5999755859375],[-1.3652864657342434,43.01934345625341,1113.5999755859375],[-1.3652864657342434,43.01934345625341,1113.5999755859375],[-1.3652864657342434,43.01934345625341,1113.5999755859375],[-1.3652864657342434,43.01934345625341,1113.5999755859375],[-1.3652864657342434,43.01934345625341,1113.5999755859375],[-1.3652937579900026,43.01933943293989,1113.5999755859375],[-1.3653044030070305,43.01933079957962,1113.5999755859375],[-1.3653203286230564,43.01932292059064,1113.5999755859375],[-1.3653429597616196,43.019313868135214,1113.5999755859375],[-1.3653691112995148,43.01930339075625,1113.5999755859375],[-1.3653959333896637,43.01929417066276,1113.5999755859375],[-1.3654259406030178,43.01928226836026,1113.5999755859375],[-1.3654619827866554,43.01927070133388,1113.4000244140625],[-1.3655019644647837,43.019257206469774,1113.4000244140625],[-1.3655467238277197,43.01924245432019,1113.4000244140625],[-1.3655970990657806,43.019228456541896,1113],[-1.3656553532928228,43.01921412348747,1112.800048828125],[-1.3657189719378948,43.019196605309844,1112],[-1.3657900504767895,43.01917850039899,1111.4000244140625],[-1.3658612966537476,43.01916358061135,1110.4000244140625],[-1.3659237418323755,43.01915008574724,1110.4000244140625],[-1.3659770507365465,43.01913592033088,1110.199951171875],[-1.366023737937212,43.019124353304505,1110.199951171875],[-1.3660668209195137,43.019115049391985,1110.199951171875],[-1.3661083951592445,43.01910784095526,1110.199951171875],[-1.3661427609622478,43.01909878849983,1110.199951171875],[-1.3661715108901262,43.01908730529249,1110.199951171875],[-1.366201937198639,43.01906852982938,1110.199951171875],[-1.3662277534604073,43.01904539577663,1110],[-1.3662565872073174,43.01902242936194,1110],[-1.3662886898964643,43.01900189369917,1110],[-1.3663251511752605,43.01898496225476,1109.800048828125],[-1.3663641270250082,43.01897398196161,1109.800048828125],[-1.3663995824754238,43.018965097144246,1109.800048828125],[-1.3664330262690783,43.01895562559366,1109.800048828125],[-1.3664662186056376,43.018945483490825,1109.800048828125],[-1.3664986565709114,43.0189348384738,1110],[-1.3665312621742487,43.018923019990325,1110],[-1.3665647897869349,43.01891044713557,1110],[-1.3665934558957815,43.01889779046178,1110.199951171875],[-1.3666197750717402,43.01888404414058,1110.199951171875],[-1.366647183895111,43.01886761561036,1110.4000244140625],[-1.366669312119484,43.018847750499845,1110.4000244140625],[-1.3666885066777468,43.018829226493835,1110.4000244140625],[-1.3667100481688976,43.01881095394492,1110.5999755859375],[-1.366736451163888,43.018792513757944,1110.5999755859375],[-1.366765033453703,43.018774408847094,1110.800048828125],[-1.3667936995625496,43.018756890669465,1111.199951171875],[-1.3668193481862545,43.01873970776796,1111.4000244140625],[-1.3668406382203102,43.018723698332906,1111.4000244140625],[-1.3668601680547,43.0187051743269,1111.4000244140625],[-1.3668812066316605,43.01868396811187,1111.5999755859375],[-1.3669015746563673,43.01866292953491,1111.800048828125],[-1.3669237028807402,43.01864515990019,1111.800048828125],[-1.3669449090957642,43.01862898282707,1111.800048828125],[-1.3669684622436762,43.018611799925566,1112.4000244140625],[-1.3669934403151274,43.01859327591956,1112.5999755859375],[-1.3670176640152931,43.01857349462807,1112.5999755859375],[-1.3670370262116194,43.018555557355285,1112.5999755859375],[-1.367062171921134,43.01853443495929,1112.5999755859375],[-1.3670900836586952,43.018512139096856,1112.5999755859375],[-1.367119001224637,43.0184892565012,1112.5999755859375],[-1.367149343714118,43.01846536807716,1112.5999755859375],[-1.3671794347465038,43.01843997091055,1112.4000244140625],[-1.367210615426302,43.018419686704874,1112.4000244140625],[-1.3672417961061,43.01839563064277,1112.4000244140625],[-1.367270713672042,43.01837299950421,1112.5999755859375],[-1.3673011399805546,43.01835011690855,1112.5999755859375],[-1.3673296384513378,43.018325893208385,1112.5999755859375],[-1.367359897121787,43.0183026753366,1112.5999755859375],[-1.3673909101635218,43.01828255876899,1112.5999755859375],[-1.3674209173768759,43.0182646214962,1112.800048828125],[-1.3674445543438196,43.01825238391757,1112.800048828125],[-1.367462994530797,43.018239894881845,1113.199951171875],[-1.3674821052700281,43.0182300042361,1113.199951171875],[-1.3675069157034159,43.01821751520038,1113.4000244140625],[-1.3675224222242832,43.018208127468824,1113.5999755859375],[-1.367543125525117,43.018195973709226,1114],[-1.3675613980740309,43.01818683743477,1114.199951171875],[-1.3675801735371351,43.018176360055804,1114.4000244140625],[-1.3676021341234446,43.01816537976265,1114.5999755859375],[-1.3676237594336271,43.01815657876432,1115],[-1.3676416967064142,43.018148029223084,1115.4000244140625],[-1.3676624838262796,43.01813763566315,1115.800048828125],[-1.3676867075264454,43.018125146627426,1116.199951171875],[-1.367708332836628,43.018120201304555,1116.800048828125],[-1.3677305448800325,43.018118273466825,1117.199951171875],[-1.3677553553134203,43.01811517216265,1117.4000244140625],[-1.3677776511758566,43.01811131648719,1117.800048828125],[-1.3677979353815317,43.0181092210114,1118.199951171875],[-1.3678207341581583,43.01810595206916,1118.4000244140625],[-1.3678442873060703,43.018105532974005,1119],[-1.3678669184446335,43.018106538802385,1119.5999755859375],[-1.3678898010402918,43.01810486242175,1120],[-1.3679116778075695,43.01810486242175,1120.199951171875],[-1.367931291460991,43.018107041716576,1120.5999755859375],[-1.3679523300379515,43.018107963725924,1121],[-1.3679734524339437,43.01810519769788,1121.4000244140625],[-1.367994574829936,43.018103521317244,1122],[-1.3680131826549768,43.018101593479514,1122.199951171875],[-1.3680326286703348,43.01809840835631,1122.5999755859375],[-1.368053499609232,43.01809614524245,1123],[-1.3680742029100657,43.018092876300216,1123.199951171875],[-1.3681002706289291,43.01808583550155,1123.199951171875],[-1.368139162659645,43.0180780403316,1123.199951171875],[-1.3681864365935326,43.018071837723255,1123.199951171875],[-1.3682380691170692,43.01806781440973,1123],[-1.3682928867638111,43.01806479692459,1122.5999755859375],[-1.3683523144572973,43.01806379109621,1121.5999755859375],[-1.3684047013521194,43.01806320436299,1121.199951171875],[-1.36847167275846,43.01806965842843,1120.5999755859375],[-1.3685389794409275,43.01808005198836,1119.800048828125],[-1.3686082139611244,43.01809254102409,1118.800048828125],[-1.3686974812299013,43.01810888573527,1117.5999755859375],[-1.3687797077000141,43.018119279295206,1116.199951171875],[-1.3688671309500933,43.01812196150422,1114.800048828125],[-1.368937287479639,43.01811710000038,1114.199951171875],[-1.3690375350415707,43.01810301840305,1112.800048828125],[-1.3691009860485792,43.01809212192893,1112.5999755859375],[-1.36917675845325,43.018079213798046,1111.5999755859375],[-1.3692520279437304,43.01806848496199,1111.4000244140625],[-1.3693293929100037,43.018060605973005,1111.199951171875],[-1.3694056682288647,43.018056750297546,1110.800048828125],[-1.3694869726896286,43.018049877136946,1110.4000244140625],[-1.3695334922522306,43.018040070310235,1110.199951171875],[-1.3695830292999744,43.01802322268486,1110],[-1.3696221727877855,43.018006291240454,1110],[-1.3696572091430426,43.01798902451992,1110],[-1.3696964364498854,43.01796765066683,1110.199951171875],[-1.3697290420532227,43.01795004867017,1110.199951171875],[-1.3697505835443735,43.01793722435832,1110.199951171875],[-1.3697854522615671,43.017923729494214,1110.4000244140625],[-1.3698078319430351,43.017917443066835,1110.5999755859375],[-1.3698366656899452,43.01790839061141,1111],[-1.3698622304946184,43.01789908669889,1111.199951171875],[-1.36988771148026,43.0178880225867,1111.199951171875],[-1.369917131960392,43.01787519827485,1111.4000244140625],[-1.3699425291270018,43.01786103285849,1111.5999755859375],[-1.3699629809707403,43.01784527488053,1111.800048828125],[-1.3699798285961151,43.0178327858448,1112],[-1.3700032141059637,43.01781786605716,1112],[-1.3700265996158123,43.01780378445983,1112],[-1.370046129450202,43.017792301252484,1112],[-1.370062306523323,43.017777716740966,1112.199951171875],[-1.370081752538681,43.01776388660073,1112.199951171875],[-1.370098264887929,43.0177484638989,1112.4000244140625],[-1.3701136875897646,43.01773362793028,1112.5999755859375],[-1.3701307028532028,43.017717115581036,1112.5999755859375],[-1.370149226859212,43.01769968122244,1112.5999755859375],[-1.3701617997139692,43.01768803037703,1112.800048828125],[-1.370181329548359,43.01767143420875,1112.800048828125],[-1.3701949082314968,43.01765953190625,1113],[-1.3702115043997765,43.01764704287052,1113.4000244140625],[-1.3702275976538658,43.01763564348221,1113.5999755859375],[-1.3702426012605429,43.017620304599404,1113.800048828125],[-1.3702577725052834,43.01760630682111,1113.800048828125],[-1.370270512998104,43.017592057585716,1114],[-1.3702821638435125,43.01757428795099,1114],[-1.370302028954029,43.017554925754666,1114.199951171875],[-1.370317367836833,43.01754780113697,1114.4000244140625],[-1.3703346345573664,43.0175341386348,1114.4000244140625],[-1.3703521527349949,43.017519721761346,1114.800048828125],[-1.37036950327456,43.01750631071627,1115],[-1.3703828305006027,43.01749315112829,1115.199951171875],[-1.3703929726034403,43.01748217083514,1115.4000244140625],[-1.3704083114862442,43.01746909506619,1115.5999755859375],[-1.3704265002161264,43.01745166070759,1115.800048828125],[-1.370438737794757,43.01743783056736,1116],[-1.3704555854201317,43.01742073148489,1116],[-1.3704768754541874,43.017402961850166,1116.199951171875],[-1.3704902864992619,43.017389718443155,1116.199951171875],[-1.370507050305605,43.01737479865551,1116.5999755859375],[-1.3705250713974237,43.017358453944325,1116.800048828125],[-1.3705395720899105,43.017348144203424,1116.800048828125],[-1.3705577608197927,43.01733280532062,1117],[-1.370570668950677,43.01731872372329,1117.4000244140625],[-1.3705844152718782,43.01730296574533,1117.4000244140625],[-1.3706009276211262,43.017287626862526,1117.4000244140625],[-1.3706152606755495,43.01727279089391,1117.5999755859375],[-1.3706274144351482,43.017260637134314,1117.5999755859375],[-1.3706385623663664,43.01724563352764,1117.800048828125],[-1.3706509675830603,43.01723264157772,1118],[-1.3706615287810564,43.017220571637154,1118],[-1.3706761971116066,43.01720531657338,1118],[-1.370690194889903,43.01718821749091,1118.4000244140625],[-1.3707020971924067,43.01717145368457,1118.4000244140625],[-1.3707150053232908,43.017154689878225,1118.5999755859375],[-1.3707301765680313,43.0171371717006,1118.800048828125],[-1.3707451801747084,43.017119485884905,1118.800048828125],[-1.370757920667529,43.01710356026888,1119],[-1.370774768292904,43.01708788610995,1119],[-1.3707906939089298,43.01707179285586,1119.199951171875],[-1.3708042725920677,43.017056956887245,1119.800048828125],[-1.3708208687603474,43.0170386005193,1119.800048828125],[-1.3708396442234516,43.01701806485653,1120],[-1.3708519656211138,43.01700482144952,1120.199951171875],[-1.3708652090281248,43.01699107512832,1120.4000244140625],[-1.3708865828812122,43.0169762391597,1120.4000244140625],[-1.3709067832678556,43.016961654648185,1120.4000244140625],[-1.3709213677793741,43.01694916561246,1120.5999755859375],[-1.3709422387182713,43.016930893063545,1121],[-1.3709545601159334,43.016918655484915,1121.199951171875],[-1.370968809351325,43.01690373569727,1121.199951171875],[-1.3709875848144293,43.01688814535737,1121.4000244140625],[-1.3710046838968992,43.01687506958842,1121.5999755859375],[-1.3710193522274494,43.016863418743014,1121.800048828125],[-1.3710397202521563,43.016845397651196,1122],[-1.3710545562207699,43.01683047786355,1122],[-1.371070733293891,43.016816480085254,1122.199951171875],[-1.3710859045386314,43.01680642180145,1122.4000244140625],[-1.3711032550781965,43.01679477095604,1122.5999755859375],[-1.3711216114461422,43.01678068935871,1122.800048828125],[-1.3711398001760244,43.016769122332335,1123],[-1.3711620960384607,43.016758896410465,1123.199951171875],[-1.3711863197386265,43.0167449824512,1123.199951171875],[-1.3712070230394602,43.016733415424824,1123.4000244140625],[-1.3712253794074059,43.01672427915037,1123.5999755859375],[-1.3712392933666706,43.01671572960913,1123.800048828125],[-1.371257733553648,43.01670382730663,1124],[-1.3712798617780209,43.0166913382709,1124.4000244140625],[-1.3712962064892054,43.01668228581548,1124.4000244140625],[-1.3713175803422928,43.016672395169735,1124.5999755859375],[-1.3713391218334436,43.01666535437107,1124.800048828125],[-1.3713648542761803,43.0166604090482,1125],[-1.3713876530528069,43.01665638573468,1125.199951171875],[-1.3714084401726723,43.0166500993073,1125.4000244140625],[-1.371427970007062,43.01664079539478,1125.5999755859375],[-1.3714519422501326,43.01663124002516,1125.800048828125],[-1.3714782614260912,43.016624450683594,1125.800048828125],[-1.3715069275349379,43.01662327721715,1126],[-1.3715321570634842,43.016624031588435,1126.4000244140625],[-1.3715562969446182,43.016626965254545,1126.5999755859375],[-1.3715763296931982,43.01662654615939,1126.800048828125],[-1.3716044090688229,43.016626043245196,1127.199951171875],[-1.37162821367383,43.01662679761648,1127.4000244140625],[-1.3716527726501226,43.0166310723871,1127.5999755859375],[-1.3716728892177343,43.016632832586765,1127.5999755859375],[-1.3716929219663143,43.01663073711097,1128],[-1.37171421200037,43.01662612706423,1128],[-1.3717396929860115,43.01662118174136,1128.199951171875],[-1.3717644196003675,43.01661824807525,1128.4000244140625],[-1.371789313852787,43.016614727675915,1128.5999755859375],[-1.3718123640865088,43.01661305129528,1128.800048828125],[-1.3718368392437696,43.01661003381014,1128.800048828125],[-1.3718624040484428,43.01660617813468,1128.800048828125],[-1.371887382119894,43.016604501754045,1129],[-1.3719133660197258,43.01660425029695,1129.4000244140625],[-1.3719382602721453,43.01660466939211,1129.5999755859375],[-1.3719646632671356,43.01660190336406,1129.800048828125],[-1.3719908986240625,43.01660098135471,1129.800048828125],[-1.3720167148858309,43.01660265773535,1129.800048828125],[-1.372039346024394,43.01660818979144,1129.800048828125],[-1.3720647431910038,43.016606932505965,1129.800048828125],[-1.3720896374434233,43.016605004668236,1129.800048828125],[-1.372115621343255,43.01660223864019,1130],[-1.3721422757953405,43.016602490097284,1130],[-1.3721656613051891,43.01660466939211,1130],[-1.3721892144531012,43.01660634577274,1130.4000244140625],[-1.3722120970487595,43.01660718396306,1130.4000244140625],[-1.3722374103963375,43.016607938334346,1130.5999755859375],[-1.3722618017345667,43.01660651341081,1130.5999755859375],[-1.372287953272462,43.01660651341081,1130.5999755859375],[-1.3723120093345642,43.01660810597241,1130.800048828125],[-1.3723334670066833,43.01660777069628,1131],[-1.3723563496023417,43.016609363257885,1131],[-1.3723822496831417,43.01661120727658,1131.4000244140625],[-1.3724073953926563,43.016613805666566,1131.5999755859375],[-1.372433127835393,43.01661355420947,1131.5999755859375],[-1.3724576868116856,43.016613805666566,1131.5999755859375],[-1.3724789768457413,43.0166207626462,1131.800048828125],[-1.3725011050701141,43.01662562415004,1132.199951171875],[-1.3725224789232016,43.01662528887391,1132.199951171875],[-1.372549468651414,43.01662227138877,1132.199951171875],[-1.3725751172751188,43.016618667170405,1132.4000244140625],[-1.3726038672029972,43.01661145873368,1132.4000244140625],[-1.3726296834647655,43.01661011762917,1132.4000244140625],[-1.372653990983963,43.01660751923919,1132.4000244140625],[-1.372675783932209,43.01660919561982,1132.5999755859375],[-1.3727019354701042,43.01661221310496,1132.5999755859375],[-1.3727327808737755,43.01661506295204,1132.800048828125],[-1.3727655541151762,43.0166189186275,1132.800048828125],[-1.3728033564984798,43.01662428304553,1132.800048828125],[-1.3728399015963078,43.01662805490196,1133],[-1.3728756085038185,43.01663098856807,1133],[-1.372914919629693,43.016630318015814,1133.199951171875],[-1.3729569129645824,43.01663115620613,1133.199951171875],[-1.3729934580624104,43.01663685590029,1133.5999755859375],[-1.3730342779308558,43.016645573079586,1133.5999755859375],[-1.3730697333812714,43.016654290258884,1133.5999755859375],[-1.3731015007942915,43.0166656896472,1133.800048828125],[-1.3731367886066437,43.016677340492606,1133.800048828125],[-1.3731710705906153,43.01669016480446,1133.800048828125],[-1.373202670365572,43.01670424640179,1134],[-1.3732372038066387,43.01671715453267,1134.199951171875],[-1.3732702285051346,43.01673190668225,1134.4000244140625],[-1.3733062706887722,43.016749089583755,1134.5999755859375],[-1.3733418937772512,43.01676308736205,1134.5999755859375],[-1.3733767624944448,43.01677783951163,1134.5999755859375],[-1.3734107092022896,43.01679242402315,1134.5999755859375],[-1.3734446559101343,43.01680499687791,1134.5999755859375],[-1.373480698093772,43.016818994656205,1134.800048828125],[-1.3735143933445215,43.016834165900946,1134.800048828125],[-1.3735520280897617,43.016851684078574,1135],[-1.3735895790159702,43.01686408929527,1135],[-1.373625285923481,43.016878170892596,1135],[-1.373664764687419,43.01689384505153,1135],[-1.3737034052610397,43.016909854486585,1135],[-1.373739531263709,43.016925444826484,1135],[-1.373777836561203,43.01693877205253,1135],[-1.373813794925809,43.01694958470762,1135],[-1.373851764947176,43.016957715153694,1135],[-1.3738899026066065,43.016962660476565,1135.199951171875],[-1.373924519866705,43.01696483977139,1135.199951171875],[-1.3739520125091076,43.01696500740945,1135.199951171875],[-1.3739831931889057,43.01696140319109,1135.4000244140625],[-1.3740135356783867,43.016952853649855,1135.5999755859375],[-1.3740396033972502,43.0169418733567,1135.800048828125],[-1.3740672636777163,43.01692871376872,1135.800048828125],[-1.374095007777214,43.01691396161914,1136],[-1.3741246797144413,43.0168985389173,1136.199951171875],[-1.3741564471274614,43.01687942817807,1136.199951171875],[-1.3741862867027521,43.016863418743014,1136.199951171875],[-1.3742165453732014,43.016846319660544,1136.199951171875],[-1.3742476422339678,43.01683106459677,1136.199951171875],[-1.3742775656282902,43.01681480370462,1136.199951171875],[-1.374307656660676,43.01679527387023,1136.199951171875],[-1.3743376638740301,43.01677473820746,1136.199951171875],[-1.3743631448596716,43.01675537601113,1136.199951171875],[-1.3743858598172665,43.01673827692866,1136.4000244140625],[-1.3744055572897196,43.016717322170734,1136.4000244140625],[-1.374428691342473,43.016696283593774,1136.4000244140625],[-1.3744509872049093,43.016675831750035,1136.4000244140625],[-1.374472863972187,43.01665747538209,1136.5999755859375],[-1.3744939025491476,43.01663777790964,1136.5999755859375],[-1.3745115883648396,43.01662126556039,1136.5999755859375],[-1.3745332974940538,43.016604417935014,1136.5999755859375],[-1.3745480496436357,43.016591258347034,1136.800048828125],[-1.3745480496436357,43.016591258347034,1137],[-1.3745480496436357,43.016591258347034,1137.199951171875],[-1.3745480496436357,43.016591258347034,1137.199951171875],[-1.3745480496436357,43.016591258347034,1137.199951171875],[-1.3745480496436357,43.016591258347034,1137.199951171875],[-1.3745480496436357,43.016591258347034,1137.199951171875],[-1.3745480496436357,43.016591258347034,1137.199951171875],[-1.3745480496436357,43.016591258347034,1137.199951171875],[-1.3745480496436357,43.016591258347034,1137.199951171875],[-1.3745480496436357,43.016591258347034,1137.199951171875],[-1.3745480496436357,43.016591258347034,1137],[-1.3745480496436357,43.016591258347034,1137],[-1.3745480496436357,43.016591258347034,1137],[-1.3745480496436357,43.016591258347034,1137],[-1.3745480496436357,43.016591258347034,1137],[-1.3745480496436357,43.016591258347034,1137],[-1.3745480496436357,43.016591258347034,1137],[-1.3745480496436357,43.016591258347034,1137],[-1.3745480496436357,43.016591258347034,1137],[-1.3745480496436357,43.016591258347034,1137],[-1.3745480496436357,43.016591258347034,1137],[-1.3745480496436357,43.016591258347034,1137],[-1.3745480496436357,43.016591258347034,1137],[-1.3745509833097458,43.016588408499956,1137],[-1.3745545037090778,43.01658136770129,1137],[-1.3745544198900461,43.01658044569194,1136.800048828125],[-1.3745530787855387,43.01657893694937,1136.800048828125],[-1.3745530787855387,43.01657893694937,1136.800048828125],[-1.3745530787855387,43.01657893694937,1136.800048828125],[-1.3745530787855387,43.01657893694937,1136.800048828125],[-1.3745530787855387,43.01657893694937,1136.800048828125],[-1.3745530787855387,43.01657893694937,1136.800048828125],[-1.3745530787855387,43.01657893694937,1136.800048828125],[-1.3745530787855387,43.01657893694937,1136.800048828125],[-1.3745530787855387,43.01657893694937,1136.800048828125],[-1.3745530787855387,43.01657893694937,1136.800048828125],[-1.3745530787855387,43.01657893694937,1136.800048828125],[-1.3745530787855387,43.01657893694937,1136.800048828125],[-1.3745530787855387,43.01657893694937,1136.800048828125],[-1.3745530787855387,43.01657893694937,1136.800048828125],[-1.3745524920523167,43.01658161915839,1136.800048828125],[-1.3745550066232681,43.01658262498677,1136.800048828125],[-1.3745550066232681,43.01658262498677,1136.800048828125],[-1.3745550066232681,43.01658262498677,1136.5999755859375],[-1.3745550066232681,43.01658262498677,1136.800048828125],[-1.3745550066232681,43.01658262498677,1136.800048828125],[-1.3745534978806973,43.01658228971064,1136.800048828125],[-1.3745528273284435,43.016579104587436,1136.800048828125],[-1.3745528273284435,43.016579104587436,1136.800048828125],[-1.3745528273284435,43.016579104587436,1136.800048828125],[-1.3745528273284435,43.016579104587436,1136.800048828125],[-1.3745516538619995,43.016577595844865,1136.800048828125],[-1.374551234766841,43.016575584188104,1136.800048828125],[-1.374551234766841,43.016575584188104,1136.5999755859375],[-1.374551234766841,43.016575584188104,1136.5999755859375],[-1.374551234766841,43.016575584188104,1136.5999755859375],[-1.374551234766841,43.016575584188104,1136.5999755859375],[-1.374551234766841,43.016575584188104,1136.5999755859375],[-1.374551234766841,43.016575584188104,1136.5999755859375],[-1.374551234766841,43.016575584188104,1136.5999755859375],[-1.374551234766841,43.016575584188104,1136.5999755859375],[-1.374551234766841,43.016575584188104,1136.5999755859375],[-1.374551234766841,43.016575584188104,1136.5999755859375],[-1.374551234766841,43.016575584188104,1136.5999755859375],[-1.374551234766841,43.016575584188104,1136.5999755859375],[-1.374551234766841,43.016575584188104,1136.5999755859375],[-1.374550899490714,43.01657340489328,1136.5999755859375],[-1.3745509833097458,43.01656996831298,1136.5999755859375],[-1.3745509833097458,43.01656996831298,1136.5999755859375],[-1.3745509833097458,43.01656996831298,1136.5999755859375],[-1.3745509833097458,43.01656996831298,1136.5999755859375],[-1.3745509833097458,43.01656996831298,1136.5999755859375],[-1.3745509833097458,43.01656996831298,1136.5999755859375],[-1.3745509833097458,43.01656996831298,1136.800048828125],[-1.3745509833097458,43.01656996831298,1136.800048828125],[-1.3745509833097458,43.01656996831298,1136.800048828125],[-1.3745509833097458,43.01656996831298,1136.800048828125],[-1.3745509833097458,43.01656996831298,1136.800048828125],[-1.3745509833097458,43.01656996831298,1137],[-1.3745509833097458,43.01656996831298,1136.800048828125],[-1.3745509833097458,43.01656996831298,1136.800048828125],[-1.3745509833097458,43.01656996831298,1136.800048828125],[-1.3745523244142532,43.01656770519912,1136.800048828125],[-1.3745669927448034,43.01656032912433,1136.800048828125],[-1.3745838403701782,43.01655001938343,1136.5999755859375],[-1.3746005203574896,43.0165377818048,1136.4000244140625],[-1.3746198825538158,43.01652554422617,1136.4000244140625],[-1.374642513692379,43.0165100377053,1136.4000244140625],[-1.3746664021164179,43.01649377681315,1136.4000244140625],[-1.3746897038072348,43.01647424697876,1136.4000244140625],[-1.37471585534513,43.01645270548761,1136.4000244140625],[-1.374744437634945,43.01643183454871,1136.4000244140625],[-1.3747741095721722,43.01641113124788,1136.4000244140625],[-1.374805960804224,43.01638875156641,1136.4000244140625],[-1.3748372253030539,43.01636477932334,1136.199951171875],[-1.3748667296022177,43.01633946597576,1136],[-1.3748949766159058,43.01631507463753,1136],[-1.3749185297638178,43.01629101857543,1136],[-1.3749394845217466,43.016268303617835,1136],[-1.374960271641612,43.016248270869255,1136.199951171875],[-1.374981813132763,43.016226813197136,1136.199951171875],[-1.375003019347787,43.0162010807544,1136.4000244140625],[-1.375022130087018,43.016175013035536,1136.800048828125],[-1.3750402349978685,43.01614793948829,1136.800048828125],[-1.3750572502613068,43.01612053066492,1137],[-1.3750725891441107,43.01609345711768,1137.199951171875],[-1.3750876765698195,43.01606487482786,1137.199951171875],[-1.3751015067100525,43.01603830419481,1137.199951171875],[-1.3751146662980318,43.01601014100015,1137.199951171875],[-1.3751286640763283,43.01598549820483,1137.4000244140625],[-1.3751424942165613,43.01596999168396,1137.4000244140625],[-1.3751461822539568,43.015965800732374,1137.5999755859375],[-1.3751461822539568,43.015965800732374,1137.800048828125],[-1.3751461822539568,43.015965800732374,1138],[-1.3751461822539568,43.015965800732374,1138],[-1.3751461822539568,43.015965800732374,1138],[-1.3751461822539568,43.015965800732374,1138],[-1.3751461822539568,43.015965800732374,1138],[-1.3751461822539568,43.015965800732374,1138],[-1.3751461822539568,43.015965800732374,1138],[-1.3751461822539568,43.015965800732374,1138.199951171875],[-1.3751461822539568,43.015965800732374,1138.199951171875],[-1.3751461822539568,43.015965800732374,1138.199951171875],[-1.3751461822539568,43.015965800732374,1138.199951171875],[-1.3751461822539568,43.015965800732374,1138.199951171875],[-1.3751461822539568,43.015965800732374,1138.199951171875],[-1.3751461822539568,43.015965800732374,1138.199951171875],[-1.3751461822539568,43.015965800732374,1138.199951171875],[-1.3751461822539568,43.015965800732374,1138.199951171875],[-1.3751461822539568,43.015965800732374,1138.199951171875],[-1.3751461822539568,43.015965800732374,1138.199951171875],[-1.3751461822539568,43.015965800732374,1138.199951171875],[-1.3751461822539568,43.015965800732374,1138.199951171875],[-1.3751461822539568,43.015965800732374,1138.4000244140625],[-1.3751461822539568,43.015965800732374,1138.4000244140625],[-1.3751461822539568,43.015965800732374,1138.4000244140625],[-1.3751461822539568,43.015965800732374,1138.4000244140625],[-1.3751461822539568,43.015965800732374,1138.4000244140625],[-1.3751461822539568,43.015965800732374,1138.4000244140625],[-1.3751461822539568,43.015965800732374,1138.4000244140625],[-1.3751461822539568,43.015965800732374,1138.4000244140625],[-1.3751461822539568,43.015965800732374,1138.4000244140625],[-1.3751461822539568,43.015965800732374,1138.4000244140625],[-1.3751461822539568,43.015965800732374,1138.4000244140625],[-1.3751461822539568,43.015965800732374,1138.4000244140625],[-1.3751461822539568,43.015965800732374,1138.4000244140625],[-1.3751461822539568,43.015965800732374,1138.4000244140625],[-1.3751461822539568,43.015965800732374,1138.4000244140625],[-1.3751461822539568,43.015965800732374,1138.4000244140625],[-1.3751461822539568,43.015965800732374,1138.4000244140625],[-1.3751461822539568,43.015965800732374,1138.4000244140625],[-1.3751461822539568,43.015965800732374,1138.199951171875],[-1.3751461822539568,43.015965800732374,1138.199951171875],[-1.3751461822539568,43.015965800732374,1138.199951171875],[-1.3751461822539568,43.015965800732374,1138.199951171875],[-1.3751461822539568,43.015965800732374,1138.199951171875],[-1.375146433711052,43.01596177741885,1138.199951171875],[-1.37514878064394,43.01594995893538,1138.199951171875],[-1.3751557376235723,43.015927746891975,1138],[-1.3751619402319193,43.01590947434306,1138],[-1.3751739263534546,43.01588835194707,1138],[-1.375186750665307,43.01586044020951,1138],[-1.3751968927681446,43.015834875404835,1138],[-1.3752054423093796,43.01581358537078,1138],[-1.3752174284309149,43.015781566500664,1138.199951171875],[-1.3752254750579596,43.01575943827629,1138.199951171875],[-1.3752362877130508,43.01573286764324,1138.4000244140625],[-1.3752505369484425,43.01570059731603,1138.5999755859375],[-1.3752590864896774,43.01567981019616,1138.5999755859375],[-1.3752713240683079,43.01565173082054,1138.800048828125],[-1.375285740941763,43.01562197506428,1138.800048828125],[-1.3753034267574549,43.01559121347964,1138.800048828125],[-1.3753230404108763,43.01555760204792,1138.5999755859375],[-1.375349024310708,43.01551510579884,1138.5999755859375],[-1.3753688056021929,43.015488451346755,1138.4000244140625],[-1.375396465882659,43.0154550075531,1138.4000244140625],[-1.3754247967153788,43.01542181521654,1138.199951171875],[-1.3754506967961788,43.01538962870836,1137.800048828125],[-1.3754746690392494,43.01535861566663,1137.800048828125],[-1.3754979707300663,43.015326680615544,1137.800048828125],[-1.3755197636783123,43.015295499935746,1137.800048828125],[-1.3755400478839874,43.015263732522726,1137.800048828125],[-1.3755591586232185,43.01523204892874,1137.800048828125],[-1.375573743134737,43.01520078442991,1137.800048828125],[-1.3755810353904963,43.015168933197856,1138],[-1.3755859807133675,43.01513942889869,1138.199951171875],[-1.3755895011126995,43.01510942168534,1138.4000244140625],[-1.3755909260362387,43.015077570453286,1138.5999755859375],[-1.3755917642265558,43.01504756323993,1139],[-1.37558757327497,43.015017891302705,1139.199951171875],[-1.3755798619240522,43.014990985393524,1139.199951171875],[-1.3755732402205467,43.01496651023626,1139.5999755859375],[-1.3755658641457558,43.01494337618351,1140],[-1.3755553029477596,43.01491999067366,1140.4000244140625],[-1.375544909387827,43.01489593461156,1140.800048828125],[-1.375535437837243,43.01487355493009,1140.800048828125],[-1.3755270559340715,43.01484924741089,1141],[-1.3755150698125362,43.014821000397205,1141.199951171875],[-1.3755063526332378,43.01479828543961,1141.5999755859375],[-1.3754987251013517,43.014776576310396,1141.800048828125],[-1.3754896726459265,43.01475704647601,1142],[-1.3754802010953426,43.01473726518452,1142.4000244140625],[-1.3754720706492662,43.0147158075124,1142.5999755859375],[-1.3754649460315704,43.01469502039254,1143.199951171875],[-1.3754575699567795,43.01467373035848,1143.4000244140625],[-1.3754530437290668,43.01465176977217,1143.800048828125],[-1.3754457514733076,43.01462737843394,1144.199951171875],[-1.3754370342940092,43.0146053340286,1144.5999755859375],[-1.3754333462566137,43.01458848640323,1145.4000244140625],[-1.375431502237916,43.01456904038787,1145.800048828125],[-1.3754289038479328,43.01454775035381,1146],[-1.3754274789243937,43.014526376500726,1146.4000244140625],[-1.3754214439541101,43.014504835009575,1146.5999755859375],[-1.375415325164795,43.01448488608003,1146.800048828125],[-1.375411469489336,43.014465691521764,1147.5999755859375],[-1.3754034228622913,43.01444188691676,1148],[-1.3753971364349127,43.01441858522594,1148.199951171875],[-1.3753912691026926,43.01439855247736,1148.199951171875],[-1.3753859046846628,43.01438002847135,1148.4000244140625],[-1.3753774389624596,43.01436041481793,1148.4000244140625],[-1.3753701467067003,43.014340717345476,1148.4000244140625],[-1.375363189727068,43.01432143896818,1148.5999755859375],[-1.3753573223948479,43.01430073566735,1148.5999755859375],[-1.3753475155681372,43.01427978090942,1148.5999755859375],[-1.3753338530659676,43.01425681449473,1148.5999755859375],[-1.3753214478492737,43.014231249690056,1148.5999755859375],[-1.3753094617277384,43.01420409232378,1148.5999755859375],[-1.375295715406537,43.01417584531009,1148.5999755859375],[-1.3752822205424309,43.01414852030575,1148.5999755859375],[-1.3752751797437668,43.01411817781627,1148.4000244140625],[-1.3752755988389254,43.0140923615545,1148.199951171875],[-1.3752743415534496,43.014069981873035,1148.199951171875],[-1.3752660434693098,43.01404709927738,1148.199951171875],[-1.3752590026706457,43.01402346231043,1148],[-1.3752507884055376,43.013998148962855,1148],[-1.3752402272075415,43.01397006958723,1148.199951171875],[-1.375230085104704,43.01394131965935,1148],[-1.3752219546586275,43.013912653550506,1148],[-1.3752178475260735,43.013886250555515,1148],[-1.3752109743654728,43.01386152394116,1148],[-1.3752029277384281,43.01383662968874,1148],[-1.3751942105591297,43.0138127412647,1148],[-1.375187337398529,43.01378818228841,1148],[-1.3751725852489471,43.01376471295953,1148],[-1.3751548156142235,43.0137437582016,1148],[-1.3751385547220707,43.01372271962464,1148.199951171875],[-1.375120198354125,43.0137006752193,1148.4000244140625],[-1.3751011714339256,43.01367896609008,1148.5999755859375],[-1.375081306323409,43.01365910097957,1148.5999755859375],[-1.3750648777931929,43.013640493154526,1148.800048828125],[-1.37504861690104,43.01362263970077,1148.800048828125],[-1.3750311825424433,43.01360411569476,1148.800048828125],[-1.3750114012509584,43.013586765155196,1148.800048828125],[-1.3749937992542982,43.013569666072726,1149],[-1.3749811425805092,43.01355340518057,1149.199951171875],[-1.3749659713357687,43.01353580318391,1149.199951171875],[-1.374949710443616,43.013520799577236,1149.4000244140625],[-1.3749352097511292,43.013510489836335,1149.800048828125],[-1.37491668574512,43.01349808461964,1150.199951171875],[-1.3748996704816818,43.01348341628909,1150.4000244140625],[-1.3748856727033854,43.01346883177757,1150.800048828125],[-1.3748738542199135,43.0134535767138,1151.4000244140625],[-1.3748653046786785,43.01343756727874,1151.800048828125],[-1.3748553302139044,43.01342474296689,1152.199951171875],[-1.3748456072062254,43.01341351121664,1152.4000244140625],[-1.3748328667134047,43.01339917816222,1152.5999755859375],[-1.3748216349631548,43.01338333636522,1152.800048828125],[-1.3748126663267612,43.01336749456823,1153],[-1.37480772100389,43.013353077694774,1153.199951171875],[-1.3748013507574797,43.0133396666497,1153.5999755859375],[-1.3747914601117373,43.01332466304302,1154],[-1.3747820723801851,43.01330982707441,1154.199951171875],[-1.3747743610292673,43.01329415291548,1154.5999755859375],[-1.3747707568109035,43.01327764056623,1154.800048828125],[-1.3747675716876984,43.01326146349311,1155.199951171875],[-1.374768577516079,43.01324503496289,1155.4000244140625],[-1.3747708406299353,43.01322634331882,1155.800048828125],[-1.374770002439618,43.01320865750313,1156],[-1.374768577516079,43.013193905353546,1156.199951171875],[-1.3747657276690006,43.01318074576557,1156.4000244140625],[-1.374759441241622,43.013167502358556,1156.5999755859375],[-1.3747549150139093,43.01315300166607,1156.5999755859375],[-1.3747517298907042,43.013135734945536,1157],[-1.3747480418533087,43.01311628893018,1157.199951171875],[-1.3747481256723404,43.01310136914253,1157.4000244140625],[-1.3747495505958796,43.01308770664036,1157.5999755859375],[-1.3747518137097359,43.013073708862066,1157.800048828125],[-1.374753573909402,43.013059543445706,1158],[-1.374757094308734,43.01304412074387,1158],[-1.3747621234506369,43.01302568055689,1158.199951171875],[-1.3747660629451275,43.013012520968914,1158.199951171875],[-1.3747705053538084,43.01299475133419,1158.199951171875],[-1.3747777976095676,43.01296968944371,1158.199951171875],[-1.3747898675501347,43.012937335297465,1158.199951171875],[-1.3748010154813528,43.01289458759129,1158],[-1.3748057931661606,43.01284488290548,1157.5999755859375],[-1.3748026080429554,43.01278755068779,1157],[-1.3747907057404518,43.012726698070765,1156.5999755859375],[-1.3747702538967133,43.012662660330534,1155.4000244140625],[-1.374742928892374,43.01260122098029,1155],[-1.37471585534513,43.01254699006677,1154.5999755859375],[-1.3746944814920425,43.012496531009674,1154.4000244140625],[-1.3746747002005577,43.012449676170945,1154.4000244140625],[-1.3746580202132463,43.01240826956928,1154.4000244140625],[-1.3746423460543156,43.01237549632788,1154.4000244140625],[-1.3746261689811945,43.01234733313322,1154.800048828125],[-1.3746099919080734,43.01231950521469,1155],[-1.3745972514152527,43.012294778600335,1155],[-1.374582163989544,43.01227214746177,1155.199951171875],[-1.3745657354593277,43.01224800758064,1155.4000244140625],[-1.374550648033619,43.012223364785314,1155.5999755859375],[-1.374538829550147,43.01219964399934,1155.800048828125],[-1.3745233230292797,43.01217441447079,1155.800048828125],[-1.374508487060666,43.01215153187513,1156],[-1.3744909688830376,43.01212755963206,1156.4000244140625],[-1.3744731154292822,43.01210199482739,1156.5999755859375],[-1.3744571059942245,43.01207793876529,1156.5999755859375],[-1.3744373247027397,43.01205220632255,1156.800048828125],[-1.3744168728590012,43.01202815026045,1156.800048828125],[-1.374398348852992,43.01200903952122,1157],[-1.3743763882666826,43.01198188215494,1157.199951171875],[-1.3743607141077518,43.011959083378315,1157.4000244140625],[-1.374346548691392,43.01194164901972,1157.5999755859375],[-1.3743276055902243,43.01191532984376,1157.800048828125],[-1.374313272535801,43.01189320161939,1157.800048828125],[-1.3742955029010773,43.01187090575695,1158],[-1.3742807507514954,43.01185296848416,1158.199951171875],[-1.374259628355503,43.011828074231744,1158.199951171875],[-1.3742414396256208,43.01180770620704,1158.4000244140625],[-1.374225178733468,43.01178339868784,1158.4000244140625],[-1.3742114324122667,43.0117645394057,1158.5999755859375],[-1.3741913996636868,43.011736711487174,1158.5999755859375],[-1.3741771504282951,43.01172237843275,1158.800048828125],[-1.3741587940603495,43.011702010408044,1159],[-1.37413389980793,43.011674769222736,1159.199951171875],[-1.3741128612309694,43.011651718989015,1159.199951171875],[-1.3740912359207869,43.01163084805012,1159.4000244140625],[-1.3740676827728748,43.01161207258701,1159.4000244140625],[-1.374041447415948,43.01159715279937,1159.5999755859375],[-1.3740223366767168,43.01158206537366,1159.5999755859375],[-1.3740007113665342,43.011565804481506,1159.5999755859375],[-1.3739781640470028,43.0115470290184,1159.800048828125],[-1.37395310215652,43.01152942702174,1159.800048828125],[-1.3739275373518467,43.01151065155864,1160],[-1.373904487118125,43.01149011589587,1160],[-1.3738813530653715,43.01147075369954,1160.199951171875],[-1.3738557044416666,43.01145172677934,1160.199951171875],[-1.373836761340499,43.01143789663911,1160.4000244140625],[-1.373814968392253,43.011419204995036,1160.4000244140625],[-1.3737908285111189,43.01140286028385,1160.5999755859375],[-1.3737649284303188,43.01138718612492,1160.5999755859375],[-1.3737357594072819,43.01136723719537,1160.5999755859375],[-1.3737116195261478,43.01135181449354,1160.800048828125],[-1.373687395825982,43.01133681088686,1161.199951171875],[-1.373663255944848,43.01132272928953,1161.199951171875],[-1.3736411277204752,43.01130713894963,1161.4000244140625],[-1.3736164849251509,43.01129221916199,1161.4000244140625],[-1.3735925126820803,43.01127512007952,1161.5999755859375],[-1.3735674507915974,43.011258440092206,1161.800048828125],[-1.3735491782426834,43.01124603487551,1162],[-1.3735179975628853,43.0112277623266,1162],[-1.3734896667301655,43.01121284253895,1162.199951171875],[-1.3734636828303337,43.01120094023645,1162.4000244140625],[-1.3734428957104683,43.01119012758136,1162.5999755859375],[-1.3734131399542093,43.011172357946634,1162.800048828125],[-1.3733946159482002,43.01115861162543,1163],[-1.3733715657144785,43.01114168018103,1163],[-1.3733434863388538,43.011120054870844,1163.199951171875],[-1.3733259681612253,43.01110563799739,1163.199951171875],[-1.373303672298789,43.01108753308654,1163.5999755859375],[-1.373287159949541,43.01106498576701,1163.5999755859375],[-1.373275425285101,43.011051742359996,1163.800048828125],[-1.3732500281184912,43.011033553630114,1163.800048828125],[-1.3732329290360212,43.01102257333696,1163.800048828125],[-1.3732092920690775,43.01100941374898,1164],[-1.3731829728931189,43.01100069656968,1164.199951171875],[-1.3731576595455408,43.010992147028446,1164.4000244140625],[-1.373131424188614,43.0109843518585,1164.800048828125],[-1.3731094636023045,43.01096943207085,1165.199951171875],[-1.3730962201952934,43.01095308735967,1165.199951171875],[-1.3730828929692507,43.010934395715594,1165.4000244140625],[-1.3730744272470474,43.01091419532895,1165.4000244140625],[-1.3730684760957956,43.0108979344368,1165.4000244140625],[-1.373062189668417,43.010885529220104,1165.5999755859375],[-1.3730528857558966,43.0108736269176,1165.800048828125],[-1.3730494491755962,43.010861640796065,1165.800048828125],[-1.3730426598340273,43.0108461342752,1166],[-1.3730342779308558,43.01082719117403,1166],[-1.3730217050760984,43.01080824807286,1166],[-1.3730082102119923,43.010793663561344,1166.199951171875],[-1.3729934580624104,43.010778492316604,1166.199951171875],[-1.3729756884276867,43.010762985795736,1166.4000244140625],[-1.3729558233171701,43.01074655726552,1166.4000244140625],[-1.372940819710493,43.010728200897574,1166.4000244140625],[-1.3729353714734316,43.0107079166919,1166.4000244140625],[-1.3729344494640827,43.01068830303848,1166.5999755859375],[-1.3729291688650846,43.0106714554131,1166.800048828125],[-1.3729167636483908,43.0106577090919,1167],[-1.3729003351181746,43.01064488478005,1167],[-1.3728761952370405,43.0106318090111,1167],[-1.3728503789752722,43.01061563193798,1167],[-1.372823305428028,43.0105990357697,1167],[-1.3727875147014856,43.01057933829725,1166.800048828125],[-1.3727492094039917,43.010556790977716,1166.800048828125],[-1.3727161847054958,43.01053357310593,1166.199951171875],[-1.3726916257292032,43.010510858148336,1166],[-1.3726677373051643,43.01048998720944,1166],[-1.37264602817595,43.01046802662313,1166],[-1.3726282585412264,43.01044715568423,1166],[-1.372605711221695,43.01042662002146,1166],[-1.3725831639021635,43.01040248014033,1165.800048828125],[-1.372554749250412,43.01037381403148,1165.800048828125],[-1.3725188747048378,43.010342717170715,1165.5999755859375],[-1.3724721875041723,43.01031011156738,1165.199951171875],[-1.37242223136127,43.010273315012455,1164.800048828125],[-1.3723762147128582,43.01023836247623,1164],[-1.372325923293829,43.01020164974034,1163.800048828125],[-1.3722780626267195,43.010165356099606,1163.4000244140625],[-1.3722328841686249,43.01013425923884,1162.4000244140625],[-1.3721855264157057,43.0101053416729,1162.199951171875],[-1.3721338100731373,43.01007726229727,1162],[-1.3720822613686323,43.01004717126489,1161.4000244140625],[-1.3720382563769817,43.01000920124352,1160.4000244140625],[-1.37199810706079,43.00996670499444,1159.4000244140625],[-1.3719530124217272,43.00992362201214,1158.4000244140625],[-1.3719038106501102,43.00988053902984,1157.5999755859375],[-1.3718462269753218,43.00983804278076,1157.199951171875],[-1.3717853743582964,43.009795965626836,1156.800048828125],[-1.3717213366180658,43.00975514575839,1156],[-1.371655287221074,43.00971114076674,1154.4000244140625],[-1.3715827837586403,43.009667890146375,1152.5999755859375],[-1.371501898393035,43.009625812992454,1151.199951171875],[-1.37140735052526,43.00959094427526,1150],[-1.3713099528104067,43.009557416662574,1148.4000244140625],[-1.3712124712765217,43.0095249786973,1147.199951171875],[-1.371119013056159,43.009488098323345,1145.5999755859375],[-1.3710200227797031,43.009446104988456,1144.5999755859375],[-1.3709130696952343,43.00940964370966,1144.199951171875],[-1.3708037696778774,43.00938097760081,1142.5999755859375],[-1.3706960622221231,43.00935457460582,1141.4000244140625],[-1.3705863431096077,43.00933009944856,1140.199951171875],[-1.3704766239970922,43.00931006669998,1140],[-1.3703707605600357,43.009288776665926,1139.5999755859375],[-1.3702664896845818,43.00926488824189,1139],[-1.3701666612178087,43.009237395599484,1139],[-1.370078232139349,43.00920453853905,1139],[-1.3699991069734097,43.00917277112603,1139],[-1.3699199818074703,43.00916187465191,1139],[-1.3698397669941187,43.009159276261926,1139.4000244140625],[-1.3697572890669107,43.009159276261926,1139.4000244140625],[-1.3696782477200031,43.00915449857712,1139.4000244140625],[-1.369609097018838,43.00914469175041,1139.4000244140625],[-1.3695422932505608,43.00914058461785,1139.199951171875],[-1.3694910798221827,43.009142093360424,1139],[-1.369432071223855,43.00914913415909,1139],[-1.3693671952933073,43.009166149422526,1138.800048828125],[-1.3693155627697706,43.0091811530292,1139],[-1.3692663609981537,43.00918743945658,1139],[-1.3692257925868034,43.009190456941724,1139.199951171875],[-1.369189079850912,43.00919272005558,1139.199951171875],[-1.3691553846001625,43.009190456941724,1139.5999755859375],[-1.369121940806508,43.00918526016176,1139.800048828125],[-1.3690912630409002,43.009178722277284,1139.800048828125],[-1.369061591103673,43.009173357859254,1140],[-1.3690281473100185,43.00917562097311,1140.199951171875],[-1.3689953740686178,43.009184589609504,1140.199951171875],[-1.3689675461500883,43.00919808447361,1140.4000244140625],[-1.3689491897821426,43.00921426154673,1140.4000244140625],[-1.3689247146248817,43.00923949107528,1140.4000244140625],[-1.3689052686095238,43.00926103256643,1140.4000244140625],[-1.368882553651929,43.0092815682292,1140.5999755859375],[-1.3688591681420803,43.00929782912135,1140.5999755859375],[-1.3688349444419146,43.00931082107127,1140.800048828125],[-1.3688142411410809,43.00932498648763,1140.800048828125],[-1.3687952142208815,43.009342504665256,1141],[-1.3687705714255571,43.00936186686158,1141.199951171875],[-1.3687451742589474,43.009380558505654,1141.199951171875],[-1.3687206991016865,43.00940126180649,1141.199951171875],[-1.3686951342970133,43.009422635659575,1141.199951171875],[-1.368669904768467,43.00944576971233,1141.199951171875],[-1.3686466868966818,43.00946831703186,1141.199951171875],[-1.3686238881200552,43.009488517418504,1141.199951171875],[-1.3685986585915089,43.009507125243545,1141.4000244140625],[-1.3685745187103748,43.00952606834471,1141.4000244140625],[-1.368547361344099,43.00954517908394,1141.800048828125],[-1.3685189466923475,43.009561439976096,1141.800048828125],[-1.3684943038970232,43.009576527401805,1141.800048828125],[-1.3684717565774918,43.009596057236195,1141.800048828125],[-1.3684507180005312,43.00961768254638,1141.800048828125],[-1.368425153195858,43.00963947549462,1141.800048828125],[-1.36839690618217,43.00965640693903,1141.800048828125],[-1.3683643005788326,43.00967392511666,1142],[-1.3683325331658125,43.00969420932233,1142],[-1.3683011010289192,43.0097168404609,1142],[-1.368267321959138,43.00974349491298,1142],[-1.3682311121374369,43.00977115519345,1142.199951171875],[-1.3682062178850174,43.00978825427592,1142.199951171875],[-1.3681735284626484,43.00981163978577,1142.199951171875],[-1.368141258135438,43.009833600372076,1142.199951171875],[-1.3681109994649887,43.00985447131097,1142.199951171875],[-1.3680778071284294,43.00987391732633,1142.199951171875],[-1.3680421002209187,43.00989520736039,1142.4000244140625],[-1.368006058037281,43.00991498865187,1142.4000244140625],[-1.3679706864058971,43.009934183210135,1142.4000244140625],[-1.3679323811084032,43.00995161756873,1142.4000244140625],[-1.3678950816392899,43.009967459365726,1142.4000244140625],[-1.3678550999611616,43.009987995028496,1142.5999755859375],[-1.367812855169177,43.010009033605456,1142.5999755859375],[-1.3677746336907148,43.01002931781113,1142.4000244140625],[-1.3677369989454746,43.01005261950195,1142.4000244140625],[-1.3677007053047419,43.010073909536004,1142.4000244140625],[-1.3676634896546602,43.0100947804749,1142.5999755859375],[-1.3676243461668491,43.010113555938005,1142.5999755859375],[-1.3675873819738626,43.01013476215303,1142.5999755859375],[-1.3675524294376373,43.010157058015466,1142.800048828125],[-1.3675126153975725,43.01017683930695,1142.800048828125],[-1.3674722146242857,43.01019879989326,1142.800048828125],[-1.3674312271177769,43.01021841354668,1142.800048828125],[-1.3673925027251244,43.010237608104944,1142.800048828125],[-1.3673552870750427,43.01026132889092,1142.800048828125],[-1.3673152215778828,43.010286558419466,1142.5999755859375],[-1.3672718033194542,43.01030759699643,1142.4000244140625],[-1.3672276306897402,43.01032670773566,1142.199951171875],[-1.3671851344406605,43.010349003598094,1142.199951171875],[-1.3671424705535173,43.01036979071796,1142],[-1.3670963700860739,43.01039275713265,1142],[-1.3670494314283133,43.01041480153799,1142],[-1.3670007325708866,43.01043692976236,1141.800048828125],[-1.3669546321034431,43.01045838743448,1141.800048828125],[-1.3669076934456825,43.010480934754014,1141.800048828125],[-1.3668631855398417,43.01050331443548,1141.800048828125],[-1.36682010255754,43.01052653230727,1141.800048828125],[-1.366777354851365,43.01054656505585,1141.800048828125],[-1.3667325116693974,43.010560562834144,1141.800048828125],[-1.366687249392271,43.01057405769825,1141.800048828125],[-1.366640729829669,43.010588977485895,1141.800048828125],[-1.3665917795151472,43.01060381345451,1141.800048828125],[-1.3665416557341814,43.0106214992702,1141.5999755859375],[-1.3664914481341839,43.01063599996269,1141.5999755859375],[-1.3664423301815987,43.010648153722286,1141.5999755859375],[-1.3663932960480452,43.01065762527287,1141.5999755859375],[-1.3663452677428722,43.01066676154733,1141.5999755859375],[-1.3662944734096527,43.01067505963147,1141.5999755859375],[-1.3662430085241795,43.01068402826786,1141.5999755859375],[-1.3661911245435476,43.01069509238005,1141.5999755859375],[-1.3661382347345352,43.01070640794933,1141.800048828125],[-1.3660843390971422,43.01071001216769,1141.800048828125],[-1.3660298567265272,43.01071051508188,1141.800048828125],[-1.365974871441722,43.010712610557675,1141.5999755859375],[-1.3659172877669334,43.01071420311928,1141.5999755859375],[-1.365858530625701,43.01071772351861,1141.5999755859375],[-1.3658004440367222,43.010720908641815,1141.5999755859375],[-1.3657409325242043,43.01072174683213,1141.5999755859375],[-1.3656827621161938,43.0107182264328,1141.5999755859375],[-1.365627609193325,43.01071328110993,1141.5999755859375],[-1.3655756413936615,43.01070758141577,1141.5999755859375],[-1.3655263558030128,43.010700875893235,1141.800048828125],[-1.3654826022684574,43.01069274544716,1142],[-1.3654439616948366,43.01068436354399,1142],[-1.3654087577015162,43.010675981640816,1142.199951171875],[-1.365378750488162,43.01066994667053,1142.199951171875],[-1.3653654232621193,43.01066600717604,1142.4000244140625],[-1.365367854014039,43.010666677728295,1142.4000244140625],[-1.365372547879815,43.010666174814105,1142.4000244140625],[-1.365372547879815,43.010666174814105,1142.199951171875],[-1.365372547879815,43.010666174814105,1142],[-1.365372547879815,43.010666174814105,1142],[-1.365372547879815,43.010666174814105,1142],[-1.365372547879815,43.010666174814105,1142],[-1.365372547879815,43.010666174814105,1142],[-1.3653696980327368,43.01066852174699,1142.199951171875],[-1.365367267280817,43.01067044958472,1142.199951171875],[-1.365367267280817,43.01067044958472,1142.199951171875],[-1.365367267280817,43.01067044958472,1142.199951171875],[-1.365367267280817,43.01067044958472,1142.199951171875],[-1.365367267280817,43.01067044958472,1142.199951171875],[-1.365367267280817,43.01067044958472,1142.199951171875],[-1.365367267280817,43.01067044958472,1142.199951171875],[-1.365367267280817,43.01067044958472,1142.199951171875],[-1.365367267280817,43.01067044958472,1142.199951171875],[-1.365367267280817,43.01067044958472,1142.199951171875],[-1.365367267280817,43.01067044958472,1142.199951171875],[-1.365367267280817,43.01067044958472,1142.199951171875],[-1.365367267280817,43.01067044958472,1142.4000244140625],[-1.365367267280817,43.01067044958472,1142.4000244140625],[-1.365367267280817,43.01067044958472,1142.4000244140625],[-1.365367267280817,43.01067044958472,1142.4000244140625],[-1.365367267280817,43.01067044958472,1142.4000244140625],[-1.365367267280817,43.01067044958472,1142.4000244140625],[-1.365367267280817,43.01067044958472,1142.4000244140625],[-1.365367267280817,43.01067044958472,1142.199951171875],[-1.365367267280817,43.01067044958472,1142.199951171875],[-1.365367267280817,43.01067044958472,1142.199951171875],[-1.365367267280817,43.01067044958472,1142.199951171875],[-1.365367267280817,43.01067044958472,1142],[-1.365367267280817,43.01067044958472,1142],[-1.365367267280817,43.01067044958472,1142],[-1.3653660099953413,43.010671539232135,1142.199951171875],[-1.365357544273138,43.01066785119474,1142.199951171875],[-1.3653403613716364,43.01065712235868,1142.199951171875],[-1.365323094651103,43.01064681261778,1142.199951171875],[-1.3652998767793179,43.01063767634332,1142.199951171875],[-1.3652666006237268,43.010625187307596,1142],[-1.3652307260781527,43.010608004406095,1142],[-1.3651961088180542,43.010588474571705,1141.800048828125],[-1.3651598151773214,43.01057221367955,1141.800048828125],[-1.3651204202324152,43.01055695861578,1141.5999755859375],[-1.3650825340300798,43.01054019480944,1141.5999755859375],[-1.365044815465808,43.01052410155535,1141.5999755859375],[-1.3650091085582972,43.010505912825465,1141.5999755859375],[-1.3649765867739916,43.010487388819456,1141.4000244140625],[-1.3649409636855125,43.010468780994415,1141.4000244140625],[-1.3649050053209066,43.01044665277004,1141.199951171875],[-1.3648685440421104,43.01042175851762,1141.199951171875],[-1.3648293167352676,43.01039652898908,1141],[-1.3647906761616468,43.010369120165706,1140.800048828125],[-1.364753795787692,43.01033936440945,1140.800048828125],[-1.3647177536040545,43.01030860282481,1140.5999755859375],[-1.364680454134941,43.010275242850184,1140.5999755859375],[-1.3646423164755106,43.01024087704718,1140.4000244140625],[-1.364603592082858,43.0102036613971,1140.199951171875],[-1.364567130804062,43.010163931176066,1140],[-1.3645289931446314,43.01012344658375,1140],[-1.3644903525710106,43.01008312962949,1139.800048828125],[-1.3644517958164215,43.0100411362946,1139.5999755859375],[-1.3644088804721832,43.00998874939978,1139],[-1.3643719162791967,43.00994901917875,1138.5999755859375],[-1.3643411546945572,43.009918592870235,1138.5999755859375],[-1.3642940483987331,43.00987131893635,1138.4000244140625],[-1.364252557978034,43.00983033142984,1138.199951171875],[-1.3642221316695213,43.00979764200747,1137.800048828125],[-1.3641797192394733,43.00974844023585,1137.5999755859375],[-1.3641422521322966,43.00970862619579,1137.5999755859375],[-1.3641119096428156,43.00967752933502,1137.4000244140625],[-1.3640647195279598,43.00963193178177,1137.199951171875],[-1.3640251569449902,43.00959647633135,1136.800048828125],[-1.3639922998845577,43.00956588238478,1136.5999755859375],[-1.3639471214264631,43.009518440812826,1136.4000244140625],[-1.3639096543192863,43.009476782754064,1136.199951171875],[-1.363876461982727,43.00944233313203,1136.199951171875],[-1.3638348039239645,43.00939857959747,1135.800048828125],[-1.3637861050665379,43.00934703089297,1135.800048828125],[-1.3637482188642025,43.009312162175775,1135.5999755859375],[-1.3637011963874102,43.009266313165426,1135.4000244140625],[-1.3636569399386644,43.00921954214573,1135.199951171875],[-1.363609666004777,43.00917813554406,1135],[-1.3635552674531937,43.00913253799081,1134.5999755859375],[-1.3635120168328285,43.00909699872136,1134.5999755859375],[-1.3634696882218122,43.00906129181385,1134.5999755859375],[-1.3634392619132996,43.00903153605759,1134.4000244140625],[-1.3633965142071247,43.00898945890367,1134.4000244140625],[-1.363361645489931,43.0089570209384,1134.199951171875],[-1.3633317220956087,43.008933467790484,1134.4000244140625],[-1.3632937520742416,43.0088965035975,1134.4000244140625],[-1.3632651697844267,43.008867586031556,1134.4000244140625],[-1.363239772617817,43.00884562544525,1134.199951171875],[-1.3632095139473677,43.00881838425994,1134.199951171875],[-1.3631781656295061,43.008795250207186,1134.4000244140625],[-1.3631471525877714,43.00877488218248,1134.4000244140625],[-1.363112786784768,43.00875007174909,1134.5999755859375],[-1.3630801811814308,43.008733643218875,1134.5999755859375],[-1.363054532557726,43.00872299820185,1134.5999755859375],[-1.3630050793290138,43.00871185027063,1134.5999755859375],[-1.3629598170518875,43.008710676804185,1134.5999755859375],[-1.3629209250211716,43.00871813669801,1134.4000244140625],[-1.3628739025443792,43.00873138010502,1133.800048828125],[-1.3628235273063183,43.00874646753073,1132.800048828125],[-1.3627718947827816,43.00876557826996,1132.4000244140625],[-1.3627155683934689,43.00879064016044,1132],[-1.3626408856362104,43.00882928073406,1131],[-1.3625852297991514,43.008856270462275,1130],[-1.3625172525644302,43.008888540789485,1129],[-1.3624536339193583,43.00892315804958,1128.5999755859375],[-1.3623893447220325,43.00895903259516,1128.4000244140625],[-1.3623248040676117,43.00899465568364,1128],[-1.3622629456222057,43.00903187133372,1127.4000244140625],[-1.362203937023878,43.00906514748931,1127.4000244140625],[-1.3621477782726288,43.00909641198814,1127.199951171875],[-1.3620927929878235,43.00912289880216,1127.4000244140625],[-1.3620424177497625,43.0091483797878,1127.4000244140625],[-1.3619953952729702,43.00917478278279,1127.5999755859375],[-1.361945103853941,43.00920143723488,1127.5999755859375],[-1.3618945609778166,43.00922641530633,1127.5999755859375],[-1.3618483766913414,43.00925021991134,1127.5999755859375],[-1.3618023600429296,43.00927519798279,1127.5999755859375],[-1.361757516860962,43.0093005951494,1127.5999755859375],[-1.361714182421565,43.00932565703988,1127.5999755859375],[-1.3616712670773268,43.00934501923621,1127.5999755859375],[-1.361631117761135,43.00936605781317,1127.5999755859375],[-1.361589627340436,43.00938994623721,1127.5999755859375],[-1.3615473825484514,43.00941593013704,1127.5999755859375],[-1.3615063950419426,43.009444177150726,1127.4000244140625],[-1.3614598754793406,43.00947032868862,1127.4000244140625],[-1.3614132720977068,43.00949622876942,1127.199951171875],[-1.3613704405725002,43.00952363759279,1127.199951171875],[-1.3613301236182451,43.00955121405423,1127.199951171875],[-1.3612860348075628,43.009578958153725,1127.199951171875],[-1.3612406887114048,43.00960653461516,1127.199951171875],[-1.3611934147775173,43.00963285379112,1127.199951171875],[-1.361143123358488,43.00965556874871,1127.199951171875],[-1.3610935024917126,43.00967551767826,1127.199951171875],[-1.3610468991100788,43.00969538278878,1127.199951171875],[-1.361000882461667,43.00971734337509,1127.199951171875],[-1.3609477411955595,43.00974156707525,1127.4000244140625],[-1.360915219411254,43.0097562354058,1127.4000244140625],[-1.3608780037611723,43.00977559760213,1127.5999755859375],[-1.3608342502266169,43.009800743311644,1127.5999755859375],[-1.3608073443174362,43.009818932041526,1127.5999755859375],[-1.360773229971528,43.00984156318009,1127.800048828125],[-1.3607340026646852,43.009864278137684,1127.800048828125],[-1.3606985472142696,43.00988221541047,1128],[-1.3606620859354734,43.009903002530336,1128.199951171875],[-1.360626295208931,43.0099240411073,1128.4000244140625],[-1.3605822902172804,43.009950276464224,1128.5999755859375],[-1.360550606623292,43.00996913574636,1128.5999755859375],[-1.3605107925832272,43.00999168306589,1128.5999755859375],[-1.3604698050767183,43.01001464948058,1128.5999755859375],[-1.360428063198924,43.010036861523986,1128.5999755859375],[-1.3603788614273071,43.01006502471864,1128.4000244140625],[-1.3603388797491789,43.01008589565754,1128.199951171875],[-1.3603044301271439,43.01010115072131,1128.199951171875],[-1.3602653704583645,43.010124284774065,1128.199951171875],[-1.3602262269705534,43.01014616154134,1128.199951171875],[-1.360188676044345,43.01016694866121,1128],[-1.3601531367748976,43.01018723286688,1128.199951171875],[-1.3601175136864185,43.01020609214902,1128.199951171875],[-1.360082309693098,43.0102261248976,1128.199951171875],[-1.3600448425859213,43.010246492922306,1128.4000244140625],[-1.3600102253258228,43.010267028585076,1128.4000244140625],[-1.359975691884756,43.01028781570494,1128.4000244140625],[-1.359941577538848,43.01030877046287,1128.4000244140625],[-1.3599043618887663,43.01032938994467,1128.4000244140625],[-1.3598636258393526,43.010350009426475,1128.199951171875],[-1.359824314713478,43.01037129946053,1128],[-1.3597829081118107,43.01039577461779,1128],[-1.3597384002059698,43.01041664555669,1127.800048828125],[-1.3596939761191607,43.010438438504934,1127.800048828125],[-1.3596482947468758,43.01045721396804,1127.5999755859375],[-1.3596003502607346,43.010472720488906,1127.5999755859375],[-1.359553076326847,43.01048596389592,1127.5999755859375],[-1.3595062214881182,43.01049769856036,1127.5999755859375],[-1.359462384134531,43.01050373353064,1127.5999755859375],[-1.3594206422567368,43.01050825975835,1127.800048828125],[-1.3593799900263548,43.01050700247288,1127.800048828125],[-1.3593361526727676,43.01050649955869,1128],[-1.3592934049665928,43.0105023086071,1128.4000244140625],[-1.3592540938407183,43.01049669273198,1128.5999755859375],[-1.3592168781906366,43.01048655062914,1129],[-1.35917698033154,43.01047774963081,1129],[-1.3591396808624268,43.01047288812697,1129],[-1.3590990286320448,43.01046551205218,1129],[-1.35906214825809,43.01045486703515,1129],[-1.3590292911976576,43.01044296473265,1129],[-1.3589948415756226,43.01043248735368,1129.199951171875],[-1.358958212658763,43.0104230158031,1129.4000244140625],[-1.3589223381131887,43.01041714847088,1129.5999755859375],[-1.3588784169405699,43.01041077822447,1129.800048828125],[-1.3588495831936598,43.01040348596871,1129.800048828125],[-1.3588116131722927,43.01039317622781,1129.800048828125],[-1.3587705418467522,43.01038093864918,1129.800048828125],[-1.3587287161499262,43.01037331111729,1129.5999755859375],[-1.3586864713579416,43.01036643795669,1129.5999755859375],[-1.3586456514894962,43.010357301682234,1129.5999755859375],[-1.3586042448878288,43.01034883596003,1129.5999755859375],[-1.3585628382861614,43.01033986732364,1129.4000244140625],[-1.3585226889699697,43.01033022813499,1129.4000244140625],[-1.3584827072918415,43.01031799055636,1129.4000244140625],[-1.3584414683282375,43.01030793227255,1129.4000244140625],[-1.3584025762975216,43.01029661670327,1129.4000244140625],[-1.3583648577332497,43.010286977514625,1129.4000244140625],[-1.3583263009786606,43.01027926616371,1129.4000244140625],[-1.3582859840244055,43.01026728004217,1129.4000244140625],[-1.358243152499199,43.01025060005486,1129.4000244140625],[-1.35820216499269,43.010234674438834,1129.4000244140625],[-1.3581598363816738,43.01021648570895,1129.199951171875],[-1.3581160828471184,43.01019586622715,1129.199951171875],[-1.3580719102174044,43.010171139612794,1129],[-1.3580273184925318,43.01014549098909,1128.800048828125],[-1.3579823914915323,43.01012101583183,1128.5999755859375],[-1.3579363748431206,43.01009578630328,1128.4000244140625],[-1.357890274375677,43.010067623108625,1128.4000244140625],[-1.3578478619456291,43.01003300584853,1128.199951171875],[-1.3578118197619915,43.00999780185521,1128],[-1.3577794656157494,43.00996134057641,1127.800048828125],[-1.3577430043369532,43.009917084127665,1127.800048828125],[-1.35771743953228,43.00988087430596,1127.800048828125],[-1.3576896954327822,43.009846257045865,1127.800048828125],[-1.3576637953519821,43.009816417470574,1127.5999755859375],[-1.3576446007937193,43.00978800281882,1127.5999755859375],[-1.3576203770935535,43.00975129008293,1127.5999755859375],[-1.3575942255556583,43.00970979966223,1127.4000244140625],[-1.357561368495226,43.00965774804354,1127.199951171875],[-1.3575354684144258,43.00962086766958,1126.5999755859375],[-1.3574936427175999,43.00956068560481,1126.5999755859375],[-1.3574598636478186,43.00950787961483,1126],[-1.357427928596735,43.00945557653904,1125.800048828125],[-1.3573945686221123,43.00940427929163,1124.800048828125],[-1.3573593646287918,43.009351305663586,1124.199951171875],[-1.357326926663518,43.00930176861584,1124],[-1.3572967518121004,43.00925374031067,1124],[-1.3572682533413172,43.00920722074807,1124],[-1.357242688536644,43.00916480831802,1124],[-1.35721854865551,43.00912147387862,1124],[-1.3572004437446594,43.00907688215375,1123.800048828125],[-1.3571846019476652,43.00904368981719,1123.5999755859375],[-1.357163479551673,43.00899767316878,1123.5999755859375],[-1.3571478053927422,43.00896062515676,1123.5999755859375],[-1.3571322988718748,43.00892349332571,1123.5999755859375],[-1.3571171276271343,43.008886529132724,1123.5999755859375],[-1.3571070693433285,43.00884922966361,1123.800048828125],[-1.357100447639823,43.00882182084024,1123.800048828125],[-1.3570890482515097,43.008779576048255,1124],[-1.3570794090628624,43.00874705426395,1124.4000244140625],[-1.357074799016118,43.00872031599283,1124.5999755859375],[-1.3570684287697077,43.00868687219918,1124.800048828125],[-1.3570613041520119,43.00865275785327,1125],[-1.35705535300076,43.008611937984824,1125.199951171875],[-1.3570497371256351,43.008578326553106,1125.199951171875],[-1.3570488151162863,43.008550833910704,1125.199951171875],[-1.35704948566854,43.008511858060956,1125],[-1.3570540957152843,43.00846165046096,1125],[-1.3570558559149504,43.00842259079218,1124.800048828125],[-1.3570608850568533,43.00835520029068,1124.199951171875],[-1.3570610526949167,43.008307507261634,1123.199951171875],[-1.3570528384298086,43.00824807956815,1122.5999755859375],[-1.357025345787406,43.008195608854294,1122.199951171875],[-1.356977066025138,43.00815160386264,1121.800048828125],[-1.3568997010588646,43.00810609012842,1121],[-1.3568346574902534,43.008076418191195,1120.4000244140625],[-1.3567503355443478,43.00804020836949,1119.4000244140625],[-1.356666348874569,43.00800592638552,1118.199951171875],[-1.356589486822486,43.007979188114405,1118],[-1.3565267901867628,43.0079620052129,1117.800048828125],[-1.3564697932451963,43.00795387476683,1117.5999755859375],[-1.3564101979136467,43.00794783979654,1117],[-1.3563500996679068,43.00794440321624,1117],[-1.3562932703644037,43.007947001606226,1116.4000244140625],[-1.3562335073947906,43.007956305518746,1115.5999755859375],[-1.3561651948839426,43.00796661525965,1114.199951171875],[-1.3560934457927942,43.007972901687026,1112.5999755859375],[-1.3560214452445507,43.00798002630472,1111.4000244140625],[-1.3559499476104975,43.00799125805497,1110.800048828125],[-1.3558657933026552,43.00800425000489,1108.800048828125],[-1.355813406407833,43.00801279954612,1107.800048828125],[-1.3557496201246977,43.00802453421056,1106.800048828125],[-1.3556862529367208,43.00804255530238,1106],[-1.3556256517767906,43.008063677698374,1104.5999755859375],[-1.3555641286075115,43.00808262079954,1103.199951171875],[-1.355502437800169,43.00809854641557,1102.199951171875],[-1.3554399088025093,43.00811271183193,1101.4000244140625],[-1.3553766254335642,43.008135091513395,1100.800048828125],[-1.355310995131731,43.00816132687032,1099.4000244140625],[-1.355240000411868,43.00818613730371,1097.199951171875],[-1.3551653176546097,43.00821145065129,1096.199951171875],[-1.3550872821360826,43.00823550671339,1095.800048828125],[-1.3550060614943504,43.008256210014224,1094.5999755859375],[-1.3549202308058739,43.0082746502012,1094],[-1.3548335619270802,43.008285127580166,1091.800048828125],[-1.3547475636005402,43.0082886479795,1091.4000244140625],[-1.3546647503972054,43.00829107873142,1090.5999755859375],[-1.3545816857367754,43.008291497826576,1090],[-1.3545048236846924,43.00828730687499,1089.199951171875],[-1.3544378522783518,43.00828294828534,1088.199951171875],[-1.3543790951371193,43.00828194245696,1088],[-1.3543240260332823,43.00828378647566,1087.800048828125],[-1.354272561147809,43.00828537903726,1087.199951171875],[-1.3542243652045727,43.00829015672207,1086.5999755859375],[-1.3541702181100845,43.0082918331027,1085.800048828125],[-1.354106180369854,43.00828923471272,1085.5999755859375],[-1.3540335930883884,43.00828043371439,1084.4000244140625],[-1.35395891033113,43.008264591917396,1083.800048828125],[-1.3538671284914017,43.0082490015775,1082.5999755859375],[-1.3538000732660294,43.0082402843982,1081.199951171875],[-1.3537134043872356,43.00823307596147,1079.5999755859375],[-1.3536241371184587,43.00822335295379,1078.800048828125],[-1.3535323552787304,43.00821019336581,1077.5999755859375],[-1.3534408248960972,43.008196111768484,1077],[-1.3533533178269863,43.00817934796214,1076],[-1.3532768748700619,43.008164344355464,1075],[-1.3532192911952734,43.00815235823393,1074.5999755859375],[-1.3531881105154753,43.00814590416849,1074.5999755859375],[-1.3531768787652254,43.008144395425916,1074.5999755859375],[-1.353182913735509,43.00814548507333,1074.5999755859375],[-1.3531886134296656,43.00814506597817,1074.5999755859375],[-1.3531886134296656,43.00814506597817,1074.5999755859375],[-1.3531886134296656,43.00814506597817,1074.5999755859375],[-1.3531886134296656,43.00814506597817,1074.5999755859375],[-1.3531886134296656,43.00814506597817,1074.5999755859375],[-1.3531886134296656,43.00814506597817,1074.5999755859375],[-1.3531886134296656,43.00814506597817,1074.5999755859375],[-1.3531886134296656,43.00814506597817,1074.5999755859375],[-1.3531886134296656,43.00814506597817,1074.5999755859375],[-1.3531886134296656,43.00814506597817,1074.5999755859375],[-1.3531886134296656,43.00814397633076,1074.5999755859375],[-1.3531879428774118,43.00814020447433,1074.5999755859375],[-1.3531879428774118,43.00814020447433,1074.5999755859375],[-1.3531879428774118,43.00814020447433,1074.5999755859375],[-1.3531879428774118,43.00814020447433,1074.4000244140625],[-1.3531879428774118,43.00814020447433,1074.4000244140625],[-1.3531879428774118,43.00814020447433,1074.4000244140625],[-1.3531879428774118,43.00814020447433,1074.4000244140625],[-1.3531879428774118,43.00814020447433,1074.4000244140625],[-1.3531879428774118,43.00814020447433,1074.4000244140625],[-1.3531879428774118,43.00814020447433,1074.4000244140625],[-1.3531879428774118,43.00814020447433,1074.4000244140625],[-1.3531879428774118,43.00814020447433,1074.4000244140625],[-1.3531879428774118,43.00814020447433,1074.199951171875],[-1.3531879428774118,43.00814020447433,1074.199951171875],[-1.3531879428774118,43.00814020447433,1074.199951171875],[-1.3531879428774118,43.00814020447433,1074],[-1.3531866855919361,43.008139953017235,1074],[-1.3531816564500332,43.00813919864595,1074],[-1.353170508518815,43.00813785754144,1074],[-1.3531477935612202,43.00813517533243,1073.800048828125],[-1.3531167805194855,43.00813249312341,1073.800048828125],[-1.3530835881829262,43.008129643276334,1073.4000244140625],[-1.353048887103796,43.008132074028254,1073],[-1.3530084025114775,43.00813584588468,1072.800048828125],[-1.3529608771204948,43.00813131965697,1072.5999755859375],[-1.3529057241976261,43.008123356848955,1072.199951171875],[-1.3528411835432053,43.00811246037483,1071.199951171875],[-1.3527680933475494,43.00809955224395,1070.5999755859375],[-1.3526898063719273,43.00808731466532,1069.199951171875],[-1.3526067417114973,43.00807231105864,1068],[-1.3525236770510674,43.008052026852965,1067.5999755859375],[-1.3524430431425571,43.00803132355213,1067.4000244140625],[-1.3523583021014929,43.008012380450964,1066.800048828125],[-1.352274315431714,43.007990419864655,1066],[-1.3521947711706161,43.00796678289771,1065.800048828125],[-1.3521247822791338,43.00794281065464,1065.199951171875],[-1.3520474173128605,43.00791582092643,1064.5999755859375],[-1.351998383179307,43.007901487872005,1064.199951171875],[-1.3519345130771399,43.00788598135114,1063.800048828125],[-1.3518720678985119,43.00786703824997,1063.5999755859375],[-1.3518128916621208,43.007845832034945,1063],[-1.3517388794571161,43.007817501202226,1062.199951171875],[-1.3516805414110422,43.00779663026333,1061.5999755859375],[-1.351603176444769,43.00776788033545,1060.4000244140625],[-1.3515279907733202,43.007738292217255,1059.4000244140625],[-1.3514606840908527,43.007704596966505,1058.4000244140625],[-1.351401088759303,43.00766956061125,1058.4000244140625],[-1.3513438403606415,43.00763729028404,1057.800048828125],[-1.3512871786952019,43.00760552287102,1057],[-1.351237054914236,43.00756839103997,1055.199951171875],[-1.3511947263032198,43.00752648152411,1054.5999755859375],[-1.3511507213115692,43.007486164569855,1054],[-1.351110152900219,43.00744324922562,1053.4000244140625],[-1.3510716799646616,43.007400669157505,1053.4000244140625],[-1.3510405831038952,43.007359597831964,1053.4000244140625],[-1.3510171137750149,43.007322549819946,1053.4000244140625],[-1.351001188158989,43.00729053094983,1053.800048828125],[-1.3509907945990562,43.007265301421285,1054],[-1.3509871903806925,43.00724409520626,1054.5999755859375],[-1.3509855140000582,43.00722448155284,1054.800048828125],[-1.350983502343297,43.00721190869808,1055],[-1.3509786408394575,43.00720729865134,1055],[-1.3509747013449669,43.007207131013274,1055.199951171875],[-1.3509747013449669,43.007207131013274,1055.4000244140625],[-1.3509747013449669,43.007207131013274,1055.4000244140625],[-1.3509716838598251,43.0072058737278,1055.4000244140625],[-1.3509734440594912,43.00720335915685,1055.4000244140625],[-1.3509734440594912,43.00720335915685,1055.4000244140625],[-1.3509734440594912,43.00720335915685,1055.4000244140625],[-1.3509734440594912,43.00720335915685,1055.4000244140625],[-1.3509734440594912,43.00720335915685,1055.199951171875],[-1.3509734440594912,43.00720335915685,1055.199951171875],[-1.3509734440594912,43.00720335915685,1055.199951171875],[-1.3509734440594912,43.00720335915685,1055],[-1.3509709294885397,43.0072024371475,1055],[-1.350970258936286,43.0071971565485,1055],[-1.3509715162217617,43.00718751735985,1055],[-1.3509741984307766,43.007179806008935,1054.800048828125],[-1.3509757071733475,43.007175447419286,1054.800048828125],[-1.3509757071733475,43.007175447419286,1054.800048828125],[-1.3509751204401255,43.007172513753176,1054.800048828125],[-1.350974952802062,43.0071627907455,1054.800048828125],[-1.350976126268506,43.00715231336653,1054.800048828125],[-1.3509785570204258,43.00713798031211,1054.800048828125],[-1.3509830832481384,43.007116774097085,1054.800048828125],[-1.350988782942295,43.00708735361695,1055],[-1.3509953208267689,43.007055167108774,1055],[-1.3509991765022278,43.007018622010946,1055.199951171875],[-1.3510015234351158,43.00697470083833,1055.4000244140625],[-1.3510013557970524,43.00693874247372,1055.4000244140625],[-1.351000852882862,43.00690337084234,1055.4000244140625],[-1.3510031159967184,43.00686649046838,1055.4000244140625],[-1.3510059658437967,43.006829442456365,1055.5999755859375],[-1.3510057143867016,43.00678862258792,1055.5999755859375],[-1.351010575890541,43.00674864090979,1056],[-1.3510213885456324,43.00671595148742,1056.199951171875],[-1.3510342966765165,43.006688207387924,1056.4000244140625],[-1.3510429300367832,43.00666322931647,1056.4000244140625],[-1.3510473724454641,43.00664152018726,1056.800048828125],[-1.3510425947606564,43.006623750552535,1057],[-1.3510422594845295,43.00659952685237,1057],[-1.3510540779680014,43.00657672807574,1057],[-1.3510672375559807,43.00654923543334,1057.199951171875],[-1.351076876744628,43.00651269033551,1057.4000244140625],[-1.3511028606444597,43.00648276694119,1057.4000244140625],[-1.3511184509843588,43.006466841325164,1057.5999755859375],[-1.3511487934738398,43.00644571892917,1058],[-1.351172011345625,43.00642560236156,1058.4000244140625],[-1.3511863444000483,43.00640741363168,1058.800048828125],[-1.351208807900548,43.00636902451515,1059.4000244140625],[-1.351234456524253,43.006342789158225,1059.5999755859375],[-1.3512445986270905,43.0063128657639,1059.800048828125],[-1.3512663915753365,43.006290486082435,1060],[-1.3512986619025469,43.00627179443836,1060.199951171875],[-1.3513379730284214,43.00625980831683,1060.5999755859375],[-1.3513494562357664,43.00625083968043,1060.800048828125],[-1.3513719197362661,43.00622544251382,1060.800048828125],[-1.351388432085514,43.00621102564037,1061],[-1.3514107279479504,43.0061904899776,1061.199951171875],[-1.351433526724577,43.006167355924845,1061.199951171875],[-1.3514606840908527,43.00614941865206,1061.199951171875],[-1.3514869194477797,43.006135085597634,1061.199951171875],[-1.351509802043438,43.00612251274288,1061.199951171875],[-1.3515390548855066,43.00609569065273,1061.199951171875],[-1.3515626918524504,43.0060694552958,1061.199951171875],[-1.351589597761631,43.006038274616,1061],[-1.3516160007566214,43.00600281916559,1060.800048828125],[-1.3516486901789904,43.005970465019345,1060.5999755859375],[-1.3516884204000235,43.005933752283454,1060.4000244140625],[-1.3517281506210566,43.00589435733855,1059.800048828125],[-1.3517693895846605,43.00584984943271,1059.800048828125],[-1.351812807843089,43.005804838612676,1059.199951171875],[-1.3518500234931707,43.00575873814523,1058.800048828125],[-1.3518822100013494,43.00571816973388,1058.5999755859375],[-1.3519233651459217,43.00568330101669,1058.199951171875],[-1.351972483098507,43.00564608536661,1057.800048828125],[-1.3520290609449148,43.00560333766043,1057.4000244140625],[-1.3520868960767984,43.00555966794491,1057],[-1.3521504309028387,43.00551918335259,1056.5999755859375],[-1.3522102776914835,43.00548607483506,1056.4000244140625],[-1.352278757840395,43.00545162521303,1056.199951171875],[-1.3523262832313776,43.00542002543807,1056],[-1.3523686118423939,43.005392868071795,1055.5999755859375],[-1.3524175621569157,43.005361100658774,1055.4000244140625],[-1.352468440309167,43.005324471741915,1054.800048828125],[-1.352509930729866,43.00528013147414,1054.5999755859375],[-1.3525384292006493,43.00523872487247,1053.800048828125],[-1.3525466434657574,43.005197988823056,1053.5999755859375],[-1.352535579353571,43.00516144372523,1052.800048828125],[-1.3525007106363773,43.00512791611254,1052],[-1.3524489104747772,43.00511056557298,1051.800048828125],[-1.3524011336266994,43.005097238346934,1051.199951171875],[-1.3523241877555847,43.00509933382273,1050.199951171875],[-1.3522412907332182,43.0051093082875,1049.800048828125],[-1.3521780911833048,43.00511375069618,1047.800048828125],[-1.3520832918584347,43.00512230023742,1047.199951171875],[-1.3519999757409096,43.00514685921371,1046.800048828125],[-1.3519189227372408,43.00516923889518,1045.800048828125],[-1.3518400490283966,43.005194468423724,1044.5999755859375],[-1.3517842255532742,43.00521492026746,1043.5999755859375],[-1.351712392643094,43.0052456818521,1042.800048828125],[-1.3516476843506098,43.0052734259516,1041.199951171875],[-1.3515758514404297,43.00529681146145,1039.5999755859375],[-1.3515032641589642,43.0053217895329,1038.800048828125],[-1.3514466863125563,43.00535682588816,1037.800048828125],[-1.3513668067753315,43.005397310480475,1037],[-1.351293884217739,43.00543578341603,1036],[-1.3512180279940367,43.00548272207379,1034.800048828125],[-1.3511647190898657,43.005518512800336,1034.199951171875],[-1.3510935567319393,43.00556595437229,1032.5999755859375],[-1.3510149344801903,43.00559998489916,1032],[-1.3509227335453033,43.00564088858664,1031.199951171875],[-1.3508571032434702,43.00567416474223,1029],[-1.3507763855159283,43.00571758300066,1027.199951171875],[-1.3507082406431437,43.005755972117186,1024.800048828125],[-1.3506349828094244,43.00579084083438,1024.5999755859375],[-1.3505469728261232,43.00584599375725,1024.4000244140625],[-1.350456951186061,43.005886394530535,1022.7999877929688],[-1.3503666780889034,43.00593802705407,1021.7999877929688],[-1.3502708729356527,43.00597054883838,1019.7999877929688],[-1.3501687813550234,43.00600399263203,1018.7999877929688],[-1.3500519376248121,43.00604833289981,1017.7999877929688],[-1.3499652687460184,43.00608512945473,1016.7999877929688],[-1.3498598244041204,43.006109688431025,1015.4000244140625],[-1.34977575391531,43.00614405423403,1015.2000122070312],[-1.3497045915573835,43.00617313943803,1015],[-1.349637033417821,43.006212366744876,1015],[-1.3495739176869392,43.00625310279429,1015],[-1.349515412002802,43.00628059543669,1014.5999755859375],[-1.3494618516415358,43.00630230456591,1014.5999755859375],[-1.3493908569216728,43.006339436396956,1013],[-1.3493082113564014,43.006384279578924,1012.4000244140625],[-1.3492371328175068,43.00643239170313,1012],[-1.3491597678512335,43.00649014301598,1010.4000244140625],[-1.3490968197584152,43.00653507001698,1009.2000122070312],[-1.3490477856248617,43.00658066757023,1008.5999755859375],[-1.3489937223494053,43.0066273547709,1007.5999755859375],[-1.3489433471113443,43.00668560899794,1007.2000122070312],[-1.3489082269370556,43.00672500394285,1005.4000244140625],[-1.3488602824509144,43.006772277876735,1005],[-1.3488020282238722,43.006828520447016,1003.4000244140625],[-1.3487503118813038,43.00687998533249,1002.4000244140625],[-1.3486964162439108,43.00693379715085,1000.5999755859375],[-1.3486421015113592,43.006985345855355,999.7999877929688],[-1.3485958334058523,43.00703404471278,999.2000122070312],[-1.3485584501177073,43.0070779658854,998.7999877929688],[-1.3485262636095285,43.00712498836219,998.7999877929688],[-1.3484900537878275,43.007173938676715,998],[-1.3484406005591154,43.007226241752505,997.4000244140625],[-1.3483786582946777,43.00728550180793,996.5999755859375],[-1.3483392633497715,43.0073319375515,995.2000122070312],[-1.3482920732349157,43.00738574936986,993.5999755859375],[-1.3482475653290749,43.007439225912094,992.7999877929688],[-1.3482087571173906,43.00748633220792,991.7999877929688],[-1.3481736369431019,43.00752983428538,990.5999755859375],[-1.348125608637929,43.007577108219266,990],[-1.3480857107788324,43.00761784426868,988.7999877929688],[-1.3480400294065475,43.007667465135455,988],[-1.3480060826987028,43.00771691836417,987.2000122070312],[-1.3479446433484554,43.007789673283696,985.5999755859375],[-1.347896447405219,43.007850274443626,984.4000244140625],[-1.347841378301382,43.007902912795544,983.7999877929688],[-1.3477951940149069,43.007950857281685,982.5999755859375],[-1.3477485068142414,43.00800207071006,981.5999755859375],[-1.3476972095668316,43.008055463433266,981],[-1.347659071907401,43.00808538682759,980.2000122070312],[-1.347624622285366,43.0081107839942,980],[-1.3475862331688404,43.008163841441274,978.7999877929688],[-1.3475650269538164,43.00820122472942,978.5999755859375],[-1.347552202641964,43.00824271515012,978.2000122070312],[-1.3475434854626656,43.00829501822591,977.7999877929688],[-1.3475537113845348,43.00835092552006,977.5999755859375],[-1.3475528731942177,43.008420411497355,977.4000244140625],[-1.3475590758025646,43.00848805345595,977],[-1.3475410547107458,43.00855024717748,976.5999755859375],[-1.34753099642694,43.00861520692706,976],[-1.3475160766392946,43.008695505559444,975],[-1.3475067727267742,43.00877630710602,973.5999755859375],[-1.3474643602967262,43.00885694101453,972],[-1.347375176846981,43.00893279723823,970],[-1.3473686389625072,43.0089948233217,968.7999877929688],[-1.347378110513091,43.009056095033884,968.5999755859375],[-1.3474071957170963,43.009117282927036,968],[-1.3474410586059093,43.009186601266265,967.5999755859375],[-1.3474665395915508,43.00925315357745,967.2000122070312],[-1.3474924396723509,43.00932171754539,966.2000122070312],[-1.347520099952817,43.009390365332365,965.4000244140625],[-1.347548933699727,43.00945314578712,964.5999755859375],[-1.3475830480456352,43.0095146689564,963.7999877929688],[-1.3476159051060677,43.00957686267793,963.4000244140625],[-1.3476459961384535,43.009632686153054,962.2000122070312],[-1.3476701360195875,43.00967987626791,961.4000244140625],[-1.3476822059601545,43.009707033634186,960.5999755859375],[-1.3476915936917067,43.00974684767425,959.7999877929688],[-1.3476896658539772,43.00977375358343,959.2000122070312],[-1.3476775120943785,43.00980946049094,958.7999877929688],[-1.3476599100977182,43.00984122790396,957.5999755859375],[-1.3476327527314425,43.009863356128335,957.2000122070312],[-1.347604924812913,43.00988364033401,956.5999755859375],[-1.3475715648382902,43.009912725538015,956.2000122070312],[-1.347528314217925,43.009930746629834,955.5999755859375],[-1.3474886678159237,43.009945917874575,954.4000244140625],[-1.3474427349865437,43.00996754318476,953.7999877929688],[-1.347395209595561,43.009992772713304,953.5999755859375],[-1.3473476003855467,43.01001951098442,952.5999755859375],[-1.3473016675561666,43.01004893146455,951.7999877929688],[-1.347260009497404,43.010081704705954,950.7999877929688],[-1.3472134061157703,43.01011137664318,950.4000244140625],[-1.347159594297409,43.010139456018806,949.5999755859375],[-1.3471053633838892,43.01016736775637,948.5999755859375],[-1.3470416609197855,43.01020718179643,948],[-1.3469903636723757,43.01024758256972,947.2000122070312],[-1.3469386473298073,43.01029200665653,946.2000122070312],[-1.3468987494707108,43.01032821647823,944.7999877929688],[-1.3468396570533514,43.010380268096924,943.7999877929688],[-1.34680587798357,43.01041706465185,943.4000244140625],[-1.346763214096427,43.0104642547667,942.7999877929688],[-1.346705462783575,43.01052376627922,941.2000122070312],[-1.346660451963544,43.01057196222246,939],[-1.3466273434460163,43.01062434911728,938],[-1.346608316525817,43.01066399551928,937.5999755859375],[-1.3465804886072874,43.010710095986724,937.2000122070312],[-1.3465537503361702,43.01076424308121,937],[-1.3465324603021145,43.010807912796736,936.2000122070312],[-1.3465144392102957,43.01084764301777,935.5999755859375],[-1.3464864436537027,43.010912938043475,934.7999877929688],[-1.3464641477912664,43.01097085699439,934.4000244140625],[-1.3464395888149738,43.011032212525606,932.7999877929688],[-1.3464110065251589,43.011094154790044,931.5999755859375],[-1.3463765569031239,43.0111516546458,931],[-1.3463386707007885,43.01119959913194,930.4000244140625],[-1.3463007844984531,43.0112431012094,930.2000122070312],[-1.3462674245238304,43.01128551363945,930],[-1.346240770071745,43.01132356747985,929.2000122070312],[-1.3462109304964542,43.01135986112058,928.7999877929688],[-1.3461816776543856,43.011394729837775,928.5999755859375],[-1.346154771745205,43.0114312749356,928.4000244140625],[-1.3461324758827686,43.01147108897567,927.5999755859375],[-1.3461183104664087,43.011505706235766,926.7999877929688],[-1.3461060728877783,43.01153428852558,926.4000244140625],[-1.3460795860737562,43.011575024574995,926.4000244140625],[-1.3460573740303516,43.01160452887416,926],[-1.346036670729518,43.011630261316895,925.7999877929688],[-1.3460146263241768,43.0116559099406,925.5999755859375],[-1.3459925819188356,43.01168172620237,925],[-1.3459741417318583,43.01170360296965,924.5999755859375],[-1.3459573779255152,43.011723048985004,924.4000244140625],[-1.345940362662077,43.01174081861973,923.7999877929688],[-1.3459235988557339,43.0117544811219,923.5999755859375],[-1.3459163065999746,43.011759761720896,923.4000244140625],[-1.3459163065999746,43.011759761720896,923.4000244140625],[-1.3459163065999746,43.011759761720896,923.2000122070312],[-1.3459163065999746,43.011759761720896,923.2000122070312],[-1.3459163065999746,43.011759761720896,923.2000122070312],[-1.3459163065999746,43.011759761720896,923],[-1.3459163065999746,43.011759761720896,923],[-1.3459163065999746,43.011759761720896,922.7999877929688],[-1.3459163065999746,43.011759761720896,922.7999877929688],[-1.3459163065999746,43.011759761720896,922.5999755859375],[-1.3459125347435474,43.0117645394057,922.4000244140625],[-1.3459093496203423,43.011768478900194,922.4000244140625],[-1.3459021411836147,43.011776274070144,922.4000244140625],[-1.3458951842039824,43.01177945919335,922.2000122070312],[-1.3458892330527306,43.01178105175495,922.2000122070312],[-1.3458892330527306,43.01178105175495,922.4000244140625],[-1.3458892330527306,43.01178105175495,922.2000122070312],[-1.3458892330527306,43.01178105175495,922.2000122070312],[-1.3458892330527306,43.01178105175495,922.2000122070312],[-1.3458892330527306,43.01178105175495,922.2000122070312],[-1.3458892330527306,43.01178105175495,922.2000122070312],[-1.3458892330527306,43.01178105175495,922.2000122070312],[-1.3458892330527306,43.01178105175495,922.2000122070312],[-1.3458892330527306,43.01178105175495,922.2000122070312],[-1.3458892330527306,43.01178105175495,922.2000122070312],[-1.3458892330527306,43.01178105175495,922.2000122070312],[-1.3458892330527306,43.01178105175495,922.2000122070312],[-1.345888813957572,43.011779794469476,922],[-1.345885880291462,43.01177795045078,922],[-1.345885880291462,43.01177795045078,922],[-1.345885880291462,43.01177795045078,922],[-1.345885880291462,43.01177795045078,922],[-1.345885880291462,43.01177795045078,922],[-1.3458852097392082,43.011782141402364,921.7999877929688],[-1.3458754867315292,43.011799324303865,921.7999877929688],[-1.3458588905632496,43.011816926300526,921.5999755859375],[-1.3458407018333673,43.01183369010687,921.5999755859375],[-1.3458206690847874,43.01184559240937,921.4000244140625],[-1.3457992952317,43.01185674034059,921.4000244140625],[-1.345777167007327,43.01186746917665,921.4000244140625],[-1.3457541167736053,43.011873085051775,921.2000122070312],[-1.3457370176911354,43.011877527460456,921.2000122070312],[-1.3457093574106693,43.011883394792676,921],[-1.3456863071769476,43.01188842393458,921],[-1.3456614129245281,43.011895632371306,921],[-1.3456357643008232,43.01189839839935,921],[-1.3456133008003235,43.01189915277064,921],[-1.34559016674757,43.01190493628383,921],[-1.3455661106854677,43.01191641949117,921],[-1.3455425575375557,43.011932261288166,921.2000122070312],[-1.34552713483572,43.01194525323808,921.2000122070312],[-1.3455016538500786,43.01195992156863,921.4000244140625],[-1.3454750832170248,43.01196872256696,921.4000244140625],[-1.345445578917861,43.011974254623055,921.4000244140625],[-1.3454129733145237,43.01197852939367,921.4000244140625],[-1.3453785236924887,43.011983055621386,921.4000244140625],[-1.3453476782888174,43.01198624074459,921.2000122070312],[-1.3453238736838102,43.01198682747781,921.2000122070312],[-1.3452921900898218,43.011987330392,921],[-1.3452589977532625,43.01198682747781,921],[-1.3452180940657854,43.01198489964008,921],[-1.3451823871582747,43.0119804572314,921],[-1.345146344974637,43.01197308115661,920.7999877929688],[-1.345108961686492,43.01196503452957,920.7999877929688],[-1.3450714107602835,43.011954138055444,920.7999877929688],[-1.3450366258621216,43.011940978467464,920.5999755859375],[-1.3450077921152115,43.01192807033658,920.5999755859375],[-1.3449857477098703,43.011914659291506,920.4000244140625],[-1.3449604343622923,43.01189714111388,920.4000244140625],[-1.3449314329773188,43.01187811419368,920.4000244140625],[-1.3449073769152164,43.01186193712056,920.4000244140625],[-1.3448788784444332,43.011843832209706,920.4000244140625],[-1.3448454346507788,43.01182840950787,920.4000244140625],[-1.3448093924671412,43.01181223243475,920.4000244140625],[-1.3447697460651398,43.01179404370487,920.4000244140625],[-1.3447259087115526,43.01177359186113,920.4000244140625],[-1.3446826580911875,43.011750457808375,920.4000244140625],[-1.3446417544037104,43.011724557727575,920.4000244140625],[-1.344607723876834,43.01169144921005,920.4000244140625],[-1.344577968120575,43.011658592149615,920.4000244140625],[-1.3445515651255846,43.011631267145276,920.5999755859375],[-1.3445266708731651,43.0116057023406,920.5999755859375],[-1.3445008546113968,43.011578461155295,920.5999755859375],[-1.3444716017693281,43.01154904067516,920.7999877929688],[-1.3444426842033863,43.011517357081175,920.7999877929688],[-1.3444163650274277,43.01148357801139,920.7999877929688],[-1.3443905487656593,43.011451391503215,920.7999877929688],[-1.3443675823509693,43.01142230629921,920.7999877929688],[-1.3443486392498016,43.01139171235263,920.7999877929688],[-1.344337658956647,43.0113694164902,920.7999877929688],[-1.3443203084170818,43.011353155598044,920.7999877929688],[-1.3442971743643284,43.0113295186311,920.7999877929688],[-1.344276051968336,43.01130269654095,920.7999877929688],[-1.3442556839436293,43.011271515861154,920.7999877929688],[-1.3442338909953833,43.011237401515245,920.7999877929688],[-1.3441955856978893,43.01120060496032,920.7999877929688],[-1.344160046428442,43.0111603718251,920.7999877929688],[-1.344115287065506,43.01111854612827,920.5999755859375],[-1.3440741319209337,43.011077558621764,919.7999877929688],[-1.3440385088324547,43.01103682257235,919.4000244140625],[-1.343994839116931,43.01099675707519,919.4000244140625],[-1.3439476490020752,43.01095853559673,919.2000122070312],[-1.3438974414020777,43.01092769019306,919.4000244140625],[-1.3438513409346342,43.01089173182845,919.4000244140625],[-1.3438116107136011,43.01085493527353,919.4000244140625],[-1.3437773287296295,43.01081822253764,919.5999755859375],[-1.343744220212102,43.01078167743981,920],[-1.3437107764184475,43.010748317465186,920],[-1.343678254634142,43.0107166338712,920],[-1.3436421286314726,43.01068654283881,920],[-1.3436044100672007,43.01065762527287,920.2000122070312],[-1.3435631711035967,43.01062778569758,920.2000122070312],[-1.343523021787405,43.01059551537037,920.2000122070312],[-1.3434892427176237,43.01056031137705,920.2000122070312],[-1.3434567209333181,43.01052267663181,920],[-1.3434230256825686,43.01048118621111,920],[-1.343389330431819,43.010438941419125,919.7999877929688],[-1.343351360410452,43.01039996556938,919.5999755859375],[-1.343299224972725,43.01036207936704,919.4000244140625],[-1.3432411383837461,43.010325115174055,919],[-1.3431838899850845,43.0102832056582,918.4000244140625],[-1.3431164156645536,43.01022679544985,918.2000122070312],[-1.3430628553032875,43.010180946439505,917.5999755859375],[-1.3430103845894337,43.010133588686585,917.4000244140625],[-1.3429594226181507,43.01008706912398,917],[-1.342918686568737,43.010045159608126,916.7999877929688],[-1.3428714126348495,43.00999344326556,916.5999755859375],[-1.3428162597119808,43.00993259064853,916.4000244140625],[-1.342778541147709,43.00989395007491,916.4000244140625],[-1.3427279144525528,43.00984935835004,916.4000244140625],[-1.3426814787089825,43.009801749140024,916.4000244140625],[-1.3426321931183338,43.00975162535906,916.4000244140625],[-1.3425668142735958,43.00969538278878,916.2000122070312],[-1.3425306044518948,43.009655149653554,916],[-1.3424938917160034,43.009602427482605,915.7999877929688],[-1.342454245314002,43.00953830592334,915.7999877929688],[-1.3424190413206816,43.009489523246884,915.5999755859375],[-1.3423772994428873,43.00944099202752,915.4000244140625],[-1.3423353899270296,43.00939346663654,915],[-1.3422938995063305,43.00935625098646,915],[-1.3422387465834618,43.00931283272803,915],[-1.342184515669942,43.009272096678615,915],[-1.3421190530061722,43.00922993570566,915],[-1.342076389119029,43.00920395180583,915],[-1.342027187347412,43.009169502183795,915.2000122070312],[-1.3419820088893175,43.009133795276284,915.4000244140625],[-1.3419399317353964,43.0091002676636,915.7999877929688],[-1.3418960105627775,43.009068332612514,916.2000122070312],[-1.3418494071811438,43.00902466289699,916.4000244140625],[-1.3418202381581068,43.0089829210192,916.5999755859375],[-1.3417950924485922,43.00894067622721,916.7999877929688],[-1.3417691085487604,43.00889985635877,916.7999877929688],[-1.3417476508766413,43.00886783748865,916.7999877929688],[-1.3417147938162088,43.00881796516478,916.7999877929688],[-1.3416901510208845,43.00877144560218,916.7999877929688],[-1.3416663464158773,43.0087236687541,916.7999877929688],[-1.3416439667344093,43.00867362879217,916.7999877929688],[-1.341621670871973,43.0086253490299,916.7999877929688],[-1.341601051390171,43.0085891392082,916.4000244140625],[-1.3415732234716415,43.00853264518082,916.2000122070312],[-1.3415503408759832,43.0084836948663,916],[-1.3415303081274033,43.008434660732746,915.7999877929688],[-1.3415095210075378,43.00839233212173,915.7999877929688],[-1.3414861354976892,43.008330054581165,915.5999755859375],[-1.3414616603404284,43.00827716477215,915.4000244140625],[-1.341432323679328,43.008228465914726,915.4000244140625],[-1.3413982093334198,43.00817918032408,915.4000244140625],[-1.341367196291685,43.008130146190524,915.2000122070312],[-1.3413373567163944,43.0080814473331,915.2000122070312],[-1.3413031585514545,43.00803358666599,915.4000244140625],[-1.3412672001868486,43.00798622891307,915.4000244140625],[-1.3412381988018751,43.00794172100723,915.4000244140625],[-1.3412065152078867,43.00790115259588,915.5999755859375],[-1.3411753345280886,43.00786410458386,916],[-1.341134263202548,43.00781582482159,916.2000122070312],[-1.3410854805260897,43.00776595249772,916.2000122070312],[-1.3410310819745064,43.00771021284163,916.2000122070312],[-1.3409802038222551,43.007655311375856,916],[-1.3409154117107391,43.00759638659656,915.7999877929688],[-1.3408559001982212,43.007552130147815,915.4000244140625],[-1.3408004958182573,43.00752111710608,915],[-1.3407366257160902,43.007483314722776,915],[-1.34067895822227,43.00744182430208,915],[-1.3406233862042427,43.00739513710141,914.2000122070312],[-1.3405480328947306,43.00733730196953,914],[-1.3404934667050838,43.00729379989207,913.4000244140625],[-1.3404315244406462,43.00723663531244,912.2000122070312],[-1.3403867650777102,43.00717209465802,912.2000122070312],[-1.3403484597802162,43.00709992647171,912],[-1.3403207994997501,43.00705399364233,912],[-1.3402821589261293,43.00698643550277,912],[-1.3402622938156128,43.00693119876087,911.7999877929688],[-1.3402474578469992,43.006886690855026,911.7999877929688],[-1.3402208033949137,43.00683556124568,911.7999877929688],[-1.3401861023157835,43.00678485073149,911.5999755859375],[-1.3401474617421627,43.00673573277891,911.5999755859375],[-1.3401000201702118,43.0066860280931,911.4000244140625],[-1.3400278519839048,43.006630120798945,911.2000122070312],[-1.339973621070385,43.00659818574786,910.7999877929688],[-1.339907655492425,43.00655661150813,910.4000244140625],[-1.3398355711251497,43.006503051146865,910.2000122070312],[-1.3397774007171392,43.006455190479755,910.2000122070312],[-1.3397320546209812,43.006416633725166,910],[-1.3396680168807507,43.00635703839362,909.5999755859375],[-1.3396268617361784,43.00631705671549,909.2000122070312],[-1.339572798460722,43.00627104006708,909],[-1.3395201601088047,43.00622435286641,908.7999877929688],[-1.339469701051712,43.00617397762835,908.7999877929688],[-1.3394240196794271,43.006124356761575,908.7999877929688],[-1.3393890671432018,43.00607725046575,908.7999877929688],[-1.3393681962043047,43.00603215582669,908.7999877929688],[-1.3393518514931202,43.00598203204572,909],[-1.339332154020667,43.00592704676092,909],[-1.3393093552440405,43.005872732028365,909],[-1.3392866402864456,43.00581716001034,909],[-1.3392611593008041,43.00576351583004,908.7999877929688],[-1.339235007762909,43.0057102907449,908.7999877929688],[-1.339202569797635,43.00565471872687,908.5999755859375],[-1.3391718082129955,43.005595123395324,908.4000244140625],[-1.339137190952897,43.00553494133055,908.2000122070312],[-1.3390972092747688,43.00546361133456,907.5999755859375],[-1.3390728179365396,43.00541365519166,907.4000244140625],[-1.339020598679781,43.00534316338599,906.7999877929688],[-1.3389784377068281,43.00529882311821,906.5999755859375],[-1.3389252126216888,43.00524987280369,906.5999755859375],[-1.3388724066317081,43.00520050339401,906.5999755859375],[-1.3388196844607592,43.00515918061137,906.5999755859375],[-1.3387673813849688,43.00512338988483,906.7999877929688],[-1.3387148268520832,43.005083072930574,906.7999877929688],[-1.3386826403439045,43.00503445789218,907],[-1.3386576622724533,43.0049834959209,907],[-1.3386419881135225,43.00493152812123,906.7999877929688],[-1.3386242184787989,43.00487679429352,906.5999755859375],[-1.3385963067412376,43.00480915233493,906.4000244140625],[-1.3385709933936596,43.00475190393627,906.2000122070312],[-1.3385517988353968,43.00470815040171,906.2000122070312],[-1.3385330233722925,43.0046568531543,906.2000122070312],[-1.338521372526884,43.00460538826883,906.2000122070312],[-1.3385074585676193,43.00455451011658,906.2000122070312],[-1.3384881801903248,43.00450463779271,906.7999877929688],[-1.3384759426116943,43.00445510074496,907],[-1.3384705781936646,43.00440698862076,907.2000122070312],[-1.3384690694510937,43.00436130724847,907.2000122070312],[-1.3384802173823118,43.00430657342076,907],[-1.3384968973696232,43.004261646419764,907],[-1.3385163433849812,43.004217809066176,907],[-1.3385357894003391,43.00417338497937,907.2000122070312],[-1.3385509606450796,43.004137175157666,907.2000122070312],[-1.338571161031723,43.00408571027219,907.4000244140625],[-1.3385864160954952,43.0040526855737,907.5999755859375],[-1.33860619738698,43.004010608419776,907.7999877929688],[-1.3386212848126888,43.003962161019444,908.2000122070312],[-1.3386302534490824,43.00392201170325,908.2000122070312],[-1.3386379648000002,43.003879096359015,908.4000244140625],[-1.3386484421789646,43.0038333311677,908.4000244140625],[-1.3386539742350578,43.00379075109959,908.4000244140625],[-1.338657746091485,43.003733083605766,908.4000244140625],[-1.338661601766944,43.00366963259876,908.2000122070312],[-1.338653052225709,43.0035933572799,907.5999755859375],[-1.3386493641883135,43.00354138948023,907.5999755859375],[-1.338650118559599,43.00347735174,907.2000122070312],[-1.3386549800634384,43.00341272726655,907],[-1.3386631943285465,43.00333368591964,906.7999877929688],[-1.3386675529181957,43.003279622644186,906.7999877929688],[-1.338667469099164,43.003213070333004,906.4000244140625],[-1.33866922929883,43.00314643420279,906.4000244140625],[-1.3386718276888132,43.0030838213861,906.4000244140625],[-1.3386737555265427,43.003021124750376,906.2000122070312],[-1.3386786170303822,43.00295717082918,906.4000244140625],[-1.3386964704841375,43.00290310755372,906.4000244140625],[-1.338705774396658,43.00283429212868,906.4000244140625],[-1.3387173414230347,43.002780145034194,906.4000244140625],[-1.3387313392013311,43.00272557884455,906.4000244140625],[-1.3387500308454037,43.00267310813069,906.7999877929688],[-1.3387741707265377,43.00261879339814,907],[-1.3388018310070038,43.0025639757514,907],[-1.3388246297836304,43.002508571371436,907.2000122070312],[-1.338836532086134,43.002462554723024,907.2000122070312],[-1.3388532120734453,43.00239449366927,907.4000244140625],[-1.3388683833181858,43.002347219735384,907.4000244140625],[-1.338891014456749,43.0022790748626,907.4000244140625],[-1.3389119692146778,43.00223565660417,907.2000122070312],[-1.338938707485795,43.00217974931002,907],[-1.3389662001281977,43.002109341323376,906.7999877929688],[-1.338988160714507,43.00204991362989,906.5999755859375],[-1.3390069361776114,43.002006243914366,906.5999755859375],[-1.3390281423926353,43.001952515915036,906.4000244140625],[-1.3390364404767752,43.001900631934404,906.4000244140625],[-1.339040296152234,43.00184623338282,906.4000244140625],[-1.3390449061989784,43.00179133191705,906.4000244140625],[-1.339050019159913,43.00173760391772,906.2000122070312],[-1.3390558026731014,43.00168647430837,906.4000244140625],[-1.3390628434717655,43.00163358449936,906.4000244140625],[-1.3390666991472244,43.001582622528076,906.4000244140625],[-1.3390693813562393,43.00153090618551,906.4000244140625],[-1.3390690460801125,43.001477513462305,906.4000244140625],[-1.3390622567385435,43.00142638385296,906.5999755859375],[-1.3390516955405474,43.001377768814564,906.5999755859375],[-1.3390439003705978,43.001325549557805,906.5999755859375],[-1.339039457961917,43.001273330301046,906.7999877929688],[-1.3390289805829525,43.00122178159654,906.7999877929688],[-1.3390192575752735,43.00116847269237,906.7999877929688],[-1.3389909267425537,43.001118851825595,906.7999877929688],[-1.3389693014323711,43.00107124261558,907],[-1.338953711092472,43.00101927481592,907],[-1.3389399647712708,43.00096630118787,907.2000122070312],[-1.338930744677782,43.000918021425605,907.2000122070312],[-1.338930744677782,43.00085666589439,907.2000122070312],[-1.3389360252767801,43.00081752240658,907.2000122070312],[-1.3389368634670973,43.00076882354915,907.2000122070312],[-1.3389354385435581,43.000726914033294,907],[-1.3389281462877989,43.00069221295416,907.2000122070312],[-1.3389149028807878,43.000664971768856,907],[-1.338911885395646,43.000660948455334,907.2000122070312],[-1.338911885395646,43.000660948455334,907.2000122070312],[-1.338911885395646,43.000660948455334,907.2000122070312],[-1.338911885395646,43.000660948455334,907.2000122070312],[-1.338911885395646,43.000660948455334,907.2000122070312],[-1.3389142323285341,43.0006576795131,907.2000122070312],[-1.3389190938323736,43.00065005198121,907.2000122070312],[-1.3389211893081665,43.00064267590642,907.2000122070312],[-1.3389242067933083,43.0006386525929,907.2000122070312],[-1.3389242067933083,43.0006386525929,907],[-1.3389242067933083,43.0006386525929,907],[-1.3389242067933083,43.0006386525929,907],[-1.3389242067933083,43.0006386525929,906.7999877929688],[-1.3389242067933083,43.0006386525929,906.7999877929688],[-1.3389242067933083,43.0006386525929,906.7999877929688],[-1.3389242067933083,43.0006386525929,906.7999877929688],[-1.3389242067933083,43.0006386525929,906.7999877929688],[-1.3389242067933083,43.0006386525929,906.7999877929688],[-1.3389203511178493,43.000633120536804,906.7999877929688],[-1.3389211054891348,43.000629181042314,906.5999755859375],[-1.3389177527278662,43.000621385872364,906.5999755859375],[-1.3389114663004875,43.00060654990375,906.5999755859375],[-1.338900988921523,43.00057637505233,906.5999755859375],[-1.3388839736580849,43.00053756684065,906.5999755859375],[-1.3388739991933107,43.00049272365868,906.5999755859375],[-1.3388670422136784,43.0004467908293,906.4000244140625],[-1.3388593308627605,43.00040664151311,906.4000244140625],[-1.3388387113809586,43.00034796819091,906.4000244140625],[-1.3388190139085054,43.00029591657221,906.4000244140625],[-1.3388031721115112,43.000255431979895,906.2000122070312],[-1.3387755956500769,43.00019843503833,906.2000122070312],[-1.3387502823024988,43.000150825828314,906.2000122070312],[-1.3387263100594282,43.00010288134217,906.2000122070312],[-1.3387082051485777,43.00005627796054,906.4000244140625],[-1.3386902678757906,43.000009926036,906.4000244140625],[-1.3386732526123524,42.99997128546238,906.4000244140625],[-1.3386537227779627,42.99992484971881,907],[-1.33864332921803,42.999879252165556,907.2000122070312],[-1.3386339414864779,42.99983063712716,907.2000122070312],[-1.3386264815926552,42.99978160299361,907.4000244140625],[-1.3386170100420713,42.999732652679086,907.4000244140625],[-1.338605945929885,42.999680768698454,907.4000244140625],[-1.3385981507599354,42.99962880089879,907.4000244140625],[-1.3385892659425735,42.99957700073719,907.4000244140625],[-1.3385805487632751,42.999523943290114,907.4000244140625],[-1.3385716639459133,42.99946937710047,907.2000122070312],[-1.3385625276714563,42.99941363744438,907.2000122070312],[-1.3385528046637774,42.99935479648411,907.2000122070312],[-1.3385451771318913,42.999294279143214,907],[-1.3385371305048466,42.99923309125006,906.7999877929688],[-1.3385284971445799,42.999171735718846,906.4000244140625],[-1.3385204505175352,42.99911079928279,906.2000122070312],[-1.3385120686143637,42.999049024656415,906.2000122070312],[-1.3385029323399067,42.99898775294423,906],[-1.3384916167706251,42.99892480485141,905.7999877929688],[-1.3384790439158678,42.99886068329215,905.7999877929688],[-1.3384664710611105,42.99879664555192,905.5999755859375],[-1.3384518027305603,42.99873302690685,905.4000244140625],[-1.3384382240474224,42.99866748042405,905.2000122070312],[-1.338424477726221,42.99860319122672,904.7999877929688],[-1.3384108990430832,42.99853906966746,904.7999877929688],[-1.3383994158357382,42.998473439365625,904.5999755859375],[-1.33838826790452,42.998408479616046,904.5999755859375],[-1.3383755274116993,42.99834310077131,904.5999755859375],[-1.3383634574711323,42.99827788956463,904.5999755859375],[-1.3383524771779776,42.99821519292891,904.5999755859375],[-1.3383422512561083,42.998150400817394,904.5999755859375],[-1.3383368030190468,42.99808527342975,904.5999755859375],[-1.3383413292467594,42.99802031368017,904.5999755859375],[-1.338352644816041,42.99795979633927,904.5999755859375],[-1.338361194357276,42.99789994955063,904.4000244140625],[-1.338365888223052,42.99784571863711,904.4000244140625],[-1.3383671455085278,42.9978063236922,904.4000244140625],[-1.3383706659078598,42.99778704531491,904.4000244140625],[-1.3383763656020164,42.997785368934274,904.4000244140625],[-1.338378880172968,42.99779064953327,904.2000122070312],[-1.338378880172968,42.99779064953327,904.2000122070312],[-1.338378880172968,42.99779064953327,904.2000122070312],[-1.338378880172968,42.99779064953327,904.2000122070312],[-1.338378880172968,42.99779064953327,904],[-1.338378880172968,42.99779064953327,904],[-1.338378880172968,42.99779064953327,904],[-1.338378880172968,42.99779064953327,904],[-1.338378880172968,42.99779064953327,904],[-1.338378880172968,42.99779064953327,904],[-1.338378880172968,42.99779064953327,904],[-1.338378880172968,42.99779064953327,904],[-1.338378880172968,42.99779064953327,903.7999877929688],[-1.338378880172968,42.99779064953327,903.7999877929688],[-1.338378880172968,42.99779064953327,903.7999877929688],[-1.338378880172968,42.99779064953327,903.7999877929688],[-1.338378880172968,42.99779064953327,903.7999877929688],[-1.338378880172968,42.99779064953327,903.7999877929688],[-1.338378880172968,42.99779064953327,903.7999877929688],[-1.338378880172968,42.99779064953327,903.5999755859375],[-1.338378880172968,42.99779064953327,903.5999755859375],[-1.338378880172968,42.99779064953327,903.5999755859375],[-1.338378880172968,42.99779064953327,903.5999755859375],[-1.338378880172968,42.99779064953327,903.5999755859375],[-1.338378880172968,42.99779064953327,903.4000244140625],[-1.338378880172968,42.99779064953327,903.4000244140625],[-1.338378880172968,42.99779064953327,903.4000244140625],[-1.338377706706524,42.997792745009065,903.4000244140625],[-1.3383790478110313,42.99779643304646,903.4000244140625],[-1.3383790478110313,42.99779643304646,903.4000244140625],[-1.3383790478110313,42.99779643304646,903.4000244140625],[-1.3383790478110313,42.99779643304646,903.4000244140625],[-1.3383790478110313,42.99779643304646,903.2000122070312],[-1.338380053639412,42.9977909848094,903.2000122070312],[-1.3383854180574417,42.99777455627918,903.2000122070312],[-1.3383931294083595,42.99775192514062,903],[-1.3384039420634508,42.99772116355598,903],[-1.33841416798532,42.99768344499171,903],[-1.338429506868124,42.997642289847136,902.7999877929688],[-1.338439816609025,42.997596357017756,902.7999877929688],[-1.3384508807212114,42.99754966981709,902.7999877929688],[-1.3384611904621124,42.99750097095966,902.4000244140625],[-1.3384693209081888,42.99746082164347,902.4000244140625],[-1.3384805526584387,42.997401310130954,902],[-1.33849136531353,42.99735127016902,902],[-1.3384991604834795,42.99729963764548,901.7999877929688],[-1.3385091349482536,42.99725756049156,901.4000244140625],[-1.3385208696126938,42.99720626324415,901.4000244140625],[-1.3385300897061825,42.99715178087354,901.4000244140625],[-1.338536711409688,42.99709562212229,901.2000122070312],[-1.3385455962270498,42.99703996628523,901.2000122070312],[-1.3385525532066822,42.99698372371495,900.4000244140625],[-1.3385492004454136,42.996930833905935,900],[-1.338538471609354,42.99687794409692,900],[-1.3385283295065165,42.996823294088244,900],[-1.3385204505175352,42.99677141010761,899.7999877929688],[-1.3385115657001734,42.99672103486955,899.5999755859375],[-1.3385020941495895,42.99666915088892,899.5999755859375],[-1.3384911976754665,42.99661684781313,899.5999755859375],[-1.338480468839407,42.996561946347356,899.4000244140625],[-1.3384656328707933,42.99650754779577,899.2000122070312],[-1.3384547363966703,42.99645172432065,899],[-1.3384527247399092,42.996394308283925,898.7999877929688],[-1.3384523894637823,42.99633546732366,898.7999877929688],[-1.3384617771953344,42.99627712927759,898.5999755859375],[-1.3384726736694574,42.996214013546705,898.4000244140625],[-1.338482229039073,42.99614796414971,898],[-1.338490191847086,42.996078645810485,897.4000244140625],[-1.3384974002838135,42.996005807071924,897.2000122070312],[-1.3385076262056828,42.995927687734365,896],[-1.33851726539433,42.99584680236876,895.4000244140625],[-1.338520534336567,42.99576222896576,894.7999877929688],[-1.3385315146297216,42.995675476267934,894.4000244140625],[-1.3385483622550964,42.99558620899916,893.7999877929688],[-1.3385718315839767,42.99549685791135,893],[-1.3385933730751276,42.99540515989065,892.2000122070312],[-1.3386045210063457,42.995312036946416,891.5999755859375],[-1.3386129029095173,42.99521899782121,891],[-1.338619776070118,42.99512377940118,890.4000244140625],[-1.3386269006878138,42.99502931535244,889.7999877929688],[-1.3386325165629387,42.99493694677949,888.4000244140625],[-1.338639473542571,42.99484902061522,886.7999877929688],[-1.3386441674083471,42.99476645886898,886.7999877929688],[-1.3386471848934889,42.994690937921405,886.7999877929688],[-1.3386490289121866,42.99462622962892,886.7999877929688],[-1.3386461790651083,42.99457577057183,886.7999877929688],[-1.338638300076127,42.99454031512141,887.4000244140625],[-1.3386190216988325,42.99451868981123,888],[-1.3385927025228739,42.9945098888129,888],[-1.3385631144046783,42.994513576850295,888],[-1.3385375496000051,42.99452564679086,888.2000122070312],[-1.3385067041963339,42.99454517662525,888.2000122070312],[-1.3384658843278885,42.99456663429737,888.4000244140625],[-1.3384196162223816,42.99458968453109,888.4000244140625],[-1.3383730128407478,42.994617680087686,888.4000244140625],[-1.3383247330784798,42.994649866595864,888.4000244140625],[-1.33827636949718,42.994679706171155,888.4000244140625],[-1.3382259104400873,42.994713652879,888.4000244140625],[-1.3381770439445972,42.994747683405876,888.4000244140625],[-1.338130859658122,42.99478615634143,888.2000122070312],[-1.3380836695432663,42.994824880734086,888.2000122070312],[-1.3380374014377594,42.99486452713609,888],[-1.3379923906177282,42.994903922080994,888],[-1.3379488047212362,42.99494390375912,888],[-1.3379050511866808,42.99498329870403,888],[-1.3378545083105564,42.99503551796079,888],[-1.337814861908555,42.995079942047596,888],[-1.3377711083739996,42.99512151628733,888],[-1.3377222418785095,42.99516174942255,888],[-1.3376757223159075,42.99520508386195,888],[-1.3376324716955423,42.99525051377714,888.2000122070312],[-1.3375859521329403,42.995295440778136,888.2000122070312],[-1.337531553581357,42.99533508718014,888],[-1.3374815974384546,42.99536442384124,887.7999877929688],[-1.3374116085469723,42.99539711326361,887.5999755859375],[-1.3373313937336206,42.99542410299182,887],[-1.337246736511588,42.995440531522036,886.5999755859375],[-1.3371676951646805,42.995447823777795,886.5999755859375],[-1.3370931800454855,42.99544950015843,886.5999755859375],[-1.3370206765830517,42.99545017071068,886.5999755859375],[-1.3369515258818865,42.99544857814908,887],[-1.3368838001042604,42.99544799141586,887.5999755859375],[-1.3368174992501736,42.99544455483556,887.7999877929688],[-1.3367527071386576,42.99544204026461,888],[-1.3366770185530186,42.99544178880751,888.2000122070312],[-1.3366130646318197,42.99544329755008,889],[-1.3365615997463465,42.995443968102336,889.7999877929688],[-1.336483396589756,42.995444387197495,889.7999877929688],[-1.336420699954033,42.9954422917217,890],[-1.3363585062325,42.99544028006494,890],[-1.3362942170351744,42.995438603684306,890.5999755859375],[-1.3362406566739082,42.99543675966561,891.2000122070312],[-1.3361751101911068,42.99543826840818,891.4000244140625],[-1.3361120782792568,42.99543919041753,891.5999755859375],[-1.3360487949103117,42.9954388551414,892.4000244140625],[-1.3359809014946222,42.99543927423656,892.4000244140625],[-1.33589674718678,42.99543927423656,892.4000244140625],[-1.3358276803046465,42.99543927423656,892.4000244140625],[-1.3357737846672535,42.9954370111227,892.2000122070312],[-1.3356923963874578,42.99543131142855,892],[-1.3356373272836208,42.99542795866728,892],[-1.3355657458305359,42.99542753957212,891.7999877929688],[-1.3354761432856321,42.99542888067663,891.7999877929688],[-1.33539785631001,42.99542913213372,891.7999877929688],[-1.3353328127413988,42.9954301379621,891.5999755859375],[-1.3352353312075138,42.99542997032404,891.4000244140625],[-1.3351541943848133,42.99542619846761,891.4000244140625],[-1.3350873906165361,42.995423348620534,891.4000244140625],[-1.3350053317844868,42.995421001687646,891.2000122070312],[-1.3349055033177137,42.995420917868614,891.2000122070312],[-1.3348392862826586,42.995420498773456,891.4000244140625],[-1.3347413018345833,42.99541882239282,891.4000244140625],[-1.334662428125739,42.99541781656444,891.5999755859375],[-1.334598222747445,42.995416643098,892.2000122070312],[-1.3345011603087187,42.99541329033673,892.2000122070312],[-1.33442010730505,42.99541077576578,892.4000244140625],[-1.3343558181077242,42.99540658481419,892.5999755859375],[-1.3342741783708334,42.99540323205292,892.5999755859375],[-1.3341751880943775,42.995399879291654,892.7999877929688],[-1.3341109827160835,42.9953939281404,893],[-1.3340146746486425,42.99538588151336,893.2000122070312],[-1.3339357171207666,42.995378924533725,893.4000244140625],[-1.3338586874306202,42.99537129700184,893.7999877929688],[-1.3337831664830446,42.995362328365445,893.7999877929688],[-1.3337232358753681,42.995355036109686,893.7999877929688],[-1.3336482178419828,42.99534841440618,893.7999877929688],[-1.3335571065545082,42.995340786874294,894],[-1.3334842678159475,42.99533424898982,894],[-1.3334265165030956,42.99532871693373,894.2000122070312],[-1.3333397638052702,42.99532067030668,894.7999877929688],[-1.333264745771885,42.99531321041286,895],[-1.3332027196884155,42.99530725926161,895.2000122070312],[-1.3331149611622095,42.99529954791069,895.2000122070312],[-1.3330449722707272,42.99529359675944,895.4000244140625],[-1.3329882267862558,42.99528839997947,895.5999755859375],[-1.3329022284597158,42.99528337083757,895.7999877929688],[-1.3328298926353455,42.99528194591403,896.2000122070312],[-1.3327710516750813,42.995285131037235,896.4000244140625],[-1.3326984643936157,42.99529627896845,896.7999877929688],[-1.3326308224350214,42.99531924538314,897],[-1.332569383084774,42.99535000696778,897],[-1.3325123861432076,42.99538420513272,897],[-1.3324383739382029,42.99542259424925,897],[-1.3323637749999762,42.99544849433005,897],[-1.33228431455791,42.995469868183136,896.7999877929688],[-1.3322111405432224,42.995486883446574,896.7999877929688],[-1.3321464322507381,42.99550021067262,896.7999877929688],[-1.3320885971188545,42.9955080896616,896.7999877929688],[-1.332034282386303,42.99551613628864,897.4000244140625],[-1.3319808058440685,42.99552661366761,897.7999877929688],[-1.3319277483969927,42.99553667195141,898.7999877929688],[-1.331886425614357,42.99554522149265,899.2000122070312],[-1.331835463643074,42.99555502831936,899.7999877929688],[-1.331773940473795,42.99556843936443,900],[-1.3317246548831463,42.9955821018666,900.2000122070312],[-1.3316833321005106,42.99559308215976,900.7999877929688],[-1.3316183723509312,42.99560867249966,901.4000244140625],[-1.331562465056777,42.995623759925365,901.7999877929688],[-1.331516532227397,42.99563859589398,902],[-1.33146146312356,42.995655946433544,902],[-1.3314070645719767,42.9956722073257,902],[-1.3313541747629642,42.99568947404623,902.2000122070312],[-1.331302709877491,42.995707746595144,902.5999755859375],[-1.3312508258968592,42.99572601914406,902.7999877929688],[-1.3311991933733225,42.99574479460716,903],[-1.33113456889987,42.9957689344883,903.4000244140625],[-1.3310786616057158,42.99578905105591,903.7999877929688],[-1.331030884757638,42.995800115168095,903.7999877929688],[-1.3309595547616482,42.995816711336374,904],[-1.3309007976204157,42.9958292003721,904],[-1.3308402802795172,42.995840683579445,904.2000122070312],[-1.3307818584144115,42.995845628902316,904.5999755859375],[-1.330721927806735,42.99585174769163,904.5999755859375],[-1.3306637573987246,42.99585996195674,904.5999755859375],[-1.3306034076958895,42.995866080746055,904.7999877929688],[-1.3305558823049068,42.995868008583784,904.7999877929688],[-1.3304974604398012,42.99586867913604,904.7999877929688],[-1.330437446013093,42.995871528983116,904.7999877929688],[-1.3303667027503252,42.99587136134505,904.7999877929688],[-1.3303081970661879,42.995860716328025,904.7999877929688],[-1.3302661199122667,42.995842611417174,904.7999877929688],[-1.3302303291857243,42.99580975435674,904.7999877929688],[-1.3302044291049242,42.99577102996409,904.7999877929688],[-1.3301937002688646,42.99572694115341,904.7999877929688],[-1.330178864300251,42.99567103385925,904.7999877929688],[-1.33016562089324,42.995624765753746,905],[-1.3301551435142756,42.99557816237211,905],[-1.3301466777920723,42.995539186522365,905],[-1.3301310874521732,42.99549291841686,905.2000122070312],[-1.3301148265600204,42.995448829606175,905.2000122070312],[-1.330096134915948,42.99539669416845,905.4000244140625],[-1.3300816342234612,42.99535335972905,905.4000244140625],[-1.330069899559021,42.99531714990735,905.4000244140625],[-1.3300550635904074,42.995264595374465,905.5999755859375],[-1.3300468493252993,42.99522964283824,905.7999877929688],[-1.3300326839089394,42.99517977051437,906],[-1.3300213683396578,42.99513735808432,906.2000122070312],[-1.3300053589046001,42.99509662203491,906.2000122070312],[-1.3299911096692085,42.995053539052606,906.2000122070312],[-1.329979794099927,42.99500827677548,906.2000122070312],[-1.3299725856631994,42.99495899118483,906.4000244140625],[-1.3299610186368227,42.99491439945996,906.7999877929688],[-1.3299510441720486,42.99486704170704,906.7999877929688],[-1.3299423269927502,42.99481918103993,906.7999877929688],[-1.329929418861866,42.99477333202958,907],[-1.3299124874174595,42.994726644828916,907],[-1.3298937119543552,42.994677778333426,907],[-1.3298824802041054,42.99462530761957,907],[-1.3298757746815681,42.99456956796348,907],[-1.3298745173960924,42.99451583996415,906.7999877929688],[-1.3298723381012678,42.99446118995547,906.7999877929688],[-1.3298673927783966,42.994408467784524,906.7999877929688],[-1.3298549875617027,42.99436488188803,906.5999755859375],[-1.3298231363296509,42.994301933795214,906.5999755859375],[-1.329782484099269,42.99425331875682,906.4000244140625],[-1.3297343719750643,42.99420746974647,906.4000244140625],[-1.3296831585466862,42.99416639842093,906.4000244140625],[-1.3296306040138006,42.99412792548537,906.2000122070312],[-1.329580983147025,42.99408970400691,906],[-1.329546282067895,42.994052320718765,906],[-1.329533038660884,42.99403103068471,906],[-1.3295255787670612,42.99401770345867,906],[-1.3295255787670612,42.99401770345867,906],[-1.3295255787670612,42.99401770345867,905.7999877929688],[-1.3295255787670612,42.99401770345867,905.7999877929688],[-1.3295255787670612,42.99401770345867,905.7999877929688],[-1.3295255787670612,42.99401770345867,905.7999877929688],[-1.3295264169573784,42.9940090700984,905.7999877929688],[-1.3295312784612179,42.99399104900658,905.7999877929688],[-1.3295496348291636,42.993959449231625,906.2000122070312],[-1.329579222947359,42.9939263407141,906],[-1.3296096492558718,42.99389666877687,906],[-1.3296518102288246,42.993854843080044,906],[-1.329709980636835,42.993806479498744,906],[-1.3297579251229763,42.993767503648996,906],[-1.3298038579523563,42.99372668378055,906],[-1.3298471923917532,42.993682427331805,906],[-1.3298979867249727,42.99363632686436,905.5999755859375],[-1.3299503736197948,42.993589639663696,905.2000122070312],[-1.330003347247839,42.993539683520794,904.4000244140625],[-1.330056320875883,42.99348821863532,904.2000122070312],[-1.3301103003323078,42.99343549646437,903.7999877929688],[-1.3301660399883986,42.99338025972247,903.4000244140625],[-1.3302235398441553,42.99332250840962,903.2000122070312],[-1.3302806206047535,42.99326425418258,903],[-1.3303263019770384,42.99321605823934,902.7999877929688],[-1.3303939439356327,42.99314456060529,902.5999755859375],[-1.3304537907242775,42.99308521673083,902.2000122070312],[-1.3305037468671799,42.99303567968309,902.2000122070312],[-1.3305778428912163,42.992961248382926,901.5999755859375],[-1.330639449879527,42.99289704300463,901],[-1.3307021465152502,42.99283375963569,900.4000244140625],[-1.330765848979354,42.99277005717158,900],[-1.330817649140954,42.99271808937192,899.7999877929688],[-1.3308963552117348,42.99264005385339,899.5999755859375],[-1.3309660088270903,42.99257459118962,899.2000122070312],[-1.3310232572257519,42.9925222042948,898.7999877929688],[-1.33111453615129,42.992448611184955,898.5999755859375],[-1.331201372668147,42.99239329062402,898.4000244140625],[-1.3312934897840023,42.99234224483371,898.2000122070312],[-1.331388708204031,42.992292791604996,898],[-1.3314853515475988,42.992244428023696,897.2000122070312],[-1.331583084538579,42.992197992280126,896.7999877929688],[-1.3316818233579397,42.99215608276427,896.5999755859375],[-1.3317808974534273,42.99211333505809,896],[-1.3318600226193666,42.99207963980734,895.5999755859375],[-1.3319586776196957,42.99203664064407,895.5999755859375],[-1.332075521349907,42.99198559485376,895.4000244140625],[-1.3321704883128405,42.99194443970919,895.2000122070312],[-1.3322646170854568,42.991905212402344,895.2000122070312],[-1.3323574885725975,42.99186690710485,895.2000122070312],[-1.3324498571455479,42.99182784743607,895.2000122070312],[-1.3325220253318548,42.991796834394336,895.2000122070312],[-1.3326276373118162,42.9917520750314,895.4000244140625],[-1.3327121268957853,42.99171536229551,895.7999877929688],[-1.3327944371849298,42.99167982302606,896.2000122070312],[-1.33287800475955,42.99164453521371,896.2000122070312],[-1.332960231229663,42.99160991795361,896.4000244140625],[-1.3330418709665537,42.991575971245766,896.4000244140625],[-1.3331253547221422,42.99153942614794,896.4000244140625],[-1.3331888895481825,42.99151151441038,896.4000244140625],[-1.333267092704773,42.99147857353091,896.4000244140625],[-1.3333587907254696,42.9914396815002,896.2000122070312],[-1.3334336411207914,42.99140607006848,896.2000122070312],[-1.3334924820810556,42.99138008616865,896.2000122070312],[-1.333576887845993,42.99134261906147,896.2000122070312],[-1.3336464576423168,42.991310600191355,896.2000122070312],[-1.3337027840316296,42.991285622119904,896.4000244140625],[-1.3337721023708582,42.991257291287184,896.4000244140625],[-1.3338568434119225,42.99122083000839,896.5999755859375],[-1.3339100684970617,42.99119685776532,896.5999755859375],[-1.333992462605238,42.99115846864879,896.5999755859375],[-1.3340610265731812,42.991126449778676,896.5999755859375],[-1.3341290038079023,42.99109325744212,896.5999755859375],[-1.3341957237571478,42.991060484200716,896.5999755859375],[-1.334261940792203,42.991028716787696,896.5999755859375],[-1.3343156687915325,42.991002816706896,896.5999755859375],[-1.3343954645097256,42.99096249975264,896.5999755859375],[-1.3344451691955328,42.99093618057668,896.5999755859375],[-1.3345183432102203,42.99090189859271,896.5999755859375],[-1.334576765075326,42.990874741226435,896.5999755859375],[-1.3346332591027021,42.99084850586951,896.5999755859375],[-1.3346832990646362,42.99082025885582,896.7999877929688],[-1.334727220237255,42.99079494550824,897],[-1.3347703870385885,42.99078547395766,897.2000122070312],[-1.3348087761551142,42.99079762771726,897.4000244140625],[-1.33484180085361,42.99082218669355,897.4000244140625],[-1.3348710536956787,42.99085395410657,897.4000244140625],[-1.3348947744816542,42.99088320694864,897.4000244140625],[-1.334928134456277,42.99093131907284,897.4000244140625],[-1.3349607400596142,42.990967612713575,897.2000122070312],[-1.334995860233903,42.99099904485047,897],[-1.3350337464362383,42.99102938733995,896.2000122070312],[-1.3350681960582733,42.99104740843177,895.4000244140625],[-1.335114547982812,42.991065261885524,894.5999755859375],[-1.3351441361010075,42.991076074540615,894.2000122070312],[-1.3351659290492535,42.991091664880514,894],[-1.3351856265217066,42.991106919944286,893.7999877929688],[-1.3352028094232082,42.99112427048385,893.5999755859375],[-1.3352112751454115,42.99114505760372,893.2000122070312],[-1.3352141249924898,42.99116274341941,892.4000244140625],[-1.3352144602686167,42.99117146059871,892.2000122070312],[-1.3352174777537584,42.9911735560745,892],[-1.3352174777537584,42.9911735560745,891.7999877929688],[-1.3352174777537584,42.9911735560745,891.7999877929688],[-1.3352174777537584,42.9911735560745,891.7999877929688],[-1.3352174777537584,42.9911735560745,891.7999877929688],[-1.3352174777537584,42.9911735560745,891.7999877929688],[-1.3352174777537584,42.9911735560745,891.7999877929688],[-1.3352158851921558,42.991174226626754,891.7999877929688],[-1.3352111913263798,42.991176657378674,891.7999877929688],[-1.3352079223841429,42.9911788366735,891.5999755859375],[-1.335204653441906,42.99117984250188,891.5999755859375],[-1.335200211033225,42.99117892049253,891.5999755859375],[-1.335200211033225,42.99117892049253,891.5999755859375],[-1.335198786109686,42.991179171949625,891.5999755859375],[-1.3351953495293856,42.99117632210255,891.4000244140625],[-1.3351958524435759,42.99117221496999,891.4000244140625],[-1.3351958524435759,42.99117221496999,891.4000244140625],[-1.3351958524435759,42.99117221496999,891.4000244140625],[-1.335197277367115,42.991171292960644,891.4000244140625],[-1.3351992052048445,42.99116726964712,891.4000244140625],[-1.3351992052048445,42.99116726964712,891.2000122070312],[-1.3351992052048445,42.99116726964712,891.2000122070312],[-1.3351992052048445,42.99116726964712,891.2000122070312],[-1.3351992052048445,42.99116726964712,891.2000122070312],[-1.3351992052048445,42.99116726964712,891],[-1.3351992052048445,42.99116726964712,891],[-1.3351992052048445,42.99116726964712,891],[-1.3351977802813053,42.991166934370995,891]]]},"properties":{"name":"Vuelta al Urkulu desde Burguete","type":"e_bike_fitness"}}
]}
